,pedido_id,valor_final_pedido,pedido_data,pedido_valor_desconto,pedido_subtotal,vendedor,payment_mathod,nome_produto,quantia_item,preco_unit_item,evento_nome,qnt_repeticoes,mes,dia_semana,dia_horario,turno
0,1547,20.0,2026-03-09 17:31:54.325000-03:00,0.0,20.0,1,Dinheiro,ALFAJOR_PRETO_(PACOTE_X4),1,20.0,EXPODIRETO,1,3,0,17,Tarde
1,2030,15.0,2026-03-10 10:27:12.241000-03:00,0.0,15.0,1,Dinheiro,CUCA_ENROLADA,1,15.0,EXPODIRETO,1,3,1,10,Manhã
2,2022,15.0,2026-03-10 11:17:14.665000-03:00,0.0,15.0,1,Cartão,CUCA_ENROLADA,1,15.0,EXPODIRETO,1,3,1,11,Manhã
3,843,13.0,2026-03-10 12:02:08.319000-03:00,0.0,13.0,1,Cartão,ALFAJOR,1,6.0,EXPODIRETO,2,3,1,12,Tarde
4,843,13.0,2026-03-10 12:02:08.319000-03:00,0.0,13.0,1,Cartão,CRI-CRI_200G,1,7.0,EXPODIRETO,2,3,1,12,Tarde
5,380,15.0,2026-03-10 12:08:49.804000-03:00,0.0,15.0,1,Dinheiro,CUCA_ENROLADA,1,15.0,EXPODIRETO,1,3,1,12,Tarde
6,1788,5.0,2026-03-09 09:05:04.177000-03:00,0.0,5.0,1,Dinheiro,PÉ-DE-MOLEQUE,1,5.0,EXPODIRETO,1,3,0,9,Manhã
7,2225,8.0,2026-03-09 10:24:44.769000-03:00,0.0,8.0,1,Dinheiro,AMENDOIM_SALGADO_E_TEMPERADO,1,8.0,EXPODIRETO,1,3,0,10,Manhã
8,1663,20.0,2026-03-09 11:20:40.221000-03:00,0.0,20.0,1,Dinheiro,CUCA_ENROLADA,1,15.0,EXPODIRETO,2,3,0,11,Manhã
9,1663,20.0,2026-03-09 11:20:40.221000-03:00,0.0,20.0,1,Dinheiro,RAPADURA_ASSADA,1,5.0,EXPODIRETO,2,3,0,11,Manhã
10,1666,15.0,2026-03-09 12:59:15.394000-03:00,0.0,15.0,1,Dinheiro,CUCA_ENROLADA,1,15.0,EXPODIRETO,1,3,0,12,Tarde
11,1104,15.0,2026-03-09 13:23:20.932000-03:00,0.0,15.0,1,Dinheiro,CUCA_ENROLADA,1,15.0,EXPODIRETO,1,3,0,13,Tarde
12,977,32.0,2026-03-09 13:34:10.658000-03:00,0.0,32.0,1,Pix,CRI-CRI_200G,1,7.0,EXPODIRETO,2,3,0,13,Tarde
13,977,32.0,2026-03-09 13:34:10.658000-03:00,0.0,32.0,1,Pix,RAPADURA_ASSADA_(PACOTE_X6),1,25.0,EXPODIRETO,2,3,0,13,Tarde
14,1076,10.0,2026-03-27 14:13:56.424000-03:00,0.0,10.0,1,Cartão,BOLACHA_DE_MANTEIGA,1,10.0,EXPO_AFUBRA,1,3,4,14,Tarde
15,1555,15.0,2026-03-10 10:38:08.897000-03:00,0.0,15.0,1,Cartão,CUCA_ENROLADA,1,15.0,EXPODIRETO,1,3,1,10,Manhã
16,2164,7.0,2026-03-10 11:44:44.190000-03:00,0.0,7.0,1,Dinheiro,CRI-CRI_200G,1,7.0,EXPODIRETO,1,3,1,11,Manhã
17,132,15.0,2026-03-10 12:03:11.046000-03:00,0.0,15.0,1,Dinheiro,CUCA_ENROLADA,1,15.0,EXPODIRETO,1,3,1,12,Tarde
18,2057,31.0,2026-03-10 12:06:36.238000-03:00,0.0,31.0,1,Cartão,PÉ-DE-MOLEQUE,2,5.0,EXPODIRETO,2,3,1,12,Tarde
19,2057,31.0,2026-03-10 12:06:36.238000-03:00,0.0,31.0,1,Cartão,RAPADURA_DE_MELADO,3,7.0,EXPODIRETO,2,3,1,12,Tarde
20,1079,10.0,2026-03-10 13:11:06.195000-03:00,0.0,10.0,1,Dinheiro,BOLACHA_DE_MILHO,1,10.0,EXPODIRETO,1,3,1,13,Tarde
21,2428,7.0,2026-03-10 13:48:17.908000-03:00,0.0,7.0,1,Dinheiro,RAPADURA_DE_MELADO,1,7.0,EXPODIRETO,1,3,1,13,Tarde
22,2202,100.0,2026-03-10 15:00:46.146000-03:00,0.0,100.0,1,Cartão,RAPADURA_ASSADA_(PACOTE_X6),24,25.0,EXPODIRETO,1,3,1,15,Tarde
23,2243,15.0,2026-03-10 15:03:32.203000-03:00,0.0,15.0,1,Dinheiro,CUCA_ENROLADA,1,15.0,EXPODIRETO,1,3,1,15,Tarde
24,430,12.0,2026-03-10 15:18:46.780000-03:00,0.0,12.0,1,Cartão,ALFAJOR,2,6.0,EXPODIRETO,1,3,1,15,Tarde
25,974,25.0,2026-03-10 15:42:36.210000-03:00,0.0,25.0,1,Dinheiro,PÉ-DE-MOLEQUE,1,5.0,EXPODIRETO,2,3,1,15,Tarde
26,974,25.0,2026-03-10 15:42:36.210000-03:00,0.0,25.0,1,Dinheiro,RAPADURA_DE_MELADO_(PACOTE_X3),3,20.0,EXPODIRETO,2,3,1,15,Tarde
27,533,20.0,2026-03-10 16:23:10.475000-03:00,0.0,20.0,1,Cartão,RAPADURA_DE_MELADO_(PACOTE_X3),3,20.0,EXPODIRETO,1,3,1,16,Tarde
28,958,10.0,2026-03-09 09:51:25.901000-03:00,0.0,10.0,1,Dinheiro,BOLACHA_DE_MANTEIGA,1,10.0,EXPODIRETO,1,3,0,9,Manhã
29,1143,20.0,2026-03-09 10:27:52.518000-03:00,0.0,20.0,1,Dinheiro,ALFAJOR_PRETO_(PACOTE_X4),1,20.0,EXPODIRETO,1,3,0,10,Manhã
30,2125,15.0,2026-03-09 12:09:08.852000-03:00,0.0,15.0,1,Dinheiro,CUCA_ENROLADA,1,15.0,EXPODIRETO,1,3,0,12,Tarde
31,2348,15.0,2026-03-09 13:21:09.627000-03:00,0.0,15.0,1,Dinheiro,CUCA_ENROLADA,1,15.0,EXPODIRETO,1,3,0,13,Tarde
32,18,26.0,2026-03-09 13:32:24.085000-03:00,0.0,26.0,1,Dinheiro,CRI-CRI_200G,1,7.0,EXPODIRETO,3,3,0,13,Tarde
33,18,26.0,2026-03-09 13:32:24.085000-03:00,0.0,26.0,1,Dinheiro,RAPADURA_DE_MELADO,2,7.0,EXPODIRETO,3,3,0,13,Tarde
34,18,26.0,2026-03-09 13:32:24.085000-03:00,0.0,26.0,1,Dinheiro,RAPADURA_ASSADA,1,5.0,EXPODIRETO,3,3,0,13,Tarde
35,1426,14.0,2026-03-09 13:36:57.669000-03:00,0.0,14.0,1,Dinheiro,RAPADURA_DE_MELADO,1,7.0,EXPODIRETO,2,3,0,13,Tarde
36,1426,14.0,2026-03-09 13:36:57.669000-03:00,0.0,14.0,1,Dinheiro,CRI-CRI_200G,1,7.0,EXPODIRETO,2,3,0,13,Tarde
37,93,10.0,2026-03-09 14:30:08.703000-03:00,1.0,11.0,1,Dinheiro,RAPADURA_ASSADA,1,5.0,EXPODIRETO,2,3,0,14,Tarde
38,93,10.0,2026-03-09 14:30:08.703000-03:00,1.0,11.0,1,Dinheiro,ALFAJOR,1,6.0,EXPODIRETO,2,3,0,14,Tarde
39,847,20.0,2026-03-10 10:39:12.345000-03:00,0.0,20.0,1,Cartão,CUCA_ENROLADA,1,15.0,EXPODIRETO,2,3,1,10,Manhã
40,847,20.0,2026-03-10 10:39:12.345000-03:00,0.0,20.0,1,Cartão,RAPADURA_ASSADA,1,5.0,EXPODIRETO,2,3,1,10,Manhã
41,673,15.0,2026-03-10 11:55:12.167000-03:00,0.0,15.0,1,Dinheiro,CUCA_ENROLADA,1,15.0,EXPODIRETO,1,3,1,11,Manhã
42,1179,20.0,2026-03-10 12:37:02.898000-03:00,0.0,20.0,1,Dinheiro,CUCA_ENROLADA,1,15.0,EXPODIRETO,2,3,1,12,Tarde
43,1179,20.0,2026-03-10 12:37:02.898000-03:00,0.0,20.0,1,Dinheiro,RAPADURA_ASSADA,1,5.0,EXPODIRETO,2,3,1,12,Tarde
44,1248,15.0,2026-03-10 13:15:10.612000-03:00,0.0,15.0,1,Cartão,CUCA_ENROLADA,1,15.0,EXPODIRETO,1,3,1,13,Tarde
45,328,15.0,2026-03-10 14:06:54.932000-03:00,0.0,15.0,1,Dinheiro,CUCA_ENROLADA,1,15.0,EXPODIRETO,1,3,1,14,Tarde
46,2353,22.0,2026-03-10 15:01:20.652000-03:00,0.0,22.0,1,Dinheiro,CUCA_ENROLADA,1,15.0,EXPODIRETO,2,3,1,15,Tarde
47,2353,22.0,2026-03-10 15:01:20.652000-03:00,0.0,22.0,1,Dinheiro,RAPADURA_DE_MELADO,1,7.0,EXPODIRETO,2,3,1,15,Tarde
48,2301,0.0,2026-03-10 15:03:59.854000-03:00,6.0,6.0,1,Dinheiro,ALFAJOR,1,6.0,EXPODIRETO,1,3,1,15,Tarde
49,947,15.0,2026-03-10 15:23:23.193000-03:00,0.0,15.0,1,Dinheiro,CUCA_ENROLADA,1,15.0,EXPODIRETO,1,3,1,15,Tarde
50,754,7.0,2026-03-10 15:53:44.674000-03:00,0.0,7.0,1,Dinheiro,RAPADURA_DE_MELADO,1,7.0,EXPODIRETO,1,3,1,15,Tarde
51,540,22.0,2026-03-10 16:18:47.276000-03:00,0.0,22.0,1,Dinheiro,CUCA_ENROLADA,1,15.0,EXPODIRETO,2,3,1,16,Tarde
52,540,22.0,2026-03-10 16:18:47.276000-03:00,0.0,22.0,1,Dinheiro,RAPADURA_DE_MELADO,1,7.0,EXPODIRETO,2,3,1,16,Tarde
53,547,40.0,2026-03-10 16:21:31.299000-03:00,0.0,40.0,1,Cartão,ALFAJOR_PRETO_(PACOTE_X4),8,20.0,EXPODIRETO,1,3,1,16,Tarde
54,1507,30.0,2026-03-10 16:37:40.653000-03:00,0.0,30.0,1,Dinheiro,RAPADURA_ASSADA_(PACOTE_X6),6,25.0,EXPODIRETO,2,3,1,16,Tarde
55,1507,30.0,2026-03-10 16:37:40.653000-03:00,0.0,30.0,1,Dinheiro,RAPADURA_ASSADA,1,5.0,EXPODIRETO,2,3,1,16,Tarde
56,118,10.0,2026-03-10 17:04:48.491000-03:00,0.0,10.0,1,Dinheiro,BOLACHA_DE_MANTEIGA,1,10.0,EXPODIRETO,1,3,1,17,Tarde
57,975,15.0,2026-03-11 07:53:47.052000-03:00,0.0,15.0,1,Dinheiro,CUCA_ENROLADA,1,15.0,EXPODIRETO,1,3,2,7,Manhã
58,145,20.0,2026-03-11 10:07:43.209000-03:00,0.0,20.0,1,Dinheiro,CUCA_ENROLADA,1,15.0,EXPODIRETO,2,3,2,10,Manhã
59,145,20.0,2026-03-11 10:07:43.209000-03:00,0.0,20.0,1,Dinheiro,RAPADURA_ASSADA,1,5.0,EXPODIRETO,2,3,2,10,Manhã
60,1864,20.0,2026-03-11 10:28:13.958000-03:00,0.0,20.0,1,Dinheiro,RAPADURA_DE_MELADO_(PACOTE_X3),3,20.0,EXPODIRETO,1,3,2,10,Manhã
61,189,7.0,2026-03-11 11:15:58.102000-03:00,0.0,7.0,1,Dinheiro,RAPADURA_DE_MELADO,1,7.0,EXPODIRETO,1,3,2,11,Manhã
62,1243,25.0,2026-03-11 11:16:59.384000-03:00,0.0,25.0,1,Cartão,RAPADURA_ASSADA_(PACOTE_X6),6,25.0,EXPODIRETO,1,3,2,11,Manhã
63,1763,15.0,2026-03-11 11:22:42.236000-03:00,0.0,15.0,1,Dinheiro,RAPADURA_DE_MELADO,1,7.0,EXPODIRETO,2,3,2,11,Manhã
64,1763,15.0,2026-03-11 11:22:42.236000-03:00,0.0,15.0,1,Dinheiro,AMENDOIM_SALGADO_E_TEMPERADO,1,8.0,EXPODIRETO,2,3,2,11,Manhã
65,1361,15.0,2026-03-11 11:51:03.917000-03:00,0.0,15.0,1,Cartão,CUCA_ENROLADA,1,15.0,EXPODIRETO,1,3,2,11,Manhã
66,2199,15.0,2026-03-11 12:21:07.862000-03:00,0.0,15.0,1,Dinheiro,CUCA_ENROLADA,1,15.0,EXPODIRETO,1,3,2,12,Tarde
67,2234,40.0,2026-03-11 12:27:46.991000-03:00,0.0,40.0,1,Cartão,ALFAJOR_PRETO_(PACOTE_X4),8,20.0,EXPODIRETO,1,3,2,12,Tarde
68,2028,7.0,2026-03-11 13:04:07.335000-03:00,0.0,7.0,1,Dinheiro,RAPADURA_DE_MELADO,1,7.0,EXPODIRETO,1,3,2,13,Tarde
69,1111,6.0,2026-03-11 13:08:23.063000-03:00,0.0,6.0,1,Cartão,ALFAJOR,1,6.0,EXPODIRETO,1,3,2,13,Tarde
70,1488,30.0,2026-03-11 13:25:55.630000-03:00,0.0,30.0,1,Cartão,CUCA_ENROLADA,2,15.0,EXPODIRETO,1,3,2,13,Tarde
71,1720,15.0,2026-03-11 13:41:10.723000-03:00,0.0,15.0,1,Cartão,CUCA_ENROLADA,1,15.0,EXPODIRETO,1,3,2,13,Tarde
72,1403,6.0,2026-03-11 13:54:01.874000-03:00,0.0,6.0,1,Cartão,ALFAJOR,1,6.0,EXPODIRETO,1,3,2,13,Tarde
73,781,25.0,2026-03-11 13:55:10.613000-03:00,0.0,25.0,1,Cartão,RAPADURA_ASSADA_(PACOTE_X6),6,25.0,EXPODIRETO,1,3,2,13,Tarde
74,1212,7.0,2026-03-11 13:55:42.576000-03:00,0.0,7.0,1,Dinheiro,RAPADURA_DE_MELADO,1,7.0,EXPODIRETO,1,3,2,13,Tarde
75,2409,20.0,2026-03-11 14:01:25.703000-03:00,0.0,20.0,1,Cartão,ALFAJOR_PRETO_(PACOTE_X4),4,20.0,EXPODIRETO,1,3,2,14,Tarde
76,1383,15.0,2026-03-11 14:18:58.986000-03:00,0.0,15.0,1,Cartão,PÉ-DE-MOLEQUE,3,5.0,EXPODIRETO,1,3,2,14,Tarde
77,1435,20.0,2026-03-11 14:23:41-03:00,0.0,20.0,1,Dinheiro,PÉ-DE-MOLEQUE,4,5.0,EXPODIRETO,1,3,2,14,Tarde
78,807,15.0,2026-03-11 14:26:12.204000-03:00,0.0,15.0,1,Cartão,CUCA_ENROLADA,1,15.0,EXPODIRETO,1,3,2,14,Tarde
79,1301,15.0,2026-03-11 14:33:25.126000-03:00,0.0,15.0,1,Cartão,CUCA_ENROLADA,1,15.0,EXPODIRETO,1,3,2,14,Tarde
80,1828,8.0,2026-03-11 14:39:46.687000-03:00,0.0,8.0,1,Dinheiro,AMENDOIM_SALGADO_E_TEMPERADO,1,8.0,EXPODIRETO,1,3,2,14,Tarde
81,1247,20.0,2026-03-11 14:46:28.180000-03:00,0.0,20.0,1,Dinheiro,RAPADURA_DE_MELADO_(PACOTE_X3),3,20.0,EXPODIRETO,1,3,2,14,Tarde
82,1904,20.0,2026-03-11 14:47:55.874000-03:00,0.0,20.0,1,Cartão,ALFAJOR_PRETO_(PACOTE_X4),4,20.0,EXPODIRETO,1,3,2,14,Tarde
83,1404,5.0,2026-03-11 14:49:31.570000-03:00,0.0,5.0,1,Dinheiro,PÉ-DE-MOLEQUE,1,5.0,EXPODIRETO,1,3,2,14,Tarde
84,153,37.0,2026-03-11 15:07:53.491000-03:00,0.0,37.0,1,Cartão,ALFAJOR,2,6.0,EXPODIRETO,2,3,2,15,Tarde
85,153,37.0,2026-03-11 15:07:53.491000-03:00,0.0,37.0,1,Cartão,RAPADURA_ASSADA_(PACOTE_X6),6,25.0,EXPODIRETO,2,3,2,15,Tarde
86,2019,20.0,2026-03-11 15:09:32.825000-03:00,0.0,20.0,1,Dinheiro,RAPADURA_DE_MELADO_(PACOTE_X3),3,20.0,EXPODIRETO,1,3,2,15,Tarde
87,2094,40.0,2026-03-11 15:20:49.258000-03:00,0.0,40.0,1,Cartão,ALFAJOR_PRETO_(PACOTE_X4),8,20.0,EXPODIRETO,1,3,2,15,Tarde
88,856,20.0,2026-03-11 15:21:22.825000-03:00,0.0,20.0,1,Cartão,ALFAJOR_PRETO_(PACOTE_X4),4,20.0,EXPODIRETO,1,3,2,15,Tarde
89,2205,7.0,2026-03-11 15:27:02.341000-03:00,0.0,7.0,1,Dinheiro,RAPADURA_DE_MELADO,1,7.0,EXPODIRETO,1,3,2,15,Tarde
90,775,20.0,2026-03-11 15:29:04.694000-03:00,0.0,20.0,1,Cartão,ALFAJOR_PRETO_(PACOTE_X4),4,20.0,EXPODIRETO,1,3,2,15,Tarde
91,1819,7.0,2026-03-11 15:42:26.567000-03:00,0.0,7.0,1,Cartão,CRI-CRI_200G,1,7.0,EXPODIRETO,1,3,2,15,Tarde
92,2300,7.0,2026-03-27 14:15:36.996000-03:00,0.0,7.0,1,Dinheiro,RAPADURA_DE_MELADO,1,7.0,EXPO_AFUBRA,1,3,4,14,Tarde
93,1472,20.0,2026-03-10 10:52:03.240000-03:00,0.0,20.0,1,Cartão,ALFAJOR_PRETO_(PACOTE_X4),4,20.0,EXPODIRETO,1,3,1,10,Manhã
94,1234,5.0,2026-03-10 12:01:14.496000-03:00,0.0,5.0,1,Cartão,RAPADURA_ASSADA,1,5.0,EXPODIRETO,1,3,1,12,Tarde
95,227,5.0,2026-03-10 13:09:34.026000-03:00,0.0,5.0,1,Dinheiro,PÉ-DE-MOLEQUE,1,5.0,EXPODIRETO,1,3,1,13,Tarde
96,1418,25.0,2026-03-09 14:39:52.846000-03:00,0.0,25.0,1,Cartão,RAPADURA_ASSADA_(PACOTE_X6),1,25.0,EXPODIRETO,1,3,0,14,Tarde
97,1745,14.0,2026-03-09 15:07:50.619000-03:00,0.0,14.0,1,Dinheiro,RAPADURA_DE_MELADO,2,7.0,EXPODIRETO,1,3,0,15,Tarde
98,1165,25.0,2026-03-09 15:38:16.362000-03:00,0.0,25.0,1,Cartão,RAPADURA_ASSADA_(PACOTE_X6),1,25.0,EXPODIRETO,1,3,0,15,Tarde
99,633,40.0,2026-03-09 15:47:41.517000-03:00,0.0,40.0,1,Cartão,ALFAJOR_PRETO_(PACOTE_X4),2,20.0,EXPODIRETO,1,3,0,15,Tarde
100,1492,20.0,2026-03-09 15:49:50.633000-03:00,0.0,20.0,1,Dinheiro,RAPADURA_DE_MELADO_(PACOTE_X3),1,20.0,EXPODIRETO,1,3,0,15,Tarde
101,2003,7.0,2026-03-09 16:14:42.847000-03:00,0.0,7.0,1,Dinheiro,RAPADURA_DE_MELADO,1,7.0,EXPODIRETO,1,3,0,16,Tarde
102,2009,25.0,2026-03-09 16:26:55.792000-03:00,0.0,25.0,1,Dinheiro,RAPADURA_ASSADA_(PACOTE_X6),1,25.0,EXPODIRETO,1,3,0,16,Tarde
103,83,20.0,2026-03-09 16:32:25.213000-03:00,0.0,20.0,1,Dinheiro,ALFAJOR_PRETO_(PACOTE_X4),1,20.0,EXPODIRETO,1,3,0,16,Tarde
104,1521,20.0,2026-03-10 13:36:27.419000-03:00,0.0,20.0,1,Dinheiro,RAPADURA_DE_MELADO_(PACOTE_X3),3,20.0,EXPODIRETO,1,3,1,13,Tarde
105,463,6.0,2026-03-10 13:46:00.266000-03:00,0.0,6.0,1,Cartão,ALFAJOR,1,6.0,EXPODIRETO,1,3,1,13,Tarde
106,1818,12.0,2026-03-10 14:12:05.579000-03:00,0.0,12.0,1,Cartão,ALFAJOR,2,6.0,EXPODIRETO,1,3,1,14,Tarde
107,1087,12.0,2026-03-10 15:01:38.846000-03:00,0.0,12.0,1,Pix,RAPADURA_DE_MELADO,1,7.0,EXPODIRETO,2,3,1,15,Tarde
108,1087,12.0,2026-03-10 15:01:38.846000-03:00,0.0,12.0,1,Pix,PÉ-DE-MOLEQUE,1,5.0,EXPODIRETO,2,3,1,15,Tarde
109,2108,11.0,2026-03-10 15:07:14.255000-03:00,0.0,11.0,1,Cartão,ALFAJOR,1,6.0,EXPODIRETO,2,3,1,15,Tarde
110,2108,11.0,2026-03-10 15:07:14.255000-03:00,0.0,11.0,1,Cartão,RAPADURA_ASSADA,1,5.0,EXPODIRETO,2,3,1,15,Tarde
111,2161,32.0,2026-03-10 15:32:31.101000-03:00,0.0,32.0,1,Pix,RAPADURA_DE_MELADO,1,7.0,EXPODIRETO,2,3,1,15,Tarde
112,2161,32.0,2026-03-10 15:32:31.101000-03:00,0.0,32.0,1,Pix,RAPADURA_ASSADA_(PACOTE_X6),6,25.0,EXPODIRETO,2,3,1,15,Tarde
113,571,15.0,2026-03-10 16:06:24.244000-03:00,0.0,15.0,1,Cartão,CUCA_ENROLADA,1,15.0,EXPODIRETO,1,3,1,16,Tarde
114,611,15.0,2026-03-10 16:19:59.416000-03:00,0.0,15.0,1,Cartão,CUCA_ENROLADA,1,15.0,EXPODIRETO,1,3,1,16,Tarde
115,2132,25.0,2026-03-10 16:45:18.051000-03:00,0.0,25.0,1,Dinheiro,RAPADURA_ASSADA_(PACOTE_X6),6,25.0,EXPODIRETO,1,3,1,16,Tarde
116,2096,6.0,2026-03-09 17:15:38.794000-03:00,0.0,6.0,1,Cartão,ALFAJOR,1,6.0,EXPODIRETO,1,3,0,17,Tarde
117,1317,20.0,2026-03-09 17:19:21.337000-03:00,0.0,20.0,1,Dinheiro,ALFAJOR_PRETO_(PACOTE_X4),1,20.0,EXPODIRETO,1,3,0,17,Tarde
118,281,20.0,2026-03-09 17:23:57.081000-03:00,0.0,20.0,1,Cartão,ALFAJOR_PRETO_(PACOTE_X4),1,20.0,EXPODIRETO,1,3,0,17,Tarde
119,907,10.0,2026-03-10 17:17:46.495000-03:00,0.0,10.0,1,Dinheiro,PÉ-DE-MOLEQUE,2,5.0,EXPODIRETO,1,3,1,17,Tarde
120,2045,40.0,2026-03-11 09:44:48.729000-03:00,0.0,40.0,1,Cartão,ALFAJOR_PRETO_(PACOTE_X4),8,20.0,EXPODIRETO,1,3,2,9,Manhã
121,1291,40.0,2026-03-11 10:15:06.955000-03:00,0.0,40.0,1,Cartão,CUCA_ENROLADA,1,15.0,EXPODIRETO,2,3,2,10,Manhã
122,1291,40.0,2026-03-11 10:15:06.955000-03:00,0.0,40.0,1,Cartão,RAPADURA_ASSADA_(PACOTE_X6),6,25.0,EXPODIRETO,2,3,2,10,Manhã
123,1667,7.0,2026-03-11 10:56:58.342000-03:00,1.0,8.0,1,Dinheiro,AMENDOIM_SALGADO_E_TEMPERADO,1,8.0,EXPODIRETO,1,3,2,10,Manhã
124,133,6.0,2026-03-11 11:16:43.205000-03:00,0.0,6.0,1,Dinheiro,ALFAJOR,1,6.0,EXPODIRETO,1,3,2,11,Manhã
125,507,8.0,2026-03-11 11:20:45.056000-03:00,0.0,8.0,1,Cartão,AMENDOIM_SALGADO_E_TEMPERADO,1,8.0,EXPODIRETO,1,3,2,11,Manhã
126,1185,22.0,2026-03-11 11:32:49.724000-03:00,0.0,22.0,1,Dinheiro,CUCA_ENROLADA,1,15.0,EXPODIRETO,2,3,2,11,Manhã
127,1185,22.0,2026-03-11 11:32:49.724000-03:00,0.0,22.0,1,Dinheiro,RAPADURA_DE_MELADO,1,7.0,EXPODIRETO,2,3,2,11,Manhã
128,930,15.0,2026-03-11 12:10:40.688000-03:00,0.0,15.0,1,Cartão,CUCA_ENROLADA,1,15.0,EXPODIRETO,1,3,2,12,Tarde
129,757,15.0,2026-03-11 12:21:41.492000-03:00,0.0,15.0,1,Pix,CUCA_ENROLADA,1,15.0,EXPODIRETO,1,3,2,12,Tarde
130,2269,6.0,2026-03-11 12:56:43.783000-03:00,0.0,6.0,1,Dinheiro,ALFAJOR,1,6.0,EXPODIRETO,1,3,2,12,Tarde
131,582,15.0,2026-03-11 13:05:38.634000-03:00,0.0,15.0,1,Dinheiro,CUCA_ENROLADA,1,15.0,EXPODIRETO,1,3,2,13,Tarde
132,60,20.0,2026-03-11 13:15:25.060000-03:00,0.0,20.0,1,Dinheiro,ALFAJOR_PRETO_(PACOTE_X4),4,20.0,EXPODIRETO,1,3,2,13,Tarde
133,670,6.0,2026-03-11 13:33:25.588000-03:00,1.0,7.0,1,Dinheiro,RAPADURA_DE_MELADO,1,7.0,EXPODIRETO,1,3,2,13,Tarde
134,595,50.0,2026-03-11 15:52:13.929000-03:00,5.0,55.0,1,Dinheiro,RAPADURA_DE_MELADO_(PACOTE_X3),6,20.0,EXPODIRETO,2,3,2,15,Tarde
135,595,50.0,2026-03-11 15:52:13.929000-03:00,5.0,55.0,1,Dinheiro,RAPADURA_ASSADA,3,5.0,EXPODIRETO,2,3,2,15,Tarde
136,1930,21.0,2026-03-11 15:54:29.162000-03:00,0.0,21.0,1,Dinheiro,CUCA_ENROLADA,1,15.0,EXPODIRETO,2,3,2,15,Tarde
137,1930,21.0,2026-03-11 15:54:29.162000-03:00,0.0,21.0,1,Dinheiro,ALFAJOR,1,6.0,EXPODIRETO,2,3,2,15,Tarde
138,1557,7.0,2026-03-11 16:07:00.025000-03:00,0.0,7.0,1,Cartão,RAPADURA_DE_MELADO,1,7.0,EXPODIRETO,1,3,2,16,Tarde
139,1273,40.0,2026-03-11 16:10:38.704000-03:00,0.0,40.0,1,Pix,CUCA_ENROLADA,1,15.0,EXPODIRETO,2,3,2,16,Tarde
140,1273,40.0,2026-03-11 16:10:38.704000-03:00,0.0,40.0,1,Pix,RAPADURA_ASSADA_(PACOTE_X6),6,25.0,EXPODIRETO,2,3,2,16,Tarde
141,1328,8.0,2026-03-11 16:12:50.954000-03:00,0.0,8.0,1,Dinheiro,AMENDOIM_SALGADO_E_TEMPERADO,1,8.0,EXPODIRETO,1,3,2,16,Tarde
142,1779,38.0,2026-03-11 16:19:10.829000-03:00,0.0,38.0,1,Pix,CUCA_ENROLADA,2,15.0,EXPODIRETO,2,3,2,16,Tarde
143,1779,38.0,2026-03-11 16:19:10.829000-03:00,0.0,38.0,1,Pix,CRI-CRI_200G,1,8.0,EXPODIRETO,2,3,2,16,Tarde
144,1467,15.0,2026-03-11 16:19:47.992000-03:00,0.0,15.0,1,Cartão,CUCA_ENROLADA,1,15.0,EXPODIRETO,1,3,2,16,Tarde
145,52,5.0,2026-03-11 16:25:01.910000-03:00,0.0,5.0,1,Dinheiro,RAPADURA_ASSADA,1,5.0,EXPODIRETO,1,3,2,16,Tarde
146,2065,7.0,2026-03-11 16:28:06.793000-03:00,0.0,7.0,1,Dinheiro,RAPADURA_DE_MELADO,1,7.0,EXPODIRETO,1,3,2,16,Tarde
147,1993,25.0,2026-03-11 16:32:09.993000-03:00,0.0,25.0,1,Dinheiro,RAPADURA_ASSADA_(PACOTE_X6),6,25.0,EXPODIRETO,1,3,2,16,Tarde
148,827,20.0,2026-03-11 16:49:26.122000-03:00,0.0,20.0,1,Dinheiro,RAPADURA_DE_MELADO_(PACOTE_X3),3,20.0,EXPODIRETO,1,3,2,16,Tarde
149,1272,7.0,2026-03-11 17:35:37.028000-03:00,0.0,7.0,1,Cartão,RAPADURA_DE_MELADO,1,7.0,EXPODIRETO,1,3,2,17,Tarde
150,1453,12.0,2026-03-11 17:35:48.154000-03:00,0.0,12.0,1,Dinheiro,ALFAJOR,2,6.0,EXPODIRETO,1,3,2,17,Tarde
151,1115,80.0,2026-03-12 07:43:01.108000-03:00,0.0,80.0,1,Cartão,ALFAJOR_PRETO_(CAIXA_X16),16,80.0,EXPODIRETO,1,3,3,7,Manhã
152,330,28.0,2026-03-12 09:30:41.018000-03:00,0.0,28.0,1,Cartão,BOLACHA_DE_MANTEIGA,2,10.0,EXPODIRETO,2,3,3,9,Manhã
153,330,28.0,2026-03-12 09:30:41.018000-03:00,0.0,28.0,1,Cartão,CRI-CRI_200G,1,8.0,EXPODIRETO,2,3,3,9,Manhã
154,683,20.0,2026-03-12 09:40:19.391000-03:00,0.0,20.0,1,Cartão,RAPADURA_DE_MELADO_(PACOTE_X3),3,20.0,EXPODIRETO,1,3,3,9,Manhã
155,1709,20.0,2026-03-12 09:42:14.641000-03:00,0.0,20.0,1,Cartão,RAPADURA_DE_MELADO_(PACOTE_X3),3,20.0,EXPODIRETO,1,3,3,9,Manhã
156,1141,20.0,2026-03-12 09:54:24.252000-03:00,0.0,20.0,1,Dinheiro,ALFAJOR_PRETO_(PACOTE_X4),4,20.0,EXPODIRETO,1,3,3,9,Manhã
157,425,15.0,2026-03-12 09:56:48.555000-03:00,0.0,15.0,1,Pix,CUCA_ENROLADA,1,15.0,EXPODIRETO,1,3,3,9,Manhã
158,276,15.0,2026-03-12 09:58:39.498000-03:00,0.0,15.0,1,Dinheiro,CUCA_ENROLADA,1,15.0,EXPODIRETO,1,3,3,9,Manhã
159,1417,15.0,2026-03-12 10:04:38.988000-03:00,0.0,15.0,1,Dinheiro,CUCA_ENROLADA,1,15.0,EXPODIRETO,1,3,3,10,Manhã
160,1913,25.0,2026-03-12 10:09:04.098000-03:00,0.0,25.0,1,Pix,RAPADURA_ASSADA_(PACOTE_X6),6,25.0,EXPODIRETO,1,3,3,10,Manhã
161,2176,30.0,2026-03-12 10:14:50.992000-03:00,0.0,30.0,1,Dinheiro,CUCA_ENROLADA,2,15.0,EXPODIRETO,1,3,3,10,Manhã
162,205,25.0,2026-03-12 10:19:19.835000-03:00,0.0,25.0,1,Dinheiro,RAPADURA_ASSADA_(PACOTE_X6),6,25.0,EXPODIRETO,1,3,3,10,Manhã
163,1285,27.0,2026-03-12 10:19:55.418000-03:00,0.0,27.0,1,Dinheiro,RAPADURA_DE_MELADO,1,7.0,EXPODIRETO,2,3,3,10,Manhã
164,1285,27.0,2026-03-12 10:19:55.418000-03:00,0.0,27.0,1,Dinheiro,RAPADURA_DE_MELADO_(PACOTE_X3),3,20.0,EXPODIRETO,2,3,3,10,Manhã
165,1132,7.0,2026-03-12 10:22:53.121000-03:00,0.0,7.0,1,Cartão,RAPADURA_DE_MELADO,1,7.0,EXPODIRETO,1,3,3,10,Manhã
166,2283,5.0,2026-03-12 10:48:41.001000-03:00,0.0,5.0,1,Dinheiro,RAPADURA_ASSADA,1,5.0,EXPODIRETO,1,3,3,10,Manhã
167,804,10.0,2026-03-12 10:50:25.323000-03:00,0.0,10.0,1,Pix,RAPADURA_ASSADA,2,5.0,EXPODIRETO,1,3,3,10,Manhã
168,1362,15.0,2026-03-12 10:58:16.218000-03:00,0.0,15.0,1,Pix,CUCA_ENROLADA,1,15.0,EXPODIRETO,1,3,3,10,Manhã
169,1679,25.0,2026-03-12 11:02:32.218000-03:00,0.0,25.0,1,Pix,RAPADURA_ASSADA_(PACOTE_X6),6,25.0,EXPODIRETO,1,3,3,11,Manhã
170,1015,50.0,2026-03-12 11:19:52.273000-03:00,0.0,50.0,1,Dinheiro,RAPADURA_ASSADA_(PACOTE_X6),12,25.0,EXPODIRETO,1,3,3,11,Manhã
171,2290,20.0,2026-03-12 11:20:38.996000-03:00,0.0,20.0,1,Dinheiro,RAPADURA_DE_MELADO_(PACOTE_X3),3,20.0,EXPODIRETO,1,3,3,11,Manhã
172,1542,5.0,2026-03-12 11:36:44.831000-03:00,0.0,5.0,1,Dinheiro,PÉ-DE-MOLEQUE,1,5.0,EXPODIRETO,1,3,3,11,Manhã
173,252,5.0,2026-03-12 11:47:49.202000-03:00,0.0,5.0,1,Dinheiro,RAPADURA_ASSADA,1,5.0,EXPODIRETO,1,3,3,11,Manhã
174,1442,20.0,2026-03-12 11:58:41.851000-03:00,0.0,20.0,1,Cartão,ALFAJOR_PRETO_(PACOTE_X4),4,20.0,EXPODIRETO,1,3,3,11,Manhã
175,2217,7.0,2026-03-12 12:04:43.021000-03:00,0.0,7.0,1,Dinheiro,RAPADURA_DE_MELADO,1,7.0,EXPODIRETO,1,3,3,12,Tarde
176,62,20.0,2026-03-12 12:06:27.193000-03:00,0.0,20.0,1,Dinheiro,RAPADURA_DE_MELADO_(PACOTE_X3),3,20.0,EXPODIRETO,1,3,3,12,Tarde
177,402,22.0,2026-03-12 12:20:21.940000-03:00,0.0,22.0,1,Dinheiro,RAPADURA_DE_MELADO,1,7.0,EXPODIRETO,2,3,3,12,Tarde
178,402,22.0,2026-03-12 12:20:21.940000-03:00,0.0,22.0,1,Dinheiro,CUCA_ENROLADA,1,15.0,EXPODIRETO,2,3,3,12,Tarde
179,1380,15.0,2026-03-12 12:29:10.629000-03:00,0.0,15.0,1,Cartão,CUCA_ENROLADA,1,15.0,EXPODIRETO,1,3,3,12,Tarde
180,1830,15.0,2026-03-12 12:34:07.397000-03:00,0.0,15.0,1,Cartão,CUCA_ENROLADA,1,15.0,EXPODIRETO,1,3,3,12,Tarde
181,1039,24.0,2026-03-12 12:38:32.818000-03:00,0.0,24.0,1,Dinheiro,AMENDOIM_SALGADO_E_TEMPERADO,3,8.0,EXPODIRETO,1,3,3,12,Tarde
182,1827,15.0,2026-03-12 12:53:00.150000-03:00,0.0,15.0,1,Dinheiro,CUCA_ENROLADA,1,15.0,EXPODIRETO,1,3,3,12,Tarde
183,1658,15.0,2026-03-12 12:54:33.648000-03:00,0.0,15.0,1,Pix,CUCA_ENROLADA,1,15.0,EXPODIRETO,1,3,3,12,Tarde
184,1793,10.0,2026-03-12 13:25:06.520000-03:00,0.0,10.0,1,Cartão,PÉ-DE-MOLEQUE,2,5.0,EXPODIRETO,1,3,3,13,Tarde
185,782,20.0,2026-03-12 13:25:58.651000-03:00,0.0,20.0,1,Cartão,ALFAJOR_PRETO_(PACOTE_X4),4,20.0,EXPODIRETO,1,3,3,13,Tarde
186,1903,15.0,2026-03-12 13:26:18.509000-03:00,0.0,15.0,1,Dinheiro,CUCA_ENROLADA,1,15.0,EXPODIRETO,1,3,3,13,Tarde
187,2157,25.0,2026-03-12 13:26:56.254000-03:00,0.0,25.0,1,Dinheiro,RAPADURA_ASSADA_(PACOTE_X6),6,25.0,EXPODIRETO,1,3,3,13,Tarde
188,1312,15.0,2026-03-12 13:30:46.548000-03:00,0.0,15.0,1,Dinheiro,CUCA_ENROLADA,1,15.0,EXPODIRETO,1,3,3,13,Tarde
189,3,6.0,2026-03-12 13:33:38.344000-03:00,0.0,6.0,1,Cartão,ALFAJOR,1,6.0,EXPODIRETO,1,3,3,13,Tarde
190,9,20.0,2026-03-12 14:00:47.729000-03:00,0.0,20.0,1,Pix,ALFAJOR_PRETO_(PACOTE_X4),4,20.0,EXPODIRETO,1,3,3,14,Tarde
191,1767,40.0,2026-03-12 14:03:32.714000-03:00,0.0,40.0,1,Dinheiro,CUCA_ENROLADA,1,15.0,EXPODIRETO,2,3,3,14,Tarde
192,1767,40.0,2026-03-12 14:03:32.714000-03:00,0.0,40.0,1,Dinheiro,RAPADURA_ASSADA_(PACOTE_X6),6,25.0,EXPODIRETO,2,3,3,14,Tarde
193,735,5.0,2026-03-12 14:03:46.016000-03:00,0.0,5.0,1,Dinheiro,RAPADURA_ASSADA,1,5.0,EXPODIRETO,1,3,3,14,Tarde
194,232,15.0,2026-03-12 14:08:08.227000-03:00,0.0,15.0,1,Dinheiro,CUCA_ENROLADA,1,15.0,EXPODIRETO,1,3,3,14,Tarde
195,2323,45.0,2026-03-12 14:13:14.863000-03:00,0.0,45.0,1,Cartão,RAPADURA_ASSADA_(PACOTE_X6),6,25.0,EXPODIRETO,2,3,3,14,Tarde
196,2323,45.0,2026-03-12 14:13:14.863000-03:00,0.0,45.0,1,Cartão,RAPADURA_DE_MELADO_(PACOTE_X3),3,20.0,EXPODIRETO,2,3,3,14,Tarde
197,2139,25.0,2026-03-12 14:13:45.650000-03:00,0.0,25.0,1,Pix,RAPADURA_ASSADA_(PACOTE_X6),6,25.0,EXPODIRETO,1,3,3,14,Tarde
198,1884,25.0,2026-03-12 14:27:57.889000-03:00,0.0,25.0,1,Cartão,ALFAJOR_PRETO_(PACOTE_X4),4,20.0,EXPODIRETO,2,3,3,14,Tarde
199,1884,25.0,2026-03-12 14:27:57.889000-03:00,0.0,25.0,1,Cartão,RAPADURA_ASSADA,1,5.0,EXPODIRETO,2,3,3,14,Tarde
200,1768,30.0,2026-03-12 14:28:56.908000-03:00,0.0,30.0,1,Cartão,CUCA_ENROLADA,2,15.0,EXPODIRETO,1,3,3,14,Tarde
201,316,6.0,2026-03-12 14:29:46.849000-03:00,0.0,6.0,1,Dinheiro,ALFAJOR,1,6.0,EXPODIRETO,1,3,3,14,Tarde
202,144,25.0,2026-03-12 14:31:03.871000-03:00,0.0,25.0,1,Cartão,RAPADURA_ASSADA_(PACOTE_X6),6,25.0,EXPODIRETO,1,3,3,14,Tarde
203,581,20.0,2026-03-12 14:31:56.194000-03:00,0.0,20.0,1,Dinheiro,ALFAJOR_PRETO_(PACOTE_X4),4,20.0,EXPODIRETO,1,3,3,14,Tarde
204,1375,25.0,2026-03-12 14:32:57.168000-03:00,0.0,25.0,1,Cartão,RAPADURA_ASSADA_(PACOTE_X6),6,25.0,EXPODIRETO,1,3,3,14,Tarde
205,853,32.0,2026-03-12 14:41:17.495000-03:00,0.0,32.0,1,Cartão,RAPADURA_DE_MELADO,1,7.0,EXPODIRETO,2,3,3,14,Tarde
206,853,32.0,2026-03-12 14:41:17.495000-03:00,0.0,32.0,1,Cartão,RAPADURA_ASSADA_(PACOTE_X6),6,25.0,EXPODIRETO,2,3,3,14,Tarde
207,2279,32.0,2026-03-12 14:41:17.495000-03:00,0.0,32.0,1,Cartão,RAPADURA_DE_MELADO,1,7.0,EXPODIRETO,2,3,3,14,Tarde
208,2279,32.0,2026-03-12 14:41:17.495000-03:00,0.0,32.0,1,Cartão,RAPADURA_ASSADA_(PACOTE_X6),6,25.0,EXPODIRETO,2,3,3,14,Tarde
209,2233,15.0,2026-03-12 14:42:06.188000-03:00,0.0,15.0,1,Cartão,CUCA_ENROLADA,1,15.0,EXPODIRETO,1,3,3,14,Tarde
210,464,31.0,2026-03-12 14:44:12.174000-03:00,0.0,31.0,1,Cartão,ALFAJOR,1,6.0,EXPODIRETO,2,3,3,14,Tarde
211,464,31.0,2026-03-12 14:44:12.174000-03:00,0.0,31.0,1,Cartão,RAPADURA_ASSADA_(PACOTE_X6),6,25.0,EXPODIRETO,2,3,3,14,Tarde
212,1948,8.0,2026-03-12 14:46:17.848000-03:00,0.0,8.0,1,Cartão,CRI-CRI_200G,1,8.0,EXPODIRETO,1,3,3,14,Tarde
213,542,8.0,2026-03-12 14:52:00.430000-03:00,0.0,8.0,1,Pix,AMENDOIM_SALGADO_E_TEMPERADO,1,8.0,EXPODIRETO,1,3,3,14,Tarde
214,1238,20.0,2026-03-12 14:52:21.202000-03:00,0.0,20.0,1,Cartão,ALFAJOR_PRETO_(PACOTE_X4),4,20.0,EXPODIRETO,1,3,3,14,Tarde
215,251,15.0,2026-03-12 14:52:34.912000-03:00,0.0,15.0,1,Dinheiro,CUCA_ENROLADA,1,15.0,EXPODIRETO,1,3,3,14,Tarde
216,1434,8.0,2026-03-12 14:55:45.049000-03:00,0.0,8.0,1,Dinheiro,CRI-CRI_200G,1,8.0,EXPODIRETO,1,3,3,14,Tarde
217,1694,5.0,2026-03-12 14:57:10.399000-03:00,0.0,5.0,1,Dinheiro,RAPADURA_ASSADA,1,5.0,EXPODIRETO,1,3,3,14,Tarde
218,405,6.0,2026-03-12 14:58:01.703000-03:00,0.0,6.0,1,Pix,ALFAJOR,1,6.0,EXPODIRETO,1,3,3,14,Tarde
219,350,25.0,2026-03-12 15:00:59.583000-03:00,0.0,25.0,1,Pix,RAPADURA_ASSADA_(PACOTE_X6),6,25.0,EXPODIRETO,1,3,3,15,Tarde
220,705,25.0,2026-03-12 15:01:13.833000-03:00,0.0,25.0,1,Pix,RAPADURA_ASSADA_(PACOTE_X6),6,25.0,EXPODIRETO,1,3,3,15,Tarde
221,1009,20.0,2026-03-12 15:04:41.883000-03:00,0.0,20.0,1,Cartão,ALFAJOR_PRETO_(PACOTE_X4),4,20.0,EXPODIRETO,1,3,3,15,Tarde
222,731,20.0,2026-03-12 15:04:54.541000-03:00,0.0,20.0,1,Dinheiro,RAPADURA_DE_MELADO_(PACOTE_X3),3,20.0,EXPODIRETO,1,3,3,15,Tarde
223,559,45.0,2026-03-12 15:06:22.155000-03:00,0.0,45.0,1,Dinheiro,RAPADURA_ASSADA,1,5.0,EXPODIRETO,3,3,3,15,Tarde
224,559,45.0,2026-03-12 15:06:22.155000-03:00,0.0,45.0,1,Dinheiro,RAPADURA_ASSADA_(PACOTE_X6),6,25.0,EXPODIRETO,3,3,3,15,Tarde
225,559,45.0,2026-03-12 15:06:22.155000-03:00,0.0,45.0,1,Dinheiro,CUCA_ENROLADA,1,15.0,EXPODIRETO,3,3,3,15,Tarde
226,1807,10.0,2026-03-12 15:21:16.219000-03:00,0.0,10.0,1,Dinheiro,BOLACHA_DE_MANTEIGA,1,10.0,EXPODIRETO,1,3,3,15,Tarde
227,1905,20.0,2026-03-12 15:31:05.371000-03:00,0.0,20.0,1,Cartão,RAPADURA_DE_MELADO_(PACOTE_X3),3,20.0,EXPODIRETO,1,3,3,15,Tarde
228,487,12.0,2026-03-12 15:32:32.416000-03:00,0.0,12.0,1,Cartão,ALFAJOR,2,6.0,EXPODIRETO,1,3,3,15,Tarde
229,1241,20.0,2026-03-12 15:32:57.960000-03:00,0.0,20.0,1,Cartão,ALFAJOR_PRETO_(PACOTE_X4),4,20.0,EXPODIRETO,1,3,3,15,Tarde
230,2381,20.0,2026-03-12 15:33:23.943000-03:00,0.0,20.0,1,Cartão,ALFAJOR_PRETO_(PACOTE_X4),4,20.0,EXPODIRETO,1,3,3,15,Tarde
231,2334,25.0,2026-03-12 15:35:10.277000-03:00,0.0,25.0,1,Cartão,RAPADURA_ASSADA_(PACOTE_X6),6,25.0,EXPODIRETO,1,3,3,15,Tarde
232,1252,11.0,2026-03-12 15:37:53.524000-03:00,0.0,11.0,1,Dinheiro,ALFAJOR,1,6.0,EXPODIRETO,2,3,3,15,Tarde
233,1252,11.0,2026-03-12 15:37:53.524000-03:00,0.0,11.0,1,Dinheiro,RAPADURA_ASSADA,1,5.0,EXPODIRETO,2,3,3,15,Tarde
234,2287,20.0,2026-03-12 15:41:12.918000-03:00,0.0,20.0,1,Dinheiro,RAPADURA_DE_MELADO_(PACOTE_X3),3,20.0,EXPODIRETO,1,3,3,15,Tarde
235,2027,40.0,2026-03-12 15:45:02.597000-03:00,0.0,40.0,1,Dinheiro,RAPADURA_DE_MELADO_(PACOTE_X3),6,20.0,EXPODIRETO,1,3,3,15,Tarde
236,656,8.0,2026-03-12 15:49:52.567000-03:00,0.0,8.0,1,Pix,CRI-CRI_200G,1,8.0,EXPODIRETO,1,3,3,15,Tarde
237,331,15.0,2026-03-12 15:52:42.865000-03:00,0.0,15.0,1,Pix,CUCA_ENROLADA,1,15.0,EXPODIRETO,1,3,3,15,Tarde
238,1330,15.0,2026-03-12 15:53:06.031000-03:00,0.0,15.0,1,Pix,CUCA_ENROLADA,1,15.0,EXPODIRETO,1,3,3,15,Tarde
239,311,20.0,2026-03-12 15:54:26.039000-03:00,0.0,20.0,1,Cartão,ALFAJOR_PRETO_(PACOTE_X4),4,20.0,EXPODIRETO,1,3,3,15,Tarde
240,898,6.0,2026-03-12 15:56:29.381000-03:00,0.0,6.0,1,Cartão,ALFAJOR,1,6.0,EXPODIRETO,1,3,3,15,Tarde
241,314,15.0,2026-03-12 15:58:29.968000-03:00,0.0,15.0,1,Dinheiro,CUCA_ENROLADA,1,15.0,EXPODIRETO,1,3,3,15,Tarde
242,912,15.0,2026-03-12 16:03:22.551000-03:00,0.0,15.0,1,Cartão,CUCA_ENROLADA,1,15.0,EXPODIRETO,1,3,3,16,Tarde
243,1689,30.0,2026-03-12 16:04:19.451000-03:00,0.0,30.0,1,Cartão,BOLACHA_DE_MANTEIGA,3,10.0,EXPODIRETO,1,3,3,16,Tarde
244,1227,15.0,2026-03-12 16:06:55.845000-03:00,0.0,15.0,1,Cartão,CUCA_ENROLADA,1,15.0,EXPODIRETO,1,3,3,16,Tarde
245,538,50.0,2026-03-12 16:08:33.938000-03:00,6.0,56.0,1,Cartão,AMENDOIM_SALGADO_E_TEMPERADO,7,8.0,EXPODIRETO,1,3,3,16,Tarde
246,199,15.0,2026-03-12 16:10:56.062000-03:00,0.0,15.0,1,Dinheiro,CUCA_ENROLADA,1,15.0,EXPODIRETO,1,3,3,16,Tarde
247,1061,15.0,2026-03-12 16:11:19.059000-03:00,0.0,15.0,1,Cartão,CUCA_ENROLADA,1,15.0,EXPODIRETO,1,3,3,16,Tarde
248,392,55.0,2026-03-12 16:15:40.696000-03:00,0.0,55.0,1,Dinheiro,CUCA_ENROLADA,2,15.0,EXPODIRETO,2,3,3,16,Tarde
249,392,55.0,2026-03-12 16:15:40.696000-03:00,0.0,55.0,1,Dinheiro,RAPADURA_ASSADA_(PACOTE_X6),6,25.0,EXPODIRETO,2,3,3,16,Tarde
250,1548,20.0,2026-03-12 16:16:58.039000-03:00,0.0,20.0,1,Dinheiro,RAPADURA_DE_MELADO_(PACOTE_X3),3,20.0,EXPODIRETO,1,3,3,16,Tarde
251,2318,40.0,2026-03-12 16:20:46.481000-03:00,0.0,40.0,1,Cartão,CUCA_ENROLADA,1,15.0,EXPODIRETO,2,3,3,16,Tarde
252,2318,40.0,2026-03-12 16:20:46.481000-03:00,0.0,40.0,1,Cartão,RAPADURA_ASSADA_(PACOTE_X6),6,25.0,EXPODIRETO,2,3,3,16,Tarde
253,2104,15.0,2026-03-12 16:21:48.620000-03:00,0.0,15.0,1,Dinheiro,CUCA_ENROLADA,1,15.0,EXPODIRETO,1,3,3,16,Tarde
254,1654,15.0,2026-03-12 16:24:04.468000-03:00,0.0,15.0,1,Cartão,CUCA_ENROLADA,1,15.0,EXPODIRETO,1,3,3,16,Tarde
255,271,15.0,2026-03-12 16:26:29.190000-03:00,0.0,15.0,1,Cartão,CUCA_ENROLADA,1,15.0,EXPODIRETO,1,3,3,16,Tarde
256,1367,25.0,2026-03-12 16:31:02.410000-03:00,0.0,25.0,1,Pix,RAPADURA_ASSADA_(PACOTE_X6),6,25.0,EXPODIRETO,1,3,3,16,Tarde
257,2197,15.0,2026-03-12 16:35:55.202000-03:00,0.0,15.0,1,Pix,CUCA_ENROLADA,1,15.0,EXPODIRETO,1,3,3,16,Tarde
258,849,5.0,2026-03-12 16:36:25.862000-03:00,0.0,5.0,1,Cartão,RAPADURA_ASSADA,1,5.0,EXPODIRETO,1,3,3,16,Tarde
259,1175,15.0,2026-03-12 16:42:20.583000-03:00,0.0,15.0,1,Dinheiro,CUCA_ENROLADA,1,15.0,EXPODIRETO,1,3,3,16,Tarde
260,1575,7.0,2026-03-12 16:44:52.232000-03:00,0.0,7.0,1,Dinheiro,RAPADURA_DE_MELADO,1,7.0,EXPODIRETO,1,3,3,16,Tarde
261,2230,10.0,2026-03-12 16:46:37.233000-03:00,0.0,10.0,1,Cartão,BOLACHA_DE_MANTEIGA,1,10.0,EXPODIRETO,1,3,3,16,Tarde
262,329,10.0,2026-03-12 16:47:22.435000-03:00,0.0,10.0,1,Cartão,BOLACHA_DE_MANTEIGA,1,10.0,EXPODIRETO,1,3,3,16,Tarde
263,1250,5.0,2026-03-12 16:52:30.833000-03:00,0.0,5.0,1,Cartão,RAPADURA_ASSADA,1,5.0,EXPODIRETO,1,3,3,16,Tarde
264,2091,5.0,2026-03-12 16:57:02.798000-03:00,0.0,5.0,1,Cartão,PÉ-DE-MOLEQUE,1,5.0,EXPODIRETO,1,3,3,16,Tarde
265,2170,25.0,2026-03-12 16:59:56.206000-03:00,0.0,25.0,1,Cartão,RAPADURA_ASSADA_(PACOTE_X6),6,25.0,EXPODIRETO,1,3,3,16,Tarde
266,884,112.0,2026-03-12 17:05:01.185000-03:00,1.0,113.0,1,Cartão,ALFAJOR_PRETO_(CAIXA_X16),16,80.0,EXPODIRETO,3,3,3,17,Tarde
267,884,112.0,2026-03-12 17:05:01.185000-03:00,1.0,113.0,1,Cartão,RAPADURA_ASSADA_(PACOTE_X6),6,25.0,EXPODIRETO,3,3,3,17,Tarde
268,884,112.0,2026-03-12 17:05:01.185000-03:00,1.0,113.0,1,Cartão,AMENDOIM_SALGADO_E_TEMPERADO,1,8.0,EXPODIRETO,3,3,3,17,Tarde
269,1853,10.0,2026-03-12 17:18:09.784000-03:00,0.0,10.0,1,Cartão,PÉ-DE-MOLEQUE,1,5.0,EXPODIRETO,2,3,3,17,Tarde
270,1853,10.0,2026-03-12 17:18:09.784000-03:00,0.0,10.0,1,Cartão,RAPADURA_ASSADA,1,5.0,EXPODIRETO,2,3,3,17,Tarde
271,666,55.0,2026-03-12 17:18:33.429000-03:00,0.0,55.0,1,Dinheiro,RAPADURA_ASSADA_(PACOTE_X6),12,25.0,EXPODIRETO,2,3,3,17,Tarde
272,666,55.0,2026-03-12 17:18:33.429000-03:00,0.0,55.0,1,Dinheiro,PÉ-DE-MOLEQUE,1,5.0,EXPODIRETO,2,3,3,17,Tarde
273,195,40.0,2026-03-12 17:26:14.238000-03:00,0.0,40.0,1,Dinheiro,ALFAJOR_PRETO_(PACOTE_X4),4,20.0,EXPODIRETO,2,3,3,17,Tarde
274,195,40.0,2026-03-12 17:26:14.238000-03:00,0.0,40.0,1,Dinheiro,RAPADURA_DE_MELADO_(PACOTE_X3),3,20.0,EXPODIRETO,2,3,3,17,Tarde
275,1012,20.0,2026-03-12 17:34:12.386000-03:00,0.0,20.0,1,Cartão,RAPADURA_DE_MELADO_(PACOTE_X3),3,20.0,EXPODIRETO,1,3,3,17,Tarde
276,266,25.0,2026-03-12 17:55:06.169000-03:00,0.0,25.0,1,Dinheiro,RAPADURA_ASSADA_(PACOTE_X6),6,25.0,EXPODIRETO,1,3,3,17,Tarde
277,2167,25.0,2026-03-12 17:55:53.923000-03:00,0.0,25.0,1,Cartão,RAPADURA_ASSADA_(PACOTE_X6),6,25.0,EXPODIRETO,1,3,3,17,Tarde
278,383,130.0,2026-03-13 07:41:52.902000-03:00,0.0,130.0,1,Dinheiro,RAPADURA_ASSADA_(PACOTE_X6),12,25.0,EXPODIRETO,2,3,4,7,Manhã
279,383,130.0,2026-03-13 07:41:52.902000-03:00,0.0,130.0,1,Dinheiro,ALFAJOR_PRETO_(CAIXA_X16),16,80.0,EXPODIRETO,2,3,4,7,Manhã
280,1333,50.0,2026-03-13 07:53:57.780000-03:00,0.0,50.0,1,Dinheiro,RAPADURA_ASSADA_(PACOTE_X6),12,25.0,EXPODIRETO,1,3,4,7,Manhã
281,1660,24.0,2026-03-13 08:07:53.420000-03:00,0.0,24.0,1,Pix,AMENDOIM_SALGADO_E_TEMPERADO,3,8.0,EXPODIRETO,1,3,4,8,Manhã
282,123,25.0,2026-03-13 08:19:46.480000-03:00,0.0,25.0,1,Dinheiro,RAPADURA_ASSADA_(PACOTE_X6),6,25.0,EXPODIRETO,1,3,4,8,Manhã
283,1825,55.0,2026-03-13 08:28:26.583000-03:00,1.0,56.0,1,Cartão,RAPADURA_ASSADA_(PACOTE_X6),12,25.0,EXPODIRETO,2,3,4,8,Manhã
284,1825,55.0,2026-03-13 08:28:26.583000-03:00,1.0,56.0,1,Cartão,ALFAJOR,1,6.0,EXPODIRETO,2,3,4,8,Manhã
285,197,25.0,2026-03-13 08:28:54.281000-03:00,0.0,25.0,1,Cartão,RAPADURA_ASSADA_(PACOTE_X6),6,25.0,EXPODIRETO,1,3,4,8,Manhã
286,2403,10.0,2026-03-13 08:51:37.356000-03:00,0.0,10.0,1,Dinheiro,BOLACHA_DE_MANTEIGA,1,10.0,EXPODIRETO,1,3,4,8,Manhã
287,1355,32.0,2026-03-13 08:59:29.629000-03:00,0.0,32.0,1,Pix,RAPADURA_DE_MELADO,1,7.0,EXPODIRETO,2,3,4,8,Manhã
288,1355,32.0,2026-03-13 08:59:29.629000-03:00,0.0,32.0,1,Pix,RAPADURA_ASSADA_(PACOTE_X6),6,25.0,EXPODIRETO,2,3,4,8,Manhã
289,932,32.0,2026-03-13 09:12:02.369000-03:00,0.0,32.0,1,Cartão,RAPADURA_DE_MELADO,1,7.0,EXPODIRETO,3,3,4,9,Manhã
290,932,32.0,2026-03-13 09:12:02.369000-03:00,0.0,32.0,1,Cartão,RAPADURA_ASSADA,1,5.0,EXPODIRETO,3,3,4,9,Manhã
291,932,32.0,2026-03-13 09:12:02.369000-03:00,0.0,32.0,1,Cartão,ALFAJOR_PRETO_(PACOTE_X4),4,20.0,EXPODIRETO,3,3,4,9,Manhã
292,1644,7.0,2026-03-13 09:12:44.592000-03:00,0.0,7.0,1,Dinheiro,RAPADURA_DE_MELADO,1,7.0,EXPODIRETO,1,3,4,9,Manhã
293,491,25.0,2026-03-13 09:17:51.091000-03:00,0.0,25.0,1,Dinheiro,RAPADURA_ASSADA_(PACOTE_X6),6,25.0,EXPODIRETO,1,3,4,9,Manhã
294,338,20.0,2026-03-13 09:36:32.886000-03:00,0.0,20.0,1,Cartão,ALFAJOR_PRETO_(PACOTE_X4),4,20.0,EXPODIRETO,1,3,4,9,Manhã
295,1006,80.0,2026-03-13 09:49:43.821000-03:00,0.0,80.0,1,Cartão,ALFAJOR_PRETO_(CAIXA_X16),16,80.0,EXPODIRETO,1,3,4,9,Manhã
296,805,7.0,2026-03-13 09:52:58.131000-03:00,0.0,7.0,1,Dinheiro,RAPADURA_DE_MELADO,1,7.0,EXPODIRETO,1,3,4,9,Manhã
297,2427,32.0,2026-03-13 09:53:52.377000-03:00,0.0,32.0,1,Cartão,RAPADURA_ASSADA_(PACOTE_X6),6,25.0,EXPODIRETO,2,3,4,9,Manhã
298,2427,32.0,2026-03-13 09:53:52.377000-03:00,0.0,32.0,1,Cartão,RAPADURA_DE_MELADO,1,7.0,EXPODIRETO,2,3,4,9,Manhã
299,1268,20.0,2026-03-13 09:54:30.451000-03:00,0.0,20.0,1,Cartão,BOLACHA_DE_MANTEIGA,2,10.0,EXPODIRETO,1,3,4,9,Manhã
300,1439,20.0,2026-03-13 09:55:55.331000-03:00,0.0,20.0,1,Dinheiro,ALFAJOR_PRETO_(PACOTE_X4),4,20.0,EXPODIRETO,1,3,4,9,Manhã
301,642,5.0,2026-03-13 09:58:22.539000-03:00,0.0,5.0,1,Cartão,RAPADURA_ASSADA,1,5.0,EXPODIRETO,1,3,4,9,Manhã
302,1753,8.0,2026-03-13 10:00:48.022000-03:00,0.0,8.0,1,Pix,CRI-CRI_200G,1,8.0,EXPODIRETO,1,3,4,10,Manhã
303,25,80.0,2026-03-13 10:24:03.269000-03:00,0.0,80.0,1,Cartão,ALFAJOR_PRETO_(CAIXA_X16),16,80.0,EXPODIRETO,1,3,4,10,Manhã
304,2204,31.0,2026-03-13 10:37:58.842000-03:00,0.0,31.0,1,Cartão,RAPADURA_ASSADA_(PACOTE_X6),6,25.0,EXPODIRETO,2,3,4,10,Manhã
305,2204,31.0,2026-03-13 10:37:58.842000-03:00,0.0,31.0,1,Cartão,ALFAJOR,1,6.0,EXPODIRETO,2,3,4,10,Manhã
306,1693,20.0,2026-03-13 10:47:45.042000-03:00,0.0,20.0,1,Pix,RAPADURA_DE_MELADO_(PACOTE_X3),3,20.0,EXPODIRETO,1,3,4,10,Manhã
307,79,10.0,2026-03-13 10:47:59.922000-03:00,0.0,10.0,1,Dinheiro,BOLACHA_DE_MILHO,1,10.0,EXPODIRETO,1,3,4,10,Manhã
308,1505,20.0,2026-03-13 11:00:32.277000-03:00,0.0,20.0,1,Cartão,ALFAJOR_PRETO_(PACOTE_X4),4,20.0,EXPODIRETO,1,3,4,11,Manhã
309,1112,7.0,2026-03-13 11:07:02.334000-03:00,0.0,7.0,1,Pix,RAPADURA_DE_MELADO,1,7.0,EXPODIRETO,1,3,4,11,Manhã
310,589,40.0,2026-03-13 11:59:28.316000-03:00,0.0,40.0,1,Cartão,ALFAJOR_PRETO_(PACOTE_X4),8,20.0,EXPODIRETO,1,3,4,11,Manhã
311,692,20.0,2026-03-13 12:22:26.381000-03:00,0.0,20.0,1,Dinheiro,BOLACHA_DE_MILHO,1,10.0,EXPODIRETO,2,3,4,12,Tarde
312,692,20.0,2026-03-13 12:22:26.381000-03:00,0.0,20.0,1,Dinheiro,BOLACHA_DE_MANTEIGA,1,10.0,EXPODIRETO,2,3,4,12,Tarde
313,819,5.0,2026-03-13 12:25:50.369000-03:00,0.0,5.0,1,Dinheiro,PÉ-DE-MOLEQUE,1,5.0,EXPODIRETO,1,3,4,12,Tarde
314,177,20.0,2026-03-13 12:46:54.279000-03:00,0.0,20.0,1,Pix,ALFAJOR_PRETO_(PACOTE_X4),4,20.0,EXPODIRETO,1,3,4,12,Tarde
315,769,20.0,2026-03-13 12:50:52.509000-03:00,0.0,20.0,1,Dinheiro,ALFAJOR_PRETO_(PACOTE_X4),4,20.0,EXPODIRETO,1,3,4,12,Tarde
316,88,20.0,2026-03-13 12:52:20.188000-03:00,0.0,20.0,1,Dinheiro,RAPADURA_DE_MELADO_(PACOTE_X3),3,20.0,EXPODIRETO,1,3,4,12,Tarde
317,725,20.0,2026-03-13 12:55:49.804000-03:00,0.0,20.0,1,Pix,ALFAJOR_PRETO_(PACOTE_X4),4,20.0,EXPODIRETO,1,3,4,12,Tarde
318,478,25.0,2026-03-13 13:07:24.963000-03:00,0.0,25.0,1,Cartão,ALFAJOR_PRETO_(PACOTE_X4),4,20.0,EXPODIRETO,2,3,4,13,Tarde
319,478,25.0,2026-03-13 13:07:24.963000-03:00,0.0,25.0,1,Cartão,RAPADURA_ASSADA,1,5.0,EXPODIRETO,2,3,4,13,Tarde
320,1422,45.0,2026-03-13 13:10:56.552000-03:00,0.0,45.0,1,Cartão,RAPADURA_DE_MELADO_(PACOTE_X3),3,20.0,EXPODIRETO,2,3,4,13,Tarde
321,1422,45.0,2026-03-13 13:10:56.552000-03:00,0.0,45.0,1,Cartão,RAPADURA_ASSADA_(PACOTE_X6),6,25.0,EXPODIRETO,2,3,4,13,Tarde
322,1225,25.0,2026-03-13 13:17:42.958000-03:00,0.0,25.0,1,Pix,RAPADURA_ASSADA_(PACOTE_X6),6,25.0,EXPODIRETO,1,3,4,13,Tarde
323,2014,25.0,2026-03-13 13:18:38.488000-03:00,0.0,25.0,1,Pix,RAPADURA_ASSADA_(PACOTE_X6),6,25.0,EXPODIRETO,1,3,4,13,Tarde
324,1265,20.0,2026-03-13 13:29:11.425000-03:00,0.0,20.0,1,Cartão,RAPADURA_DE_MELADO_(PACOTE_X3),3,20.0,EXPODIRETO,1,3,4,13,Tarde
325,1063,20.0,2026-03-13 13:31:44.850000-03:00,0.0,20.0,1,Cartão,ALFAJOR_PRETO_(PACOTE_X4),4,20.0,EXPODIRETO,1,3,4,13,Tarde
326,2360,20.0,2026-03-13 13:38:06.067000-03:00,0.0,20.0,1,Dinheiro,ALFAJOR_PRETO_(PACOTE_X4),4,20.0,EXPODIRETO,1,3,4,13,Tarde
327,871,20.0,2026-03-13 13:38:26.578000-03:00,0.0,20.0,1,Dinheiro,ALFAJOR_PRETO_(PACOTE_X4),4,20.0,EXPODIRETO,1,3,4,13,Tarde
328,1136,12.0,2026-03-13 13:39:39.934000-03:00,0.0,12.0,1,Cartão,PÉ-DE-MOLEQUE,1,5.0,EXPODIRETO,2,3,4,13,Tarde
329,1136,12.0,2026-03-13 13:39:39.934000-03:00,0.0,12.0,1,Cartão,RAPADURA_DE_MELADO,1,7.0,EXPODIRETO,2,3,4,13,Tarde
330,440,53.0,2026-03-13 13:50:07.320000-03:00,0.0,53.0,1,Dinheiro,RAPADURA_DE_MELADO_(PACOTE_X3),3,20.0,EXPODIRETO,3,3,4,13,Tarde
331,440,53.0,2026-03-13 13:50:07.320000-03:00,0.0,53.0,1,Dinheiro,AMENDOIM_SALGADO_E_TEMPERADO,1,8.0,EXPODIRETO,3,3,4,13,Tarde
332,440,53.0,2026-03-13 13:50:07.320000-03:00,0.0,53.0,1,Dinheiro,RAPADURA_ASSADA_(PACOTE_X6),6,25.0,EXPODIRETO,3,3,4,13,Tarde
333,2366,35.0,2026-03-13 13:55:25.159000-03:00,0.0,35.0,1,Dinheiro,RAPADURA_ASSADA_(PACOTE_X6),6,25.0,EXPODIRETO,2,3,4,13,Tarde
334,2366,35.0,2026-03-13 13:55:25.159000-03:00,0.0,35.0,1,Dinheiro,PÉ-DE-MOLEQUE,2,5.0,EXPODIRETO,2,3,4,13,Tarde
335,2068,25.0,2026-03-13 13:57:20.979000-03:00,0.0,25.0,1,Cartão,RAPADURA_ASSADA_(PACOTE_X6),6,25.0,EXPODIRETO,1,3,4,13,Tarde
336,2072,53.0,2026-03-13 13:58:29.507000-03:00,0.0,53.0,1,Cartão,RAPADURA_ASSADA_(PACOTE_X6),6,25.0,EXPODIRETO,3,3,4,13,Tarde
337,2072,53.0,2026-03-13 13:58:29.507000-03:00,0.0,53.0,1,Cartão,RAPADURA_DE_MELADO_(PACOTE_X3),3,20.0,EXPODIRETO,3,3,4,13,Tarde
338,2072,53.0,2026-03-13 13:58:29.507000-03:00,0.0,53.0,1,Cartão,CRI-CRI_200G,1,8.0,EXPODIRETO,3,3,4,13,Tarde
339,2336,5.0,2026-03-27 14:21:52.013000-03:00,0.0,5.0,1,Dinheiro,PÉ-DE-MOLEQUE,1,5.0,EXPO_AFUBRA,1,3,4,14,Tarde
340,1415,25.0,2026-03-27 14:44:11.463000-03:00,0.0,25.0,1,Pix,RAPADURA_ASSADA_(PACOTE_X6),6,4.166666666666667,EXPO_AFUBRA,1,3,4,14,Tarde
341,1353,20.0,2026-03-27 14:57:26.171000-03:00,0.0,20.0,1,Dinheiro,RAPADURA_DE_MELADO_(PACOTE_X3),3,6.666666666666667,EXPO_AFUBRA,1,3,4,14,Tarde
342,1552,7.0,2026-03-27 14:59:12.679000-03:00,0.0,7.0,1,Dinheiro,RAPADURA_DE_MELADO,1,7.0,EXPO_AFUBRA,1,3,4,14,Tarde
343,1962,8.0,2026-03-27 15:06:02.527000-03:00,0.0,8.0,1,Dinheiro,CRI-CRI_200G,1,8.0,EXPO_AFUBRA,1,3,4,15,Tarde
344,768,8.0,2026-03-27 15:06:41.999000-03:00,0.0,8.0,1,Dinheiro,CRI-CRI_200G,1,8.0,EXPO_AFUBRA,1,3,4,15,Tarde
345,2372,20.0,2026-03-27 15:12:51.819000-03:00,0.0,20.0,1,Dinheiro,RAPADURA_DE_MELADO_(PACOTE_X3),3,6.666666666666667,EXPO_AFUBRA,1,3,4,15,Tarde
346,1336,20.0,2026-03-27 15:21:39.051000-03:00,0.0,20.0,1,Pix,RAPADURA_DE_MELADO_(PACOTE_X3),3,6.666666666666667,EXPO_AFUBRA,1,3,4,15,Tarde
347,1199,20.0,2026-03-27 15:28:40.653000-03:00,0.0,20.0,1,Cartão,RAPADURA_DE_MELADO_(PACOTE_X3),3,6.666666666666667,EXPO_AFUBRA,1,3,4,15,Tarde
348,1650,13.0,2026-03-27 15:31:53.106000-03:00,0.0,13.0,1,Dinheiro,CRI-CRI_200G,1,8.0,EXPO_AFUBRA,2,3,4,15,Tarde
349,1650,13.0,2026-03-27 15:31:53.106000-03:00,0.0,13.0,1,Dinheiro,RAPADURA_ASSADA,1,5.0,EXPO_AFUBRA,2,3,4,15,Tarde
350,622,5.0,2026-03-27 15:38:35.783000-03:00,0.0,5.0,1,Pix,RAPADURA_ASSADA,1,5.0,EXPO_AFUBRA,1,3,4,15,Tarde
351,721,20.0,2026-03-27 15:41:54.927000-03:00,0.0,20.0,1,Cartão,RAPADURA_DE_MELADO_(PACOTE_X3),3,6.666666666666667,EXPO_AFUBRA,1,3,4,15,Tarde
352,944,7.0,2026-03-27 15:49:35.491000-03:00,0.0,7.0,1,Pix,RAPADURA_DE_MELADO,1,7.0,EXPO_AFUBRA,1,3,4,15,Tarde
353,1546,20.0,2026-03-27 15:58:18.276000-03:00,0.0,20.0,1,Dinheiro,RAPADURA_DE_MELADO_(PACOTE_X3),3,6.666666666666667,EXPO_AFUBRA,1,3,4,15,Tarde
354,1577,17.0,2026-03-27 15:58:44.937000-03:00,0.0,17.0,1,Pix,BOLACHA_DE_MANTEIGA,1,10.0,EXPO_AFUBRA,2,3,4,15,Tarde
355,1577,17.0,2026-03-27 15:58:44.937000-03:00,0.0,17.0,1,Pix,RAPADURA_DE_MELADO,1,7.0,EXPO_AFUBRA,2,3,4,15,Tarde
356,1217,25.0,2026-03-27 16:10:04.306000-03:00,0.0,25.0,1,Dinheiro,RAPADURA_ASSADA_(PACOTE_X6),6,4.166666666666667,EXPO_AFUBRA,1,3,4,16,Tarde
357,403,5.0,2026-03-27 16:12:00.206000-03:00,0.0,5.0,1,Dinheiro,RAPADURA_ASSADA,1,5.0,EXPO_AFUBRA,1,3,4,16,Tarde
358,1887,20.0,2026-03-27 16:33:20.963000-03:00,0.0,20.0,1,Dinheiro,RAPADURA_ASSADA,4,5.0,EXPO_AFUBRA,1,3,4,16,Tarde
359,828,7.0,2026-03-27 16:35:42.558000-03:00,0.0,7.0,1,Cartão,RAPADURA_DE_MELADO,1,7.0,EXPO_AFUBRA,1,3,4,16,Tarde
360,2423,7.0,2026-03-27 16:38:01.133000-03:00,0.0,7.0,1,Dinheiro,RAPADURA_DE_MELADO,1,7.0,EXPO_AFUBRA,1,3,4,16,Tarde
361,1170,5.0,2026-03-27 16:39:28.600000-03:00,2.0,7.0,1,Dinheiro,RAPADURA_DE_MELADO,1,7.0,EXPO_AFUBRA,1,3,4,16,Tarde
362,2235,7.0,2026-03-27 16:50:30.852000-03:00,0.0,7.0,1,Dinheiro,RAPADURA_DE_MELADO,1,7.0,EXPO_AFUBRA,1,3,4,16,Tarde
363,1787,25.0,2026-03-27 16:58:08.617000-03:00,0.0,25.0,1,Dinheiro,RAPADURA_ASSADA_(PACOTE_X6),6,4.166666666666667,EXPO_AFUBRA,1,3,4,16,Tarde
364,579,7.0,2026-03-27 17:06:28.474000-03:00,0.0,7.0,1,Dinheiro,RAPADURA_DE_MELADO,1,7.0,EXPO_AFUBRA,1,3,4,17,Tarde
365,2415,10.0,2026-03-27 17:11:18.785000-03:00,0.0,10.0,1,Pix,RAPADURA_ASSADA,2,5.0,EXPO_AFUBRA,1,3,4,17,Tarde
366,453,20.0,2026-03-27 17:40:04.955000-03:00,0.0,20.0,1,Dinheiro,RAPADURA_DE_MELADO_(PACOTE_X3),3,6.666666666666667,EXPO_AFUBRA,1,3,4,17,Tarde
367,2448,25.0,2026-03-27 17:49:25.604000-03:00,0.0,25.0,1,Cartão,RAPADURA_ASSADA_(PACOTE_X6),6,4.166666666666667,EXPO_AFUBRA,1,3,4,17,Tarde
368,629,6.0,2026-03-13 14:03:10.294000-03:00,0.0,6.0,1,Cartão,ALFAJOR,1,6.0,EXPODIRETO,1,3,4,14,Tarde
369,2363,20.0,2026-03-13 14:10:32.440000-03:00,0.0,20.0,1,Dinheiro,RAPADURA_DE_MELADO_(PACOTE_X3),3,20.0,EXPODIRETO,1,3,4,14,Tarde
370,886,20.0,2026-03-13 14:13:04.640000-03:00,0.0,20.0,1,Pix,ALFAJOR_PRETO_(PACOTE_X4),4,20.0,EXPODIRETO,1,3,4,14,Tarde
371,1327,10.0,2026-03-13 14:16:32.063000-03:00,0.0,10.0,1,Dinheiro,BOLACHA_DE_MANTEIGA,1,10.0,EXPODIRETO,1,3,4,14,Tarde
372,1184,25.0,2026-03-13 14:20:36.694000-03:00,0.0,25.0,1,Cartão,RAPADURA_ASSADA_(PACOTE_X6),6,25.0,EXPODIRETO,1,3,4,14,Tarde
373,651,40.0,2026-03-13 14:23:30.066000-03:00,0.0,40.0,1,Pix,ALFAJOR_PRETO_(PACOTE_X4),8,20.0,EXPODIRETO,1,3,4,14,Tarde
374,1491,25.0,2026-03-13 14:24:22.120000-03:00,0.0,25.0,1,Cartão,RAPADURA_ASSADA_(PACOTE_X6),6,25.0,EXPODIRETO,1,3,4,14,Tarde
375,1960,20.0,2026-03-13 14:27:50.485000-03:00,0.0,20.0,1,Dinheiro,ALFAJOR_PRETO_(PACOTE_X4),4,20.0,EXPODIRETO,1,3,4,14,Tarde
376,1109,7.0,2026-03-13 14:40:30.710000-03:00,0.0,7.0,1,Dinheiro,RAPADURA_DE_MELADO,1,7.0,EXPODIRETO,1,3,4,14,Tarde
377,619,35.0,2026-03-13 14:50:01.966000-03:00,2.0,37.0,1,Dinheiro,ALFAJOR,2,6.0,EXPODIRETO,3,3,4,14,Tarde
378,619,35.0,2026-03-13 14:50:01.966000-03:00,2.0,37.0,1,Dinheiro,ALFAJOR_PRETO_(PACOTE_X4),4,20.0,EXPODIRETO,3,3,4,14,Tarde
379,619,35.0,2026-03-13 14:50:01.966000-03:00,2.0,37.0,1,Dinheiro,RAPADURA_ASSADA,1,5.0,EXPODIRETO,3,3,4,14,Tarde
380,1649,20.0,2026-03-13 14:55:37.146000-03:00,0.0,20.0,1,Dinheiro,ALFAJOR_PRETO_(PACOTE_X4),4,20.0,EXPODIRETO,1,3,4,14,Tarde
381,573,30.0,2026-03-13 15:21:15.783000-03:00,0.0,30.0,1,Dinheiro,BOLACHA_DE_MANTEIGA,1,10.0,EXPODIRETO,2,3,4,15,Tarde
382,573,30.0,2026-03-13 15:21:15.783000-03:00,0.0,30.0,1,Dinheiro,RAPADURA_DE_MELADO_(PACOTE_X3),3,20.0,EXPODIRETO,2,3,4,15,Tarde
383,1262,6.0,2026-03-13 15:31:02.160000-03:00,0.0,6.0,1,Cartão,ALFAJOR,1,6.0,EXPODIRETO,1,3,4,15,Tarde
384,233,72.0,2026-03-13 15:32:14.650000-03:00,0.0,72.0,1,Dinheiro,RAPADURA_ASSADA_(PACOTE_X6),12,25.0,EXPODIRETO,3,3,4,15,Tarde
385,233,72.0,2026-03-13 15:32:14.650000-03:00,0.0,72.0,1,Dinheiro,AMENDOIM_SALGADO_E_TEMPERADO,1,8.0,EXPODIRETO,3,3,4,15,Tarde
386,233,72.0,2026-03-13 15:32:14.650000-03:00,0.0,72.0,1,Dinheiro,RAPADURA_DE_MELADO,2,7.0,EXPODIRETO,3,3,4,15,Tarde
387,1631,25.0,2026-03-13 15:34:58.334000-03:00,0.0,25.0,1,Cartão,RAPADURA_ASSADA_(PACOTE_X6),6,25.0,EXPODIRETO,1,3,4,15,Tarde
388,1258,25.0,2026-03-13 15:39:29.145000-03:00,0.0,25.0,1,Cartão,RAPADURA_ASSADA_(PACOTE_X6),6,25.0,EXPODIRETO,1,3,4,15,Tarde
389,2064,6.0,2026-03-13 15:39:45.607000-03:00,0.0,6.0,1,Cartão,ALFAJOR,1,6.0,EXPODIRETO,1,3,4,15,Tarde
390,1630,20.0,2026-03-13 15:42:04.131000-03:00,0.0,20.0,1,Cartão,ALFAJOR_PRETO_(PACOTE_X4),4,20.0,EXPODIRETO,1,3,4,15,Tarde
391,1550,20.0,2026-03-13 15:43:06.447000-03:00,0.0,20.0,1,Dinheiro,PÉ-DE-MOLEQUE,4,5.0,EXPODIRETO,1,3,4,15,Tarde
392,960,31.0,2026-03-13 15:43:13.669000-03:00,0.0,31.0,1,Pix,ALFAJOR,1,6.0,EXPODIRETO,2,3,4,15,Tarde
393,960,31.0,2026-03-13 15:43:13.669000-03:00,0.0,31.0,1,Pix,RAPADURA_ASSADA_(PACOTE_X6),6,25.0,EXPODIRETO,2,3,4,15,Tarde
394,2000,10.0,2026-03-13 15:49:54.059000-03:00,0.0,10.0,1,Dinheiro,BOLACHA_DE_MILHO,1,10.0,EXPODIRETO,1,3,4,15,Tarde
395,2011,10.0,2026-03-13 15:50:05.190000-03:00,0.0,10.0,1,Cartão,BOLACHA_DE_MILHO,1,10.0,EXPODIRETO,1,3,4,15,Tarde
396,2214,15.0,2026-03-13 15:51:23.050000-03:00,0.0,15.0,1,Dinheiro,RAPADURA_ASSADA,3,5.0,EXPODIRETO,1,3,4,15,Tarde
397,2315,20.0,2026-03-13 16:10:01.215000-03:00,0.0,20.0,1,Cartão,ALFAJOR_PRETO_(PACOTE_X4),4,20.0,EXPODIRETO,1,3,4,16,Tarde
398,1562,15.0,2026-03-13 16:11:27.718000-03:00,0.0,15.0,1,Dinheiro,RAPADURA_ASSADA,3,5.0,EXPODIRETO,1,3,4,16,Tarde
399,1307,27.0,2026-03-13 16:14:54.778000-03:00,0.0,27.0,1,Cartão,ALFAJOR_PRETO_(PACOTE_X4),4,20.0,EXPODIRETO,2,3,4,16,Tarde
400,1307,27.0,2026-03-13 16:14:54.778000-03:00,0.0,27.0,1,Cartão,RAPADURA_DE_MELADO,1,7.0,EXPODIRETO,2,3,4,16,Tarde
401,2386,10.0,2026-03-13 16:24:02.049000-03:00,0.0,10.0,1,Dinheiro,PÉ-DE-MOLEQUE,1,5.0,EXPODIRETO,2,3,4,16,Tarde
402,2386,10.0,2026-03-13 16:24:02.049000-03:00,0.0,10.0,1,Dinheiro,RAPADURA_ASSADA,1,5.0,EXPODIRETO,2,3,4,16,Tarde
403,4,12.0,2026-03-13 16:28:21.201000-03:00,0.0,12.0,1,Dinheiro,ALFAJOR,2,6.0,EXPODIRETO,1,3,4,16,Tarde
404,1034,5.0,2026-03-13 16:31:20.110000-03:00,0.0,5.0,1,Cartão,RAPADURA_ASSADA,1,5.0,EXPODIRETO,1,3,4,16,Tarde
405,846,26.0,2026-03-13 16:35:15.450000-03:00,0.0,26.0,1,Cartão,BOLACHA_DE_MANTEIGA,1,10.0,EXPODIRETO,3,3,4,16,Tarde
406,846,26.0,2026-03-13 16:35:15.450000-03:00,0.0,26.0,1,Cartão,BOLACHA_DE_MILHO,1,10.0,EXPODIRETO,3,3,4,16,Tarde
407,846,26.0,2026-03-13 16:35:15.450000-03:00,0.0,26.0,1,Cartão,ALFAJOR,1,6.0,EXPODIRETO,3,3,4,16,Tarde
408,1580,13.0,2026-03-13 16:36:51.294000-03:00,2.0,15.0,1,Pix,PÉ-DE-MOLEQUE,3,5.0,EXPODIRETO,1,3,4,16,Tarde
409,1672,6.0,2026-03-13 16:38:24.002000-03:00,0.0,6.0,1,Pix,ALFAJOR,1,6.0,EXPODIRETO,1,3,4,16,Tarde
410,1808,20.0,2026-03-13 16:42:33.340000-03:00,0.0,20.0,1,Dinheiro,RAPADURA_DE_MELADO_(PACOTE_X3),3,20.0,EXPODIRETO,1,3,4,16,Tarde
411,1586,20.0,2026-03-13 16:43:45.402000-03:00,0.0,20.0,1,Dinheiro,RAPADURA_DE_MELADO_(PACOTE_X3),3,20.0,EXPODIRETO,1,3,4,16,Tarde
412,200,55.0,2026-03-13 16:45:14.903000-03:00,2.0,57.0,1,Pix,RAPADURA_ASSADA_(PACOTE_X6),6,25.0,EXPODIRETO,3,3,4,16,Tarde
413,200,55.0,2026-03-13 16:45:14.903000-03:00,2.0,57.0,1,Pix,ALFAJOR_PRETO_(PACOTE_X4),4,20.0,EXPODIRETO,3,3,4,16,Tarde
414,200,55.0,2026-03-13 16:45:14.903000-03:00,2.0,57.0,1,Pix,ALFAJOR,2,6.0,EXPODIRETO,3,3,4,16,Tarde
415,2040,8.0,2026-03-13 16:46:34.043000-03:00,0.0,8.0,1,Dinheiro,CRI-CRI_200G,1,8.0,EXPODIRETO,1,3,4,16,Tarde
416,184,10.0,2026-03-13 16:53:57.447000-03:00,0.0,10.0,1,Dinheiro,PÉ-DE-MOLEQUE,2,5.0,EXPODIRETO,1,3,4,16,Tarde
417,1799,20.0,2026-03-13 16:55:53.527000-03:00,0.0,20.0,1,Cartão,ALFAJOR_PRETO_(PACOTE_X4),4,20.0,EXPODIRETO,1,3,4,16,Tarde
418,489,25.0,2026-03-13 16:57:36.023000-03:00,0.0,25.0,1,Dinheiro,RAPADURA_ASSADA_(PACOTE_X6),6,25.0,EXPODIRETO,1,3,4,16,Tarde
419,2218,10.0,2026-03-13 16:58:09.624000-03:00,0.0,10.0,1,Dinheiro,BOLACHA_DE_MANTEIGA,1,10.0,EXPODIRETO,1,3,4,16,Tarde
420,436,20.0,2026-03-13 16:58:54.801000-03:00,0.0,20.0,1,Dinheiro,RAPADURA_DE_MELADO_(PACOTE_X3),3,20.0,EXPODIRETO,1,3,4,16,Tarde
421,240,20.0,2026-03-13 17:03:37.284000-03:00,0.0,20.0,1,Dinheiro,RAPADURA_DE_MELADO_(PACOTE_X3),3,20.0,EXPODIRETO,1,3,4,17,Tarde
422,2354,70.0,2026-03-13 17:12:23.402000-03:00,0.0,70.0,1,Pix,ALFAJOR_PRETO_(PACOTE_X4),4,20.0,EXPODIRETO,2,3,4,17,Tarde
423,2354,70.0,2026-03-13 17:12:23.402000-03:00,0.0,70.0,1,Pix,RAPADURA_ASSADA_(PACOTE_X6),12,25.0,EXPODIRETO,2,3,4,17,Tarde
424,1712,8.0,2026-03-13 17:12:37.882000-03:00,0.0,8.0,1,Dinheiro,CRI-CRI_200G,1,8.0,EXPODIRETO,1,3,4,17,Tarde
425,1743,8.0,2026-03-13 17:13:36.359000-03:00,0.0,8.0,1,Cartão,CRI-CRI_200G,1,8.0,EXPODIRETO,1,3,4,17,Tarde
426,39,10.0,2026-03-13 17:14:50.313000-03:00,0.0,10.0,1,Dinheiro,BOLACHA_DE_MANTEIGA,1,10.0,EXPODIRETO,1,3,4,17,Tarde
427,2141,25.0,2026-03-13 17:15:15.656000-03:00,0.0,25.0,1,Cartão,RAPADURA_ASSADA_(PACOTE_X6),6,25.0,EXPODIRETO,1,3,4,17,Tarde
428,216,20.0,2026-03-13 17:18:11.233000-03:00,0.0,20.0,1,Pix,RAPADURA_DE_MELADO_(PACOTE_X3),3,20.0,EXPODIRETO,1,3,4,17,Tarde
429,900,12.0,2026-03-13 17:20:02.399000-03:00,0.0,12.0,1,Dinheiro,RAPADURA_ASSADA,1,5.0,EXPODIRETO,2,3,4,17,Tarde
430,900,12.0,2026-03-13 17:20:02.399000-03:00,0.0,12.0,1,Dinheiro,RAPADURA_DE_MELADO,1,7.0,EXPODIRETO,2,3,4,17,Tarde
431,1487,20.0,2026-03-13 17:23:16.121000-03:00,0.0,20.0,1,Dinheiro,RAPADURA_DE_MELADO_(PACOTE_X3),3,20.0,EXPODIRETO,1,3,4,17,Tarde
432,2229,20.0,2026-03-13 17:25:10.710000-03:00,0.0,20.0,1,Dinheiro,RAPADURA_DE_MELADO_(PACOTE_X3),3,20.0,EXPODIRETO,1,3,4,17,Tarde
433,1121,15.0,2026-03-13 17:27:00.894000-03:00,0.0,15.0,1,Pix,RAPADURA_DE_MELADO,1,7.0,EXPODIRETO,2,3,4,17,Tarde
434,1121,15.0,2026-03-13 17:27:00.894000-03:00,0.0,15.0,1,Pix,CRI-CRI_200G,1,8.0,EXPODIRETO,2,3,4,17,Tarde
435,1965,25.0,2026-03-13 17:53:27.713000-03:00,0.0,25.0,1,Dinheiro,RAPADURA_ASSADA_(PACOTE_X6),6,25.0,EXPODIRETO,1,3,4,17,Tarde
436,640,20.0,2026-03-19 15:07:58.232000-03:00,0.0,20.0,1,Dinheiro,ALFAJOR_PRETO_(PACOTE_X4),4,5.0,EXPORESTINGA,1,3,3,15,Tarde
437,1356,20.0,2026-03-19 16:42:58.102000-03:00,0.0,20.0,1,Dinheiro,ALFAJOR_PRETO_(PACOTE_X4),4,5.0,EXPORESTINGA,1,3,3,16,Tarde
438,824,6.0,2026-03-19 17:14:56.807000-03:00,0.0,6.0,1,Pix,ALFAJOR,1,6.0,EXPORESTINGA,1,3,3,17,Tarde
439,1927,7.0,2026-03-19 17:45:03.140000-03:00,0.0,7.0,1,Dinheiro,RAPADURA_DE_MELADO,1,7.0,EXPORESTINGA,1,3,3,17,Tarde
440,1551,5.0,2026-03-19 18:01:36.832000-03:00,0.0,5.0,1,Pix,PÉ-DE-MOLEQUE,1,5.0,EXPORESTINGA,1,3,3,18,Noite
441,126,20.0,2026-03-19 18:15:04.981000-03:00,0.0,20.0,1,Dinheiro,RAPADURA_DE_MELADO_(PACOTE_X3),3,6.666666666666667,EXPORESTINGA,1,3,3,18,Noite
442,586,6.0,2026-03-19 19:48:11.861000-03:00,0.0,6.0,1,Dinheiro,ALFAJOR,1,6.0,EXPORESTINGA,1,3,3,19,Noite
443,2074,7.0,2026-03-19 19:50:14.917000-03:00,0.0,7.0,1,Dinheiro,RAPADURA_DE_MELADO,1,7.0,EXPORESTINGA,1,3,3,19,Noite
444,893,8.0,2026-03-19 20:03:17.877000-03:00,0.0,8.0,1,Pix,AMENDOIM_SALGADO_E_TEMPERADO,1,8.0,EXPORESTINGA,1,3,3,20,Noite
445,362,75.0,2026-03-19 20:13:04.435000-03:00,5.0,80.0,1,Cartão,ALFAJOR_PRETO_(CAIXA_X16),16,5.0,EXPORESTINGA,1,3,3,20,Noite
446,1790,5.0,2026-03-19 21:02:04.068000-03:00,0.0,5.0,1,Dinheiro,RAPADURA_ASSADA,1,5.0,EXPORESTINGA,1,3,3,21,Noite
447,59,20.0,2026-03-19 21:35:05.481000-03:00,0.0,20.0,1,Dinheiro,RAPADURA_DE_MELADO_(PACOTE_X3),3,6.666666666666667,EXPORESTINGA,1,3,3,21,Noite
448,1561,7.0,2026-03-20 11:09:08.399000-03:00,0.0,7.0,1,Dinheiro,RAPADURA_DE_MELADO,1,7.0,EXPORESTINGA,1,3,4,11,Manhã
449,175,5.0,2026-03-20 11:18:41.008000-03:00,2.0,7.0,1,Dinheiro,RAPADURA_DE_MELADO,1,7.0,EXPORESTINGA,1,3,4,11,Manhã
450,462,5.0,2026-03-20 11:25:58.055000-03:00,0.0,5.0,1,Dinheiro,RAPADURA_ASSADA,1,5.0,EXPORESTINGA,1,3,4,11,Manhã
451,1293,16.0,2026-03-20 12:16:27.701000-03:00,0.0,16.0,1,Cartão,AMENDOIM_SALGADO_E_TEMPERADO,1,8.0,EXPORESTINGA,2,3,4,12,Tarde
452,1293,16.0,2026-03-20 12:16:27.701000-03:00,0.0,16.0,1,Cartão,CRI-CRI_200G,1,8.0,EXPORESTINGA,2,3,4,12,Tarde
453,1191,8.0,2026-03-20 12:53:22.182000-03:00,0.0,8.0,1,Dinheiro,AMENDOIM_SALGADO_E_TEMPERADO,1,8.0,EXPORESTINGA,1,3,4,12,Tarde
454,1935,8.0,2026-03-20 12:59:25.163000-03:00,0.0,8.0,1,Dinheiro,AMENDOIM_SALGADO_E_TEMPERADO,1,8.0,EXPORESTINGA,1,3,4,12,Tarde
455,984,25.0,2026-03-20 13:55:13.981000-03:00,0.0,25.0,1,Dinheiro,CUCA_ALEMÃ,1,25.0,EXPORESTINGA,1,3,4,13,Tarde
456,570,5.0,2026-03-20 14:19:31.525000-03:00,0.0,5.0,1,Pix,RAPADURA_ASSADA,1,5.0,EXPORESTINGA,1,3,4,14,Tarde
457,1725,15.0,2026-03-20 14:28:10.953000-03:00,0.0,15.0,1,Dinheiro,CUCA_ENROLADA,1,15.0,EXPORESTINGA,1,3,4,14,Tarde
458,1155,28.0,2026-03-20 14:36:33.252000-03:00,0.0,28.0,1,Cartão,RAPADURA_DE_MELADO_(PACOTE_X3),3,6.666666666666667,EXPORESTINGA,2,3,4,14,Tarde
459,1155,28.0,2026-03-20 14:36:33.252000-03:00,0.0,28.0,1,Cartão,AMENDOIM_SALGADO_E_TEMPERADO,1,8.0,EXPORESTINGA,2,3,4,14,Tarde
460,2165,8.0,2026-03-20 14:36:50.922000-03:00,0.0,8.0,1,Dinheiro,AMENDOIM_SALGADO_E_TEMPERADO,1,8.0,EXPORESTINGA,1,3,4,14,Tarde
461,862,25.0,2026-03-20 14:43:33.866000-03:00,0.0,25.0,1,Dinheiro,CUCA_ALEMÃ,1,25.0,EXPORESTINGA,1,3,4,14,Tarde
462,1756,22.0,2026-03-20 14:48:06.802000-03:00,0.0,22.0,1,Dinheiro,ALFAJOR,2,6.0,EXPORESTINGA,2,3,4,14,Tarde
463,1756,22.0,2026-03-20 14:48:06.802000-03:00,0.0,22.0,1,Dinheiro,BOLACHA_DE_MANTEIGA,1,10.0,EXPORESTINGA,2,3,4,14,Tarde
464,817,40.0,2026-03-20 15:30:09.696000-03:00,0.0,40.0,1,Dinheiro,CUCA_ENROLADA,1,15.0,EXPORESTINGA,2,3,4,15,Tarde
465,817,40.0,2026-03-20 15:30:09.696000-03:00,0.0,40.0,1,Dinheiro,CUCA_ALEMÃ,1,25.0,EXPORESTINGA,2,3,4,15,Tarde
466,2342,25.0,2026-03-20 16:12:25.326000-03:00,0.0,25.0,1,Cartão,CUCA_ALEMÃ,1,25.0,EXPORESTINGA,1,3,4,16,Tarde
467,1329,7.0,2026-03-20 16:27:39.949000-03:00,0.0,7.0,1,Dinheiro,RAPADURA_DE_MELADO,1,7.0,EXPORESTINGA,1,3,4,16,Tarde
468,1060,25.0,2026-03-20 17:17:02.754000-03:00,0.0,25.0,1,Dinheiro,CUCA_ALEMÃ,1,25.0,EXPORESTINGA,1,3,4,17,Tarde
469,1282,15.0,2026-03-20 17:30:14.849000-03:00,0.0,15.0,1,Dinheiro,CUCA_ENROLADA,1,15.0,EXPORESTINGA,1,3,4,17,Tarde
470,1346,25.0,2026-03-20 17:33:26.684000-03:00,0.0,25.0,1,Pix,CUCA_ALEMÃ,1,25.0,EXPORESTINGA,1,3,4,17,Tarde
471,2442,25.0,2026-03-20 17:36:22.348000-03:00,0.0,25.0,1,Dinheiro,CUCA_ALEMÃ,1,25.0,EXPORESTINGA,1,3,4,17,Tarde
472,1796,33.0,2026-03-20 17:49:16.655000-03:00,0.0,33.0,1,Cartão,ALFAJOR,3,6.0,EXPORESTINGA,2,3,4,17,Tarde
473,1796,33.0,2026-03-20 17:49:16.655000-03:00,0.0,33.0,1,Cartão,RAPADURA_ASSADA,3,5.0,EXPORESTINGA,2,3,4,17,Tarde
474,868,25.0,2026-03-20 17:49:30.244000-03:00,0.0,25.0,1,Cartão,CUCA_ALEMÃ,1,25.0,EXPORESTINGA,1,3,4,17,Tarde
475,414,45.0,2026-03-20 17:52:02.987000-03:00,0.0,45.0,1,Pix,ALFAJOR_PRETO_(PACOTE_X4),4,5.0,EXPORESTINGA,2,3,4,17,Tarde
476,414,45.0,2026-03-20 17:52:02.987000-03:00,0.0,45.0,1,Pix,RAPADURA_ASSADA_(PACOTE_X6),6,4.166666666666667,EXPORESTINGA,2,3,4,17,Tarde
477,148,25.0,2026-03-20 18:00:08.902000-03:00,0.0,25.0,1,Pix,CUCA_ALEMÃ,1,25.0,EXPORESTINGA,1,3,4,18,Noite
478,1845,7.0,2026-03-20 18:28:15.996000-03:00,0.0,7.0,1,Dinheiro,RAPADURA_DE_MELADO,1,7.0,EXPORESTINGA,1,3,4,18,Noite
479,2431,1.0,2026-03-20 18:35:26.519000-03:00,4.0,5.0,1,Pix,PÉ-DE-MOLEQUE,1,5.0,EXPORESTINGA,1,3,4,18,Noite
480,600,25.0,2026-03-20 19:05:38.224000-03:00,0.0,25.0,1,Cartão,CUCA_ALEMÃ,1,25.0,EXPORESTINGA,1,3,4,19,Noite
481,423,48.0,2026-03-20 19:40:37.207000-03:00,0.0,48.0,1,Dinheiro,RAPADURA_ASSADA_(PACOTE_X6),6,4.166666666666667,EXPORESTINGA,3,3,4,19,Noite
482,423,48.0,2026-03-20 19:40:37.207000-03:00,0.0,48.0,1,Dinheiro,CRI-CRI_200G,1,8.0,EXPORESTINGA,3,3,4,19,Noite
483,423,48.0,2026-03-20 19:40:37.207000-03:00,0.0,48.0,1,Dinheiro,CUCA_ENROLADA,1,15.0,EXPORESTINGA,3,3,4,19,Noite
484,2270,60.0,2026-03-20 19:50:52.529000-03:00,0.0,60.0,1,Pix,RAPADURA_DE_MELADO_(PACOTE_X3),9,6.666666666666667,EXPORESTINGA,1,3,4,19,Noite
485,2377,75.0,2026-03-20 19:56:14.210000-03:00,0.0,75.0,1,Pix,CUCA_ALEMÃ,2,25.0,EXPORESTINGA,2,3,4,19,Noite
486,2377,75.0,2026-03-20 19:56:14.210000-03:00,0.0,75.0,1,Pix,RAPADURA_ASSADA_(PACOTE_X6),6,4.166666666666667,EXPORESTINGA,2,3,4,19,Noite
487,2162,10.0,2026-03-20 20:36:58.564000-03:00,0.0,10.0,1,Dinheiro,BOLACHA_DE_MANTEIGA,1,10.0,EXPORESTINGA,1,3,4,20,Noite
488,2286,40.0,2026-03-20 20:54:07.448000-03:00,0.0,40.0,1,Dinheiro,CUCA_ENROLADA,1,15.0,EXPORESTINGA,2,3,4,20,Noite
489,2286,40.0,2026-03-20 20:54:07.448000-03:00,0.0,40.0,1,Dinheiro,CUCA_ALEMÃ,1,25.0,EXPORESTINGA,2,3,4,20,Noite
490,250,25.0,2026-03-20 21:07:35.711000-03:00,0.0,25.0,1,Cartão,CUCA_ALEMÃ,1,25.0,EXPORESTINGA,1,3,4,21,Noite
491,334,6.0,2026-03-20 21:14:18.279000-03:00,0.0,6.0,1,Dinheiro,ALFAJOR,1,6.0,EXPORESTINGA,1,3,4,21,Noite
492,787,25.0,2026-03-20 21:16:10.847000-03:00,0.0,25.0,1,Dinheiro,CUCA_ALEMÃ,1,25.0,EXPORESTINGA,1,3,4,21,Noite
493,305,25.0,2026-03-20 21:52:36.418000-03:00,0.0,25.0,1,Dinheiro,CUCA_ALEMÃ,1,25.0,EXPORESTINGA,1,3,4,21,Noite
494,1777,32.0,2026-03-21 11:08:21.633000-03:00,1.0,33.0,1,Dinheiro,CUCA_ALEMÃ,1,25.0,EXPORESTINGA,2,3,5,11,Manhã
495,1777,32.0,2026-03-21 11:08:21.633000-03:00,1.0,33.0,1,Dinheiro,CRI-CRI_200G,1,8.0,EXPORESTINGA,2,3,5,11,Manhã
496,904,15.0,2026-03-21 11:11:11.544000-03:00,0.0,15.0,1,Dinheiro,AMENDOIM_SALGADO_E_TEMPERADO,1,8.0,EXPORESTINGA,2,3,5,11,Manhã
497,904,15.0,2026-03-21 11:11:11.544000-03:00,0.0,15.0,1,Dinheiro,RAPADURA_DE_MELADO,1,7.0,EXPORESTINGA,2,3,5,11,Manhã
498,2417,30.0,2026-03-21 11:11:27.216000-03:00,0.0,30.0,1,Cartão,CUCA_ENROLADA,2,15.0,EXPORESTINGA,1,3,5,11,Manhã
499,1875,15.0,2026-03-21 11:38:24.242000-03:00,0.0,15.0,1,Dinheiro,CUCA_ENROLADA,1,15.0,EXPORESTINGA,1,3,5,11,Manhã
500,2173,5.0,2026-03-21 12:12:52.331000-03:00,0.0,5.0,1,Dinheiro,RAPADURA_ASSADA,1,5.0,EXPORESTINGA,1,3,5,12,Tarde
501,1384,25.0,2026-03-21 12:38:50.697000-03:00,0.0,25.0,1,Cartão,CUCA_ALEMÃ,1,25.0,EXPORESTINGA,1,3,5,12,Tarde
502,409,30.0,2026-03-21 14:09:29.574000-03:00,0.0,30.0,1,Cartão,CUCA_ALEMÃ,1,25.0,EXPORESTINGA,2,3,5,14,Tarde
503,409,30.0,2026-03-21 14:09:29.574000-03:00,0.0,30.0,1,Cartão,RAPADURA_ASSADA,1,5.0,EXPORESTINGA,2,3,5,14,Tarde
504,130,15.0,2026-03-21 14:11:59.923000-03:00,0.0,15.0,1,Pix,RAPADURA_DE_MELADO,1,7.0,EXPORESTINGA,2,3,5,14,Tarde
505,130,15.0,2026-03-21 14:11:59.923000-03:00,0.0,15.0,1,Pix,AMENDOIM_SALGADO_E_TEMPERADO,1,8.0,EXPORESTINGA,2,3,5,14,Tarde
506,1933,6.0,2026-03-21 14:12:08.564000-03:00,0.0,6.0,1,Dinheiro,ALFAJOR,1,6.0,EXPORESTINGA,1,3,5,14,Tarde
507,971,32.0,2026-03-21 14:28:38.063000-03:00,0.0,32.0,1,Dinheiro,RAPADURA_DE_MELADO,1,7.0,EXPORESTINGA,2,3,5,14,Tarde
508,971,32.0,2026-03-21 14:28:38.063000-03:00,0.0,32.0,1,Dinheiro,RAPADURA_ASSADA_(PACOTE_X6),6,4.166666666666667,EXPORESTINGA,2,3,5,14,Tarde
509,268,6.0,2026-03-21 15:34:49.962000-03:00,0.0,6.0,1,Dinheiro,ALFAJOR,1,6.0,EXPORESTINGA,1,3,5,15,Tarde
510,1125,25.0,2026-03-21 15:35:00.629000-03:00,0.0,25.0,1,Cartão,CUCA_ALEMÃ,1,25.0,EXPORESTINGA,1,3,5,15,Tarde
511,1637,10.0,2026-03-21 15:35:21.346000-03:00,0.0,10.0,1,Dinheiro,BOLACHA_DE_MANTEIGA,1,10.0,EXPORESTINGA,1,3,5,15,Tarde
512,592,25.0,2026-03-21 15:35:41.949000-03:00,0.0,25.0,1,Dinheiro,CUCA_ALEMÃ,1,25.0,EXPORESTINGA,1,3,5,15,Tarde
513,1863,37.0,2026-03-21 15:50:20.212000-03:00,0.0,37.0,1,Dinheiro,CUCA_ALEMÃ,1,25.0,EXPORESTINGA,3,3,5,15,Tarde
514,1863,37.0,2026-03-21 15:50:20.212000-03:00,0.0,37.0,1,Dinheiro,RAPADURA_ASSADA,1,5.0,EXPORESTINGA,3,3,5,15,Tarde
515,1863,37.0,2026-03-21 15:50:20.212000-03:00,0.0,37.0,1,Dinheiro,RAPADURA_DE_MELADO,1,7.0,EXPORESTINGA,3,3,5,15,Tarde
516,1134,22.0,2026-03-21 15:52:51.755000-03:00,0.0,22.0,1,Dinheiro,RAPADURA_DE_MELADO,1,7.0,EXPORESTINGA,2,3,5,15,Tarde
517,1134,22.0,2026-03-21 15:52:51.755000-03:00,0.0,22.0,1,Dinheiro,CUCA_ENROLADA,1,15.0,EXPORESTINGA,2,3,5,15,Tarde
518,183,50.0,2026-03-21 15:56:26.091000-03:00,0.0,50.0,1,Dinheiro,CUCA_ALEMÃ,2,25.0,EXPORESTINGA,1,3,5,15,Tarde
519,1495,15.0,2026-03-21 15:57:41.813000-03:00,0.0,15.0,1,Dinheiro,CUCA_ENROLADA,1,15.0,EXPORESTINGA,1,3,5,15,Tarde
520,719,25.0,2026-03-21 16:02:32.481000-03:00,0.0,25.0,1,Dinheiro,CUCA_ALEMÃ,1,25.0,EXPORESTINGA,1,3,5,16,Tarde
521,1844,25.0,2026-03-21 16:06:58.131000-03:00,0.0,25.0,1,Pix,CUCA_ALEMÃ,1,25.0,EXPORESTINGA,1,3,5,16,Tarde
522,158,40.0,2026-03-21 16:07:55.315000-03:00,0.0,40.0,1,Dinheiro,CUCA_ALEMÃ,1,25.0,EXPORESTINGA,2,3,5,16,Tarde
523,158,40.0,2026-03-21 16:07:55.315000-03:00,0.0,40.0,1,Dinheiro,CUCA_ENROLADA,1,15.0,EXPORESTINGA,2,3,5,16,Tarde
524,609,5.0,2026-03-21 16:10:30.261000-03:00,0.0,5.0,1,Dinheiro,RAPADURA_ASSADA,1,5.0,EXPORESTINGA,1,3,5,16,Tarde
525,2215,25.0,2026-03-21 16:14:19.456000-03:00,0.0,25.0,1,Cartão,CUCA_ALEMÃ,1,25.0,EXPORESTINGA,1,3,5,16,Tarde
526,1804,5.0,2026-03-21 16:14:35.059000-03:00,0.0,5.0,1,Dinheiro,RAPADURA_ASSADA,1,5.0,EXPORESTINGA,1,3,5,16,Tarde
527,294,7.0,2026-03-21 16:23:55.395000-03:00,0.0,7.0,1,Dinheiro,RAPADURA_DE_MELADO,1,7.0,EXPORESTINGA,1,3,5,16,Tarde
528,1391,15.0,2026-03-21 16:27:20.770000-03:00,0.0,15.0,1,Cartão,CUCA_ENROLADA,1,15.0,EXPORESTINGA,1,3,5,16,Tarde
529,1780,30.0,2026-03-21 16:28:45.145000-03:00,0.0,30.0,1,Dinheiro,CUCA_ENROLADA,2,15.0,EXPORESTINGA,1,3,5,16,Tarde
530,1318,25.0,2026-03-21 16:29:54.465000-03:00,0.0,25.0,1,Cartão,CUCA_ALEMÃ,1,25.0,EXPORESTINGA,1,3,5,16,Tarde
531,333,50.0,2026-03-21 16:40:03.659000-03:00,0.0,50.0,1,Dinheiro,CUCA_ALEMÃ,2,25.0,EXPORESTINGA,1,3,5,16,Tarde
532,591,50.0,2026-03-21 16:52:21.647000-03:00,0.0,50.0,1,Dinheiro,CUCA_ALEMÃ,2,25.0,EXPORESTINGA,1,3,5,16,Tarde
533,1373,40.0,2026-03-21 16:57:42.940000-03:00,0.0,40.0,1,Dinheiro,CUCA_ENROLADA,1,15.0,EXPORESTINGA,2,3,5,16,Tarde
534,1373,40.0,2026-03-21 16:57:42.940000-03:00,0.0,40.0,1,Dinheiro,CUCA_ALEMÃ,1,25.0,EXPORESTINGA,2,3,5,16,Tarde
535,1541,25.0,2026-03-21 17:03:09.028000-03:00,0.0,25.0,1,Cartão,CUCA_ALEMÃ,1,25.0,EXPORESTINGA,1,3,5,17,Tarde
536,1482,25.0,2026-03-21 17:15:47.180000-03:00,0.0,25.0,1,Dinheiro,CUCA_ALEMÃ,1,25.0,EXPORESTINGA,1,3,5,17,Tarde
537,77,10.0,2026-03-21 17:18:53.960000-03:00,0.0,10.0,1,Dinheiro,BOLACHA_DE_MANTEIGA,1,10.0,EXPORESTINGA,1,3,5,17,Tarde
538,1970,30.0,2026-03-21 17:24:29.625000-03:00,0.0,30.0,1,Dinheiro,CUCA_ENROLADA,2,15.0,EXPORESTINGA,1,3,5,17,Tarde
539,2220,7.0,2026-03-21 17:24:45.669000-03:00,0.0,7.0,1,Dinheiro,RAPADURA_DE_MELADO,1,7.0,EXPORESTINGA,1,3,5,17,Tarde
540,1444,30.0,2026-03-21 17:28:08.622000-03:00,0.0,30.0,1,Dinheiro,CUCA_ENROLADA,2,15.0,EXPORESTINGA,1,3,5,17,Tarde
541,955,5.0,2026-03-21 17:28:48.329000-03:00,0.0,5.0,1,Dinheiro,RAPADURA_ASSADA,1,5.0,EXPORESTINGA,1,3,5,17,Tarde
542,602,25.0,2026-03-21 17:32:45.231000-03:00,0.0,25.0,1,Dinheiro,CUCA_ALEMÃ,1,25.0,EXPORESTINGA,1,3,5,17,Tarde
543,1260,25.0,2026-03-21 17:32:57.710000-03:00,0.0,25.0,1,Dinheiro,CUCA_ALEMÃ,1,25.0,EXPORESTINGA,1,3,5,17,Tarde
544,2107,25.0,2026-03-21 17:47:12.544000-03:00,0.0,25.0,1,Cartão,CUCA_ALEMÃ,1,25.0,EXPORESTINGA,1,3,5,17,Tarde
545,1928,25.0,2026-03-21 17:56:17.961000-03:00,0.0,25.0,1,Cartão,CUCA_ALEMÃ,1,25.0,EXPORESTINGA,1,3,5,17,Tarde
546,2345,23.0,2026-03-21 17:59:51.304000-03:00,2.0,25.0,1,Dinheiro,CUCA_ALEMÃ,1,25.0,EXPORESTINGA,1,3,5,17,Tarde
547,1524,10.0,2026-03-21 18:00:00.763000-03:00,0.0,10.0,1,Dinheiro,BOLACHA_DE_MANTEIGA,1,10.0,EXPORESTINGA,1,3,5,18,Noite
548,44,25.0,2026-03-21 18:29:38.807000-03:00,0.0,25.0,1,Cartão,RAPADURA_ASSADA_(PACOTE_X6),6,4.166666666666667,EXPORESTINGA,1,3,5,18,Noite
549,779,10.0,2026-03-21 18:54:27.632000-03:00,0.0,10.0,1,Pix,RAPADURA_ASSADA,2,5.0,EXPORESTINGA,1,3,5,18,Noite
550,46,25.0,2026-03-21 18:55:56.792000-03:00,0.0,25.0,1,Dinheiro,CUCA_ALEMÃ,1,25.0,EXPORESTINGA,1,3,5,18,Noite
551,1942,10.0,2026-03-21 19:39:13.084000-03:00,0.0,10.0,1,Dinheiro,RAPADURA_ASSADA,2,5.0,EXPORESTINGA,1,3,5,19,Noite
552,1257,17.0,2026-03-21 19:45:17.354000-03:00,0.0,17.0,1,Dinheiro,RAPADURA_DE_MELADO,1,7.0,EXPORESTINGA,3,3,5,19,Noite
553,1257,17.0,2026-03-21 19:45:17.354000-03:00,0.0,17.0,1,Dinheiro,PÉ-DE-MOLEQUE,1,5.0,EXPORESTINGA,3,3,5,19,Noite
554,1257,17.0,2026-03-21 19:45:17.354000-03:00,0.0,17.0,1,Dinheiro,RAPADURA_ASSADA,1,5.0,EXPORESTINGA,3,3,5,19,Noite
555,2397,25.0,2026-03-21 19:46:25.770000-03:00,0.0,25.0,1,Dinheiro,RAPADURA_ASSADA_(PACOTE_X6),6,4.166666666666667,EXPORESTINGA,1,3,5,19,Noite
556,2193,25.0,2026-03-21 19:51:07.212000-03:00,0.0,25.0,1,Cartão,CUCA_ALEMÃ,1,25.0,EXPORESTINGA,1,3,5,19,Noite
557,2130,25.0,2026-03-21 20:00:55.359000-03:00,0.0,25.0,1,Dinheiro,CUCA_ALEMÃ,1,25.0,EXPORESTINGA,1,3,5,20,Noite
558,901,65.0,2026-03-21 20:05:15.081000-03:00,0.0,65.0,1,Dinheiro,RAPADURA_DE_MELADO_(PACOTE_X3),6,6.666666666666667,EXPORESTINGA,2,3,5,20,Noite
559,901,65.0,2026-03-21 20:05:15.081000-03:00,0.0,65.0,1,Dinheiro,CUCA_ALEMÃ,1,25.0,EXPORESTINGA,2,3,5,20,Noite
560,938,25.0,2026-03-21 20:16:39.628000-03:00,0.0,25.0,1,Cartão,CUCA_ALEMÃ,1,25.0,EXPORESTINGA,1,3,5,20,Noite
561,220,25.0,2026-03-21 20:34:24.411000-03:00,0.0,25.0,1,Dinheiro,RAPADURA_ASSADA_(PACOTE_X6),6,4.166666666666667,EXPORESTINGA,1,3,5,20,Noite
562,1876,25.0,2026-03-21 21:04:36.229000-03:00,0.0,25.0,1,Cartão,RAPADURA_ASSADA_(PACOTE_X6),6,4.166666666666667,EXPORESTINGA,1,3,5,21,Noite
563,1292,25.0,2026-03-21 21:29:19.699000-03:00,0.0,25.0,1,Cartão,CUCA_ALEMÃ,1,25.0,EXPORESTINGA,1,3,5,21,Noite
564,660,25.0,2026-03-21 21:29:51.054000-03:00,0.0,25.0,1,Dinheiro,RAPADURA_ASSADA_(PACOTE_X6),6,4.166666666666667,EXPORESTINGA,1,3,5,21,Noite
565,2399,20.0,2026-03-21 21:30:23.789000-03:00,0.0,20.0,1,Dinheiro,RAPADURA_DE_MELADO_(PACOTE_X3),3,6.666666666666667,EXPORESTINGA,1,3,5,21,Noite
566,1310,70.0,2026-03-21 21:43:58.148000-03:00,0.0,70.0,1,Dinheiro,CUCA_ALEMÃ,1,25.0,EXPORESTINGA,3,3,5,21,Noite
567,1310,70.0,2026-03-21 21:43:58.148000-03:00,0.0,70.0,1,Dinheiro,RAPADURA_ASSADA_(PACOTE_X6),6,4.166666666666667,EXPORESTINGA,3,3,5,21,Noite
568,1310,70.0,2026-03-21 21:43:58.148000-03:00,0.0,70.0,1,Dinheiro,RAPADURA_DE_MELADO_(PACOTE_X3),3,6.666666666666667,EXPORESTINGA,3,3,5,21,Noite
569,1843,35.0,2026-03-21 21:54:24.949000-03:00,0.0,35.0,1,Dinheiro,RAPADURA_ASSADA_(PACOTE_X6),6,4.166666666666667,EXPORESTINGA,2,3,5,21,Noite
570,1843,35.0,2026-03-21 21:54:24.949000-03:00,0.0,35.0,1,Dinheiro,BOLACHA_DE_MANTEIGA,1,10.0,EXPORESTINGA,2,3,5,21,Noite
571,1606,5.0,2026-03-21 21:59:35.262000-03:00,0.0,5.0,1,Dinheiro,RAPADURA_ASSADA,1,5.0,EXPORESTINGA,1,3,5,21,Noite
572,1126,14.0,2026-03-22 10:42:45.164000-03:00,0.0,14.0,1,Dinheiro,RAPADURA_DE_MELADO,2,7.0,EXPORESTINGA,1,3,6,10,Manhã
573,2189,15.0,2026-03-22 10:44:26.815000-03:00,0.0,15.0,1,Pix,CUCA_ENROLADA,1,15.0,EXPORESTINGA,1,3,6,10,Manhã
574,1144,25.0,2026-03-22 10:55:52.454000-03:00,0.0,25.0,1,Dinheiro,CUCA_ALEMÃ,1,25.0,EXPORESTINGA,1,3,6,10,Manhã
575,888,72.0,2026-03-22 11:07:19.676000-03:00,0.0,72.0,1,Cartão,CUCA_ALEMÃ,2,25.0,EXPORESTINGA,3,3,6,11,Manhã
576,888,72.0,2026-03-22 11:07:19.676000-03:00,0.0,72.0,1,Cartão,RAPADURA_ASSADA,2,5.0,EXPORESTINGA,3,3,6,11,Manhã
577,888,72.0,2026-03-22 11:07:19.676000-03:00,0.0,72.0,1,Cartão,ALFAJOR,2,6.0,EXPORESTINGA,3,3,6,11,Manhã
578,2075,15.0,2026-03-22 11:07:54.568000-03:00,0.0,15.0,1,Cartão,CUCA_ENROLADA,1,15.0,EXPORESTINGA,1,3,6,11,Manhã
579,816,22.0,2026-03-22 11:08:13.461000-03:00,3.0,25.0,1,Dinheiro,CUCA_ALEMÃ,1,25.0,EXPORESTINGA,1,3,6,11,Manhã
580,525,25.0,2026-03-22 11:20:04.091000-03:00,0.0,25.0,1,Dinheiro,CUCA_ALEMÃ,1,25.0,EXPORESTINGA,1,3,6,11,Manhã
581,1633,30.0,2026-03-22 11:20:18.870000-03:00,0.0,30.0,1,Dinheiro,CUCA_ENROLADA,2,15.0,EXPORESTINGA,1,3,6,11,Manhã
582,1498,25.0,2026-03-22 11:30:16.140000-03:00,0.0,25.0,1,Cartão,CUCA_ALEMÃ,1,25.0,EXPORESTINGA,1,3,6,11,Manhã
583,841,25.0,2026-03-22 11:30:36.219000-03:00,0.0,25.0,1,Cartão,CUCA_ALEMÃ,1,25.0,EXPORESTINGA,1,3,6,11,Manhã
584,2148,50.0,2026-03-22 11:32:04.622000-03:00,0.0,50.0,1,Dinheiro,CUCA_ALEMÃ,1,25.0,EXPORESTINGA,2,3,6,11,Manhã
585,2148,50.0,2026-03-22 11:32:04.622000-03:00,0.0,50.0,1,Dinheiro,RAPADURA_ASSADA_(PACOTE_X6),6,4.166666666666667,EXPORESTINGA,2,3,6,11,Manhã
586,1135,25.0,2026-03-22 11:32:44.714000-03:00,0.0,25.0,1,Cartão,CUCA_ALEMÃ,1,25.0,EXPORESTINGA,1,3,6,11,Manhã
587,924,25.0,2026-03-22 11:39:27.622000-03:00,0.0,25.0,1,Dinheiro,CUCA_ALEMÃ,1,25.0,EXPORESTINGA,1,3,6,11,Manhã
588,1985,25.0,2026-03-22 11:42:55.600000-03:00,0.0,25.0,1,Dinheiro,CUCA_ALEMÃ,1,25.0,EXPORESTINGA,1,3,6,11,Manhã
589,2253,25.0,2026-03-22 11:47:05.303000-03:00,0.0,25.0,1,Dinheiro,RAPADURA_ASSADA_(PACOTE_X6),6,4.166666666666667,EXPORESTINGA,1,3,6,11,Manhã
590,476,50.0,2026-03-22 11:54:58.163000-03:00,0.0,50.0,1,Cartão,CUCA_ALEMÃ,1,25.0,EXPORESTINGA,2,3,6,11,Manhã
591,476,50.0,2026-03-22 11:54:58.163000-03:00,0.0,50.0,1,Cartão,RAPADURA_ASSADA_(PACOTE_X6),6,4.166666666666667,EXPORESTINGA,2,3,6,11,Manhã
592,1058,50.0,2026-03-22 12:01:56.435000-03:00,0.0,50.0,1,Dinheiro,CUCA_ALEMÃ,2,25.0,EXPORESTINGA,1,3,6,12,Tarde
593,1042,50.0,2026-03-22 12:02:15.690000-03:00,0.0,50.0,1,Cartão,CUCA_ALEMÃ,2,25.0,EXPORESTINGA,1,3,6,12,Tarde
594,1506,25.0,2026-03-22 12:03:05.796000-03:00,0.0,25.0,1,Cartão,CUCA_ALEMÃ,1,25.0,EXPORESTINGA,1,3,6,12,Tarde
595,1774,25.0,2026-03-22 12:23:29.288000-03:00,0.0,25.0,1,Cartão,CUCA_ALEMÃ,1,25.0,EXPORESTINGA,1,3,6,12,Tarde
596,1775,25.0,2026-03-22 12:27:49.369000-03:00,0.0,25.0,1,Cartão,CUCA_ALEMÃ,1,25.0,EXPORESTINGA,1,3,6,12,Tarde
597,1045,7.0,2026-03-22 12:28:42.550000-03:00,0.0,7.0,1,Cartão,RAPADURA_DE_MELADO,1,7.0,EXPORESTINGA,1,3,6,12,Tarde
598,228,25.0,2026-03-22 12:30:13.533000-03:00,0.0,25.0,1,Pix,CUCA_ALEMÃ,1,25.0,EXPORESTINGA,1,3,6,12,Tarde
599,1854,20.0,2026-03-22 12:42:48.952000-03:00,0.0,20.0,1,Dinheiro,ALFAJOR_PRETO_(PACOTE_X4),4,5.0,EXPORESTINGA,1,3,6,12,Tarde
600,889,55.0,2026-03-22 12:48:56.021000-03:00,0.0,55.0,1,Cartão,CUCA_ALEMÃ,1,25.0,EXPORESTINGA,3,3,6,12,Tarde
601,889,55.0,2026-03-22 12:48:56.021000-03:00,0.0,55.0,1,Cartão,RAPADURA_ASSADA_(PACOTE_X6),6,4.166666666666667,EXPORESTINGA,3,3,6,12,Tarde
602,889,55.0,2026-03-22 12:48:56.021000-03:00,0.0,55.0,1,Cartão,RAPADURA_ASSADA,1,5.0,EXPORESTINGA,3,3,6,12,Tarde
603,1897,31.0,2026-03-22 13:03:18.265000-03:00,0.0,31.0,1,Dinheiro,AMENDOIM_SALGADO_E_TEMPERADO,2,8.0,EXPORESTINGA,2,3,6,13,Tarde
604,1897,31.0,2026-03-22 13:03:18.265000-03:00,0.0,31.0,1,Dinheiro,CUCA_ENROLADA,1,15.0,EXPORESTINGA,2,3,6,13,Tarde
605,1303,45.0,2026-03-22 13:19:52.602000-03:00,0.0,45.0,1,Cartão,CUCA_ALEMÃ,1,25.0,EXPORESTINGA,2,3,6,13,Tarde
606,1303,45.0,2026-03-22 13:19:52.602000-03:00,0.0,45.0,1,Cartão,RAPADURA_DE_MELADO_(PACOTE_X3),3,6.666666666666667,EXPORESTINGA,2,3,6,13,Tarde
607,2239,25.0,2026-03-22 13:32:57.835000-03:00,0.0,25.0,1,Dinheiro,CUCA_ALEMÃ,1,25.0,EXPORESTINGA,1,3,6,13,Tarde
608,1092,30.0,2026-03-22 13:57:26.008000-03:00,0.0,30.0,1,Dinheiro,CUCA_ALEMÃ,1,25.0,EXPORESTINGA,2,3,6,13,Tarde
609,1092,30.0,2026-03-22 13:57:26.008000-03:00,0.0,30.0,1,Dinheiro,RAPADURA_ASSADA,1,5.0,EXPORESTINGA,2,3,6,13,Tarde
610,1733,15.0,2026-03-22 14:03:32.025000-03:00,0.0,15.0,1,Cartão,CUCA_ENROLADA,1,15.0,EXPORESTINGA,1,3,6,14,Tarde
611,377,15.0,2026-03-22 14:15:51.471000-03:00,0.0,15.0,1,Dinheiro,RAPADURA_DE_MELADO,1,7.0,EXPORESTINGA,2,3,6,14,Tarde
612,377,15.0,2026-03-22 14:15:51.471000-03:00,0.0,15.0,1,Dinheiro,AMENDOIM_SALGADO_E_TEMPERADO,1,8.0,EXPORESTINGA,2,3,6,14,Tarde
613,708,25.0,2026-03-22 14:24:29.207000-03:00,0.0,25.0,1,Dinheiro,CUCA_ALEMÃ,1,25.0,EXPORESTINGA,1,3,6,14,Tarde
614,1612,7.0,2026-03-22 14:33:50.474000-03:00,0.0,7.0,1,Dinheiro,RAPADURA_DE_MELADO,1,7.0,EXPORESTINGA,1,3,6,14,Tarde
615,688,50.0,2026-03-22 14:42:56.991000-03:00,0.0,50.0,1,Cartão,CUCA_ALEMÃ,2,25.0,EXPORESTINGA,1,3,6,14,Tarde
616,2024,25.0,2026-03-22 14:57:33.060000-03:00,0.0,25.0,1,Dinheiro,CUCA_ALEMÃ,1,25.0,EXPORESTINGA,1,3,6,14,Tarde
617,150,8.0,2026-03-22 15:03:31.635000-03:00,0.0,8.0,1,Dinheiro,AMENDOIM_SALGADO_E_TEMPERADO,1,8.0,EXPORESTINGA,1,3,6,15,Tarde
618,1967,25.0,2026-03-22 15:21:40.687000-03:00,0.0,25.0,1,Pix,CUCA_ALEMÃ,1,25.0,EXPORESTINGA,1,3,6,15,Tarde
619,1473,25.0,2026-03-22 15:31:49.737000-03:00,0.0,25.0,1,Dinheiro,CUCA_ALEMÃ,1,25.0,EXPORESTINGA,1,3,6,15,Tarde
620,2296,25.0,2026-03-22 15:32:36.985000-03:00,0.0,25.0,1,Pix,CUCA_ALEMÃ,1,25.0,EXPORESTINGA,1,3,6,15,Tarde
621,1968,25.0,2026-03-22 15:41:21.619000-03:00,0.0,25.0,1,Dinheiro,CUCA_ALEMÃ,1,25.0,EXPORESTINGA,1,3,6,15,Tarde
622,37,25.0,2026-03-22 15:42:49.251000-03:00,0.0,25.0,1,Dinheiro,CUCA_ALEMÃ,1,25.0,EXPORESTINGA,1,3,6,15,Tarde
623,560,15.0,2026-03-22 15:45:17.718000-03:00,0.0,15.0,1,Dinheiro,CUCA_ENROLADA,1,15.0,EXPORESTINGA,1,3,6,15,Tarde
624,1994,16.0,2026-03-22 15:52:20.076000-03:00,0.0,16.0,1,Dinheiro,CRI-CRI_200G,2,8.0,EXPORESTINGA,1,3,6,15,Tarde
625,523,20.0,2026-03-22 15:53:44.695000-03:00,0.0,20.0,1,Cartão,ALFAJOR_PRETO_(PACOTE_X4),4,5.0,EXPORESTINGA,1,3,6,15,Tarde
626,599,25.0,2026-03-22 15:55:42.816000-03:00,0.0,25.0,1,Dinheiro,CUCA_ALEMÃ,1,25.0,EXPORESTINGA,1,3,6,15,Tarde
627,2103,50.0,2026-03-22 15:56:07.172000-03:00,0.0,50.0,1,Dinheiro,CUCA_ALEMÃ,2,25.0,EXPORESTINGA,1,3,6,15,Tarde
628,2339,12.0,2026-03-22 15:58:38.707000-03:00,0.0,12.0,1,Dinheiro,RAPADURA_DE_MELADO,1,7.0,EXPORESTINGA,2,3,6,15,Tarde
629,2339,12.0,2026-03-22 15:58:38.707000-03:00,0.0,12.0,1,Dinheiro,PÉ-DE-MOLEQUE,1,5.0,EXPORESTINGA,2,3,6,15,Tarde
630,468,16.0,2026-03-22 16:23:16.730000-03:00,0.0,16.0,1,Cartão,CRI-CRI_200G,2,8.0,EXPORESTINGA,1,3,6,16,Tarde
631,1582,53.0,2026-03-22 16:31:42.900000-03:00,0.0,53.0,1,Dinheiro,RAPADURA_ASSADA_(PACOTE_X6),6,4.166666666666667,EXPORESTINGA,3,3,6,16,Tarde
632,1582,53.0,2026-03-22 16:31:42.900000-03:00,0.0,53.0,1,Dinheiro,ALFAJOR_PRETO_(PACOTE_X4),4,5.0,EXPORESTINGA,3,3,6,16,Tarde
633,1582,53.0,2026-03-22 16:31:42.900000-03:00,0.0,53.0,1,Dinheiro,AMENDOIM_SALGADO_E_TEMPERADO,1,8.0,EXPORESTINGA,3,3,6,16,Tarde
634,1773,30.0,2026-03-22 16:32:28.543000-03:00,0.0,30.0,1,Dinheiro,RAPADURA_ASSADA_(PACOTE_X6),6,4.166666666666667,EXPORESTINGA,2,3,6,16,Tarde
635,1773,30.0,2026-03-22 16:32:28.543000-03:00,0.0,30.0,1,Dinheiro,PÉ-DE-MOLEQUE,1,5.0,EXPORESTINGA,2,3,6,16,Tarde
636,895,10.0,2026-03-22 16:33:54.832000-03:00,0.0,10.0,1,Dinheiro,RAPADURA_ASSADA,2,5.0,EXPORESTINGA,1,3,6,16,Tarde
637,2273,20.0,2026-03-22 16:35:44.469000-03:00,0.0,20.0,1,Cartão,AMENDOIM_SALGADO_E_TEMPERADO,1,8.0,EXPORESTINGA,3,3,6,16,Tarde
638,2273,20.0,2026-03-22 16:35:44.469000-03:00,0.0,20.0,1,Cartão,RAPADURA_DE_MELADO,1,7.0,EXPORESTINGA,3,3,6,16,Tarde
639,2273,20.0,2026-03-22 16:35:44.469000-03:00,0.0,20.0,1,Cartão,RAPADURA_ASSADA,1,5.0,EXPORESTINGA,3,3,6,16,Tarde
640,1214,5.0,2026-03-22 16:39:32.791000-03:00,0.0,5.0,1,Dinheiro,RAPADURA_ASSADA,1,5.0,EXPORESTINGA,1,3,6,16,Tarde
641,285,20.0,2026-03-22 16:45:24.151000-03:00,0.0,20.0,1,Pix,RAPADURA_DE_MELADO_(PACOTE_X3),3,6.666666666666667,EXPORESTINGA,1,3,6,16,Tarde
642,2092,12.0,2026-03-22 16:48:42.357000-03:00,0.0,12.0,1,Dinheiro,RAPADURA_DE_MELADO,1,7.0,EXPORESTINGA,2,3,6,16,Tarde
643,2092,12.0,2026-03-22 16:48:42.357000-03:00,0.0,12.0,1,Dinheiro,RAPADURA_ASSADA,1,5.0,EXPORESTINGA,2,3,6,16,Tarde
644,2025,22.0,2026-03-22 16:56:28.853000-03:00,0.0,22.0,1,Dinheiro,RAPADURA_ASSADA,2,5.0,EXPORESTINGA,2,3,6,16,Tarde
645,2025,22.0,2026-03-22 16:56:28.853000-03:00,0.0,22.0,1,Dinheiro,ALFAJOR,2,6.0,EXPORESTINGA,2,3,6,16,Tarde
646,1196,70.0,2026-03-22 17:01:42.749000-03:00,0.0,70.0,1,Dinheiro,RAPADURA_DE_MELADO_(PACOTE_X3),6,6.666666666666667,EXPORESTINGA,3,3,6,17,Tarde
647,1196,70.0,2026-03-22 17:01:42.749000-03:00,0.0,70.0,1,Dinheiro,RAPADURA_ASSADA_(PACOTE_X6),6,4.166666666666667,EXPORESTINGA,3,3,6,17,Tarde
648,1196,70.0,2026-03-22 17:01:42.749000-03:00,0.0,70.0,1,Dinheiro,RAPADURA_ASSADA,1,5.0,EXPORESTINGA,3,3,6,17,Tarde
649,1739,20.0,2026-03-22 17:09:41.728000-03:00,0.0,20.0,1,Dinheiro,ALFAJOR_PRETO_(PACOTE_X4),4,5.0,EXPORESTINGA,1,3,6,17,Tarde
650,418,20.0,2026-03-22 17:20:47.817000-03:00,0.0,20.0,1,Cartão,RAPADURA_DE_MELADO_(PACOTE_X3),3,6.666666666666667,EXPORESTINGA,1,3,6,17,Tarde
651,2049,25.0,2026-03-22 17:22:22.829000-03:00,0.0,25.0,1,Dinheiro,RAPADURA_ASSADA_(PACOTE_X6),6,4.166666666666667,EXPORESTINGA,1,3,6,17,Tarde
652,1670,25.0,2026-03-22 17:24:29.296000-03:00,0.0,25.0,1,Dinheiro,RAPADURA_ASSADA_(PACOTE_X6),6,4.166666666666667,EXPORESTINGA,1,3,6,17,Tarde
653,2198,7.0,2026-03-22 17:32:23.247000-03:00,0.0,7.0,1,Pix,RAPADURA_DE_MELADO,1,7.0,EXPORESTINGA,1,3,6,17,Tarde
654,696,34.0,2026-03-22 17:40:34.443000-03:00,0.0,34.0,1,Dinheiro,PÉ-DE-MOLEQUE,1,5.0,EXPORESTINGA,4,3,6,17,Tarde
655,696,34.0,2026-03-22 17:40:34.443000-03:00,0.0,34.0,1,Dinheiro,AMENDOIM_SALGADO_E_TEMPERADO,2,8.0,EXPORESTINGA,4,3,6,17,Tarde
656,696,34.0,2026-03-22 17:40:34.443000-03:00,0.0,34.0,1,Dinheiro,CRI-CRI_200G,1,8.0,EXPORESTINGA,4,3,6,17,Tarde
657,696,34.0,2026-03-22 17:40:34.443000-03:00,0.0,34.0,1,Dinheiro,RAPADURA_ASSADA,1,5.0,EXPORESTINGA,4,3,6,17,Tarde
658,168,7.0,2026-03-22 17:49:27.692000-03:00,0.0,7.0,1,Dinheiro,RAPADURA_DE_MELADO,1,7.0,EXPORESTINGA,1,3,6,17,Tarde
659,474,25.0,2026-03-22 17:49:57.613000-03:00,0.0,25.0,1,Cartão,RAPADURA_ASSADA_(PACOTE_X6),6,4.166666666666667,EXPORESTINGA,1,3,6,17,Tarde
660,917,17.0,2026-03-22 18:15:54.033000-03:00,0.0,17.0,1,Cartão,RAPADURA_ASSADA,2,5.0,EXPORESTINGA,2,3,6,18,Noite
661,917,17.0,2026-03-22 18:15:54.033000-03:00,0.0,17.0,1,Cartão,RAPADURA_DE_MELADO,1,7.0,EXPORESTINGA,2,3,6,18,Noite
662,1049,25.0,2026-03-22 18:20:39.416000-03:00,0.0,25.0,1,Pix,CUCA_ALEMÃ,1,25.0,EXPORESTINGA,1,3,6,18,Noite
663,449,45.0,2026-03-22 18:22:07.802000-03:00,0.0,45.0,1,Cartão,RAPADURA_DE_MELADO_(PACOTE_X3),3,6.666666666666667,EXPORESTINGA,2,3,6,18,Noite
664,449,45.0,2026-03-22 18:22:07.802000-03:00,0.0,45.0,1,Cartão,RAPADURA_ASSADA_(PACOTE_X6),6,4.166666666666667,EXPORESTINGA,2,3,6,18,Noite
665,1481,8.0,2026-03-22 18:48:18.693000-03:00,0.0,8.0,1,Dinheiro,AMENDOIM_SALGADO_E_TEMPERADO,1,8.0,EXPORESTINGA,1,3,6,18,Noite
666,2280,25.0,2026-03-22 19:00:27.145000-03:00,0.0,25.0,1,Dinheiro,RAPADURA_DE_MELADO_(PACOTE_X3),3,6.666666666666667,EXPORESTINGA,2,3,6,19,Noite
667,2280,25.0,2026-03-22 19:00:27.145000-03:00,0.0,25.0,1,Dinheiro,RAPADURA_ASSADA,1,5.0,EXPORESTINGA,2,3,6,19,Noite
668,1139,10.0,2026-03-22 19:00:35.211000-03:00,0.0,10.0,1,Dinheiro,RAPADURA_ASSADA,2,5.0,EXPORESTINGA,1,3,6,19,Noite
669,2302,25.0,2026-03-22 19:31:27.952000-03:00,0.0,25.0,1,Cartão,RAPADURA_ASSADA_(PACOTE_X6),6,4.166666666666667,EXPORESTINGA,1,3,6,19,Noite
670,699,8.0,2026-03-22 19:36:19.083000-03:00,0.0,8.0,1,Dinheiro,CRI-CRI_200G,1,8.0,EXPORESTINGA,1,3,6,19,Noite
671,695,6.0,2026-03-22 19:45:05.452000-03:00,0.0,6.0,1,Dinheiro,ALFAJOR,1,6.0,EXPORESTINGA,1,3,6,19,Noite
672,837,15.0,2026-03-24 08:14:19.451000-03:00,0.0,15.0,1,Dinheiro,CUCA_ENROLADA,1,15.0,EXPO_AFUBRA,1,3,1,8,Manhã
673,2325,40.0,2026-03-24 08:45:46.195000-03:00,0.0,40.0,1,Dinheiro,CUCA_ENROLADA,1,15.0,EXPO_AFUBRA,2,3,1,8,Manhã
674,2325,40.0,2026-03-24 08:45:46.195000-03:00,0.0,40.0,1,Dinheiro,CUCA_ALEMÃ,1,25.0,EXPO_AFUBRA,2,3,1,8,Manhã
675,1851,6.0,2026-03-24 09:32:59.835000-03:00,0.0,6.0,1,Dinheiro,ALFAJOR,1,6.0,EXPO_AFUBRA,1,3,1,9,Manhã
676,306,15.0,2026-03-24 10:06:23.236000-03:00,0.0,15.0,1,Dinheiro,AMENDOIM_SALGADO_E_TEMPERADO,1,8.0,EXPO_AFUBRA,2,3,1,10,Manhã
677,306,15.0,2026-03-24 10:06:23.236000-03:00,0.0,15.0,1,Dinheiro,RAPADURA_DE_MELADO,1,7.0,EXPO_AFUBRA,2,3,1,10,Manhã
678,82,15.0,2026-03-24 10:43:48.591000-03:00,0.0,15.0,1,Dinheiro,CUCA_ENROLADA,1,15.0,EXPO_AFUBRA,1,3,1,10,Manhã
679,7,6.0,2026-03-24 10:45:31.259000-03:00,0.0,6.0,1,Dinheiro,ALFAJOR,1,6.0,EXPO_AFUBRA,1,3,1,10,Manhã
680,121,25.0,2026-03-24 11:10:24.379000-03:00,0.0,25.0,1,Pix,CUCA_ALEMÃ,1,25.0,EXPO_AFUBRA,1,3,1,11,Manhã
681,302,25.0,2026-03-24 11:13:09.119000-03:00,0.0,25.0,1,Dinheiro,CUCA_ALEMÃ,1,25.0,EXPO_AFUBRA,1,3,1,11,Manhã
682,86,28.0,2026-03-24 11:15:20.699000-03:00,0.0,28.0,1,Cartão,ALFAJOR_PRETO_(PACOTE_X4),4,5.0,EXPO_AFUBRA,2,3,1,11,Manhã
683,86,28.0,2026-03-24 11:15:20.699000-03:00,0.0,28.0,1,Cartão,AMENDOIM_SALGADO_E_TEMPERADO,1,8.0,EXPO_AFUBRA,2,3,1,11,Manhã
684,1484,25.0,2026-03-24 11:21:30.987000-03:00,0.0,25.0,1,Dinheiro,RAPADURA_ASSADA_(PACOTE_X6),6,4.166666666666667,EXPO_AFUBRA,1,3,1,11,Manhã
685,2158,75.0,2026-03-24 11:24:08.556000-03:00,0.0,75.0,1,Dinheiro,CUCA_ALEMÃ,3,25.0,EXPO_AFUBRA,1,3,1,11,Manhã
686,278,20.0,2026-03-24 11:30:48.581000-03:00,0.0,20.0,1,Dinheiro,ALFAJOR_PRETO_(PACOTE_X4),4,5.0,EXPO_AFUBRA,1,3,1,11,Manhã
687,671,25.0,2026-03-24 11:37:49.359000-03:00,0.0,25.0,1,Dinheiro,RAPADURA_ASSADA_(PACOTE_X6),6,4.166666666666667,EXPO_AFUBRA,1,3,1,11,Manhã
688,745,25.0,2026-03-24 11:39:44.950000-03:00,0.0,25.0,1,Cartão,CUCA_ALEMÃ,1,25.0,EXPO_AFUBRA,1,3,1,11,Manhã
689,275,20.0,2026-03-24 11:40:34.144000-03:00,0.0,20.0,1,Dinheiro,RAPADURA_DE_MELADO_(PACOTE_X3),3,6.666666666666667,EXPO_AFUBRA,1,3,1,11,Manhã
690,1450,20.0,2026-03-24 11:41:08.695000-03:00,0.0,20.0,1,Dinheiro,RAPADURA_DE_MELADO_(PACOTE_X3),3,6.666666666666667,EXPO_AFUBRA,1,3,1,11,Manhã
691,1064,50.0,2026-03-24 11:55:28.394000-03:00,0.0,50.0,1,Dinheiro,CUCA_ALEMÃ,2,25.0,EXPO_AFUBRA,1,3,1,11,Manhã
692,421,25.0,2026-03-24 11:57:40.410000-03:00,0.0,25.0,1,Dinheiro,CUCA_ALEMÃ,1,25.0,EXPO_AFUBRA,1,3,1,11,Manhã
693,1627,25.0,2026-03-24 12:02:46.992000-03:00,0.0,25.0,1,Cartão,CUCA_ALEMÃ,1,25.0,EXPO_AFUBRA,1,3,1,12,Tarde
694,612,20.0,2026-03-24 12:03:33.850000-03:00,0.0,20.0,1,Dinheiro,ALFAJOR_PRETO_(PACOTE_X4),4,5.0,EXPO_AFUBRA,1,3,1,12,Tarde
695,270,25.0,2026-03-24 12:04:29.235000-03:00,0.0,25.0,1,Cartão,CUCA_ALEMÃ,1,25.0,EXPO_AFUBRA,1,3,1,12,Tarde
696,2145,25.0,2026-03-24 12:09:35.988000-03:00,0.0,25.0,1,Cartão,CUCA_ALEMÃ,1,25.0,EXPO_AFUBRA,1,3,1,12,Tarde
697,2278,20.0,2026-03-24 12:26:10.879000-03:00,0.0,20.0,1,Cartão,ALFAJOR_PRETO_(PACOTE_X4),4,5.0,EXPO_AFUBRA,1,3,1,12,Tarde
698,1751,20.0,2026-03-24 12:39:16.285000-03:00,0.0,20.0,1,Dinheiro,ALFAJOR_PRETO_(PACOTE_X4),4,5.0,EXPO_AFUBRA,1,3,1,12,Tarde
699,1386,13.0,2026-03-24 12:39:45.047000-03:00,0.0,13.0,1,Cartão,CRI-CRI_200G,1,8.0,EXPO_AFUBRA,2,3,1,12,Tarde
700,1386,13.0,2026-03-24 12:39:45.047000-03:00,0.0,13.0,1,Cartão,RAPADURA_ASSADA,1,5.0,EXPO_AFUBRA,2,3,1,12,Tarde
701,1634,6.0,2026-03-24 12:40:29.813000-03:00,0.0,6.0,1,Dinheiro,ALFAJOR,1,6.0,EXPO_AFUBRA,1,3,1,12,Tarde
702,568,35.0,2026-03-24 12:45:08.909000-03:00,0.0,35.0,1,Pix,CUCA_ENROLADA,1,15.0,EXPO_AFUBRA,2,3,1,12,Tarde
703,568,35.0,2026-03-24 12:45:08.909000-03:00,0.0,35.0,1,Pix,ALFAJOR_PRETO_(PACOTE_X4),4,5.0,EXPO_AFUBRA,2,3,1,12,Tarde
704,1082,25.0,2026-03-24 12:46:04.548000-03:00,0.0,25.0,1,Dinheiro,CUCA_ALEMÃ,1,25.0,EXPO_AFUBRA,1,3,1,12,Tarde
705,848,50.0,2026-03-24 12:46:25.283000-03:00,0.0,50.0,1,Dinheiro,CUCA_ALEMÃ,2,25.0,EXPO_AFUBRA,1,3,1,12,Tarde
706,948,25.0,2026-03-24 12:49:26.400000-03:00,0.0,25.0,1,Dinheiro,CUCA_ALEMÃ,1,25.0,EXPO_AFUBRA,1,3,1,12,Tarde
707,155,25.0,2026-03-24 12:51:46.035000-03:00,0.0,25.0,1,Dinheiro,CUCA_ALEMÃ,1,25.0,EXPO_AFUBRA,1,3,1,12,Tarde
708,842,10.0,2026-03-24 12:52:13.175000-03:00,0.0,10.0,1,Dinheiro,RAPADURA_ASSADA,2,5.0,EXPO_AFUBRA,1,3,1,12,Tarde
709,1862,25.0,2026-03-24 12:53:52.984000-03:00,0.0,25.0,1,Dinheiro,CUCA_ALEMÃ,1,25.0,EXPO_AFUBRA,1,3,1,12,Tarde
710,1211,15.0,2026-03-24 12:57:23.747000-03:00,0.0,15.0,1,Dinheiro,CUCA_ENROLADA,1,15.0,EXPO_AFUBRA,1,3,1,12,Tarde
711,2254,25.0,2026-03-24 12:59:46.020000-03:00,0.0,25.0,1,Pix,RAPADURA_ASSADA_(PACOTE_X6),6,4.166666666666667,EXPO_AFUBRA,1,3,1,12,Tarde
712,1950,51.0,2026-03-24 13:01:44.600000-03:00,0.0,51.0,1,Cartão,RAPADURA_DE_MELADO_(PACOTE_X3),3,6.666666666666667,EXPO_AFUBRA,3,3,1,13,Tarde
713,1950,51.0,2026-03-24 13:01:44.600000-03:00,0.0,51.0,1,Cartão,RAPADURA_ASSADA_(PACOTE_X6),6,4.166666666666667,EXPO_AFUBRA,3,3,1,13,Tarde
714,1950,51.0,2026-03-24 13:01:44.600000-03:00,0.0,51.0,1,Cartão,ALFAJOR,1,6.0,EXPO_AFUBRA,3,3,1,13,Tarde
715,1131,14.0,2026-03-24 13:04:08.195000-03:00,0.0,14.0,1,Cartão,RAPADURA_DE_MELADO,2,7.0,EXPO_AFUBRA,1,3,1,13,Tarde
716,1509,8.0,2026-03-24 13:06:48.560000-03:00,0.0,8.0,1,Dinheiro,CRI-CRI_200G,1,8.0,EXPO_AFUBRA,1,3,1,13,Tarde
717,2255,6.0,2026-03-24 13:07:40.533000-03:00,0.0,6.0,1,Dinheiro,ALFAJOR,1,6.0,EXPO_AFUBRA,1,3,1,13,Tarde
718,2349,25.0,2026-03-24 13:07:55.377000-03:00,0.0,25.0,1,Pix,CUCA_ALEMÃ,1,25.0,EXPO_AFUBRA,1,3,1,13,Tarde
719,1870,25.0,2026-03-24 13:09:52.979000-03:00,0.0,25.0,1,Dinheiro,RAPADURA_ASSADA_(PACOTE_X6),6,4.166666666666667,EXPO_AFUBRA,1,3,1,13,Tarde
720,1736,20.0,2026-03-24 13:17:32.702000-03:00,0.0,20.0,1,Dinheiro,RAPADURA_DE_MELADO_(PACOTE_X3),3,6.666666666666667,EXPO_AFUBRA,1,3,1,13,Tarde
721,21,15.0,2026-03-24 13:17:39.986000-03:00,0.0,15.0,1,Dinheiro,CUCA_ENROLADA,1,15.0,EXPO_AFUBRA,1,3,1,13,Tarde
722,406,25.0,2026-03-24 13:25:56.892000-03:00,0.0,25.0,1,Dinheiro,CUCA_ALEMÃ,1,25.0,EXPO_AFUBRA,1,3,1,13,Tarde
723,2305,25.0,2026-03-24 13:27:36.667000-03:00,0.0,25.0,1,Cartão,CUCA_ALEMÃ,1,25.0,EXPO_AFUBRA,1,3,1,13,Tarde
724,1153,30.0,2026-03-24 13:28:48.313000-03:00,0.0,30.0,1,Dinheiro,CUCA_ENROLADA,2,15.0,EXPO_AFUBRA,1,3,1,13,Tarde
725,1162,35.0,2026-03-24 13:38:55.083000-03:00,0.0,35.0,1,Cartão,ALFAJOR_PRETO_(PACOTE_X4),4,5.0,EXPO_AFUBRA,2,3,1,13,Tarde
726,1162,35.0,2026-03-24 13:38:55.083000-03:00,0.0,35.0,1,Cartão,CUCA_ENROLADA,1,15.0,EXPO_AFUBRA,2,3,1,13,Tarde
727,225,25.0,2026-03-24 13:48:26.831000-03:00,1.0,26.0,1,Dinheiro,RAPADURA_DE_MELADO_(PACOTE_X3),3,6.666666666666667,EXPO_AFUBRA,2,3,1,13,Tarde
728,225,25.0,2026-03-24 13:48:26.831000-03:00,1.0,26.0,1,Dinheiro,ALFAJOR,1,6.0,EXPO_AFUBRA,2,3,1,13,Tarde
729,706,16.0,2026-03-24 13:54:29.628000-03:00,0.0,16.0,1,Cartão,AMENDOIM_SALGADO_E_TEMPERADO,2,8.0,EXPO_AFUBRA,1,3,1,13,Tarde
730,1980,25.0,2026-03-24 13:54:48.129000-03:00,0.0,25.0,1,Dinheiro,CUCA_ALEMÃ,1,25.0,EXPO_AFUBRA,1,3,1,13,Tarde
731,2261,15.0,2026-03-24 14:02:01.855000-03:00,0.0,15.0,1,Cartão,CRI-CRI_200G,1,8.0,EXPO_AFUBRA,2,3,1,14,Tarde
732,2261,15.0,2026-03-24 14:02:01.855000-03:00,0.0,15.0,1,Cartão,RAPADURA_DE_MELADO,1,7.0,EXPO_AFUBRA,2,3,1,14,Tarde
733,2004,25.0,2026-03-24 14:02:17.950000-03:00,0.0,25.0,1,Dinheiro,CUCA_ALEMÃ,1,25.0,EXPO_AFUBRA,1,3,1,14,Tarde
734,1388,15.0,2026-03-24 14:11:55.512000-03:00,0.0,15.0,1,Cartão,CUCA_ENROLADA,1,15.0,EXPO_AFUBRA,1,3,1,14,Tarde
735,910,25.0,2026-03-24 14:12:41.894000-03:00,1.0,26.0,1,Pix,ALFAJOR_PRETO_(PACOTE_X4),4,5.0,EXPO_AFUBRA,2,3,1,14,Tarde
736,910,25.0,2026-03-24 14:12:41.894000-03:00,1.0,26.0,1,Pix,ALFAJOR,1,6.0,EXPO_AFUBRA,2,3,1,14,Tarde
737,684,10.0,2026-03-24 14:13:03.057000-03:00,0.0,10.0,1,Cartão,BOLACHA_DE_MANTEIGA,1,10.0,EXPO_AFUBRA,1,3,1,14,Tarde
738,1014,43.0,2026-03-24 14:17:23.331000-03:00,0.0,43.0,1,Dinheiro,CUCA_ALEMÃ,1,25.0,EXPO_AFUBRA,3,3,1,14,Tarde
739,1014,43.0,2026-03-24 14:17:23.331000-03:00,0.0,43.0,1,Dinheiro,RAPADURA_ASSADA,2,5.0,EXPO_AFUBRA,3,3,1,14,Tarde
740,1014,43.0,2026-03-24 14:17:23.331000-03:00,0.0,43.0,1,Dinheiro,AMENDOIM_SALGADO_E_TEMPERADO,1,8.0,EXPO_AFUBRA,3,3,1,14,Tarde
741,64,15.0,2026-03-24 14:18:31.493000-03:00,0.0,15.0,1,Dinheiro,CUCA_ENROLADA,1,15.0,EXPO_AFUBRA,1,3,1,14,Tarde
742,2212,29.0,2026-03-24 14:22:43.758000-03:00,0.0,29.0,1,Dinheiro,CUCA_ENROLADA,1,15.0,EXPO_AFUBRA,2,3,1,14,Tarde
743,2212,29.0,2026-03-24 14:22:43.758000-03:00,0.0,29.0,1,Dinheiro,RAPADURA_DE_MELADO,2,7.0,EXPO_AFUBRA,2,3,1,14,Tarde
744,2159,25.0,2026-03-24 14:34:54.757000-03:00,0.0,25.0,1,Dinheiro,CUCA_ALEMÃ,1,25.0,EXPO_AFUBRA,1,3,1,14,Tarde
745,1532,25.0,2026-03-24 14:35:07.178000-03:00,0.0,25.0,1,Cartão,CUCA_ALEMÃ,1,25.0,EXPO_AFUBRA,1,3,1,14,Tarde
746,2037,15.0,2026-03-24 14:40:44.830000-03:00,0.0,15.0,1,Dinheiro,CUCA_ENROLADA,1,15.0,EXPO_AFUBRA,1,3,1,14,Tarde
747,410,6.0,2026-03-24 14:50:08.444000-03:00,0.0,6.0,1,Dinheiro,ALFAJOR,1,6.0,EXPO_AFUBRA,1,3,1,14,Tarde
748,2146,15.0,2026-03-24 14:53:39.343000-03:00,0.0,15.0,1,Dinheiro,CUCA_ENROLADA,1,15.0,EXPO_AFUBRA,1,3,1,14,Tarde
749,744,15.0,2026-03-24 14:55:46.171000-03:00,0.0,15.0,1,Cartão,CUCA_ENROLADA,1,15.0,EXPO_AFUBRA,1,3,1,14,Tarde
750,679,25.0,2026-03-24 14:56:56.537000-03:00,0.0,25.0,1,Cartão,CUCA_ALEMÃ,1,25.0,EXPO_AFUBRA,1,3,1,14,Tarde
751,753,7.0,2026-03-24 15:00:57.005000-03:00,0.0,7.0,1,Dinheiro,RAPADURA_DE_MELADO,1,7.0,EXPO_AFUBRA,1,3,1,15,Tarde
752,1704,50.0,2026-03-24 15:05:48.872000-03:00,0.0,50.0,1,Cartão,CUCA_ALEMÃ,1,25.0,EXPO_AFUBRA,2,3,1,15,Tarde
753,1704,50.0,2026-03-24 15:05:48.872000-03:00,0.0,50.0,1,Cartão,RAPADURA_ASSADA_(PACOTE_X6),6,4.166666666666667,EXPO_AFUBRA,2,3,1,15,Tarde
754,498,30.0,2026-03-24 15:08:12.302000-03:00,0.0,30.0,1,Dinheiro,CUCA_ENROLADA,2,15.0,EXPO_AFUBRA,1,3,1,15,Tarde
755,937,25.0,2026-03-24 15:13:17.109000-03:00,0.0,25.0,1,Pix,CUCA_ALEMÃ,1,25.0,EXPO_AFUBRA,1,3,1,15,Tarde
756,2327,45.0,2026-03-24 15:22:52.481000-03:00,0.0,45.0,1,Cartão,ALFAJOR_PRETO_(PACOTE_X4),4,5.0,EXPO_AFUBRA,2,3,1,15,Tarde
757,2327,45.0,2026-03-24 15:22:52.481000-03:00,0.0,45.0,1,Cartão,CUCA_ALEMÃ,1,25.0,EXPO_AFUBRA,2,3,1,15,Tarde
758,1668,30.0,2026-03-24 15:23:09.178000-03:00,0.0,30.0,1,Dinheiro,CUCA_ENROLADA,2,15.0,EXPO_AFUBRA,1,3,1,15,Tarde
759,1665,25.0,2026-03-24 15:27:42.826000-03:00,0.0,25.0,1,Dinheiro,RAPADURA_ASSADA_(PACOTE_X6),6,4.166666666666667,EXPO_AFUBRA,1,3,1,15,Tarde
760,26,50.0,2026-03-24 15:30:14.470000-03:00,0.0,50.0,1,Dinheiro,CUCA_ALEMÃ,2,25.0,EXPO_AFUBRA,1,3,1,15,Tarde
761,1081,7.0,2026-03-24 15:34:05.927000-03:00,0.0,7.0,1,Dinheiro,RAPADURA_DE_MELADO,1,7.0,EXPO_AFUBRA,1,3,1,15,Tarde
762,1920,100.0,2026-03-24 15:34:19.562000-03:00,0.0,100.0,1,Dinheiro,CUCA_ALEMÃ,4,25.0,EXPO_AFUBRA,1,3,1,15,Tarde
763,139,20.0,2026-03-24 15:36:34.581000-03:00,0.0,20.0,1,Dinheiro,ALFAJOR_PRETO_(PACOTE_X4),4,5.0,EXPO_AFUBRA,1,3,1,15,Tarde
764,102,25.0,2026-03-24 15:38:12.043000-03:00,0.0,25.0,1,Dinheiro,CUCA_ALEMÃ,1,25.0,EXPO_AFUBRA,1,3,1,15,Tarde
765,550,50.0,2026-03-24 15:39:36.306000-03:00,0.0,50.0,1,Dinheiro,CUCA_ALEMÃ,2,25.0,EXPO_AFUBRA,1,3,1,15,Tarde
766,237,10.0,2026-03-24 15:40:33.150000-03:00,0.0,10.0,1,Dinheiro,BOLACHA_DE_MANTEIGA,1,10.0,EXPO_AFUBRA,1,3,1,15,Tarde
767,460,25.0,2026-03-24 15:42:12.334000-03:00,0.0,25.0,1,Cartão,CUCA_ALEMÃ,1,25.0,EXPO_AFUBRA,1,3,1,15,Tarde
768,2292,25.0,2026-03-24 15:46:01.525000-03:00,0.0,25.0,1,Dinheiro,CUCA_ALEMÃ,1,25.0,EXPO_AFUBRA,1,3,1,15,Tarde
769,1090,50.0,2026-03-24 15:49:14.117000-03:00,0.0,50.0,1,Dinheiro,CUCA_ALEMÃ,2,25.0,EXPO_AFUBRA,1,3,1,15,Tarde
770,2124,25.0,2026-03-24 15:52:02.550000-03:00,0.0,25.0,1,Dinheiro,CUCA_ALEMÃ,1,25.0,EXPO_AFUBRA,1,3,1,15,Tarde
771,1874,25.0,2026-03-24 15:58:09.869000-03:00,0.0,25.0,1,Dinheiro,CUCA_ALEMÃ,1,25.0,EXPO_AFUBRA,1,3,1,15,Tarde
772,2271,40.0,2026-03-24 15:58:30.725000-03:00,0.0,40.0,1,Dinheiro,CUCA_ALEMÃ,1,25.0,EXPO_AFUBRA,2,3,1,15,Tarde
773,2271,40.0,2026-03-24 15:58:30.725000-03:00,0.0,40.0,1,Dinheiro,CUCA_ENROLADA,1,15.0,EXPO_AFUBRA,2,3,1,15,Tarde
774,594,40.0,2026-03-24 16:00:37.094000-03:00,0.0,40.0,1,Cartão,CUCA_ALEMÃ,1,25.0,EXPO_AFUBRA,2,3,1,16,Tarde
775,594,40.0,2026-03-24 16:00:37.094000-03:00,0.0,40.0,1,Cartão,CUCA_ENROLADA,1,15.0,EXPO_AFUBRA,2,3,1,16,Tarde
776,2188,40.0,2026-03-24 16:00:44.621000-03:00,0.0,40.0,1,Dinheiro,CUCA_ALEMÃ,1,25.0,EXPO_AFUBRA,2,3,1,16,Tarde
777,2188,40.0,2026-03-24 16:00:44.621000-03:00,0.0,40.0,1,Dinheiro,CUCA_ENROLADA,1,15.0,EXPO_AFUBRA,2,3,1,16,Tarde
778,515,25.0,2026-03-24 16:02:55.221000-03:00,0.0,25.0,1,Cartão,CUCA_ALEMÃ,1,25.0,EXPO_AFUBRA,1,3,1,16,Tarde
779,1802,7.0,2026-03-24 16:08:23.481000-03:00,0.0,7.0,1,Dinheiro,RAPADURA_DE_MELADO,1,7.0,EXPO_AFUBRA,1,3,1,16,Tarde
780,1525,40.0,2026-03-24 16:15:07.349000-03:00,0.0,40.0,1,Cartão,CUCA_ALEMÃ,1,25.0,EXPO_AFUBRA,2,3,1,16,Tarde
781,1525,40.0,2026-03-24 16:15:07.349000-03:00,0.0,40.0,1,Cartão,CUCA_ENROLADA,1,15.0,EXPO_AFUBRA,2,3,1,16,Tarde
782,1203,15.0,2026-03-24 16:18:58.425000-03:00,0.0,15.0,1,Dinheiro,CUCA_ENROLADA,1,15.0,EXPO_AFUBRA,1,3,1,16,Tarde
783,1915,25.0,2026-03-24 16:20:50.927000-03:00,0.0,25.0,1,Cartão,CUCA_ALEMÃ,1,25.0,EXPO_AFUBRA,1,3,1,16,Tarde
784,1249,25.0,2026-03-24 16:22:36.747000-03:00,0.0,25.0,1,Dinheiro,RAPADURA_ASSADA_(PACOTE_X6),6,4.166666666666667,EXPO_AFUBRA,1,3,1,16,Tarde
785,620,25.0,2026-03-24 16:22:52.443000-03:00,0.0,25.0,1,Dinheiro,CUCA_ALEMÃ,1,25.0,EXPO_AFUBRA,1,3,1,16,Tarde
786,953,45.0,2026-03-24 16:27:52.933000-03:00,0.0,45.0,1,Dinheiro,CUCA_ALEMÃ,1,25.0,EXPO_AFUBRA,3,3,1,16,Tarde
787,953,45.0,2026-03-24 16:27:52.933000-03:00,0.0,45.0,1,Dinheiro,CUCA_ENROLADA,1,15.0,EXPO_AFUBRA,3,3,1,16,Tarde
788,953,45.0,2026-03-24 16:27:52.933000-03:00,0.0,45.0,1,Dinheiro,RAPADURA_ASSADA,1,5.0,EXPO_AFUBRA,3,3,1,16,Tarde
789,1617,25.0,2026-03-24 16:30:51.964000-03:00,0.0,25.0,1,Dinheiro,CUCA_ALEMÃ,1,25.0,EXPO_AFUBRA,1,3,1,16,Tarde
790,727,5.0,2026-03-24 16:31:52.698000-03:00,0.0,5.0,1,Dinheiro,PÉ-DE-MOLEQUE,1,5.0,EXPO_AFUBRA,1,3,1,16,Tarde
791,2257,65.0,2026-03-24 16:33:59.693000-03:00,0.0,65.0,1,Cartão,ALFAJOR_PRETO_(PACOTE_X4),4,5.0,EXPO_AFUBRA,3,3,1,16,Tarde
792,2257,65.0,2026-03-24 16:33:59.693000-03:00,0.0,65.0,1,Cartão,RAPADURA_DE_MELADO_(PACOTE_X3),3,6.666666666666667,EXPO_AFUBRA,3,3,1,16,Tarde
793,2257,65.0,2026-03-24 16:33:59.693000-03:00,0.0,65.0,1,Cartão,RAPADURA_ASSADA_(PACOTE_X6),6,4.166666666666667,EXPO_AFUBRA,3,3,1,16,Tarde
794,1008,25.0,2026-03-24 16:34:37.292000-03:00,0.0,25.0,1,Cartão,CUCA_ALEMÃ,1,25.0,EXPO_AFUBRA,1,3,1,16,Tarde
795,2120,25.0,2026-03-24 16:38:01.667000-03:00,0.0,25.0,1,Cartão,CUCA_ALEMÃ,1,25.0,EXPO_AFUBRA,1,3,1,16,Tarde
796,1130,22.0,2026-03-24 16:42:05.804000-03:00,0.0,22.0,1,Dinheiro,RAPADURA_ASSADA,2,5.0,EXPO_AFUBRA,2,3,1,16,Tarde
797,1130,22.0,2026-03-24 16:42:05.804000-03:00,0.0,22.0,1,Dinheiro,ALFAJOR,2,6.0,EXPO_AFUBRA,2,3,1,16,Tarde
798,835,25.0,2026-03-24 16:44:27.019000-03:00,0.0,25.0,1,Pix,CUCA_ALEMÃ,1,25.0,EXPO_AFUBRA,1,3,1,16,Tarde
799,1964,25.0,2026-03-24 16:44:32.875000-03:00,0.0,25.0,1,Dinheiro,CUCA_ALEMÃ,1,25.0,EXPO_AFUBRA,1,3,1,16,Tarde
800,1597,25.0,2026-03-24 16:46:24.904000-03:00,0.0,25.0,1,Dinheiro,CUCA_ALEMÃ,1,25.0,EXPO_AFUBRA,1,3,1,16,Tarde
801,1932,50.0,2026-03-24 16:51:37.592000-03:00,0.0,50.0,1,Dinheiro,CUCA_ALEMÃ,2,25.0,EXPO_AFUBRA,1,3,1,16,Tarde
802,1452,65.0,2026-03-24 16:54:47.527000-03:00,0.0,65.0,1,Cartão,ALFAJOR_PRETO_(PACOTE_X4),4,5.0,EXPO_AFUBRA,3,3,1,16,Tarde
803,1452,65.0,2026-03-24 16:54:47.527000-03:00,0.0,65.0,1,Cartão,RAPADURA_DE_MELADO_(PACOTE_X3),3,6.666666666666667,EXPO_AFUBRA,3,3,1,16,Tarde
804,1452,65.0,2026-03-24 16:54:47.527000-03:00,0.0,65.0,1,Cartão,RAPADURA_ASSADA_(PACOTE_X6),6,4.166666666666667,EXPO_AFUBRA,3,3,1,16,Tarde
805,1002,25.0,2026-03-24 16:55:56.984000-03:00,0.0,25.0,1,Dinheiro,CUCA_ALEMÃ,1,25.0,EXPO_AFUBRA,1,3,1,16,Tarde
806,2317,25.0,2026-03-24 16:59:25.289000-03:00,0.0,25.0,1,Cartão,CUCA_ALEMÃ,1,25.0,EXPO_AFUBRA,1,3,1,16,Tarde
807,915,15.0,2026-03-24 16:59:35.394000-03:00,0.0,15.0,1,Dinheiro,CUCA_ENROLADA,1,15.0,EXPO_AFUBRA,1,3,1,16,Tarde
808,1321,25.0,2026-03-24 17:01:33.406000-03:00,0.0,25.0,1,Dinheiro,CUCA_ALEMÃ,1,25.0,EXPO_AFUBRA,1,3,1,17,Tarde
809,873,25.0,2026-03-24 17:04:15.765000-03:00,0.0,25.0,1,Pix,CUCA_ALEMÃ,1,25.0,EXPO_AFUBRA,1,3,1,17,Tarde
810,811,15.0,2026-03-24 17:06:35.505000-03:00,0.0,15.0,1,Cartão,CUCA_ENROLADA,1,15.0,EXPO_AFUBRA,1,3,1,17,Tarde
811,2256,25.0,2026-03-24 17:09:54.832000-03:00,0.0,25.0,1,Dinheiro,CUCA_ALEMÃ,1,25.0,EXPO_AFUBRA,1,3,1,17,Tarde
812,1205,22.0,2026-03-24 17:16:45.539000-03:00,0.0,22.0,1,Cartão,RAPADURA_DE_MELADO,1,7.0,EXPO_AFUBRA,2,3,1,17,Tarde
813,1205,22.0,2026-03-24 17:16:45.539000-03:00,0.0,22.0,1,Cartão,CUCA_ENROLADA,1,15.0,EXPO_AFUBRA,2,3,1,17,Tarde
814,482,25.0,2026-03-24 17:18:49.939000-03:00,0.0,25.0,1,Dinheiro,CUCA_ALEMÃ,1,25.0,EXPO_AFUBRA,1,3,1,17,Tarde
815,161,25.0,2026-03-24 17:20:40.966000-03:00,0.0,25.0,1,Dinheiro,CUCA_ALEMÃ,1,25.0,EXPO_AFUBRA,1,3,1,17,Tarde
816,1119,24.0,2026-03-24 17:21:16.765000-03:00,1.0,25.0,1,Dinheiro,CUCA_ALEMÃ,1,25.0,EXPO_AFUBRA,1,3,1,17,Tarde
817,1661,25.0,2026-03-24 17:21:30.112000-03:00,0.0,25.0,1,Dinheiro,CUCA_ALEMÃ,1,25.0,EXPO_AFUBRA,1,3,1,17,Tarde
818,1339,5.0,2026-03-24 17:21:51.682000-03:00,0.0,5.0,1,Dinheiro,RAPADURA_ASSADA,1,5.0,EXPO_AFUBRA,1,3,1,17,Tarde
819,1392,25.0,2026-03-24 17:28:14.126000-03:00,0.0,25.0,1,Dinheiro,CUCA_ALEMÃ,1,25.0,EXPO_AFUBRA,1,3,1,17,Tarde
820,249,15.0,2026-03-24 17:29:30.208000-03:00,0.0,15.0,1,Pix,CUCA_ENROLADA,1,15.0,EXPO_AFUBRA,1,3,1,17,Tarde
821,1223,15.0,2026-03-24 17:29:41.393000-03:00,0.0,15.0,1,Dinheiro,CUCA_ENROLADA,1,15.0,EXPO_AFUBRA,1,3,1,17,Tarde
822,2400,15.0,2026-03-24 17:33:08.808000-03:00,0.0,15.0,1,Dinheiro,CUCA_ENROLADA,1,15.0,EXPO_AFUBRA,1,3,1,17,Tarde
823,1996,20.0,2026-03-24 17:37:06.676000-03:00,1.0,21.0,1,Dinheiro,CUCA_ENROLADA,1,15.0,EXPO_AFUBRA,2,3,1,17,Tarde
824,1996,20.0,2026-03-24 17:37:06.676000-03:00,1.0,21.0,1,Dinheiro,ALFAJOR,1,6.0,EXPO_AFUBRA,2,3,1,17,Tarde
825,42,25.0,2026-03-24 17:39:22.770000-03:00,0.0,25.0,1,Dinheiro,CUCA_ALEMÃ,1,25.0,EXPO_AFUBRA,1,3,1,17,Tarde
826,785,60.0,2026-03-24 17:43:41.422000-03:00,0.0,60.0,1,Cartão,CUCA_ALEMÃ,1,25.0,EXPO_AFUBRA,3,3,1,17,Tarde
827,785,60.0,2026-03-24 17:43:41.422000-03:00,0.0,60.0,1,Cartão,CUCA_ENROLADA,1,15.0,EXPO_AFUBRA,3,3,1,17,Tarde
828,785,60.0,2026-03-24 17:43:41.422000-03:00,0.0,60.0,1,Cartão,ALFAJOR_PRETO_(PACOTE_X4),4,5.0,EXPO_AFUBRA,3,3,1,17,Tarde
829,870,15.0,2026-03-24 17:45:01.606000-03:00,0.0,15.0,1,Dinheiro,CUCA_ENROLADA,1,15.0,EXPO_AFUBRA,1,3,1,17,Tarde
830,1437,50.0,2026-03-24 17:49:49.828000-03:00,0.0,50.0,1,Cartão,CUCA_ALEMÃ,2,25.0,EXPO_AFUBRA,1,3,1,17,Tarde
831,1300,75.0,2026-03-24 21:38:35.885000-03:00,0.0,75.0,1,Dinheiro,CUCA_ALEMÃ,3,25.0,EXPO_AFUBRA,1,3,1,21,Noite
832,2265,7.0,2026-03-25 09:19:10.184000-03:00,0.0,7.0,1,Dinheiro,RAPADURA_DE_MELADO,1,7.0,EXPO_AFUBRA,1,3,2,9,Manhã
833,2440,5.0,2026-03-25 09:33:51.635000-03:00,0.0,5.0,1,Dinheiro,RAPADURA_ASSADA,1,5.0,EXPO_AFUBRA,1,3,2,9,Manhã
834,1026,5.0,2026-03-25 09:37:40.484000-03:00,0.0,5.0,1,Dinheiro,PÉ-DE-MOLEQUE,1,5.0,EXPO_AFUBRA,1,3,2,9,Manhã
835,1669,35.0,2026-03-25 09:38:32.790000-03:00,0.0,35.0,1,Dinheiro,RAPADURA_DE_MELADO_(PACOTE_X3),3,6.666666666666667,EXPO_AFUBRA,2,3,2,9,Manhã
836,1669,35.0,2026-03-25 09:38:32.790000-03:00,0.0,35.0,1,Dinheiro,CUCA_ENROLADA,1,15.0,EXPO_AFUBRA,2,3,2,9,Manhã
837,1977,40.0,2026-03-25 09:40:11.092000-03:00,0.0,40.0,1,Dinheiro,ALFAJOR_PRETO_(PACOTE_X4),8,5.0,EXPO_AFUBRA,1,3,2,9,Manhã
838,119,6.0,2026-03-25 09:52:45.142000-03:00,0.0,6.0,1,Pix,ALFAJOR,1,6.0,EXPO_AFUBRA,1,3,2,9,Manhã
839,1278,15.0,2026-03-25 09:53:34.971000-03:00,0.0,15.0,1,Dinheiro,RAPADURA_ASSADA,2,5.0,EXPO_AFUBRA,2,3,2,9,Manhã
840,1278,15.0,2026-03-25 09:53:34.971000-03:00,0.0,15.0,1,Dinheiro,PÉ-DE-MOLEQUE,1,5.0,EXPO_AFUBRA,2,3,2,9,Manhã
841,141,6.0,2026-03-25 09:57:44.038000-03:00,0.0,6.0,1,Dinheiro,ALFAJOR,1,6.0,EXPO_AFUBRA,1,3,2,9,Manhã
842,181,15.0,2026-03-25 10:01:02.655000-03:00,0.0,15.0,1,Dinheiro,CUCA_ENROLADA,1,15.0,EXPO_AFUBRA,1,3,2,10,Manhã
843,2151,17.0,2026-03-25 10:12:32.993000-03:00,0.0,17.0,1,Cartão,BOLACHA_DE_MANTEIGA,1,10.0,EXPO_AFUBRA,2,3,2,10,Manhã
844,2151,17.0,2026-03-25 10:12:32.993000-03:00,0.0,17.0,1,Cartão,RAPADURA_DE_MELADO,1,7.0,EXPO_AFUBRA,2,3,2,10,Manhã
845,2076,25.0,2026-03-25 10:17:48.533000-03:00,0.0,25.0,1,Dinheiro,RAPADURA_ASSADA_(PACOTE_X6),6,4.166666666666667,EXPO_AFUBRA,1,3,2,10,Manhã
846,756,8.0,2026-03-25 10:20:13.015000-03:00,0.0,8.0,1,Dinheiro,CRI-CRI_200G,1,8.0,EXPO_AFUBRA,1,3,2,10,Manhã
847,1051,14.0,2026-03-25 10:26:05.053000-03:00,0.0,14.0,1,Dinheiro,RAPADURA_DE_MELADO,2,7.0,EXPO_AFUBRA,1,3,2,10,Manhã
848,1280,7.0,2026-03-25 10:26:52.073000-03:00,0.0,7.0,1,Dinheiro,RAPADURA_DE_MELADO,1,7.0,EXPO_AFUBRA,1,3,2,10,Manhã
849,1207,25.0,2026-03-25 10:27:14.652000-03:00,0.0,25.0,1,Dinheiro,CUCA_ALEMÃ,1,25.0,EXPO_AFUBRA,1,3,2,10,Manhã
850,1618,20.0,2026-03-25 10:29:27.278000-03:00,0.0,20.0,1,Dinheiro,RAPADURA_DE_MELADO_(PACOTE_X3),3,6.666666666666667,EXPO_AFUBRA,1,3,2,10,Manhã
851,1944,5.0,2026-03-25 10:35:10.296000-03:00,0.0,5.0,1,Dinheiro,RAPADURA_ASSADA,1,5.0,EXPO_AFUBRA,1,3,2,10,Manhã
852,365,30.0,2026-03-25 10:37:38.368000-03:00,0.0,30.0,1,Dinheiro,CUCA_ENROLADA,2,15.0,EXPO_AFUBRA,1,3,2,10,Manhã
853,605,25.0,2026-03-25 10:39:40.087000-03:00,0.0,25.0,1,Dinheiro,CUCA_ALEMÃ,1,25.0,EXPO_AFUBRA,1,3,2,10,Manhã
854,1859,15.0,2026-03-25 10:41:49.774000-03:00,0.0,15.0,1,Dinheiro,CUCA_ENROLADA,1,15.0,EXPO_AFUBRA,1,3,2,10,Manhã
855,2298,25.0,2026-03-25 10:47:38.733000-03:00,0.0,25.0,1,Dinheiro,CUCA_ALEMÃ,1,25.0,EXPO_AFUBRA,1,3,2,10,Manhã
856,2105,25.0,2026-03-25 10:50:01.807000-03:00,0.0,25.0,1,Dinheiro,CUCA_ALEMÃ,1,25.0,EXPO_AFUBRA,1,3,2,10,Manhã
857,2249,6.0,2026-03-25 10:52:59.336000-03:00,0.0,6.0,1,Dinheiro,ALFAJOR,1,6.0,EXPO_AFUBRA,1,3,2,10,Manhã
858,1117,5.0,2026-03-25 10:55:31.960000-03:00,1.0,6.0,1,Dinheiro,ALFAJOR,1,6.0,EXPO_AFUBRA,1,3,2,10,Manhã
859,1044,20.0,2026-03-25 10:59:09.617000-03:00,0.0,20.0,1,Cartão,RAPADURA_ASSADA,1,5.0,EXPO_AFUBRA,2,3,2,10,Manhã
860,1044,20.0,2026-03-25 10:59:09.617000-03:00,0.0,20.0,1,Cartão,CUCA_ENROLADA,1,15.0,EXPO_AFUBRA,2,3,2,10,Manhã
861,427,25.0,2026-03-25 11:01:12.717000-03:00,0.0,25.0,1,Dinheiro,CUCA_ALEMÃ,1,25.0,EXPO_AFUBRA,1,3,2,11,Manhã
862,412,25.0,2026-03-25 11:12:20.877000-03:00,0.0,25.0,1,Cartão,CUCA_ALEMÃ,1,25.0,EXPO_AFUBRA,1,3,2,11,Manhã
863,274,20.0,2026-03-25 11:13:01.725000-03:00,0.0,20.0,1,Cartão,ALFAJOR_PRETO_(PACOTE_X4),4,5.0,EXPO_AFUBRA,1,3,2,11,Manhã
864,2015,15.0,2026-03-25 11:14:25.521000-03:00,0.0,15.0,1,Dinheiro,CUCA_ENROLADA,1,15.0,EXPO_AFUBRA,1,3,2,11,Manhã
865,1730,31.0,2026-03-25 11:19:35.390000-03:00,0.0,31.0,1,Dinheiro,ALFAJOR,1,6.0,EXPO_AFUBRA,2,3,2,11,Manhã
866,1730,31.0,2026-03-25 11:19:35.390000-03:00,0.0,31.0,1,Dinheiro,CUCA_ALEMÃ,1,25.0,EXPO_AFUBRA,2,3,2,11,Manhã
867,1540,25.0,2026-03-25 11:26:38.929000-03:00,0.0,25.0,1,Dinheiro,CUCA_ALEMÃ,1,25.0,EXPO_AFUBRA,1,3,2,11,Manhã
868,426,25.0,2026-03-25 11:39:15.113000-03:00,0.0,25.0,1,Dinheiro,CUCA_ALEMÃ,1,25.0,EXPO_AFUBRA,1,3,2,11,Manhã
869,1695,10.0,2026-03-25 11:42:35.089000-03:00,0.0,10.0,1,Dinheiro,RAPADURA_ASSADA,2,5.0,EXPO_AFUBRA,1,3,2,11,Manhã
870,1613,8.0,2026-03-25 11:44:15.268000-03:00,0.0,8.0,1,Dinheiro,CRI-CRI_200G,1,8.0,EXPO_AFUBRA,1,3,2,11,Manhã
871,1402,15.0,2026-03-25 11:44:40.075000-03:00,0.0,15.0,1,Dinheiro,CUCA_ENROLADA,1,15.0,EXPO_AFUBRA,1,3,2,11,Manhã
872,2446,7.0,2026-03-25 11:57:37.531000-03:00,0.0,7.0,1,Dinheiro,RAPADURA_DE_MELADO,1,7.0,EXPO_AFUBRA,1,3,2,11,Manhã
873,272,15.0,2026-03-25 12:02:15.580000-03:00,0.0,15.0,1,Dinheiro,CUCA_ENROLADA,1,15.0,EXPO_AFUBRA,1,3,2,12,Tarde
874,387,20.0,2026-03-25 12:16:02.900000-03:00,0.0,20.0,1,Dinheiro,RAPADURA_DE_MELADO_(PACOTE_X3),3,6.666666666666667,EXPO_AFUBRA,1,3,2,12,Tarde
875,726,15.0,2026-03-25 12:24:58.490000-03:00,0.0,15.0,1,Cartão,AMENDOIM_SALGADO_E_TEMPERADO,1,8.0,EXPO_AFUBRA,2,3,2,12,Tarde
876,726,15.0,2026-03-25 12:24:58.490000-03:00,0.0,15.0,1,Cartão,RAPADURA_DE_MELADO,1,7.0,EXPO_AFUBRA,2,3,2,12,Tarde
877,926,20.0,2026-03-25 12:28:10.441000-03:00,0.0,20.0,1,Dinheiro,ALFAJOR_PRETO_(PACOTE_X4),4,5.0,EXPO_AFUBRA,1,3,2,12,Tarde
878,751,30.0,2026-03-25 12:36:39.528000-03:00,0.0,30.0,1,Dinheiro,CUCA_ENROLADA,2,15.0,EXPO_AFUBRA,1,3,2,12,Tarde
879,1703,25.0,2026-03-25 12:41:47.190000-03:00,0.0,25.0,1,Dinheiro,CUCA_ALEMÃ,1,25.0,EXPO_AFUBRA,1,3,2,12,Tarde
880,1201,12.0,2026-03-25 12:42:33.452000-03:00,0.0,12.0,1,Dinheiro,ALFAJOR,2,6.0,EXPO_AFUBRA,1,3,2,12,Tarde
881,1655,7.0,2026-03-25 12:46:33.837000-03:00,0.0,7.0,1,Dinheiro,RAPADURA_DE_MELADO,1,7.0,EXPO_AFUBRA,1,3,2,12,Tarde
882,2266,15.0,2026-03-25 12:47:18.525000-03:00,0.0,15.0,1,Dinheiro,CUCA_ENROLADA,1,15.0,EXPO_AFUBRA,1,3,2,12,Tarde
883,803,5.0,2026-03-25 12:50:52.091000-03:00,0.0,5.0,1,Cartão,PÉ-DE-MOLEQUE,1,5.0,EXPO_AFUBRA,1,3,2,12,Tarde
884,780,25.0,2026-03-25 12:53:56.835000-03:00,0.0,25.0,1,Dinheiro,CUCA_ALEMÃ,1,25.0,EXPO_AFUBRA,1,3,2,12,Tarde
885,207,7.0,2026-03-25 12:57:56.500000-03:00,0.0,7.0,1,Dinheiro,RAPADURA_DE_MELADO,1,7.0,EXPO_AFUBRA,1,3,2,12,Tarde
886,396,40.0,2026-03-25 12:58:29.960000-03:00,0.0,40.0,1,Dinheiro,CUCA_ALEMÃ,1,25.0,EXPO_AFUBRA,2,3,2,12,Tarde
887,396,40.0,2026-03-25 12:58:29.960000-03:00,0.0,40.0,1,Dinheiro,CUCA_ENROLADA,1,15.0,EXPO_AFUBRA,2,3,2,12,Tarde
888,1337,7.0,2026-03-25 13:04:09.106000-03:00,0.0,7.0,1,Dinheiro,RAPADURA_DE_MELADO,1,7.0,EXPO_AFUBRA,1,3,2,13,Tarde
889,2,15.0,2026-03-25 13:08:12.365000-03:00,0.0,15.0,1,Cartão,CUCA_ENROLADA,1,15.0,EXPO_AFUBRA,1,3,2,13,Tarde
890,2419,13.0,2026-03-25 13:21:09.626000-03:00,0.0,13.0,1,Cartão,RAPADURA_DE_MELADO,1,7.0,EXPO_AFUBRA,2,3,2,13,Tarde
891,2419,13.0,2026-03-25 13:21:09.626000-03:00,0.0,13.0,1,Cartão,ALFAJOR,1,6.0,EXPO_AFUBRA,2,3,2,13,Tarde
892,685,75.0,2026-03-25 13:21:19.850000-03:00,0.0,75.0,1,Dinheiro,RAPADURA_ASSADA_(PACOTE_X6),18,4.166666666666667,EXPO_AFUBRA,1,3,2,13,Tarde
893,1354,40.0,2026-03-25 13:26:29.181000-03:00,0.0,40.0,1,Dinheiro,CUCA_ALEMÃ,1,25.0,EXPO_AFUBRA,2,3,2,13,Tarde
894,1354,40.0,2026-03-25 13:26:29.181000-03:00,0.0,40.0,1,Dinheiro,CUCA_ENROLADA,1,15.0,EXPO_AFUBRA,2,3,2,13,Tarde
895,2407,7.0,2026-03-25 13:27:44.833000-03:00,0.0,7.0,1,Pix,RAPADURA_DE_MELADO,1,7.0,EXPO_AFUBRA,1,3,2,13,Tarde
896,956,20.0,2026-03-25 13:32:52.319000-03:00,0.0,20.0,1,Dinheiro,ALFAJOR_PRETO_(PACOTE_X4),4,5.0,EXPO_AFUBRA,1,3,2,13,Tarde
897,244,12.0,2026-03-25 13:34:38.552000-03:00,0.0,12.0,1,Dinheiro,ALFAJOR,2,6.0,EXPO_AFUBRA,1,3,2,13,Tarde
898,2263,20.0,2026-03-25 13:34:55.647000-03:00,0.0,20.0,1,Dinheiro,ALFAJOR_PRETO_(CAIXA_X16),0,5.0,EXPO_AFUBRA,2,3,2,13,Tarde
899,2263,20.0,2026-03-25 13:34:55.647000-03:00,0.0,20.0,1,Dinheiro,ALFAJOR_PRETO_(PACOTE_X4),4,5.0,EXPO_AFUBRA,2,3,2,13,Tarde
900,942,50.0,2026-03-25 13:45:01.202000-03:00,0.0,50.0,1,Cartão,CUCA_ALEMÃ,1,25.0,EXPO_AFUBRA,2,3,2,13,Tarde
901,942,50.0,2026-03-25 13:45:01.202000-03:00,0.0,50.0,1,Cartão,RAPADURA_ASSADA_(PACOTE_X6),6,4.166666666666667,EXPO_AFUBRA,2,3,2,13,Tarde
902,537,40.0,2026-03-25 13:49:22.116000-03:00,0.0,40.0,1,Dinheiro,RAPADURA_DE_MELADO_(PACOTE_X3),6,6.666666666666667,EXPO_AFUBRA,1,3,2,13,Tarde
903,2358,15.0,2026-03-25 13:53:14.802000-03:00,0.0,15.0,1,Dinheiro,CUCA_ENROLADA,1,15.0,EXPO_AFUBRA,1,3,2,13,Tarde
904,1971,15.0,2026-03-25 13:54:40.292000-03:00,0.0,15.0,1,Dinheiro,CUCA_ENROLADA,1,15.0,EXPO_AFUBRA,1,3,2,13,Tarde
905,1572,40.0,2026-03-25 13:55:23.233000-03:00,0.0,40.0,1,Pix,CUCA_ALEMÃ,1,25.0,EXPO_AFUBRA,3,3,2,13,Tarde
906,1572,40.0,2026-03-25 13:55:23.233000-03:00,0.0,40.0,1,Pix,AMENDOIM_SALGADO_E_TEMPERADO,1,8.0,EXPO_AFUBRA,3,3,2,13,Tarde
907,1572,40.0,2026-03-25 13:55:23.233000-03:00,0.0,40.0,1,Pix,RAPADURA_DE_MELADO,1,7.0,EXPO_AFUBRA,3,3,2,13,Tarde
908,2378,20.0,2026-03-25 13:55:52.502000-03:00,0.0,20.0,1,Cartão,ALFAJOR_PRETO_(PACOTE_X4),4,5.0,EXPO_AFUBRA,1,3,2,13,Tarde
909,2303,25.0,2026-03-25 13:58:27.562000-03:00,0.0,25.0,1,Dinheiro,RAPADURA_ASSADA_(PACOTE_X6),6,4.166666666666667,EXPO_AFUBRA,1,3,2,13,Tarde
910,825,32.0,2026-03-25 13:59:07.359000-03:00,0.0,32.0,1,Pix,RAPADURA_ASSADA_(PACOTE_X6),6,4.166666666666667,EXPO_AFUBRA,2,3,2,13,Tarde
911,825,32.0,2026-03-25 13:59:07.359000-03:00,0.0,32.0,1,Pix,RAPADURA_DE_MELADO,1,7.0,EXPO_AFUBRA,2,3,2,13,Tarde
912,583,25.0,2026-03-25 13:59:20.189000-03:00,0.0,25.0,1,Cartão,RAPADURA_ASSADA_(PACOTE_X6),6,4.166666666666667,EXPO_AFUBRA,1,3,2,13,Tarde
913,349,10.0,2026-03-25 14:01:24.504000-03:00,0.0,10.0,1,Dinheiro,RAPADURA_ASSADA,2,5.0,EXPO_AFUBRA,1,3,2,14,Tarde
914,47,15.0,2026-03-25 14:02:37.658000-03:00,0.0,15.0,1,Dinheiro,AMENDOIM_SALGADO_E_TEMPERADO,1,8.0,EXPO_AFUBRA,2,3,2,14,Tarde
915,47,15.0,2026-03-25 14:02:37.658000-03:00,0.0,15.0,1,Dinheiro,RAPADURA_DE_MELADO,1,7.0,EXPO_AFUBRA,2,3,2,14,Tarde
916,2236,45.0,2026-03-25 14:06:02.406000-03:00,0.0,45.0,1,Cartão,CUCA_ALEMÃ,1,25.0,EXPO_AFUBRA,2,3,2,14,Tarde
917,2236,45.0,2026-03-25 14:06:02.406000-03:00,0.0,45.0,1,Cartão,RAPADURA_DE_MELADO_(PACOTE_X3),3,6.666666666666667,EXPO_AFUBRA,2,3,2,14,Tarde
918,512,15.0,2026-03-25 14:06:12.123000-03:00,0.0,15.0,1,Dinheiro,CUCA_ENROLADA,1,15.0,EXPO_AFUBRA,1,3,2,14,Tarde
919,1563,5.0,2026-03-25 14:06:24.160000-03:00,0.0,5.0,1,Dinheiro,RAPADURA_ASSADA,1,5.0,EXPO_AFUBRA,1,3,2,14,Tarde
920,2043,25.0,2026-03-25 14:07:19.162000-03:00,0.0,25.0,1,Dinheiro,CUCA_ENROLADA,1,15.0,EXPO_AFUBRA,2,3,2,14,Tarde
921,2043,25.0,2026-03-25 14:07:19.162000-03:00,0.0,25.0,1,Dinheiro,BOLACHA_DE_MANTEIGA,1,10.0,EXPO_AFUBRA,2,3,2,14,Tarde
922,911,15.0,2026-03-25 14:07:38.538000-03:00,0.0,15.0,1,Dinheiro,CUCA_ENROLADA,1,15.0,EXPO_AFUBRA,1,3,2,14,Tarde
923,680,7.0,2026-03-25 14:09:10.820000-03:00,0.0,7.0,1,Dinheiro,RAPADURA_DE_MELADO,1,7.0,EXPO_AFUBRA,1,3,2,14,Tarde
924,1235,20.0,2026-03-25 14:11:39.958000-03:00,0.0,20.0,1,Dinheiro,RAPADURA_DE_MELADO_(PACOTE_X3),3,6.666666666666667,EXPO_AFUBRA,1,3,2,14,Tarde
925,508,7.0,2026-03-25 14:13:37.504000-03:00,0.0,7.0,1,Dinheiro,RAPADURA_DE_MELADO,1,7.0,EXPO_AFUBRA,1,3,2,14,Tarde
926,1056,15.0,2026-03-25 14:15:51.384000-03:00,0.0,15.0,1,Dinheiro,CUCA_ENROLADA,1,15.0,EXPO_AFUBRA,1,3,2,14,Tarde
927,1466,37.0,2026-03-25 14:17:28.495000-03:00,0.0,37.0,1,Dinheiro,CUCA_ENROLADA,2,15.0,EXPO_AFUBRA,2,3,2,14,Tarde
928,1466,37.0,2026-03-25 14:17:28.495000-03:00,0.0,37.0,1,Dinheiro,RAPADURA_DE_MELADO,1,7.0,EXPO_AFUBRA,2,3,2,14,Tarde
929,2044,22.0,2026-03-25 14:18:33.600000-03:00,0.0,22.0,1,Dinheiro,RAPADURA_DE_MELADO,1,7.0,EXPO_AFUBRA,2,3,2,14,Tarde
930,2044,22.0,2026-03-25 14:18:33.600000-03:00,0.0,22.0,1,Dinheiro,CUCA_ENROLADA,1,15.0,EXPO_AFUBRA,2,3,2,14,Tarde
931,2341,7.0,2026-03-25 14:18:44.860000-03:00,0.0,7.0,1,Dinheiro,RAPADURA_DE_MELADO,1,7.0,EXPO_AFUBRA,1,3,2,14,Tarde
932,903,25.0,2026-03-25 14:19:50.851000-03:00,0.0,25.0,1,Dinheiro,CUCA_ALEMÃ,1,25.0,EXPO_AFUBRA,1,3,2,14,Tarde
933,2100,7.0,2026-03-25 14:24:02.488000-03:00,0.0,7.0,1,Cartão,RAPADURA_DE_MELADO,1,7.0,EXPO_AFUBRA,1,3,2,14,Tarde
934,2277,20.0,2026-03-25 14:24:17.558000-03:00,0.0,20.0,1,Dinheiro,RAPADURA_DE_MELADO_(PACOTE_X3),3,6.666666666666667,EXPO_AFUBRA,1,3,2,14,Tarde
935,1880,40.0,2026-03-25 14:25:05.775000-03:00,0.0,40.0,1,Dinheiro,CUCA_ENROLADA,1,15.0,EXPO_AFUBRA,2,3,2,14,Tarde
936,1880,40.0,2026-03-25 14:25:05.775000-03:00,0.0,40.0,1,Dinheiro,CUCA_ALEMÃ,1,25.0,EXPO_AFUBRA,2,3,2,14,Tarde
937,1559,20.0,2026-03-25 14:25:23.849000-03:00,0.0,20.0,1,Dinheiro,ALFAJOR_PRETO_(PACOTE_X4),4,5.0,EXPO_AFUBRA,1,3,2,14,Tarde
938,2138,12.0,2026-03-25 14:27:59.845000-03:00,0.0,12.0,1,Pix,ALFAJOR,2,6.0,EXPO_AFUBRA,1,3,2,14,Tarde
939,1254,20.0,2026-03-25 14:31:24.929000-03:00,0.0,20.0,1,Dinheiro,RAPADURA_DE_MELADO_(PACOTE_X3),3,6.666666666666667,EXPO_AFUBRA,1,3,2,14,Tarde
940,990,7.0,2026-03-25 14:33:48.107000-03:00,0.0,7.0,1,Dinheiro,RAPADURA_DE_MELADO,1,7.0,EXPO_AFUBRA,1,3,2,14,Tarde
941,2357,15.0,2026-03-25 14:34:37.907000-03:00,0.0,15.0,1,Cartão,CUCA_ENROLADA,1,15.0,EXPO_AFUBRA,1,3,2,14,Tarde
942,906,50.0,2026-03-25 14:35:56.319000-03:00,0.0,50.0,1,Dinheiro,RAPADURA_DE_MELADO_(PACOTE_X3),3,6.666666666666667,EXPO_AFUBRA,2,3,2,14,Tarde
943,906,50.0,2026-03-25 14:35:56.319000-03:00,0.0,50.0,1,Dinheiro,CUCA_ENROLADA,2,15.0,EXPO_AFUBRA,2,3,2,14,Tarde
944,253,55.0,2026-03-25 14:39:53.210000-03:00,2.0,57.0,1,Cartão,ALFAJOR_PRETO_(PACOTE_X4),4,5.0,EXPO_AFUBRA,3,3,2,14,Tarde
945,253,55.0,2026-03-25 14:39:53.210000-03:00,2.0,57.0,1,Cartão,ALFAJOR,2,6.0,EXPO_AFUBRA,3,3,2,14,Tarde
946,253,55.0,2026-03-25 14:39:53.210000-03:00,2.0,57.0,1,Cartão,RAPADURA_ASSADA_(PACOTE_X6),6,4.166666666666667,EXPO_AFUBRA,3,3,2,14,Tarde
947,1033,30.0,2026-03-25 14:41:22.027000-03:00,0.0,30.0,1,Cartão,CUCA_ENROLADA,2,15.0,EXPO_AFUBRA,1,3,2,14,Tarde
948,2180,14.0,2026-03-25 14:43:04.894000-03:00,0.0,14.0,1,Dinheiro,RAPADURA_DE_MELADO,2,7.0,EXPO_AFUBRA,1,3,2,14,Tarde
949,447,7.0,2026-03-25 14:47:00.982000-03:00,0.0,7.0,1,Dinheiro,RAPADURA_DE_MELADO,1,7.0,EXPO_AFUBRA,1,3,2,14,Tarde
950,813,10.0,2026-03-25 14:51:14.174000-03:00,0.0,10.0,1,Dinheiro,RAPADURA_ASSADA,2,5.0,EXPO_AFUBRA,1,3,2,14,Tarde
951,81,7.0,2026-03-25 14:57:13.719000-03:00,0.0,7.0,1,Cartão,RAPADURA_DE_MELADO,1,7.0,EXPO_AFUBRA,1,3,2,14,Tarde
952,203,14.0,2026-03-25 14:57:26.694000-03:00,0.0,14.0,1,Dinheiro,RAPADURA_DE_MELADO,2,7.0,EXPO_AFUBRA,1,3,2,14,Tarde
953,1941,20.0,2026-03-25 15:05:50.537000-03:00,0.0,20.0,1,Cartão,RAPADURA_ASSADA,1,5.0,EXPO_AFUBRA,2,3,2,15,Tarde
954,1941,20.0,2026-03-25 15:05:50.537000-03:00,0.0,20.0,1,Cartão,CUCA_ENROLADA,1,15.0,EXPO_AFUBRA,2,3,2,15,Tarde
955,1093,12.0,2026-03-25 15:17:31.974000-03:00,0.0,12.0,1,Dinheiro,ALFAJOR,2,6.0,EXPO_AFUBRA,1,3,2,15,Tarde
956,2134,20.0,2026-03-25 15:21:09.746000-03:00,0.0,20.0,1,Dinheiro,RAPADURA_DE_MELADO_(PACOTE_X3),3,6.666666666666667,EXPO_AFUBRA,1,3,2,15,Tarde
957,1750,25.0,2026-03-25 15:26:16.708000-03:00,0.0,25.0,1,Dinheiro,CUCA_ALEMÃ,1,25.0,EXPO_AFUBRA,1,3,2,15,Tarde
958,2203,10.0,2026-03-25 15:27:14.479000-03:00,0.0,10.0,1,Dinheiro,BOLACHA_DE_MANTEIGA,1,10.0,EXPO_AFUBRA,1,3,2,15,Tarde
959,1836,15.0,2026-03-25 15:31:59.572000-03:00,0.0,15.0,1,Dinheiro,CUCA_ENROLADA,1,15.0,EXPO_AFUBRA,1,3,2,15,Tarde
960,1181,55.0,2026-03-25 15:37:43.379000-03:00,0.0,55.0,1,Dinheiro,RAPADURA_ASSADA_(PACOTE_X6),6,4.166666666666667,EXPO_AFUBRA,2,3,2,15,Tarde
961,1181,55.0,2026-03-25 15:37:43.379000-03:00,0.0,55.0,1,Dinheiro,CUCA_ENROLADA,2,15.0,EXPO_AFUBRA,2,3,2,15,Tarde
962,914,27.0,2026-03-25 15:40:51.232000-03:00,0.0,27.0,1,Dinheiro,ALFAJOR_PRETO_(PACOTE_X4),4,5.0,EXPO_AFUBRA,2,3,2,15,Tarde
963,914,27.0,2026-03-25 15:40:51.232000-03:00,0.0,27.0,1,Dinheiro,RAPADURA_DE_MELADO,1,7.0,EXPO_AFUBRA,2,3,2,15,Tarde
964,2430,6.0,2026-03-25 15:41:19.168000-03:00,0.0,6.0,1,Dinheiro,ALFAJOR,1,6.0,EXPO_AFUBRA,1,3,2,15,Tarde
965,996,50.0,2026-03-25 15:44:19.859000-03:00,0.0,50.0,1,Dinheiro,CUCA_ENROLADA,2,15.0,EXPO_AFUBRA,2,3,2,15,Tarde
966,996,50.0,2026-03-25 15:44:19.859000-03:00,0.0,50.0,1,Dinheiro,ALFAJOR_PRETO_(PACOTE_X4),4,5.0,EXPO_AFUBRA,2,3,2,15,Tarde
967,470,15.0,2026-03-25 15:47:28.163000-03:00,0.0,15.0,1,Dinheiro,CUCA_ENROLADA,1,15.0,EXPO_AFUBRA,1,3,2,15,Tarde
968,2435,45.0,2026-03-25 15:48:20.788000-03:00,0.0,45.0,1,Dinheiro,CUCA_ENROLADA,3,15.0,EXPO_AFUBRA,1,3,2,15,Tarde
969,1445,35.0,2026-03-25 15:50:37.224000-03:00,0.0,35.0,1,Cartão,ALFAJOR_PRETO_(PACOTE_X4),4,5.0,EXPO_AFUBRA,2,3,2,15,Tarde
970,1445,35.0,2026-03-25 15:50:37.224000-03:00,0.0,35.0,1,Cartão,CUCA_ENROLADA,1,15.0,EXPO_AFUBRA,2,3,2,15,Tarde
971,1738,15.0,2026-03-25 15:53:26.589000-03:00,0.0,15.0,1,Dinheiro,CUCA_ENROLADA,1,15.0,EXPO_AFUBRA,1,3,2,15,Tarde
972,352,15.0,2026-03-25 15:58:45.689000-03:00,0.0,15.0,1,Dinheiro,CUCA_ENROLADA,1,15.0,EXPO_AFUBRA,1,3,2,15,Tarde
973,475,20.0,2026-03-25 16:08:38.672000-03:00,0.0,20.0,1,Dinheiro,ALFAJOR_PRETO_(PACOTE_X4),4,5.0,EXPO_AFUBRA,1,3,2,16,Tarde
974,587,40.0,2026-03-25 16:09:58.491000-03:00,0.0,40.0,1,Dinheiro,ALFAJOR_PRETO_(PACOTE_X4),8,5.0,EXPO_AFUBRA,1,3,2,16,Tarde
975,919,30.0,2026-03-25 16:33:40.912000-03:00,0.0,30.0,1,Dinheiro,CUCA_ENROLADA,2,15.0,EXPO_AFUBRA,1,3,2,16,Tarde
976,1493,6.0,2026-03-25 16:34:51.058000-03:00,0.0,6.0,1,Dinheiro,ALFAJOR,1,6.0,EXPO_AFUBRA,1,3,2,16,Tarde
977,2067,25.0,2026-03-25 16:40:14.391000-03:00,0.0,25.0,1,Pix,RAPADURA_ASSADA_(PACOTE_X6),6,4.166666666666667,EXPO_AFUBRA,1,3,2,16,Tarde
978,1879,8.0,2026-03-25 16:40:46.848000-03:00,0.0,8.0,1,Cartão,CRI-CRI_200G,1,8.0,EXPO_AFUBRA,1,3,2,16,Tarde
979,1549,6.0,2026-03-25 16:40:53.936000-03:00,0.0,6.0,1,Dinheiro,ALFAJOR,1,6.0,EXPO_AFUBRA,1,3,2,16,Tarde
980,70,11.0,2026-03-25 16:52:01.167000-03:00,0.0,11.0,1,Cartão,ALFAJOR,1,6.0,EXPO_AFUBRA,2,3,2,16,Tarde
981,70,11.0,2026-03-25 16:52:01.167000-03:00,0.0,11.0,1,Cartão,RAPADURA_ASSADA,1,5.0,EXPO_AFUBRA,2,3,2,16,Tarde
982,495,20.0,2026-03-25 17:00:09.760000-03:00,0.0,20.0,1,Dinheiro,ALFAJOR_PRETO_(PACOTE_X4),4,5.0,EXPO_AFUBRA,1,3,2,17,Tarde
983,577,20.0,2026-03-25 17:13:48.906000-03:00,0.0,20.0,1,Dinheiro,RAPADURA_DE_MELADO_(PACOTE_X3),3,6.666666666666667,EXPO_AFUBRA,1,3,2,17,Tarde
984,1812,20.0,2026-03-25 17:16:04.532000-03:00,0.0,20.0,1,Dinheiro,RAPADURA_DE_MELADO_(PACOTE_X3),3,6.666666666666667,EXPO_AFUBRA,1,3,2,17,Tarde
985,929,20.0,2026-03-25 17:19:04.268000-03:00,0.0,20.0,1,Dinheiro,ALFAJOR_PRETO_(PACOTE_X4),4,5.0,EXPO_AFUBRA,1,3,2,17,Tarde
986,850,25.0,2026-03-25 17:20:24.681000-03:00,0.0,25.0,1,Dinheiro,RAPADURA_ASSADA_(PACOTE_X6),6,4.166666666666667,EXPO_AFUBRA,1,3,2,17,Tarde
987,2163,25.0,2026-03-25 17:29:39.439000-03:00,0.0,25.0,1,Dinheiro,RAPADURA_ASSADA_(PACOTE_X6),6,4.166666666666667,EXPO_AFUBRA,1,3,2,17,Tarde
988,1772,20.0,2026-03-25 17:31:08.956000-03:00,0.0,20.0,1,Pix,ALFAJOR_PRETO_(PACOTE_X4),4,5.0,EXPO_AFUBRA,1,3,2,17,Tarde
989,2314,19.0,2026-03-25 17:34:50.729000-03:00,0.0,19.0,1,Cartão,ALFAJOR,2,6.0,EXPO_AFUBRA,2,3,2,17,Tarde
990,2314,19.0,2026-03-25 17:34:50.729000-03:00,0.0,19.0,1,Cartão,RAPADURA_DE_MELADO,1,7.0,EXPO_AFUBRA,2,3,2,17,Tarde
991,1429,11.0,2026-03-25 17:47:17.355000-03:00,0.0,11.0,1,Dinheiro,ALFAJOR,1,6.0,EXPO_AFUBRA,2,3,2,17,Tarde
992,1429,11.0,2026-03-25 17:47:17.355000-03:00,0.0,11.0,1,Dinheiro,RAPADURA_ASSADA,1,5.0,EXPO_AFUBRA,2,3,2,17,Tarde
993,2420,25.0,2026-03-26 08:22:21.386000-03:00,0.0,25.0,1,Dinheiro,CUCA_ALEMÃ,1,25.0,EXPO_AFUBRA,1,3,3,8,Manhã
994,503,12.0,2026-03-26 08:28:58.145000-03:00,0.0,12.0,1,Dinheiro,RAPADURA_ASSADA,1,5.0,EXPO_AFUBRA,2,3,3,8,Manhã
995,503,12.0,2026-03-26 08:28:58.145000-03:00,0.0,12.0,1,Dinheiro,RAPADURA_DE_MELADO,1,7.0,EXPO_AFUBRA,2,3,3,8,Manhã
996,545,17.0,2026-03-26 08:30:20.755000-03:00,0.0,17.0,1,Dinheiro,ALFAJOR,2,6.0,EXPO_AFUBRA,2,3,3,8,Manhã
997,545,17.0,2026-03-26 08:30:20.755000-03:00,0.0,17.0,1,Dinheiro,RAPADURA_ASSADA,1,5.0,EXPO_AFUBRA,2,3,3,8,Manhã
998,712,40.0,2026-03-26 08:49:24.207000-03:00,0.0,40.0,1,Dinheiro,RAPADURA_DE_MELADO_(PACOTE_X3),3,6.666666666666667,EXPO_AFUBRA,2,3,3,8,Manhã
999,712,40.0,2026-03-26 08:49:24.207000-03:00,0.0,40.0,1,Dinheiro,ALFAJOR_PRETO_(PACOTE_X4),4,5.0,EXPO_AFUBRA,2,3,3,8,Manhã
1000,921,20.0,2026-03-26 08:56:44.272000-03:00,0.0,20.0,1,Cartão,ALFAJOR_PRETO_(PACOTE_X4),4,5.0,EXPO_AFUBRA,1,3,3,8,Manhã
1001,1440,25.0,2026-03-26 09:03:03.016000-03:00,0.0,25.0,1,Pix,CUCA_ALEMÃ,1,25.0,EXPO_AFUBRA,1,3,3,9,Manhã
1002,2060,45.0,2026-03-26 09:06:38.119000-03:00,0.0,45.0,1,Dinheiro,RAPADURA_ASSADA_(PACOTE_X6),6,4.166666666666667,EXPO_AFUBRA,2,3,3,9,Manhã
1003,2060,45.0,2026-03-26 09:06:38.119000-03:00,0.0,45.0,1,Dinheiro,ALFAJOR_PRETO_(PACOTE_X4),4,5.0,EXPO_AFUBRA,2,3,3,9,Manhã
1004,1860,40.0,2026-03-26 09:15:12.687000-03:00,0.0,40.0,1,Cartão,CUCA_ALEMÃ,1,25.0,EXPO_AFUBRA,2,3,3,9,Manhã
1005,1860,40.0,2026-03-26 09:15:12.687000-03:00,0.0,40.0,1,Cartão,CUCA_ENROLADA,1,15.0,EXPO_AFUBRA,2,3,3,9,Manhã
1006,1359,10.0,2026-03-26 09:15:54.083000-03:00,0.0,10.0,1,Dinheiro,BOLACHA_DE_MANTEIGA,1,10.0,EXPO_AFUBRA,1,3,3,9,Manhã
1007,1916,40.0,2026-03-26 09:17:03.598000-03:00,0.0,40.0,1,Cartão,CUCA_ALEMÃ,1,25.0,EXPO_AFUBRA,2,3,3,9,Manhã
1008,1916,40.0,2026-03-26 09:17:03.598000-03:00,0.0,40.0,1,Cartão,CUCA_ENROLADA,1,15.0,EXPO_AFUBRA,2,3,3,9,Manhã
1009,1900,40.0,2026-03-26 09:17:18.646000-03:00,0.0,40.0,1,Dinheiro,CUCA_ALEMÃ,1,25.0,EXPO_AFUBRA,2,3,3,9,Manhã
1010,1900,40.0,2026-03-26 09:17:18.646000-03:00,0.0,40.0,1,Dinheiro,CUCA_ENROLADA,1,15.0,EXPO_AFUBRA,2,3,3,9,Manhã
1011,1723,7.0,2026-03-26 09:18:14.028000-03:00,0.0,7.0,1,Cartão,RAPADURA_DE_MELADO,1,7.0,EXPO_AFUBRA,1,3,3,9,Manhã
1012,1297,15.0,2026-03-26 09:19:20.804000-03:00,0.0,15.0,1,Cartão,CUCA_ENROLADA,1,15.0,EXPO_AFUBRA,1,3,3,9,Manhã
1013,2364,25.0,2026-03-26 09:23:18.615000-03:00,0.0,25.0,1,Dinheiro,CUCA_ALEMÃ,1,25.0,EXPO_AFUBRA,1,3,3,9,Manhã
1014,1077,15.0,2026-03-26 09:46:58.518000-03:00,0.0,15.0,1,Dinheiro,CUCA_ENROLADA,1,15.0,EXPO_AFUBRA,1,3,3,9,Manhã
1015,628,15.0,2026-03-26 10:01:27.148000-03:00,0.0,15.0,1,Dinheiro,CUCA_ENROLADA,1,15.0,EXPO_AFUBRA,1,3,3,10,Manhã
1016,1881,75.0,2026-03-26 10:02:42.018000-03:00,5.0,80.0,1,Pix,ALFAJOR_PRETO_(CAIXA_X16),16,5.0,EXPO_AFUBRA,1,3,3,10,Manhã
1017,1758,50.0,2026-03-26 10:16:08.603000-03:00,0.0,50.0,1,Cartão,CUCA_ALEMÃ,2,25.0,EXPO_AFUBRA,1,3,3,10,Manhã
1018,1573,25.0,2026-03-26 10:20:02.355000-03:00,0.0,25.0,1,Dinheiro,CUCA_ALEMÃ,1,25.0,EXPO_AFUBRA,1,3,3,10,Manhã
1019,1901,25.0,2026-03-26 10:23:36.617000-03:00,0.0,25.0,1,Cartão,CUCA_ALEMÃ,1,25.0,EXPO_AFUBRA,1,3,3,10,Manhã
1020,104,12.0,2026-03-26 10:29:11.213000-03:00,0.0,12.0,1,Dinheiro,RAPADURA_DE_MELADO,1,7.0,EXPO_AFUBRA,2,3,3,10,Manhã
1021,104,12.0,2026-03-26 10:29:11.213000-03:00,0.0,12.0,1,Dinheiro,RAPADURA_ASSADA,1,5.0,EXPO_AFUBRA,2,3,3,10,Manhã
1022,1314,25.0,2026-03-26 10:35:04.048000-03:00,0.0,25.0,1,Dinheiro,CUCA_ALEMÃ,1,25.0,EXPO_AFUBRA,1,3,3,10,Manhã
1023,1479,6.0,2026-03-26 10:54:55.889000-03:00,0.0,6.0,1,Pix,ALFAJOR,1,6.0,EXPO_AFUBRA,1,3,3,10,Manhã
1024,2316,8.0,2026-03-26 10:55:12.576000-03:00,0.0,8.0,1,Dinheiro,CRI-CRI_200G,1,8.0,EXPO_AFUBRA,1,3,3,10,Manhã
1025,1448,50.0,2026-03-26 11:01:35.898000-03:00,0.0,50.0,1,Cartão,CUCA_ALEMÃ,2,25.0,EXPO_AFUBRA,1,3,3,11,Manhã
1026,451,16.0,2026-03-26 11:05:28.464000-03:00,0.0,16.0,1,Dinheiro,AMENDOIM_SALGADO_E_TEMPERADO,1,8.0,EXPO_AFUBRA,2,3,3,11,Manhã
1027,451,16.0,2026-03-26 11:05:28.464000-03:00,0.0,16.0,1,Dinheiro,CRI-CRI_200G,1,8.0,EXPO_AFUBRA,2,3,3,11,Manhã
1028,2324,45.0,2026-03-26 11:08:56.471000-03:00,0.0,45.0,1,Dinheiro,CUCA_ALEMÃ,1,25.0,EXPO_AFUBRA,2,3,3,11,Manhã
1029,2324,45.0,2026-03-26 11:08:56.471000-03:00,0.0,45.0,1,Dinheiro,ALFAJOR_PRETO_(PACOTE_X4),4,5.0,EXPO_AFUBRA,2,3,3,11,Manhã
1030,1700,25.0,2026-03-26 11:11:42.869000-03:00,0.0,25.0,1,Cartão,RAPADURA_ASSADA_(PACOTE_X6),6,4.166666666666667,EXPO_AFUBRA,1,3,3,11,Manhã
1031,1999,8.0,2026-03-26 11:12:13.045000-03:00,0.0,8.0,1,Dinheiro,CRI-CRI_200G,1,8.0,EXPO_AFUBRA,1,3,3,11,Manhã
1032,437,21.0,2026-03-26 11:15:23.073000-03:00,0.0,21.0,1,Dinheiro,ALFAJOR,1,6.0,EXPO_AFUBRA,2,3,3,11,Manhã
1033,437,21.0,2026-03-26 11:15:23.073000-03:00,0.0,21.0,1,Dinheiro,RAPADURA_ASSADA,3,5.0,EXPO_AFUBRA,2,3,3,11,Manhã
1034,226,25.0,2026-03-26 11:20:29.558000-03:00,0.0,25.0,1,Dinheiro,CUCA_ALEMÃ,1,25.0,EXPO_AFUBRA,1,3,3,11,Manhã
1035,1322,25.0,2026-03-26 11:26:14.827000-03:00,0.0,25.0,1,Cartão,CUCA_ALEMÃ,1,25.0,EXPO_AFUBRA,1,3,3,11,Manhã
1036,799,25.0,2026-03-26 11:27:03.147000-03:00,0.0,25.0,1,Dinheiro,CUCA_ALEMÃ,1,25.0,EXPO_AFUBRA,1,3,3,11,Manhã
1037,1513,25.0,2026-03-26 11:27:57.706000-03:00,0.0,25.0,1,Dinheiro,CUCA_ALEMÃ,1,25.0,EXPO_AFUBRA,1,3,3,11,Manhã
1038,6,25.0,2026-03-26 11:28:24.902000-03:00,0.0,25.0,1,Dinheiro,CUCA_ALEMÃ,1,25.0,EXPO_AFUBRA,1,3,3,11,Manhã
1039,69,25.0,2026-03-26 11:29:16.629000-03:00,0.0,25.0,1,Dinheiro,CUCA_ALEMÃ,1,25.0,EXPO_AFUBRA,1,3,3,11,Manhã
1040,823,15.0,2026-03-26 11:36:55.696000-03:00,0.0,15.0,1,Cartão,CUCA_ENROLADA,1,15.0,EXPO_AFUBRA,1,3,3,11,Manhã
1041,1343,40.0,2026-03-26 11:47:15.440000-03:00,0.0,40.0,1,Dinheiro,CUCA_ENROLADA,1,15.0,EXPO_AFUBRA,2,3,3,11,Manhã
1042,1343,40.0,2026-03-26 11:47:15.440000-03:00,0.0,40.0,1,Dinheiro,CUCA_ALEMÃ,1,25.0,EXPO_AFUBRA,2,3,3,11,Manhã
1043,774,50.0,2026-03-26 11:51:55.378000-03:00,0.0,50.0,1,Dinheiro,CUCA_ALEMÃ,2,25.0,EXPO_AFUBRA,1,3,3,11,Manhã
1044,367,6.0,2026-03-26 11:55:27.669000-03:00,0.0,6.0,1,Cartão,ALFAJOR,1,6.0,EXPO_AFUBRA,1,3,3,11,Manhã
1045,988,45.0,2026-03-26 12:03:04.024000-03:00,5.0,50.0,1,Dinheiro,CUCA_ALEMÃ,2,25.0,EXPO_AFUBRA,1,3,3,12,Tarde
1046,2356,6.0,2026-03-26 12:09:19.916000-03:00,0.0,6.0,1,Dinheiro,ALFAJOR,1,6.0,EXPO_AFUBRA,1,3,3,12,Tarde
1047,2404,50.0,2026-03-26 12:09:42.257000-03:00,0.0,50.0,1,Dinheiro,CUCA_ALEMÃ,2,25.0,EXPO_AFUBRA,1,3,3,12,Tarde
1048,1951,25.0,2026-03-26 12:20:35.369000-03:00,0.0,25.0,1,Dinheiro,CUCA_ALEMÃ,1,25.0,EXPO_AFUBRA,1,3,3,12,Tarde
1049,1220,8.0,2026-03-26 12:23:13.199000-03:00,0.0,8.0,1,Dinheiro,CRI-CRI_200G,1,8.0,EXPO_AFUBRA,1,3,3,12,Tarde
1050,2343,8.0,2026-03-26 12:28:07.497000-03:00,0.0,8.0,1,Dinheiro,CRI-CRI_200G,1,8.0,EXPO_AFUBRA,1,3,3,12,Tarde
1051,22,75.0,2026-03-26 12:28:34.976000-03:00,0.0,75.0,1,Dinheiro,CUCA_ALEMÃ,3,25.0,EXPO_AFUBRA,1,3,3,12,Tarde
1052,980,25.0,2026-03-26 12:29:39.618000-03:00,0.0,25.0,1,Dinheiro,CUCA_ALEMÃ,1,25.0,EXPO_AFUBRA,1,3,3,12,Tarde
1053,408,8.0,2026-03-26 12:30:48.012000-03:00,0.0,8.0,1,Dinheiro,CRI-CRI_200G,1,8.0,EXPO_AFUBRA,1,3,3,12,Tarde
1054,1053,15.0,2026-03-26 12:32:43.632000-03:00,0.0,15.0,1,Dinheiro,CUCA_ENROLADA,1,15.0,EXPO_AFUBRA,1,3,3,12,Tarde
1055,1898,25.0,2026-03-26 12:38:27.276000-03:00,0.0,25.0,1,Dinheiro,CUCA_ALEMÃ,1,25.0,EXPO_AFUBRA,1,3,3,12,Tarde
1056,1305,5.0,2026-03-26 12:38:37.632000-03:00,0.0,5.0,1,Dinheiro,PÉ-DE-MOLEQUE,1,5.0,EXPO_AFUBRA,1,3,3,12,Tarde
1057,1173,40.0,2026-03-26 12:41:54.047000-03:00,0.0,40.0,1,Dinheiro,CUCA_ALEMÃ,1,25.0,EXPO_AFUBRA,2,3,3,12,Tarde
1058,1173,40.0,2026-03-26 12:41:54.047000-03:00,0.0,40.0,1,Dinheiro,CUCA_ENROLADA,1,15.0,EXPO_AFUBRA,2,3,3,12,Tarde
1059,211,25.0,2026-03-26 12:44:35.957000-03:00,0.0,25.0,1,Cartão,CUCA_ALEMÃ,1,25.0,EXPO_AFUBRA,1,3,3,12,Tarde
1060,648,50.0,2026-03-26 12:45:11.642000-03:00,0.0,50.0,1,Dinheiro,CUCA_ALEMÃ,2,25.0,EXPO_AFUBRA,1,3,3,12,Tarde
1061,407,20.0,2026-03-26 12:51:33.959000-03:00,0.0,20.0,1,Cartão,ALFAJOR_PRETO_(PACOTE_X4),4,5.0,EXPO_AFUBRA,1,3,3,12,Tarde
1062,1554,21.0,2026-03-26 13:04:09.433000-03:00,0.0,21.0,1,Dinheiro,RAPADURA_DE_MELADO,3,7.0,EXPO_AFUBRA,1,3,3,13,Tarde
1063,1163,25.0,2026-03-26 13:10:42.436000-03:00,0.0,25.0,1,Dinheiro,CUCA_ALEMÃ,1,25.0,EXPO_AFUBRA,1,3,3,13,Tarde
1064,2178,31.0,2026-03-26 13:13:36.105000-03:00,0.0,31.0,1,Dinheiro,CUCA_ALEMÃ,1,25.0,EXPO_AFUBRA,2,3,3,13,Tarde
1065,2178,31.0,2026-03-26 13:13:36.105000-03:00,0.0,31.0,1,Dinheiro,ALFAJOR,1,6.0,EXPO_AFUBRA,2,3,3,13,Tarde
1066,2304,25.0,2026-03-26 13:14:37.437000-03:00,0.0,25.0,1,Dinheiro,CUCA_ALEMÃ,1,25.0,EXPO_AFUBRA,1,3,3,13,Tarde
1067,454,10.0,2026-03-26 13:16:58.228000-03:00,0.0,10.0,1,Cartão,RAPADURA_ASSADA,2,5.0,EXPO_AFUBRA,1,3,3,13,Tarde
1068,2362,40.0,2026-03-26 13:27:51.262000-03:00,0.0,40.0,1,Cartão,CUCA_ALEMÃ,1,25.0,EXPO_AFUBRA,2,3,3,13,Tarde
1069,2362,40.0,2026-03-26 13:27:51.262000-03:00,0.0,40.0,1,Cartão,CUCA_ENROLADA,1,15.0,EXPO_AFUBRA,2,3,3,13,Tarde
1070,92,10.0,2026-03-26 13:34:06.197000-03:00,0.0,10.0,1,Cartão,RAPADURA_ASSADA,2,5.0,EXPO_AFUBRA,1,3,3,13,Tarde
1071,1326,8.0,2026-03-26 13:34:24.784000-03:00,0.0,8.0,1,Dinheiro,AMENDOIM_SALGADO_E_TEMPERADO,1,8.0,EXPO_AFUBRA,1,3,3,13,Tarde
1072,1594,25.0,2026-03-26 13:35:50.677000-03:00,0.0,25.0,1,Dinheiro,RAPADURA_ASSADA_(PACOTE_X6),6,4.166666666666667,EXPO_AFUBRA,1,3,3,13,Tarde
1073,499,25.0,2026-03-26 13:38:49.172000-03:00,0.0,25.0,1,Pix,CUCA_ALEMÃ,1,25.0,EXPO_AFUBRA,1,3,3,13,Tarde
1074,1696,15.0,2026-03-26 13:38:56.157000-03:00,0.0,15.0,1,Dinheiro,CUCA_ENROLADA,1,15.0,EXPO_AFUBRA,1,3,3,13,Tarde
1075,678,20.0,2026-03-26 13:40:00-03:00,0.0,20.0,1,Dinheiro,ALFAJOR_PRETO_(PACOTE_X4),4,5.0,EXPO_AFUBRA,1,3,3,13,Tarde
1076,2221,25.0,2026-03-26 13:42:05.688000-03:00,0.0,25.0,1,Dinheiro,CUCA_ALEMÃ,1,25.0,EXPO_AFUBRA,1,3,3,13,Tarde
1077,1007,15.0,2026-03-26 13:47:15.781000-03:00,0.0,15.0,1,Dinheiro,CUCA_ENROLADA,1,15.0,EXPO_AFUBRA,1,3,3,13,Tarde
1078,466,20.0,2026-03-26 13:49:47.108000-03:00,0.0,20.0,1,Dinheiro,ALFAJOR_PRETO_(PACOTE_X4),4,5.0,EXPO_AFUBRA,1,3,3,13,Tarde
1079,370,20.0,2026-03-26 13:57:47.830000-03:00,0.0,20.0,1,Dinheiro,RAPADURA_DE_MELADO_(PACOTE_X3),3,6.666666666666667,EXPO_AFUBRA,1,3,3,13,Tarde
1080,1896,50.0,2026-03-26 14:00:05.268000-03:00,0.0,50.0,1,Dinheiro,CUCA_ALEMÃ,2,25.0,EXPO_AFUBRA,1,3,3,14,Tarde
1081,1591,15.0,2026-03-26 14:00:50.412000-03:00,0.0,15.0,1,Dinheiro,CUCA_ENROLADA,1,15.0,EXPO_AFUBRA,1,3,3,14,Tarde
1082,67,90.0,2026-03-26 14:05:56.244000-03:00,0.0,90.0,1,Dinheiro,CUCA_ALEMÃ,2,25.0,EXPO_AFUBRA,3,3,3,14,Tarde
1083,67,90.0,2026-03-26 14:05:56.244000-03:00,0.0,90.0,1,Dinheiro,CUCA_ENROLADA,1,15.0,EXPO_AFUBRA,3,3,3,14,Tarde
1084,67,90.0,2026-03-26 14:05:56.244000-03:00,0.0,90.0,1,Dinheiro,RAPADURA_ASSADA_(PACOTE_X6),6,4.166666666666667,EXPO_AFUBRA,3,3,3,14,Tarde
1085,1955,7.0,2026-03-26 14:07:01.699000-03:00,0.0,7.0,1,Dinheiro,RAPADURA_DE_MELADO,1,7.0,EXPO_AFUBRA,1,3,3,14,Tarde
1086,563,25.0,2026-03-26 14:10:01.713000-03:00,0.0,25.0,1,Dinheiro,CUCA_ALEMÃ,1,25.0,EXPO_AFUBRA,1,3,3,14,Tarde
1087,36,25.0,2026-03-26 14:12:20.744000-03:00,0.0,25.0,1,Cartão,CUCA_ALEMÃ,1,25.0,EXPO_AFUBRA,1,3,3,14,Tarde
1088,2281,12.0,2026-03-26 14:15:29.917000-03:00,0.0,12.0,1,Dinheiro,ALFAJOR,2,6.0,EXPO_AFUBRA,1,3,3,14,Tarde
1089,677,25.0,2026-03-26 14:16:13.729000-03:00,0.0,25.0,1,Dinheiro,CUCA_ALEMÃ,1,25.0,EXPO_AFUBRA,1,3,3,14,Tarde
1090,265,12.0,2026-03-26 14:19:37.741000-03:00,0.0,12.0,1,Dinheiro,ALFAJOR,2,6.0,EXPO_AFUBRA,1,3,3,14,Tarde
1091,198,25.0,2026-03-26 14:23:41.064000-03:00,0.0,25.0,1,Pix,CUCA_ALEMÃ,1,25.0,EXPO_AFUBRA,1,3,3,14,Tarde
1092,71,25.0,2026-03-26 14:24:59.285000-03:00,0.0,25.0,1,Pix,CUCA_ALEMÃ,1,25.0,EXPO_AFUBRA,1,3,3,14,Tarde
1093,2274,100.0,2026-03-26 14:25:25.099000-03:00,0.0,100.0,1,Dinheiro,CUCA_ALEMÃ,4,25.0,EXPO_AFUBRA,1,3,3,14,Tarde
1094,492,15.0,2026-03-26 14:26:04.921000-03:00,0.0,15.0,1,Dinheiro,CUCA_ENROLADA,1,15.0,EXPO_AFUBRA,1,3,3,14,Tarde
1095,1895,7.0,2026-03-26 14:26:20.240000-03:00,0.0,7.0,1,Dinheiro,RAPADURA_DE_MELADO,1,7.0,EXPO_AFUBRA,1,3,3,14,Tarde
1096,1592,6.0,2026-03-26 14:26:34.758000-03:00,0.0,6.0,1,Dinheiro,ALFAJOR,1,6.0,EXPO_AFUBRA,1,3,3,14,Tarde
1097,1371,25.0,2026-03-26 14:28:32.036000-03:00,0.0,25.0,1,Dinheiro,CUCA_ALEMÃ,1,25.0,EXPO_AFUBRA,1,3,3,14,Tarde
1098,2222,15.0,2026-03-26 14:29:52.340000-03:00,0.0,15.0,1,Cartão,CUCA_ENROLADA,1,15.0,EXPO_AFUBRA,1,3,3,14,Tarde
1099,2118,7.0,2026-03-26 14:31:00.603000-03:00,0.0,7.0,1,Dinheiro,RAPADURA_DE_MELADO,1,7.0,EXPO_AFUBRA,1,3,3,14,Tarde
1100,1295,175.0,2026-03-26 14:38:26.326000-03:00,0.0,175.0,1,Dinheiro,CUCA_ALEMÃ,7,25.0,EXPO_AFUBRA,1,3,3,14,Tarde
1101,2369,25.0,2026-03-26 14:40:13.991000-03:00,0.0,25.0,1,Cartão,CUCA_ALEMÃ,1,25.0,EXPO_AFUBRA,1,3,3,14,Tarde
1102,1728,25.0,2026-03-26 14:40:30.136000-03:00,0.0,25.0,1,Dinheiro,CUCA_ALEMÃ,1,25.0,EXPO_AFUBRA,1,3,3,14,Tarde
1103,84,15.0,2026-03-26 14:40:37.339000-03:00,0.0,15.0,1,Dinheiro,CUCA_ENROLADA,1,15.0,EXPO_AFUBRA,1,3,3,14,Tarde
1104,844,25.0,2026-03-26 14:42:15.612000-03:00,0.0,25.0,1,Dinheiro,CUCA_ALEMÃ,1,25.0,EXPO_AFUBRA,1,3,3,14,Tarde
1105,134,25.0,2026-03-26 14:43:13.234000-03:00,0.0,25.0,1,Cartão,CUCA_ALEMÃ,1,25.0,EXPO_AFUBRA,1,3,3,14,Tarde
1106,574,15.0,2026-03-26 14:51:33.999000-03:00,0.0,15.0,1,Dinheiro,CUCA_ENROLADA,1,15.0,EXPO_AFUBRA,1,3,3,14,Tarde
1107,480,25.0,2026-03-26 14:54:49.502000-03:00,0.0,25.0,1,Cartão,CUCA_ALEMÃ,1,25.0,EXPO_AFUBRA,1,3,3,14,Tarde
1108,105,20.0,2026-03-26 14:55:58.193000-03:00,0.0,20.0,1,Dinheiro,ALFAJOR_PRETO_(PACOTE_X4),4,5.0,EXPO_AFUBRA,1,3,3,14,Tarde
1109,2260,25.0,2026-03-26 14:57:16.249000-03:00,0.0,25.0,1,Dinheiro,CUCA_ALEMÃ,1,25.0,EXPO_AFUBRA,1,3,3,14,Tarde
1110,89,25.0,2026-03-26 15:00:01.274000-03:00,0.0,25.0,1,Dinheiro,CUCA_ALEMÃ,1,25.0,EXPO_AFUBRA,1,3,3,15,Tarde
1111,759,36.0,2026-03-26 15:01:05.739000-03:00,0.0,36.0,1,Dinheiro,RAPADURA_DE_MELADO_(PACOTE_X3),3,6.666666666666667,EXPO_AFUBRA,2,3,3,15,Tarde
1112,759,36.0,2026-03-26 15:01:05.739000-03:00,0.0,36.0,1,Dinheiro,CRI-CRI_200G,2,8.0,EXPO_AFUBRA,2,3,3,15,Tarde
1113,972,25.0,2026-03-26 15:05:13.186000-03:00,0.0,25.0,1,Dinheiro,CUCA_ALEMÃ,1,25.0,EXPO_AFUBRA,1,3,3,15,Tarde
1114,957,20.0,2026-03-26 15:05:33.873000-03:00,0.0,20.0,1,Dinheiro,RAPADURA_DE_MELADO_(PACOTE_X3),3,6.666666666666667,EXPO_AFUBRA,1,3,3,15,Tarde
1115,918,25.0,2026-03-26 15:05:39.358000-03:00,0.0,25.0,1,Dinheiro,CUCA_ALEMÃ,1,25.0,EXPO_AFUBRA,1,3,3,15,Tarde
1116,1536,25.0,2026-03-26 15:06:13.716000-03:00,0.0,25.0,1,Dinheiro,CUCA_ALEMÃ,1,25.0,EXPO_AFUBRA,1,3,3,15,Tarde
1117,428,25.0,2026-03-26 15:07:24.882000-03:00,0.0,25.0,1,Cartão,CUCA_ALEMÃ,1,25.0,EXPO_AFUBRA,1,3,3,15,Tarde
1118,667,25.0,2026-03-26 15:09:07.358000-03:00,0.0,25.0,1,Pix,CUCA_ALEMÃ,1,25.0,EXPO_AFUBRA,1,3,3,15,Tarde
1119,939,25.0,2026-03-26 15:10:37.809000-03:00,0.0,25.0,1,Dinheiro,CUCA_ALEMÃ,1,25.0,EXPO_AFUBRA,1,3,3,15,Tarde
1120,1938,25.0,2026-03-26 15:11:28.388000-03:00,0.0,25.0,1,Dinheiro,CUCA_ALEMÃ,1,25.0,EXPO_AFUBRA,1,3,3,15,Tarde
1121,1470,10.0,2026-03-26 15:11:44.061000-03:00,0.0,10.0,1,Dinheiro,BOLACHA_DE_MANTEIGA,1,10.0,EXPO_AFUBRA,1,3,3,15,Tarde
1122,1398,25.0,2026-03-26 15:14:05.538000-03:00,0.0,25.0,1,Dinheiro,CUCA_ALEMÃ,1,25.0,EXPO_AFUBRA,1,3,3,15,Tarde
1123,624,25.0,2026-03-26 15:15:10.215000-03:00,0.0,25.0,1,Dinheiro,CUCA_ALEMÃ,1,25.0,EXPO_AFUBRA,1,3,3,15,Tarde
1124,1979,20.0,2026-03-26 15:20:26.689000-03:00,0.0,20.0,1,Cartão,ALFAJOR_PRETO_(PACOTE_X4),4,5.0,EXPO_AFUBRA,1,3,3,15,Tarde
1125,494,25.0,2026-03-26 15:24:16.699000-03:00,0.0,25.0,1,Dinheiro,CUCA_ALEMÃ,1,25.0,EXPO_AFUBRA,1,3,3,15,Tarde
1126,15,25.0,2026-03-26 15:25:38.021000-03:00,0.0,25.0,1,Dinheiro,CUCA_ALEMÃ,1,25.0,EXPO_AFUBRA,1,3,3,15,Tarde
1127,808,50.0,2026-03-26 15:28:49.003000-03:00,0.0,50.0,1,Dinheiro,CUCA_ALEMÃ,2,25.0,EXPO_AFUBRA,1,3,3,15,Tarde
1128,1019,8.0,2026-03-26 15:31:03.471000-03:00,0.0,8.0,1,Pix,CRI-CRI_200G,1,8.0,EXPO_AFUBRA,1,3,3,15,Tarde
1129,2389,50.0,2026-03-26 15:35:37.779000-03:00,0.0,50.0,1,Dinheiro,CUCA_ALEMÃ,2,25.0,EXPO_AFUBRA,1,3,3,15,Tarde
1130,1831,25.0,2026-03-26 15:36:03.058000-03:00,0.0,25.0,1,Dinheiro,CUCA_ALEMÃ,1,25.0,EXPO_AFUBRA,1,3,3,15,Tarde
1131,459,25.0,2026-03-26 15:37:34.298000-03:00,0.0,25.0,1,Dinheiro,CUCA_ALEMÃ,1,25.0,EXPO_AFUBRA,1,3,3,15,Tarde
1132,2333,35.0,2026-03-26 15:37:43.632000-03:00,0.0,35.0,1,Pix,CUCA_ALEMÃ,1,25.0,EXPO_AFUBRA,2,3,3,15,Tarde
1133,2333,35.0,2026-03-26 15:37:43.632000-03:00,0.0,35.0,1,Pix,BOLACHA_DE_MANTEIGA,1,10.0,EXPO_AFUBRA,2,3,3,15,Tarde
1134,2002,25.0,2026-03-26 15:39:17.813000-03:00,0.0,25.0,1,Dinheiro,CUCA_ALEMÃ,1,25.0,EXPO_AFUBRA,1,3,3,15,Tarde
1135,1722,25.0,2026-03-26 15:39:42.376000-03:00,0.0,25.0,1,Pix,CUCA_ALEMÃ,1,25.0,EXPO_AFUBRA,1,3,3,15,Tarde
1136,76,25.0,2026-03-26 15:43:50.463000-03:00,0.0,25.0,1,Dinheiro,RAPADURA_ASSADA_(PACOTE_X6),6,4.166666666666667,EXPO_AFUBRA,1,3,3,15,Tarde
1137,1852,28.0,2026-03-26 15:47:47.687000-03:00,0.0,28.0,1,Cartão,AMENDOIM_SALGADO_E_TEMPERADO,1,8.0,EXPO_AFUBRA,2,3,3,15,Tarde
1138,1852,28.0,2026-03-26 15:47:47.687000-03:00,0.0,28.0,1,Cartão,RAPADURA_DE_MELADO_(PACOTE_X3),3,6.666666666666667,EXPO_AFUBRA,2,3,3,15,Tarde
1139,404,20.0,2026-03-26 15:49:23.498000-03:00,0.0,20.0,1,Dinheiro,RAPADURA_DE_MELADO_(PACOTE_X3),3,6.666666666666667,EXPO_AFUBRA,1,3,3,15,Tarde
1140,689,25.0,2026-03-26 15:49:35.671000-03:00,0.0,25.0,1,Cartão,RAPADURA_ASSADA_(PACOTE_X6),6,4.166666666666667,EXPO_AFUBRA,1,3,3,15,Tarde
1141,1334,25.0,2026-03-26 15:49:46.239000-03:00,0.0,25.0,1,Dinheiro,CUCA_ALEMÃ,1,25.0,EXPO_AFUBRA,1,3,3,15,Tarde
1142,863,50.0,2026-03-26 15:54:04.542000-03:00,0.0,50.0,1,Dinheiro,CUCA_ALEMÃ,2,25.0,EXPO_AFUBRA,1,3,3,15,Tarde
1143,2282,10.0,2026-03-26 15:54:39.853000-03:00,0.0,10.0,1,Dinheiro,RAPADURA_ASSADA,2,5.0,EXPO_AFUBRA,1,3,3,15,Tarde
1144,479,25.0,2026-03-26 15:56:35.264000-03:00,0.0,25.0,1,Dinheiro,CUCA_ALEMÃ,1,25.0,EXPO_AFUBRA,1,3,3,15,Tarde
1145,1839,45.0,2026-03-26 15:57:08.507000-03:00,0.0,45.0,1,Dinheiro,CUCA_ALEMÃ,1,25.0,EXPO_AFUBRA,2,3,3,15,Tarde
1146,1839,45.0,2026-03-26 15:57:08.507000-03:00,0.0,45.0,1,Dinheiro,ALFAJOR_PRETO_(PACOTE_X4),4,5.0,EXPO_AFUBRA,2,3,3,15,Tarde
1147,1459,25.0,2026-03-26 16:08:14.325000-03:00,0.0,25.0,1,Dinheiro,CUCA_ALEMÃ,1,25.0,EXPO_AFUBRA,1,3,3,16,Tarde
1148,1813,25.0,2026-03-26 16:08:29.212000-03:00,0.0,25.0,1,Cartão,CUCA_ALEMÃ,1,25.0,EXPO_AFUBRA,1,3,3,16,Tarde
1149,351,20.0,2026-03-26 16:09:13.896000-03:00,0.0,20.0,1,Dinheiro,ALFAJOR_PRETO_(PACOTE_X4),4,5.0,EXPO_AFUBRA,1,3,3,16,Tarde
1150,1158,20.0,2026-03-26 16:10:26.360000-03:00,0.0,20.0,1,Dinheiro,RAPADURA_DE_MELADO_(PACOTE_X3),3,6.666666666666667,EXPO_AFUBRA,1,3,3,16,Tarde
1151,297,10.0,2026-03-26 16:13:33.616000-03:00,0.0,10.0,1,Dinheiro,BOLACHA_DE_MANTEIGA,1,10.0,EXPO_AFUBRA,1,3,3,16,Tarde
1152,313,12.0,2026-03-26 16:16:11.570000-03:00,0.0,12.0,1,Dinheiro,ALFAJOR,2,6.0,EXPO_AFUBRA,1,3,3,16,Tarde
1153,1771,20.0,2026-03-26 16:16:35.851000-03:00,0.0,20.0,1,Cartão,RAPADURA_DE_MELADO_(PACOTE_X3),3,6.666666666666667,EXPO_AFUBRA,1,3,3,16,Tarde
1154,1989,7.0,2026-03-26 16:16:58.579000-03:00,0.0,7.0,1,Dinheiro,RAPADURA_DE_MELADO,1,7.0,EXPO_AFUBRA,1,3,3,16,Tarde
1155,1714,25.0,2026-03-26 16:26:21.901000-03:00,0.0,25.0,1,Dinheiro,CUCA_ALEMÃ,1,25.0,EXPO_AFUBRA,1,3,3,16,Tarde
1156,865,50.0,2026-03-26 16:27:03.739000-03:00,0.0,50.0,1,Dinheiro,CUCA_ALEMÃ,2,25.0,EXPO_AFUBRA,1,3,3,16,Tarde
1157,1675,20.0,2026-03-26 16:27:36.214000-03:00,0.0,20.0,1,Dinheiro,ALFAJOR_PRETO_(PACOTE_X4),4,5.0,EXPO_AFUBRA,1,3,3,16,Tarde
1158,325,25.0,2026-03-26 16:31:41.428000-03:00,0.0,25.0,1,Dinheiro,CUCA_ALEMÃ,1,25.0,EXPO_AFUBRA,1,3,3,16,Tarde
1159,1427,25.0,2026-03-26 16:31:57.673000-03:00,0.0,25.0,1,Dinheiro,CUCA_ALEMÃ,1,25.0,EXPO_AFUBRA,1,3,3,16,Tarde
1160,1025,5.0,2026-03-26 16:32:42.852000-03:00,0.0,5.0,1,Dinheiro,RAPADURA_ASSADA,1,5.0,EXPO_AFUBRA,1,3,3,16,Tarde
1161,1892,13.0,2026-03-26 16:34:08.090000-03:00,0.0,13.0,1,Pix,ALFAJOR,1,6.0,EXPO_AFUBRA,2,3,3,16,Tarde
1162,1892,13.0,2026-03-26 16:34:08.090000-03:00,0.0,13.0,1,Pix,RAPADURA_DE_MELADO,1,7.0,EXPO_AFUBRA,2,3,3,16,Tarde
1163,2128,10.0,2026-03-26 16:34:34.816000-03:00,0.0,10.0,1,Dinheiro,BOLACHA_DE_MANTEIGA,1,10.0,EXPO_AFUBRA,1,3,3,16,Tarde
1164,933,5.0,2026-03-26 16:37:54.255000-03:00,0.0,5.0,1,Pix,RAPADURA_ASSADA,1,5.0,EXPO_AFUBRA,1,3,3,16,Tarde
1165,1861,5.0,2026-03-26 16:38:12.261000-03:00,2.0,7.0,1,Pix,RAPADURA_DE_MELADO,1,7.0,EXPO_AFUBRA,1,3,3,16,Tarde
1166,1186,20.0,2026-03-26 16:40:59.884000-03:00,0.0,20.0,1,Cartão,ALFAJOR_PRETO_(PACOTE_X4),4,5.0,EXPO_AFUBRA,1,3,3,16,Tarde
1167,1308,50.0,2026-03-26 16:44:26.247000-03:00,0.0,50.0,1,Cartão,CUCA_ALEMÃ,2,25.0,EXPO_AFUBRA,1,3,3,16,Tarde
1168,1997,50.0,2026-03-26 16:49:16.137000-03:00,0.0,50.0,1,Cartão,CUCA_ALEMÃ,2,25.0,EXPO_AFUBRA,1,3,3,16,Tarde
1169,424,50.0,2026-03-26 16:49:49.495000-03:00,0.0,50.0,1,Dinheiro,CUCA_ALEMÃ,2,25.0,EXPO_AFUBRA,1,3,3,16,Tarde
1170,1659,20.0,2026-03-26 16:50:03.676000-03:00,5.0,25.0,1,Dinheiro,CUCA_ALEMÃ,1,25.0,EXPO_AFUBRA,1,3,3,16,Tarde
1171,477,37.0,2026-03-26 16:51:57.411000-03:00,0.0,37.0,1,Dinheiro,RAPADURA_ASSADA_(PACOTE_X6),6,4.166666666666667,EXPO_AFUBRA,2,3,3,16,Tarde
1172,477,37.0,2026-03-26 16:51:57.411000-03:00,0.0,37.0,1,Dinheiro,ALFAJOR,2,6.0,EXPO_AFUBRA,2,3,3,16,Tarde
1173,400,25.0,2026-03-26 16:52:36.898000-03:00,0.0,25.0,1,Dinheiro,CUCA_ALEMÃ,1,25.0,EXPO_AFUBRA,1,3,3,16,Tarde
1174,1462,20.0,2026-03-26 17:00:28.454000-03:00,0.0,20.0,1,Cartão,ALFAJOR_PRETO_(PACOTE_X4),4,5.0,EXPO_AFUBRA,1,3,3,17,Tarde
1175,1469,20.0,2026-03-26 17:03:53.839000-03:00,0.0,20.0,1,Dinheiro,RAPADURA_DE_MELADO_(PACOTE_X3),3,6.666666666666667,EXPO_AFUBRA,1,3,3,17,Tarde
1176,770,10.0,2026-03-26 17:05:32.944000-03:00,0.0,10.0,1,Dinheiro,BOLACHA_DE_MANTEIGA,1,10.0,EXPO_AFUBRA,1,3,3,17,Tarde
1177,1719,29.0,2026-03-26 17:11:29.172000-03:00,0.0,29.0,1,Dinheiro,RAPADURA_DE_MELADO,3,7.0,EXPO_AFUBRA,2,3,3,17,Tarde
1178,1719,29.0,2026-03-26 17:11:29.172000-03:00,0.0,29.0,1,Dinheiro,CRI-CRI_200G,1,8.0,EXPO_AFUBRA,2,3,3,17,Tarde
1179,1264,65.0,2026-03-26 17:15:42.508000-03:00,1.0,66.0,1,Dinheiro,ALFAJOR,1,6.0,EXPO_AFUBRA,4,3,3,17,Tarde
1180,1264,65.0,2026-03-26 17:15:42.508000-03:00,1.0,66.0,1,Dinheiro,RAPADURA_ASSADA_(PACOTE_X6),6,4.166666666666667,EXPO_AFUBRA,4,3,3,17,Tarde
1181,1264,65.0,2026-03-26 17:15:42.508000-03:00,1.0,66.0,1,Dinheiro,PÉ-DE-MOLEQUE,3,5.0,EXPO_AFUBRA,4,3,3,17,Tarde
1182,1264,65.0,2026-03-26 17:15:42.508000-03:00,1.0,66.0,1,Dinheiro,ALFAJOR_PRETO_(PACOTE_X4),4,5.0,EXPO_AFUBRA,4,3,3,17,Tarde
1183,28,25.0,2026-03-26 17:15:55.567000-03:00,0.0,25.0,1,Dinheiro,CUCA_ALEMÃ,1,25.0,EXPO_AFUBRA,1,3,3,17,Tarde
1184,576,6.0,2026-03-26 17:20:58.116000-03:00,0.0,6.0,1,Dinheiro,ALFAJOR,1,6.0,EXPO_AFUBRA,1,3,3,17,Tarde
1185,883,25.0,2026-03-26 17:29:50.689000-03:00,6.0,31.0,1,Dinheiro,CUCA_ALEMÃ,1,25.0,EXPO_AFUBRA,2,3,3,17,Tarde
1186,883,25.0,2026-03-26 17:29:50.689000-03:00,6.0,31.0,1,Dinheiro,ALFAJOR,1,6.0,EXPO_AFUBRA,2,3,3,17,Tarde
1187,2172,30.0,2026-03-26 17:35:00.944000-03:00,0.0,30.0,1,Cartão,ALFAJOR_PRETO_(PACOTE_X4),4,5.0,EXPO_AFUBRA,2,3,3,17,Tarde
1188,2172,30.0,2026-03-26 17:35:00.944000-03:00,0.0,30.0,1,Cartão,RAPADURA_ASSADA,2,5.0,EXPO_AFUBRA,2,3,3,17,Tarde
1189,1571,25.0,2026-03-26 17:36:17.281000-03:00,0.0,25.0,1,Dinheiro,CUCA_ALEMÃ,1,25.0,EXPO_AFUBRA,1,3,3,17,Tarde
1190,1692,60.0,2026-03-26 17:40:07.332000-03:00,0.0,60.0,1,Dinheiro,ALFAJOR_PRETO_(PACOTE_X4),12,5.0,EXPO_AFUBRA,1,3,3,17,Tarde
1191,2433,80.0,2026-03-26 17:40:34.301000-03:00,0.0,80.0,1,Dinheiro,ALFAJOR_PRETO_(CAIXA_X16),16,5.0,EXPO_AFUBRA,1,3,3,17,Tarde
1192,748,20.0,2026-03-26 17:41:57.924000-03:00,0.0,20.0,1,Dinheiro,ALFAJOR_PRETO_(PACOTE_X4),4,5.0,EXPO_AFUBRA,1,3,3,17,Tarde
1193,1414,6.0,2026-03-26 17:52:20.865000-03:00,0.0,6.0,1,Dinheiro,ALFAJOR,1,6.0,EXPO_AFUBRA,1,3,3,17,Tarde
1194,385,52.0,2026-03-26 17:55:25.699000-03:00,0.0,52.0,1,Dinheiro,RAPADURA_ASSADA_(PACOTE_X6),6,4.166666666666667,EXPO_AFUBRA,3,3,3,17,Tarde
1195,385,52.0,2026-03-26 17:55:25.699000-03:00,0.0,52.0,1,Dinheiro,RAPADURA_DE_MELADO_(PACOTE_X3),3,6.666666666666667,EXPO_AFUBRA,3,3,3,17,Tarde
1196,385,52.0,2026-03-26 17:55:25.699000-03:00,0.0,52.0,1,Dinheiro,RAPADURA_DE_MELADO,1,7.0,EXPO_AFUBRA,3,3,3,17,Tarde
1197,1681,20.0,2026-03-27 08:09:48.410000-03:00,0.0,20.0,1,Dinheiro,ALFAJOR_PRETO_(PACOTE_X4),4,5.0,EXPO_AFUBRA,1,3,4,8,Manhã
1198,834,40.0,2026-03-27 08:15:48.267000-03:00,0.0,40.0,1,Dinheiro,ALFAJOR_PRETO_(PACOTE_X4),8,5.0,EXPO_AFUBRA,1,3,4,8,Manhã
1199,1614,30.0,2026-03-27 08:22:13.917000-03:00,2.0,32.0,1,Dinheiro,ALFAJOR_PRETO_(PACOTE_X4),4,5.0,EXPO_AFUBRA,2,3,4,8,Manhã
1200,1614,30.0,2026-03-27 08:22:13.917000-03:00,2.0,32.0,1,Dinheiro,ALFAJOR,2,6.0,EXPO_AFUBRA,2,3,4,8,Manhã
1201,500,45.0,2026-03-27 08:28:01.139000-03:00,0.0,45.0,1,Cartão,ALFAJOR_PRETO_(PACOTE_X4),4,5.0,EXPO_AFUBRA,2,3,4,8,Manhã
1202,500,45.0,2026-03-27 08:28:01.139000-03:00,0.0,45.0,1,Cartão,RAPADURA_ASSADA_(PACOTE_X6),6,4.166666666666667,EXPO_AFUBRA,2,3,4,8,Manhã
1203,1366,25.0,2026-03-27 08:28:25.856000-03:00,0.0,25.0,1,Cartão,RAPADURA_ASSADA_(PACOTE_X6),6,4.166666666666667,EXPO_AFUBRA,1,3,4,8,Manhã
1204,597,25.0,2026-03-27 08:37:45.046000-03:00,0.0,25.0,1,Dinheiro,RAPADURA_ASSADA_(PACOTE_X6),6,4.166666666666667,EXPO_AFUBRA,1,3,4,8,Manhã
1205,1969,5.0,2026-03-27 08:45:40.433000-03:00,0.0,5.0,1,Dinheiro,RAPADURA_ASSADA,1,5.0,EXPO_AFUBRA,1,3,4,8,Manhã
1206,809,5.0,2026-03-27 08:46:50.980000-03:00,0.0,5.0,1,Dinheiro,RAPADURA_ASSADA,1,5.0,EXPO_AFUBRA,1,3,4,8,Manhã
1207,1643,20.0,2026-03-27 08:49:37.924000-03:00,0.0,20.0,1,Pix,RAPADURA_DE_MELADO_(PACOTE_X3),3,6.666666666666667,EXPO_AFUBRA,1,3,4,8,Manhã
1208,777,10.0,2026-03-27 08:51:10.259000-03:00,0.0,10.0,1,Dinheiro,BOLACHA_DE_MANTEIGA,1,10.0,EXPO_AFUBRA,1,3,4,8,Manhã
1209,1765,7.0,2026-03-27 09:04:40.742000-03:00,0.0,7.0,1,Dinheiro,RAPADURA_DE_MELADO,1,7.0,EXPO_AFUBRA,1,3,4,9,Manhã
1210,738,25.0,2026-03-27 09:07:58.510000-03:00,0.0,25.0,1,Dinheiro,RAPADURA_ASSADA_(PACOTE_X6),6,4.166666666666667,EXPO_AFUBRA,1,3,4,9,Manhã
1211,163,25.0,2026-03-27 09:17:25.041000-03:00,0.0,25.0,1,Dinheiro,RAPADURA_ASSADA_(PACOTE_X6),6,4.166666666666667,EXPO_AFUBRA,1,3,4,9,Manhã
1212,2039,12.0,2026-03-27 09:17:59.228000-03:00,0.0,12.0,1,Dinheiro,RAPADURA_ASSADA,1,5.0,EXPO_AFUBRA,2,3,4,9,Manhã
1213,2039,12.0,2026-03-27 09:17:59.228000-03:00,0.0,12.0,1,Dinheiro,RAPADURA_DE_MELADO,1,7.0,EXPO_AFUBRA,2,3,4,9,Manhã
1214,1553,20.0,2026-03-27 09:18:46.846000-03:00,0.0,20.0,1,Dinheiro,RAPADURA_DE_MELADO_(PACOTE_X3),3,6.666666666666667,EXPO_AFUBRA,1,3,4,9,Manhã
1215,1697,20.0,2026-03-27 09:20:11.263000-03:00,0.0,20.0,1,Dinheiro,RAPADURA_DE_MELADO_(PACOTE_X3),3,6.666666666666667,EXPO_AFUBRA,1,3,4,9,Manhã
1216,23,5.0,2026-03-27 09:28:35.564000-03:00,0.0,5.0,1,Dinheiro,RAPADURA_ASSADA,1,5.0,EXPO_AFUBRA,1,3,4,9,Manhã
1217,1685,5.0,2026-03-27 09:41:19.148000-03:00,0.0,5.0,1,Dinheiro,RAPADURA_ASSADA,1,5.0,EXPO_AFUBRA,1,3,4,9,Manhã
1218,922,5.0,2026-03-27 09:55:51.530000-03:00,0.0,5.0,1,Dinheiro,PÉ-DE-MOLEQUE,1,5.0,EXPO_AFUBRA,1,3,4,9,Manhã
1219,2405,5.0,2026-03-27 10:05:09.495000-03:00,0.0,5.0,1,Dinheiro,RAPADURA_ASSADA,1,5.0,EXPO_AFUBRA,1,3,4,10,Manhã
1220,209,10.0,2026-03-27 10:06:40.110000-03:00,0.0,10.0,1,Dinheiro,RAPADURA_ASSADA,2,5.0,EXPO_AFUBRA,1,3,4,10,Manhã
1221,2388,5.0,2026-03-27 10:14:27.755000-03:00,0.0,5.0,1,Dinheiro,RAPADURA_ASSADA,1,5.0,EXPO_AFUBRA,1,3,4,10,Manhã
1222,2434,25.0,2026-03-27 10:29:56.655000-03:00,0.0,25.0,1,Dinheiro,RAPADURA_ASSADA_(PACOTE_X6),6,4.166666666666667,EXPO_AFUBRA,1,3,4,10,Manhã
1223,1279,20.0,2026-03-27 10:42:40.043000-03:00,0.0,20.0,1,Dinheiro,ALFAJOR_PRETO_(PACOTE_X4),4,5.0,EXPO_AFUBRA,1,3,4,10,Manhã
1224,2329,20.0,2026-03-27 10:46:13.669000-03:00,0.0,20.0,1,Dinheiro,ALFAJOR_PRETO_(PACOTE_X4),4,5.0,EXPO_AFUBRA,1,3,4,10,Manhã
1225,1074,5.0,2026-03-27 10:48:37.017000-03:00,0.0,5.0,1,Dinheiro,RAPADURA_ASSADA,1,5.0,EXPO_AFUBRA,1,3,4,10,Manhã
1226,1975,17.0,2026-03-27 11:17:03.808000-03:00,0.0,17.0,1,Cartão,RAPADURA_DE_MELADO,1,7.0,EXPO_AFUBRA,2,3,4,11,Manhã
1227,1975,17.0,2026-03-27 11:17:03.808000-03:00,0.0,17.0,1,Cartão,RAPADURA_ASSADA,2,5.0,EXPO_AFUBRA,2,3,4,11,Manhã
1228,1017,28.0,2026-03-27 11:27:14.135000-03:00,0.0,28.0,1,Dinheiro,ALFAJOR_PRETO_(PACOTE_X4),4,5.0,EXPO_AFUBRA,2,3,4,11,Manhã
1229,1017,28.0,2026-03-27 11:27:14.135000-03:00,0.0,28.0,1,Dinheiro,CRI-CRI_200G,1,8.0,EXPO_AFUBRA,2,3,4,11,Manhã
1230,536,25.0,2026-03-27 11:27:24.627000-03:00,0.0,25.0,1,Dinheiro,RAPADURA_ASSADA_(PACOTE_X6),6,4.166666666666667,EXPO_AFUBRA,1,3,4,11,Manhã
1231,1091,20.0,2026-03-27 11:28:37.882000-03:00,0.0,20.0,1,Dinheiro,RAPADURA_DE_MELADO_(PACOTE_X3),3,6.666666666666667,EXPO_AFUBRA,1,3,4,11,Manhã
1232,336,8.0,2026-03-27 11:29:40.023000-03:00,0.0,8.0,1,Pix,CRI-CRI_200G,1,8.0,EXPO_AFUBRA,1,3,4,11,Manhã
1233,172,10.0,2026-03-27 11:31:32.010000-03:00,0.0,10.0,1,Dinheiro,BOLACHA_DE_MANTEIGA,1,10.0,EXPO_AFUBRA,1,3,4,11,Manhã
1234,210,10.0,2026-03-27 11:34:09.590000-03:00,2.0,12.0,1,Dinheiro,ALFAJOR,2,6.0,EXPO_AFUBRA,1,3,4,11,Manhã
1235,435,40.0,2026-03-27 11:40:49.584000-03:00,0.0,40.0,1,Dinheiro,RAPADURA_DE_MELADO_(PACOTE_X3),6,6.666666666666667,EXPO_AFUBRA,1,3,4,11,Manhã
1236,1124,25.0,2026-03-27 11:56:38.261000-03:00,0.0,25.0,1,Dinheiro,RAPADURA_ASSADA_(PACOTE_X6),6,4.166666666666667,EXPO_AFUBRA,1,3,4,11,Manhã
1237,1816,25.0,2026-03-27 11:58:10.875000-03:00,0.0,25.0,1,Pix,RAPADURA_ASSADA_(PACOTE_X6),6,4.166666666666667,EXPO_AFUBRA,1,3,4,11,Manhã
1238,1652,25.0,2026-03-27 12:04:39.927000-03:00,0.0,25.0,1,Pix,RAPADURA_ASSADA_(PACOTE_X6),6,4.166666666666667,EXPO_AFUBRA,1,3,4,12,Tarde
1239,113,25.0,2026-03-27 12:15:59.494000-03:00,0.0,25.0,1,Dinheiro,RAPADURA_ASSADA_(PACOTE_X6),6,4.166666666666667,EXPO_AFUBRA,1,3,4,12,Tarde
1240,1740,25.0,2026-03-27 12:28:58.734000-03:00,0.0,25.0,1,Dinheiro,RAPADURA_ASSADA_(PACOTE_X6),6,4.166666666666667,EXPO_AFUBRA,1,3,4,12,Tarde
1241,1059,10.0,2026-03-27 12:49:07.097000-03:00,0.0,10.0,1,Dinheiro,RAPADURA_ASSADA,2,5.0,EXPO_AFUBRA,1,3,4,12,Tarde
1242,1284,20.0,2026-03-27 13:11:00.507000-03:00,0.0,20.0,1,Dinheiro,RAPADURA_DE_MELADO_(PACOTE_X3),3,6.666666666666667,EXPO_AFUBRA,1,3,4,13,Tarde
1243,2032,5.0,2026-03-27 13:17:00.849000-03:00,0.0,5.0,1,Dinheiro,RAPADURA_ASSADA,1,5.0,EXPO_AFUBRA,1,3,4,13,Tarde
1244,1522,25.0,2026-03-27 13:29:01.205000-03:00,0.0,25.0,1,Cartão,RAPADURA_ASSADA_(PACOTE_X6),6,4.166666666666667,EXPO_AFUBRA,1,3,4,13,Tarde
1245,681,10.0,2026-03-27 13:29:17.171000-03:00,0.0,10.0,1,Dinheiro,BOLACHA_DE_MANTEIGA,1,10.0,EXPO_AFUBRA,1,3,4,13,Tarde
1246,1953,20.0,2026-03-27 13:39:30.574000-03:00,0.0,20.0,1,Dinheiro,RAPADURA_DE_MELADO_(PACOTE_X3),3,6.666666666666667,EXPO_AFUBRA,1,3,4,13,Tarde
1247,136,10.0,2026-03-27 13:43:34.928000-03:00,0.0,10.0,1,Cartão,RAPADURA_ASSADA,2,5.0,EXPO_AFUBRA,1,3,4,13,Tarde
1248,16,5.0,2026-03-27 13:43:44.819000-03:00,0.0,5.0,1,Dinheiro,RAPADURA_ASSADA,1,5.0,EXPO_AFUBRA,1,3,4,13,Tarde
1249,1446,50.0,2026-03-27 13:53:06.796000-03:00,0.0,50.0,1,Cartão,RAPADURA_ASSADA_(PACOTE_X6),12,4.166666666666667,EXPO_AFUBRA,1,3,4,13,Tarde
1250,1801,5.0,2026-03-27 14:07:53.114000-03:00,0.0,5.0,1,Dinheiro,PÉ-DE-MOLEQUE,1,5.0,EXPO_AFUBRA,1,3,4,14,Tarde
1251,399,20.0,2026-03-27 14:10:57.790000-03:00,0.0,20.0,1,Dinheiro,RAPADURA_DE_MELADO_(PACOTE_X3),3,6.666666666666667,EXPO_AFUBRA,1,3,4,14,Tarde
1252,1824,180.0,2026-06-14 10:58:59.290000-03:00,30.0,210.0,0,Dinheiro,ALFAJOR_PRETO_(CAIXA_X16),16,5.0,EXPOBENTO,3,6,6,10,Manhã
1253,1824,180.0,2026-06-14 10:58:59.290000-03:00,30.0,210.0,0,Dinheiro,ALFAJOR_BRANCO_(CAIXA_X16),16,5.0,EXPOBENTO,3,6,6,10,Manhã
1254,1824,180.0,2026-06-14 10:58:59.290000-03:00,30.0,210.0,0,Dinheiro,RAPADURA_ASSADA_(PACOTE_X6),12,4.166666666666667,EXPOBENTO,3,6,6,10,Manhã
1255,303,7.0,2026-06-14 14:10:05.868000-03:00,0.0,7.0,0,Dinheiro,RAPADURA_DE_MELADO,1,7.0,EXPOBENTO,1,6,6,14,Tarde
1256,1335,15.0,2026-06-14 16:27:06.990000-03:00,0.0,15.0,0,Dinheiro,CUCA_ENROLADA,1,15.0,EXPOBENTO,1,6,6,16,Tarde
1257,2088,12.0,2026-06-14 17:48:28.538000-03:00,0.0,12.0,0,Dinheiro,ALFAJOR_BRANCO,1,6.0,EXPOBENTO,2,6,6,17,Tarde
1258,2088,12.0,2026-06-14 17:48:28.538000-03:00,0.0,12.0,0,Dinheiro,ALFAJOR,1,6.0,EXPOBENTO,2,6,6,17,Tarde
1259,1275,50.0,2026-06-14 20:15:39.030000-03:00,3.0,53.0,0,Cartão,ALFAJOR_BRANCO,1,6.0,EXPOBENTO,4,6,6,20,Noite
1260,1275,50.0,2026-06-14 20:15:39.030000-03:00,3.0,53.0,0,Cartão,ALFAJOR,1,6.0,EXPOBENTO,4,6,6,20,Noite
1261,1275,50.0,2026-06-14 20:15:39.030000-03:00,3.0,53.0,0,Cartão,RAPADURA_ASSADA_(PACOTE_X6),6,4.166666666666667,EXPOBENTO,4,6,6,20,Noite
1262,1275,50.0,2026-06-14 20:15:39.030000-03:00,3.0,53.0,0,Cartão,CRI-CRI_200G,2,8.0,EXPOBENTO,4,6,6,20,Noite
1263,2150,45.0,2026-06-14 11:10:43.697000-03:00,5.0,50.0,0,Pix,CUCA_ENROLADA_DE_AMENDOIM_(PACOTE_X2),2,12.5,EXPOBENTO,2,6,6,11,Manhã
1264,2150,45.0,2026-06-14 11:10:43.697000-03:00,5.0,50.0,0,Pix,RAPADURA_ASSADA_(PACOTE_X6),6,4.166666666666667,EXPOBENTO,2,6,6,11,Manhã
1265,1503,25.0,2026-06-14 14:24:13.931000-03:00,0.0,25.0,0,Dinheiro,RAPADURA_ASSADA_(PACOTE_X6),6,4.166666666666667,EXPOBENTO,1,6,6,14,Tarde
1266,2326,20.0,2026-06-14 16:32:22.515000-03:00,4.0,24.0,0,Dinheiro,ALFAJOR_BRANCO,2,6.0,EXPOBENTO,2,6,6,16,Tarde
1267,2326,20.0,2026-06-14 16:32:22.515000-03:00,4.0,24.0,0,Dinheiro,ALFAJOR,2,6.0,EXPOBENTO,2,6,6,16,Tarde
1268,1596,47.0,2026-06-14 17:53:20.477000-03:00,0.0,47.0,0,Cartão,RAPADURA_DE_MELADO_(PACOTE_X3),3,6.666666666666667,EXPOBENTO,3,6,6,17,Tarde
1269,1596,47.0,2026-06-14 17:53:20.477000-03:00,0.0,47.0,0,Cartão,RAPADURA_DE_MELADO,1,7.0,EXPOBENTO,3,6,6,17,Tarde
1270,1596,47.0,2026-06-14 17:53:20.477000-03:00,0.0,47.0,0,Cartão,ALFAJOR_PRETO_(PACOTE_X4),4,5.0,EXPOBENTO,3,6,6,17,Tarde
1271,1323,15.0,2026-06-14 11:10:55.068000-03:00,0.0,15.0,0,Dinheiro,CUCA_ENROLADA,1,15.0,EXPOBENTO,1,6,6,11,Manhã
1272,2017,40.0,2026-06-14 14:51:43.293000-03:00,0.0,40.0,0,Dinheiro,RAPADURA_DE_MELADO_(PACOTE_X3),6,6.666666666666667,EXPOBENTO,1,6,6,14,Tarde
1273,269,15.0,2026-06-14 16:32:43.482000-03:00,1.0,16.0,0,Dinheiro,AMENDOIM_TEMPERADO,2,8.0,EXPOBENTO,1,6,6,16,Tarde
1274,630,7.0,2026-06-14 17:53:31.816000-03:00,0.0,7.0,0,Dinheiro,RAPADURA_DE_MELADO,1,7.0,EXPOBENTO,1,6,6,17,Tarde
1275,728,20.0,2026-06-14 11:20:21.555000-03:00,0.0,20.0,0,Pix,ALFAJOR_BRANCO_(PACOTE_X4),4,5.0,EXPOBENTO,1,6,6,11,Manhã
1276,771,7.0,2026-06-14 14:55:04.343000-03:00,0.0,7.0,0,Dinheiro,RAPADURA_DE_MELADO,1,7.0,EXPOBENTO,1,6,6,14,Tarde
1277,987,16.0,2026-06-14 16:36:30.631000-03:00,0.0,16.0,0,Pix,CRI-CRI_200G,1,8.0,EXPOBENTO,2,6,6,16,Tarde
1278,987,16.0,2026-06-14 16:36:30.631000-03:00,0.0,16.0,0,Pix,AMENDOIM_TEMPERADO,1,8.0,EXPOBENTO,2,6,6,16,Tarde
1279,208,20.0,2026-06-14 17:53:37.614000-03:00,0.0,20.0,0,Dinheiro,ALFAJOR_BRANCO_(PACOTE_X4),4,5.0,EXPOBENTO,1,6,6,17,Tarde
1280,1995,20.0,2026-06-14 11:46:39.792000-03:00,0.0,20.0,0,Dinheiro,RAPADURA_DE_MELADO_(PACOTE_X3),3,6.666666666666667,EXPOBENTO,1,6,6,11,Manhã
1281,2456,20.0,2026-06-14 15:05:58.390000-03:00,2.0,22.0,0,Dinheiro,ALFAJOR,2,6.0,EXPOBENTO,2,6,6,15,Tarde
1282,2456,20.0,2026-06-14 15:05:58.390000-03:00,2.0,22.0,0,Dinheiro,RAPADURA_ASSADA,2,5.0,EXPOBENTO,2,6,6,15,Tarde
1283,128,25.0,2026-06-14 17:08:41.846000-03:00,0.0,25.0,0,Cartão,CUCA_ENROLADA_DE_AMENDOIM_(PACOTE_X2),2,12.5,EXPOBENTO,1,6,6,17,Tarde
1284,308,25.0,2026-06-14 17:54:08.482000-03:00,0.0,25.0,0,Dinheiro,RAPADURA_ASSADA_(PACOTE_X6),6,4.166666666666667,EXPOBENTO,1,6,6,17,Tarde
1285,2444,80.0,2026-06-17 21:28:16.849000-03:00,0.0,80.0,1,Cartão,ALFAJOR_PRETO_(CAIXA_X16),16,5.0,EXPOBENTO,1,6,2,21,Noite
1286,2131,27.0,2026-06-14 12:30:16.730000-03:00,0.0,27.0,0,Cartão,RAPADURA_ASSADA,1,5.0,EXPOBENTO,3,6,6,12,Tarde
1287,2131,27.0,2026-06-14 12:30:16.730000-03:00,0.0,27.0,0,Cartão,RAPADURA_DE_MELADO,1,7.0,EXPOBENTO,3,6,6,12,Tarde
1288,2131,27.0,2026-06-14 12:30:16.730000-03:00,0.0,27.0,0,Cartão,CUCA_ENROLADA,1,15.0,EXPOBENTO,3,6,6,12,Tarde
1289,561,25.0,2026-06-14 15:19:02.214000-03:00,0.0,25.0,0,Dinheiro,CUCA_ENROLADA_DE_AMENDOIM_(PACOTE_X2),2,12.5,EXPOBENTO,1,6,6,15,Tarde
1290,1608,15.0,2026-05-08 10:24:55.074000-03:00,0.0,15.0,0,Pix,CRI-CRI_200G,1,8.0,FEIRA_CTG,2,5,4,10,Manhã
1291,1608,15.0,2026-05-08 10:24:55.074000-03:00,0.0,15.0,0,Pix,RAPADURA_DE_MELADO,1,7.0,FEIRA_CTG,2,5,4,10,Manhã
1292,1071,12.0,2026-05-08 10:45:22.987000-03:00,0.0,12.0,0,Dinheiro,ALFAJOR_BRANCO,1,6.0,FEIRA_CTG,2,5,4,10,Manhã
1293,1071,12.0,2026-05-08 10:45:22.987000-03:00,0.0,12.0,0,Dinheiro,ALFAJOR,1,6.0,FEIRA_CTG,2,5,4,10,Manhã
1294,1806,6.0,2026-05-08 10:48:30.338000-03:00,0.0,6.0,0,Dinheiro,ALFAJOR,1,6.0,FEIRA_CTG,1,5,4,10,Manhã
1295,283,17.0,2026-05-08 13:41:53.083000-03:00,0.0,17.0,0,Cartão,ALFAJOR_BRANCO,1,6.0,FEIRA_CTG,3,5,4,13,Tarde
1296,283,17.0,2026-05-08 13:41:53.083000-03:00,0.0,17.0,0,Cartão,ALFAJOR,1,6.0,FEIRA_CTG,3,5,4,13,Tarde
1297,283,17.0,2026-05-08 13:41:53.083000-03:00,0.0,17.0,0,Cartão,RAPADURA_ASSADA,1,5.0,FEIRA_CTG,3,5,4,13,Tarde
1298,90,24.0,2026-05-08 14:20:22.141000-03:00,0.0,24.0,0,Dinheiro,ALFAJOR_BRANCO,3,6.0,FEIRA_CTG,2,5,4,14,Tarde
1299,90,24.0,2026-05-08 14:20:22.141000-03:00,0.0,24.0,0,Dinheiro,ALFAJOR,1,6.0,FEIRA_CTG,2,5,4,14,Tarde
1300,1902,40.0,2026-05-08 15:08:20.484000-03:00,5.0,45.0,0,Dinheiro,RAPADURA_DE_MELADO_(PACOTE_X3),3,6.666666666666667,FEIRA_CTG,2,5,4,15,Tarde
1301,1902,40.0,2026-05-08 15:08:20.484000-03:00,5.0,45.0,0,Dinheiro,CUCA_ALEMÃ,1,25.0,FEIRA_CTG,2,5,4,15,Tarde
1302,1496,8.0,2026-05-08 15:19:25.494000-03:00,0.0,8.0,0,Pix,CRI-CRI_200G,1,8.0,FEIRA_CTG,1,5,4,15,Tarde
1303,784,6.0,2026-05-08 15:34:57.345000-03:00,0.0,6.0,0,Dinheiro,ALFAJOR,1,6.0,FEIRA_CTG,1,5,4,15,Tarde
1304,2050,24.0,2026-05-08 15:36:09.503000-03:00,0.0,24.0,0,Dinheiro,ALFAJOR,3,6.0,FEIRA_CTG,2,5,4,15,Tarde
1305,2050,24.0,2026-05-08 15:36:09.503000-03:00,0.0,24.0,0,Dinheiro,ALFAJOR_BRANCO,1,6.0,FEIRA_CTG,2,5,4,15,Tarde
1306,1062,31.0,2026-05-08 15:36:45.422000-03:00,0.0,31.0,0,Dinheiro,ALFAJOR,1,6.0,FEIRA_CTG,2,5,4,15,Tarde
1307,1062,31.0,2026-05-08 15:36:45.422000-03:00,0.0,31.0,0,Dinheiro,CUCA_ALEMÃ,1,25.0,FEIRA_CTG,2,5,4,15,Tarde
1308,142,6.0,2026-05-08 15:43:09.573000-03:00,0.0,6.0,0,Dinheiro,ALFAJOR,1,6.0,FEIRA_CTG,1,5,4,15,Tarde
1309,762,20.0,2026-06-14 13:05:00.746000-03:00,4.0,24.0,0,Dinheiro,ALFAJOR_BRANCO,2,6.0,EXPOBENTO,2,6,6,13,Tarde
1310,762,20.0,2026-06-14 13:05:00.746000-03:00,4.0,24.0,0,Dinheiro,ALFAJOR,2,6.0,EXPOBENTO,2,6,6,13,Tarde
1311,736,20.0,2026-06-14 15:39:17.517000-03:00,5.0,25.0,0,Dinheiro,CUCA_ENROLADA_DE_AMENDOIM_(PACOTE_X2),2,12.5,EXPOBENTO,1,6,6,15,Tarde
1312,830,65.0,2026-05-08 15:58:32.426000-03:00,0.0,65.0,0,Dinheiro,CUCA_ALEMÃ,2,25.0,FEIRA_CTG,2,5,4,15,Tarde
1313,830,65.0,2026-05-08 15:58:32.426000-03:00,0.0,65.0,0,Dinheiro,CUCA_ENROLADA,1,15.0,FEIRA_CTG,2,5,4,15,Tarde
1314,1468,20.0,2026-05-08 16:08:23.940000-03:00,0.0,20.0,0,Dinheiro,RAPADURA_DE_MELADO_(PACOTE_X3),3,6.666666666666667,FEIRA_CTG,1,5,4,16,Tarde
1315,502,25.0,2026-05-08 16:09:48.776000-03:00,0.0,25.0,0,Dinheiro,CUCA_ALEMÃ,1,25.0,FEIRA_CTG,1,5,4,16,Tarde
1316,91,15.0,2026-06-14 17:11:33.719000-03:00,0.0,15.0,0,Cartão,CUCA_ENROLADA,1,15.0,EXPOBENTO,1,6,6,17,Tarde
1317,1433,30.0,2026-05-08 16:50:10.195000-03:00,0.0,30.0,0,Dinheiro,CUCA_ENROLADA,2,15.0,FEIRA_CTG,1,5,4,16,Tarde
1318,1013,12.0,2026-05-08 16:52:16.507000-03:00,0.0,12.0,0,Dinheiro,ALFAJOR_BRANCO,1,6.0,FEIRA_CTG,2,5,4,16,Tarde
1319,1013,12.0,2026-05-08 16:52:16.507000-03:00,0.0,12.0,0,Dinheiro,ALFAJOR,1,6.0,FEIRA_CTG,2,5,4,16,Tarde
1320,616,25.0,2026-06-14 17:54:25.950000-03:00,0.0,25.0,0,Pix,RAPADURA_ASSADA_(PACOTE_X6),6,4.166666666666667,EXPOBENTO,1,6,6,17,Tarde
1321,452,18.0,2026-05-08 17:12:46.818000-03:00,2.0,20.0,0,Dinheiro,RAPADURA_DE_MELADO_(PACOTE_X3),3,6.666666666666667,FEIRA_CTG,1,5,4,17,Tarde
1322,814,15.0,2026-05-09 10:56:46.911000-03:00,0.0,15.0,0,Dinheiro,CUCA_ENROLADA,1,15.0,FEIRA_CTG,1,5,5,10,Manhã
1323,905,25.0,2026-05-09 11:11:34.575000-03:00,0.0,25.0,0,Dinheiro,RAPADURA_ASSADA_(PACOTE_X6),6,4.166666666666667,FEIRA_CTG,1,5,5,11,Manhã
1324,707,25.0,2026-05-09 11:39:36.541000-03:00,0.0,25.0,0,Cartão,CUCA_ALEMÃ,1,25.0,FEIRA_CTG,1,5,5,11,Manhã
1325,1228,25.0,2026-05-09 11:43:23.440000-03:00,5.0,30.0,0,Dinheiro,ALFAJOR,5,6.0,FEIRA_CTG,1,5,5,11,Manhã
1326,982,14.0,2026-05-09 12:53:56.731000-03:00,0.0,14.0,0,Cartão,RAPADURA_DE_MELADO,2,7.0,FEIRA_CTG,1,5,5,12,Tarde
1327,1003,8.0,2026-05-09 14:02:37.918000-03:00,0.0,8.0,0,Dinheiro,CRI-CRI_200G,1,8.0,FEIRA_CTG,1,5,5,14,Tarde
1328,1939,20.0,2026-05-09 14:12:57.215000-03:00,0.0,20.0,0,Dinheiro,RAPADURA_DE_MELADO_(PACOTE_X3),3,6.666666666666667,FEIRA_CTG,1,5,5,14,Tarde
1329,485,6.0,2026-05-09 14:43:15.878000-03:00,0.0,6.0,0,Dinheiro,ALFAJOR_BRANCO,1,6.0,FEIRA_CTG,1,5,5,14,Tarde
1330,2375,20.0,2026-06-14 13:11:36.849000-03:00,0.0,20.0,0,Dinheiro,RAPADURA_DE_MELADO_(PACOTE_X3),3,6.666666666666667,EXPOBENTO,1,6,6,13,Tarde
1331,1601,32.0,2026-06-14 15:48:30.304000-03:00,0.0,32.0,0,Cartão,RAPADURA_ASSADA_(PACOTE_X6),6,4.166666666666667,EXPOBENTO,2,6,6,15,Tarde
1332,1601,32.0,2026-06-14 15:48:30.304000-03:00,0.0,32.0,0,Cartão,RAPADURA_DE_MELADO,1,7.0,EXPOBENTO,2,6,6,15,Tarde
1333,658,25.0,2026-06-14 17:19:27.934000-03:00,0.0,25.0,0,Dinheiro,RAPADURA_ASSADA_(PACOTE_X6),6,4.166666666666667,EXPOBENTO,1,6,6,17,Tarde
1334,2267,20.0,2026-06-14 18:56:02.856000-03:00,0.0,20.0,0,Dinheiro,ALFAJOR_BRANCO_(PACOTE_X4),4,5.0,EXPOBENTO,1,6,6,18,Noite
1335,2410,48.0,2026-05-09 15:20:16.355000-03:00,0.0,48.0,0,Pix,AMENDOIM_TEMPERADO,2,8.0,FEIRA_CTG,3,5,5,15,Tarde
1336,2410,48.0,2026-05-09 15:20:16.355000-03:00,0.0,48.0,0,Pix,RAPADURA_ASSADA_(PACOTE_X6),6,4.166666666666667,FEIRA_CTG,3,5,5,15,Tarde
1337,2410,48.0,2026-05-09 15:20:16.355000-03:00,0.0,48.0,0,Pix,RAPADURA_DE_MELADO,1,7.0,FEIRA_CTG,3,5,5,15,Tarde
1338,2191,10.0,2026-05-09 15:22:32.794000-03:00,0.0,10.0,0,Cartão,RAPADURA_ASSADA,2,5.0,FEIRA_CTG,1,5,5,15,Tarde
1339,185,25.0,2026-05-09 15:29:09.222000-03:00,0.0,25.0,0,Dinheiro,CUCA_ALEMÃ,1,25.0,FEIRA_CTG,1,5,5,15,Tarde
1340,1128,25.0,2026-05-09 15:32:43.339000-03:00,0.0,25.0,0,Dinheiro,CUCA_ALEMÃ,1,25.0,FEIRA_CTG,1,5,5,15,Tarde
1341,390,22.0,2026-05-09 15:49:36.481000-03:00,0.0,22.0,0,Pix,ALFAJOR,2,6.0,FEIRA_CTG,2,5,5,15,Tarde
1342,390,22.0,2026-05-09 15:49:36.481000-03:00,0.0,22.0,0,Pix,RAPADURA_ASSADA,2,5.0,FEIRA_CTG,2,5,5,15,Tarde
1343,1724,35.0,2026-05-09 15:54:03.043000-03:00,5.0,40.0,0,Dinheiro,CUCA_ALEMÃ,1,25.0,FEIRA_CTG,2,5,5,15,Tarde
1344,1724,35.0,2026-05-09 15:54:03.043000-03:00,5.0,40.0,0,Dinheiro,CUCA_ENROLADA,1,15.0,FEIRA_CTG,2,5,5,15,Tarde
1345,238,10.0,2026-07-17 13:15:17.839000-03:00,4.0,14.0,1,Dinheiro,RAPADURA_DE_MELADO_GRÃO_MOÍDO,1,7.0,EXPO_DONA_FRANCISCA_,2,7,4,13,Tarde
1346,238,10.0,2026-07-17 13:15:17.839000-03:00,4.0,14.0,1,Dinheiro,RAPADURA_DE_MELADO,1,7.0,EXPO_DONA_FRANCISCA_,2,7,4,13,Tarde
1347,1565,7.0,2026-07-17 16:46:46.838000-03:00,0.0,7.0,1,Dinheiro,RAPADURA_DE_MELADO_GRÃO_MOÍDO,1,7.0,EXPO_DONA_FRANCISCA_,1,7,4,16,Tarde
1348,1986,25.0,2026-05-09 16:10:35.418000-03:00,0.0,25.0,0,Dinheiro,RAPADURA_ASSADA,1,5.0,FEIRA_CTG,2,5,5,16,Tarde
1349,1986,25.0,2026-05-09 16:10:35.418000-03:00,0.0,25.0,0,Dinheiro,RAPADURA_DE_MELADO_(PACOTE_X3),3,6.666666666666667,FEIRA_CTG,2,5,5,16,Tarde
1350,1255,50.0,2026-07-17 17:49:47.719000-03:00,0.0,50.0,1,Dinheiro,CUCA_ALEMÃ,2,25.0,EXPO_DONA_FRANCISCA_,1,7,4,17,Tarde
1351,1841,15.0,2026-05-09 16:24:54.219000-03:00,1.0,16.0,0,Dinheiro,AMENDOIM_TEMPERADO,1,8.0,FEIRA_CTG,2,5,5,16,Tarde
1352,1841,15.0,2026-05-09 16:24:54.219000-03:00,1.0,16.0,0,Dinheiro,CRI-CRI_200G,1,8.0,FEIRA_CTG,2,5,5,16,Tarde
1353,1048,5.0,2026-05-09 16:25:35.822000-03:00,1.0,6.0,0,Dinheiro,ALFAJOR,1,6.0,FEIRA_CTG,1,5,5,16,Tarde
1354,1702,30.0,2026-05-09 17:26:36.279000-03:00,0.0,30.0,0,Dinheiro,CUCA_ENROLADA,2,15.0,FEIRA_CTG,1,5,5,17,Tarde
1355,791,15.0,2026-05-10 09:49:23.845000-03:00,0.0,15.0,0,Dinheiro,CUCA_ENROLADA,1,15.0,FEIRA_CTG,1,5,6,9,Manhã
1356,812,7.0,2026-05-10 10:50:47.141000-03:00,0.0,7.0,0,Pix,RAPADURA_DE_MELADO,1,7.0,FEIRA_CTG,1,5,6,10,Manhã
1357,1120,6.0,2026-05-10 13:10:02.825000-03:00,0.0,6.0,0,Dinheiro,ALFAJOR,1,6.0,FEIRA_CTG,1,5,6,13,Tarde
1358,1817,25.0,2026-05-10 13:30:14.350000-03:00,0.0,25.0,0,Dinheiro,RAPADURA_ASSADA_(PACOTE_X6),6,4.166666666666667,FEIRA_CTG,1,5,6,13,Tarde
1359,162,20.0,2026-05-10 13:38:34.463000-03:00,8.0,28.0,0,Dinheiro,RAPADURA_DE_MELADO,4,7.0,FEIRA_CTG,1,5,6,13,Tarde
1360,484,20.0,2026-05-10 14:40:19.808000-03:00,0.0,20.0,0,Dinheiro,ALFAJOR,1,6.0,FEIRA_CTG,3,5,6,14,Tarde
1361,484,20.0,2026-05-10 14:40:19.808000-03:00,0.0,20.0,0,Dinheiro,ALFAJOR_BRANCO,1,6.0,FEIRA_CTG,3,5,6,14,Tarde
1362,484,20.0,2026-05-10 14:40:19.808000-03:00,0.0,20.0,0,Dinheiro,CRI-CRI_200G,1,8.0,FEIRA_CTG,3,5,6,14,Tarde
1363,486,20.0,2026-05-10 14:51:53.825000-03:00,0.0,20.0,0,Dinheiro,RAPADURA_DE_MELADO_(PACOTE_X3),3,6.666666666666667,FEIRA_CTG,1,5,6,14,Tarde
1364,964,60.0,2026-05-10 15:11:33.483000-03:00,1.0,61.0,0,Dinheiro,ALFAJOR,6,6.0,FEIRA_CTG,2,5,6,15,Tarde
1365,964,60.0,2026-05-10 15:11:33.483000-03:00,1.0,61.0,0,Dinheiro,RAPADURA_ASSADA_(PACOTE_X6),6,4.166666666666667,FEIRA_CTG,2,5,6,15,Tarde
1366,1432,25.0,2026-05-10 15:27:44.001000-03:00,0.0,25.0,0,Dinheiro,RAPADURA_ASSADA_(PACOTE_X6),6,4.166666666666667,FEIRA_CTG,1,5,6,15,Tarde
1367,242,6.0,2026-05-10 15:32:34.706000-03:00,0.0,6.0,0,Dinheiro,ALFAJOR,1,6.0,FEIRA_CTG,1,5,6,15,Tarde
1368,1075,20.0,2026-05-10 15:38:53.355000-03:00,0.0,20.0,0,Dinheiro,RAPADURA_DE_MELADO_(PACOTE_X3),3,6.666666666666667,FEIRA_CTG,1,5,6,15,Tarde
1369,1190,29.0,2026-05-10 15:45:48.362000-03:00,0.0,29.0,0,Dinheiro,ALFAJOR,2,6.0,FEIRA_CTG,3,5,6,15,Tarde
1370,1190,29.0,2026-05-10 15:45:48.362000-03:00,0.0,29.0,0,Dinheiro,ALFAJOR_BRANCO,2,6.0,FEIRA_CTG,3,5,6,15,Tarde
1371,1190,29.0,2026-05-10 15:45:48.362000-03:00,0.0,29.0,0,Dinheiro,RAPADURA_ASSADA,1,5.0,FEIRA_CTG,3,5,6,15,Tarde
1372,1981,15.0,2026-05-10 15:51:32.373000-03:00,0.0,15.0,0,Dinheiro,RAPADURA_DE_MELADO,1,7.0,FEIRA_CTG,2,5,6,15,Tarde
1373,1981,15.0,2026-05-10 15:51:32.373000-03:00,0.0,15.0,0,Dinheiro,CRI-CRI_200G,1,8.0,FEIRA_CTG,2,5,6,15,Tarde
1374,1344,20.0,2026-05-10 15:51:49.970000-03:00,0.0,20.0,0,Dinheiro,RAPADURA_DE_MELADO_(PACOTE_X3),3,6.666666666666667,FEIRA_CTG,1,5,6,15,Tarde
1375,797,25.0,2026-05-10 15:59:08.606000-03:00,5.0,30.0,0,Dinheiro,CUCA_ENROLADA,2,15.0,FEIRA_CTG,1,5,6,15,Tarde
1376,1461,5.0,2026-05-10 16:02:42.954000-03:00,1.0,6.0,0,Dinheiro,ALFAJOR_BRANCO,1,6.0,FEIRA_CTG,1,5,6,16,Tarde
1377,1691,6.0,2026-05-10 16:08:25.358000-03:00,0.0,6.0,0,Dinheiro,ALFAJOR_BRANCO,1,6.0,FEIRA_CTG,1,5,6,16,Tarde
1378,45,20.0,2026-05-10 16:16:14.149000-03:00,5.0,25.0,0,Dinheiro,CUCA_ALEMÃ,1,25.0,FEIRA_CTG,1,5,6,16,Tarde
1379,1164,20.0,2026-05-10 16:31:50.605000-03:00,0.0,20.0,0,Dinheiro,RAPADURA_DE_MELADO_(PACOTE_X3),3,6.666666666666667,FEIRA_CTG,1,5,6,16,Tarde
1380,558,7.0,2026-05-10 16:40:45.825000-03:00,0.0,7.0,0,Dinheiro,RAPADURA_DE_MELADO,1,7.0,FEIRA_CTG,1,5,6,16,Tarde
1381,896,50.0,2026-05-10 17:18:58.421000-03:00,5.0,55.0,0,Dinheiro,AMENDOIM_TEMPERADO,2,8.0,FEIRA_CTG,3,5,6,17,Tarde
1382,896,50.0,2026-05-10 17:18:58.421000-03:00,5.0,55.0,0,Dinheiro,RAPADURA_DE_MELADO,2,7.0,FEIRA_CTG,3,5,6,17,Tarde
1383,896,50.0,2026-05-10 17:18:58.421000-03:00,5.0,55.0,0,Dinheiro,CUCA_ALEMÃ,1,25.0,FEIRA_CTG,3,5,6,17,Tarde
1384,312,10.0,2026-05-10 17:20:13.928000-03:00,2.0,12.0,0,Dinheiro,ALFAJOR_BRANCO,1,6.0,FEIRA_CTG,2,5,6,17,Tarde
1385,312,10.0,2026-05-10 17:20:13.928000-03:00,2.0,12.0,0,Dinheiro,ALFAJOR,1,6.0,FEIRA_CTG,2,5,6,17,Tarde
1386,166,25.0,2026-06-14 13:17:42.223000-03:00,0.0,25.0,0,Dinheiro,RAPADURA_ASSADA_(PACOTE_X6),6,4.166666666666667,EXPOBENTO,1,6,6,13,Tarde
1387,1499,27.0,2026-06-14 15:54:54.722000-03:00,5.0,32.0,0,Dinheiro,CUCA_ENROLADA_DE_AMENDOIM_(PACOTE_X2),2,12.5,EXPOBENTO,2,6,6,15,Tarde
1388,2382,3150.0,2026-05-11 13:46:34.631000-03:00,0.0,3150.0,1,Dinheiro,CUCA_ALEMÃ,101,25.0,EXPOSERRA,3,5,0,13,Tarde
1389,2382,3150.0,2026-05-11 13:46:34.631000-03:00,0.0,3150.0,1,Dinheiro,CUCA_ENROLADA,40,15.0,EXPOSERRA,3,5,0,13,Tarde
1390,2382,3150.0,2026-05-11 13:46:34.631000-03:00,0.0,3150.0,1,Dinheiro,RAPADURA_ASSADA_(PACOTE_X6),6,4.166666666666667,EXPOSERRA,3,5,0,13,Tarde
1391,1475,172.0,2026-05-11 13:52:20.354000-03:00,0.0,172.0,1,Dinheiro,CUCA_ENROLADA,10,15.0,EXPOSERRA,3,5,0,13,Tarde
1392,1475,172.0,2026-05-11 13:52:20.354000-03:00,0.0,172.0,1,Dinheiro,ALFAJOR_BRANCO,2,6.0,EXPOSERRA,3,5,0,13,Tarde
1393,1475,172.0,2026-05-11 13:52:20.354000-03:00,0.0,172.0,1,Dinheiro,RAPADURA_ASSADA,2,5.0,EXPOSERRA,3,5,0,13,Tarde
1394,1005,465.0,2026-05-11 14:04:52.601000-03:00,0.0,465.0,1,Pix,ALFAJOR_BRANCO,14,6.0,EXPOSERRA,6,5,0,14,Tarde
1395,1005,465.0,2026-05-11 14:04:52.601000-03:00,0.0,465.0,1,Pix,AMENDOIM_TEMPERADO,6,8.0,EXPOSERRA,6,5,0,14,Tarde
1396,1005,465.0,2026-05-11 14:04:52.601000-03:00,0.0,465.0,1,Pix,CRI-CRI_200G,19,8.0,EXPOSERRA,6,5,0,14,Tarde
1397,1005,465.0,2026-05-11 14:04:52.601000-03:00,0.0,465.0,1,Pix,RAPADURA_DE_MELADO,18,7.0,EXPOSERRA,6,5,0,14,Tarde
1398,1005,465.0,2026-05-11 14:04:52.601000-03:00,0.0,465.0,1,Pix,ALFAJOR_PRETO_(PACOTE_X4),8,5.0,EXPOSERRA,6,5,0,14,Tarde
1399,1005,465.0,2026-05-11 14:04:52.601000-03:00,0.0,465.0,1,Pix,RAPADURA_ASSADA,3,5.0,EXPOSERRA,6,5,0,14,Tarde
1400,1992,7.0,2026-06-14 13:26:33.220000-03:00,0.0,7.0,0,Dinheiro,RAPADURA_DE_MELADO,1,7.0,EXPOBENTO,1,6,6,13,Tarde
1401,1820,917.0,2026-05-11 14:49:18.058000-03:00,36.0,953.0,1,Cartão,AMENDOIM_TEMPERADO,1,8.0,EXPOSERRA,4,5,0,14,Tarde
1402,1820,917.0,2026-05-11 14:49:18.058000-03:00,36.0,953.0,1,Cartão,ALFAJOR_PRETO_(PACOTE_X4),28,5.0,EXPOSERRA,4,5,0,14,Tarde
1403,1820,917.0,2026-05-11 14:49:18.058000-03:00,36.0,953.0,1,Cartão,RAPADURA_ASSADA_(PACOTE_X6),192,4.166666666666667,EXPOSERRA,4,5,0,14,Tarde
1404,1820,917.0,2026-05-11 14:49:18.058000-03:00,36.0,953.0,1,Cartão,RAPADURA_ASSADA,1,5.0,EXPOSERRA,4,5,0,14,Tarde
1405,645,42.0,2026-05-11 14:53:47.629000-03:00,83.0,125.0,1,Dinheiro,CUCA_ENROLADA_DE_AMENDOIM_(PACOTE_X2),10,12.5,EXPOSERRA,1,5,0,14,Tarde
1406,87,12.0,2026-05-14 17:30:34.906000-03:00,0.0,12.0,0,Dinheiro,ALFAJOR,2,6.0,FEIRA_PARAÍSO,1,5,3,17,Tarde
1407,2295,25.0,2026-05-14 17:44:48.669000-03:00,0.0,25.0,0,Dinheiro,CUCA_ALEMÃ,1,25.0,FEIRA_PARAÍSO,1,5,3,17,Tarde
1408,398,10.0,2026-05-14 17:46:17.284000-03:00,2.0,12.0,0,Dinheiro,ALFAJOR,2,6.0,FEIRA_PARAÍSO,1,5,3,17,Tarde
1409,1352,25.0,2026-05-14 18:13:20.397000-03:00,0.0,25.0,0,Dinheiro,CUCA_ALEMÃ,1,25.0,FEIRA_PARAÍSO,1,5,3,18,Noite
1410,2321,8.0,2026-05-14 19:36:28.833000-03:00,0.0,8.0,0,Dinheiro,AMENDOIM_TEMPERADO,1,8.0,FEIRA_PARAÍSO,1,5,3,19,Noite
1411,1084,8.0,2026-05-14 21:15:28.963000-03:00,0.0,8.0,0,Dinheiro,AMENDOIM_TEMPERADO,1,8.0,FEIRA_PARAÍSO,1,5,3,21,Noite
1412,1390,25.0,2026-05-15 10:46:30.005000-03:00,0.0,25.0,0,Dinheiro,CUCA_ALEMÃ,1,25.0,FEIRA_PARAÍSO,1,5,4,10,Manhã
1413,389,14.0,2026-05-15 13:32:53.327000-03:00,0.0,14.0,0,Dinheiro,RAPADURA_DE_MELADO,2,7.0,FEIRA_PARAÍSO,1,5,4,13,Tarde
1414,114,6.0,2026-05-15 13:33:33.178000-03:00,0.0,6.0,0,Dinheiro,ALFAJOR,1,6.0,FEIRA_PARAÍSO,1,5,4,13,Tarde
1415,1520,11.0,2026-05-15 15:45:53.670000-03:00,2.0,13.0,0,Dinheiro,ALFAJOR_BRANCO,1,6.0,FEIRA_PARAÍSO,2,5,4,15,Tarde
1416,1520,11.0,2026-05-15 15:45:53.670000-03:00,2.0,13.0,0,Dinheiro,RAPADURA_DE_MELADO,1,7.0,FEIRA_PARAÍSO,2,5,4,15,Tarde
1417,1197,8.0,2026-05-15 16:21:09.796000-03:00,0.0,8.0,0,Dinheiro,CRI-CRI_200G,1,8.0,FEIRA_PARAÍSO,1,5,4,16,Tarde
1418,1952,16.0,2026-05-15 16:33:15.163000-03:00,0.0,16.0,0,Dinheiro,CRI-CRI_200G,2,8.0,FEIRA_PARAÍSO,1,5,4,16,Tarde
1419,2106,20.0,2026-05-15 17:04:54.406000-03:00,2.0,22.0,0,Dinheiro,CRI-CRI_200G,1,8.0,FEIRA_PARAÍSO,2,5,4,17,Tarde
1420,2106,20.0,2026-05-15 17:04:54.406000-03:00,2.0,22.0,0,Dinheiro,RAPADURA_DE_MELADO,2,7.0,FEIRA_PARAÍSO,2,5,4,17,Tarde
1421,1345,20.0,2026-06-14 13:41:00.353000-03:00,0.0,20.0,0,Dinheiro,RAPADURA_DE_MELADO_(PACOTE_X3),3,6.666666666666667,EXPOBENTO,1,6,6,13,Tarde
1422,1499,27.0,2026-06-14 15:54:54.722000-03:00,5.0,32.0,0,Dinheiro,RAPADURA_DE_MELADO,1,7.0,EXPOBENTO,2,6,6,15,Tarde
1423,1910,12.0,2026-05-15 18:32:56.906000-03:00,0.0,12.0,0,Dinheiro,ALFAJOR,2,6.0,FEIRA_PARAÍSO,1,5,4,18,Noite
1424,2086,20.0,2026-06-14 17:28:13.913000-03:00,0.0,20.0,0,Dinheiro,RAPADURA_DE_MELADO_(PACOTE_X3),3,6.666666666666667,EXPOBENTO,1,6,6,17,Tarde
1425,442,15.0,2026-06-14 18:59:54.354000-03:00,0.0,15.0,0,Dinheiro,CUCA_ENROLADA,1,15.0,EXPOBENTO,1,6,6,18,Noite
1426,160,40.0,2026-05-15 19:24:07.944000-03:00,4.0,44.0,0,Dinheiro,RAPADURA_DE_MELADO_(PACOTE_X3),3,6.666666666666667,FEIRA_PARAÍSO,2,5,4,19,Noite
1427,160,40.0,2026-05-15 19:24:07.944000-03:00,4.0,44.0,0,Dinheiro,CRI-CRI_200G,3,8.0,FEIRA_PARAÍSO,2,5,4,19,Noite
1428,2137,16.0,2026-05-15 19:32:31.238000-03:00,0.0,16.0,0,Dinheiro,AMENDOIM_TEMPERADO,2,8.0,FEIRA_PARAÍSO,1,5,4,19,Noite
1429,1296,16.0,2026-05-15 19:44:51.231000-03:00,0.0,16.0,0,Dinheiro,AMENDOIM_TEMPERADO,2,8.0,FEIRA_PARAÍSO,1,5,4,19,Noite
1430,1508,20.0,2026-05-15 19:55:31.473000-03:00,0.0,20.0,0,Dinheiro,RAPADURA_DE_MELADO_(PACOTE_X3),3,6.666666666666667,FEIRA_PARAÍSO,1,5,4,19,Noite
1431,1912,25.0,2026-07-17 13:56:09.967000-03:00,0.0,25.0,1,Dinheiro,RAPADURA_ASSADA_(PACOTE_X6),6,4.166666666666667,EXPO_DONA_FRANCISCA_,1,7,4,13,Tarde
1432,202,50.0,2026-07-17 17:09:19.088000-03:00,0.0,50.0,1,Dinheiro,RAPADURA_ASSADA_(PACOTE_X6),12,4.166666666666667,EXPO_DONA_FRANCISCA_,1,7,4,17,Tarde
1433,1395,40.0,2026-07-17 17:51:09.863000-03:00,0.0,40.0,1,Dinheiro,CUCA_ALEMÃ,1,25.0,EXPO_DONA_FRANCISCA_,2,7,4,17,Tarde
1434,2347,941.0,2026-05-18 14:06:49.055000-03:00,0.0,941.0,1,Pix,CUCA_ENROLADA,18,15.0,FEIRA_POLÊSINE,6,5,0,14,Tarde
1435,2347,941.0,2026-05-18 14:06:49.055000-03:00,0.0,941.0,1,Pix,CRI-CRI_200G,13,8.0,FEIRA_POLÊSINE,6,5,0,14,Tarde
1436,2347,941.0,2026-05-18 14:06:49.055000-03:00,0.0,941.0,1,Pix,AMENDOIM_TEMPERADO,28,8.0,FEIRA_POLÊSINE,6,5,0,14,Tarde
1437,2347,941.0,2026-05-18 14:06:49.055000-03:00,0.0,941.0,1,Pix,ALFAJOR_BRANCO,50,6.0,FEIRA_POLÊSINE,6,5,0,14,Tarde
1438,2347,941.0,2026-05-18 14:06:49.055000-03:00,0.0,941.0,1,Pix,ALFAJOR,6,6.0,FEIRA_POLÊSINE,6,5,0,14,Tarde
1439,2347,941.0,2026-05-18 14:06:49.055000-03:00,0.0,941.0,1,Pix,RAPADURA_DE_MELADO,1,7.0,FEIRA_POLÊSINE,6,5,0,14,Tarde
1440,966,1463.0,2026-05-18 14:10:05.440000-03:00,0.0,1463.0,1,Cartão,CUCA_ALEMÃ,58,25.0,FEIRA_POLÊSINE,3,5,0,14,Tarde
1441,966,1463.0,2026-05-18 14:10:05.440000-03:00,0.0,1463.0,1,Cartão,RAPADURA_DE_MELADO,1,7.0,FEIRA_POLÊSINE,3,5,0,14,Tarde
1442,966,1463.0,2026-05-18 14:10:05.440000-03:00,0.0,1463.0,1,Cartão,ALFAJOR,1,6.0,FEIRA_POLÊSINE,3,5,0,14,Tarde
1443,2183,3693.0,2026-05-18 14:22:09.591000-03:00,3.0,3696.0,1,Dinheiro,CUCA_ALEMÃ,49,25.0,FEIRA_POLÊSINE,6,5,0,14,Tarde
1444,2183,3693.0,2026-05-18 14:22:09.591000-03:00,3.0,3696.0,1,Dinheiro,RAPADURA_DE_MELADO,90,7.0,FEIRA_POLÊSINE,6,5,0,14,Tarde
1445,2183,3693.0,2026-05-18 14:22:09.591000-03:00,3.0,3696.0,1,Dinheiro,RAPADURA_ASSADA_(PACOTE_X6),348,4.166666666666667,FEIRA_POLÊSINE,6,5,0,14,Tarde
1446,2183,3693.0,2026-05-18 14:22:09.591000-03:00,3.0,3696.0,1,Dinheiro,ALFAJOR_PRETO_(PACOTE_X4),72,5.0,FEIRA_POLÊSINE,6,5,0,14,Tarde
1447,2183,3693.0,2026-05-18 14:22:09.591000-03:00,3.0,3696.0,1,Dinheiro,ALFAJOR,1,6.0,FEIRA_POLÊSINE,6,5,0,14,Tarde
1448,2183,3693.0,2026-05-18 14:22:09.591000-03:00,3.0,3696.0,1,Dinheiro,RAPADURA_ASSADA,5,5.0,FEIRA_POLÊSINE,6,5,0,14,Tarde
1449,1198,323.0,2026-05-20 21:44:38.631000-03:00,0.0,323.0,1,Cartão,ALFAJOR_BRANCO,15,6.0,FEIRA_PARAÍSO,5,5,2,21,Noite
1450,1198,323.0,2026-05-20 21:44:38.631000-03:00,0.0,323.0,1,Cartão,ALFAJOR,15,6.0,FEIRA_PARAÍSO,5,5,2,21,Noite
1451,1198,323.0,2026-05-20 21:44:38.631000-03:00,0.0,323.0,1,Cartão,AMENDOIM_TEMPERADO,10,8.0,FEIRA_PARAÍSO,5,5,2,21,Noite
1452,1198,323.0,2026-05-20 21:44:38.631000-03:00,0.0,323.0,1,Cartão,CRI-CRI_200G,6,8.0,FEIRA_PARAÍSO,5,5,2,21,Noite
1453,1198,323.0,2026-05-20 21:44:38.631000-03:00,0.0,323.0,1,Cartão,RAPADURA_ASSADA,3,5.0,FEIRA_PARAÍSO,5,5,2,21,Noite
1454,99,650.0,2026-05-20 21:47:41.648000-03:00,0.0,650.0,1,Dinheiro,CUCA_ALEMÃ,26,25.0,FEIRA_PARAÍSO,1,5,2,21,Noite
1455,1990,240.0,2026-05-20 21:48:28.587000-03:00,0.0,240.0,1,Dinheiro,CUCA_ENROLADA,16,15.0,FEIRA_PARAÍSO,1,5,2,21,Noite
1456,1713,433.0,2026-05-20 21:53:48.542000-03:00,0.0,433.0,1,Dinheiro,RAPADURA_DE_MELADO,23,7.0,FEIRA_PARAÍSO,4,5,2,21,Noite
1457,1713,433.0,2026-05-20 21:53:48.542000-03:00,0.0,433.0,1,Dinheiro,RAPADURA_ASSADA_(PACOTE_X6),36,4.166666666666667,FEIRA_PARAÍSO,4,5,2,21,Noite
1458,1713,433.0,2026-05-20 21:53:48.542000-03:00,0.0,433.0,1,Dinheiro,CRI-CRI_200G,4,8.0,FEIRA_PARAÍSO,4,5,2,21,Noite
1459,1713,433.0,2026-05-20 21:53:48.542000-03:00,0.0,433.0,1,Dinheiro,ALFAJOR,15,6.0,FEIRA_PARAÍSO,4,5,2,21,Noite
1460,993,5.0,2026-06-14 13:43:12.307000-03:00,1.0,6.0,0,Dinheiro,ALFAJOR,1,6.0,EXPOBENTO,1,6,6,13,Tarde
1461,310,24.0,2026-06-14 16:14:56.227000-03:00,1.0,25.0,0,Dinheiro,RAPADURA_ASSADA_(PACOTE_X6),6,4.166666666666667,EXPOBENTO,1,6,6,16,Tarde
1462,2174,6.0,2026-06-14 17:33:49.966000-03:00,1.0,7.0,0,Dinheiro,RAPADURA_DE_MELADO,1,7.0,EXPOBENTO,1,6,6,17,Tarde
1463,11,20.0,2026-06-14 19:34:20.160000-03:00,2.0,22.0,0,Dinheiro,ALFAJOR,2,6.0,EXPOBENTO,2,6,6,19,Noite
1464,11,20.0,2026-06-14 19:34:20.160000-03:00,2.0,22.0,0,Dinheiro,RAPADURA_ASSADA,2,5.0,EXPOBENTO,2,6,6,19,Noite
1465,450,30.0,2026-06-14 14:03:11.858000-03:00,0.0,30.0,0,Dinheiro,CUCA_ENROLADA,2,15.0,EXPOBENTO,1,6,6,14,Tarde
1466,1718,15.0,2026-06-14 16:17:44.020000-03:00,1.0,16.0,0,Dinheiro,AMENDOIM_TEMPERADO,1,8.0,EXPOBENTO,2,6,6,16,Tarde
1467,445,7.0,2026-06-02 14:23:06.731000-03:00,0.0,7.0,1,Dinheiro,RAPADURA_DE_MELADO,1,7.0,FENAROZ,1,6,1,14,Tarde
1468,575,5.0,2026-06-02 15:16:17.451000-03:00,0.0,5.0,1,Dinheiro,RAPADURA_ASSADA,1,5.0,FENAROZ,1,6,1,15,Tarde
1469,1497,47.0,2026-06-02 15:51:33.699000-03:00,0.0,47.0,1,Cartão,CUCA_ENROLADA,1,15.0,FENAROZ,3,6,1,15,Tarde
1470,1497,47.0,2026-06-02 15:51:33.699000-03:00,0.0,47.0,1,Cartão,RAPADURA_DE_MELADO,1,7.0,FENAROZ,3,6,1,15,Tarde
1471,1497,47.0,2026-06-02 15:51:33.699000-03:00,0.0,47.0,1,Cartão,RAPADURA_ASSADA_(PACOTE_X6),6,4.166666666666667,FENAROZ,3,6,1,15,Tarde
1472,432,15.0,2026-06-02 16:46:37.732000-03:00,0.0,15.0,1,Dinheiro,CUCA_ENROLADA,1,15.0,FENAROZ,1,6,1,16,Tarde
1473,230,15.0,2026-06-02 17:31:14.795000-03:00,0.0,15.0,1,Cartão,CUCA_ENROLADA,1,15.0,FENAROZ,1,6,1,17,Tarde
1474,1533,37.0,2026-06-02 17:43:24.717000-03:00,0.0,37.0,1,Cartão,CUCA_ENROLADA,2,15.0,FENAROZ,2,6,1,17,Tarde
1475,1533,37.0,2026-06-02 17:43:24.717000-03:00,0.0,37.0,1,Cartão,RAPADURA_DE_MELADO,1,7.0,FENAROZ,2,6,1,17,Tarde
1476,1041,15.0,2026-06-02 17:57:46.194000-03:00,0.0,15.0,1,Pix,CUCA_ENROLADA,1,15.0,FENAROZ,1,6,1,17,Tarde
1477,417,8.0,2026-06-02 18:50:00.159000-03:00,0.0,8.0,1,Dinheiro,AMENDOIM_TEMPERADO,1,8.0,FENAROZ,1,6,1,18,Noite
1478,626,15.0,2026-06-02 19:20:47.093000-03:00,0.0,15.0,1,Dinheiro,CUCA_ENROLADA,1,15.0,FENAROZ,1,6,1,19,Noite
1479,940,15.0,2026-06-02 19:38:51.835000-03:00,0.0,15.0,1,Dinheiro,CUCA_ENROLADA,1,15.0,FENAROZ,1,6,1,19,Noite
1480,497,15.0,2026-06-03 10:03:51.534000-03:00,0.0,15.0,1,Dinheiro,CUCA_ENROLADA,1,15.0,FENAROZ,1,6,2,10,Manhã
1481,258,15.0,2026-06-03 10:05:34.739000-03:00,0.0,15.0,1,Cartão,CUCA_ENROLADA,1,15.0,FENAROZ,1,6,2,10,Manhã
1482,1732,15.0,2026-06-03 11:10:08.677000-03:00,0.0,15.0,1,Cartão,CUCA_ENROLADA,1,15.0,FENAROZ,1,6,2,11,Manhã
1483,1182,15.0,2026-06-03 11:27:27.258000-03:00,0.0,15.0,1,Dinheiro,CUCA_ENROLADA,1,15.0,FENAROZ,1,6,2,11,Manhã
1484,5,14.0,2026-06-03 13:25:53.463000-03:00,0.0,14.0,1,Cartão,RAPADURA_DE_MELADO,2,7.0,FENAROZ,1,6,2,13,Tarde
1485,420,5.0,2026-06-03 14:29:06.778000-03:00,2.0,7.0,1,Dinheiro,RAPADURA_DE_MELADO,1,7.0,FENAROZ,1,6,2,14,Tarde
1486,1156,23.0,2026-06-03 15:27:16.342000-03:00,0.0,23.0,1,Dinheiro,CRI-CRI_200G,1,8.0,FENAROZ,2,6,2,15,Tarde
1487,1156,23.0,2026-06-03 15:27:16.342000-03:00,0.0,23.0,1,Dinheiro,CUCA_ENROLADA,1,15.0,FENAROZ,2,6,2,15,Tarde
1488,832,22.0,2026-06-03 15:30:40.709000-03:00,0.0,22.0,1,Cartão,ALFAJOR_BRANCO,1,6.0,FENAROZ,2,6,2,15,Tarde
1489,832,22.0,2026-06-03 15:30:40.709000-03:00,0.0,22.0,1,Cartão,AMENDOIM_TEMPERADO,2,8.0,FENAROZ,2,6,2,15,Tarde
1490,2090,5.0,2026-06-03 15:39:58.023000-03:00,0.0,5.0,1,Dinheiro,RAPADURA_ASSADA,1,5.0,FENAROZ,1,6,2,15,Tarde
1491,1187,25.0,2026-06-03 15:51:12.230000-03:00,0.0,25.0,1,Cartão,RAPADURA_ASSADA_(PACOTE_X6),6,4.166666666666667,FENAROZ,1,6,2,15,Tarde
1492,1795,15.0,2026-06-03 16:03:46.612000-03:00,0.0,15.0,1,Dinheiro,CUCA_ENROLADA,1,15.0,FENAROZ,1,6,2,16,Tarde
1493,2293,7.0,2026-06-03 16:21:20.836000-03:00,0.0,7.0,1,Dinheiro,RAPADURA_DE_MELADO,1,7.0,FENAROZ,1,6,2,16,Tarde
1494,286,15.0,2026-06-03 16:22:35.929000-03:00,0.0,15.0,1,Cartão,CUCA_ENROLADA,1,15.0,FENAROZ,1,6,2,16,Tarde
1495,1529,8.0,2026-06-03 16:31:43.136000-03:00,0.0,8.0,1,Dinheiro,CRI-CRI_200G,1,8.0,FENAROZ,1,6,2,16,Tarde
1496,1113,22.0,2026-06-03 17:34:56.920000-03:00,0.0,22.0,1,Cartão,CUCA_ENROLADA,1,15.0,FENAROZ,2,6,2,17,Tarde
1497,1113,22.0,2026-06-03 17:34:56.920000-03:00,0.0,22.0,1,Cartão,RAPADURA_DE_MELADO,1,7.0,FENAROZ,2,6,2,17,Tarde
1498,1747,30.0,2026-06-03 18:13:59.254000-03:00,0.0,30.0,1,Cartão,CUCA_ENROLADA,2,15.0,FENAROZ,1,6,2,18,Noite
1499,1407,34.0,2026-06-03 19:18:52.335000-03:00,0.0,34.0,1,Pix,RAPADURA_DE_MELADO,2,7.0,FENAROZ,3,6,2,19,Noite
1500,1407,34.0,2026-06-03 19:18:52.335000-03:00,0.0,34.0,1,Pix,RAPADURA_ASSADA,1,5.0,FENAROZ,3,6,2,19,Noite
1501,1407,34.0,2026-06-03 19:18:52.335000-03:00,0.0,34.0,1,Pix,CUCA_ENROLADA,1,15.0,FENAROZ,3,6,2,19,Noite
1502,682,15.0,2026-06-03 19:58:47.355000-03:00,0.0,15.0,1,Pix,CUCA_ENROLADA,1,15.0,FENAROZ,1,6,2,19,Noite
1503,833,15.0,2026-06-03 19:59:31.049000-03:00,0.0,15.0,1,Dinheiro,CUCA_ENROLADA,1,15.0,FENAROZ,1,6,2,19,Noite
1504,1103,8.0,2026-06-04 09:43:11.340000-03:00,0.0,8.0,0,Dinheiro,CRI-CRI_200G,1,8.0,EXPOBENTO,1,6,3,9,Manhã
1505,647,15.0,2026-06-04 10:49:33.672000-03:00,0.0,15.0,1,Cartão,CUCA_ENROLADA,1,15.0,FENAROZ,1,6,3,10,Manhã
1506,1400,21.0,2026-06-04 11:27:08.899000-03:00,0.0,21.0,1,Cartão,RAPADURA_DE_MELADO,3,7.0,FENAROZ,1,6,3,11,Manhã
1507,885,36.0,2026-06-04 11:50:39.622000-03:00,0.0,36.0,1,Dinheiro,RAPADURA_DE_MELADO,3,7.0,FENAROZ,2,6,3,11,Manhã
1508,885,36.0,2026-06-04 11:50:39.622000-03:00,0.0,36.0,1,Dinheiro,CUCA_ENROLADA,1,15.0,FENAROZ,2,6,3,11,Manhã
1509,2453,15.0,2026-06-04 11:57:26.437000-03:00,0.0,15.0,1,Pix,CUCA_ENROLADA,1,15.0,FENAROZ,1,6,3,11,Manhã
1510,1382,7.0,2026-06-04 12:41:41.234000-03:00,0.0,7.0,1,Cartão,RAPADURA_DE_MELADO,1,7.0,FENAROZ,1,6,3,12,Tarde
1511,1727,15.0,2026-06-04 12:47:56.878000-03:00,0.0,15.0,0,Pix,CUCA_ENROLADA,1,15.0,EXPOBENTO,1,6,3,12,Tarde
1512,401,8.0,2026-06-04 12:57:36.072000-03:00,0.0,8.0,0,Pix,AMENDOIM_TEMPERADO,1,8.0,EXPOBENTO,1,6,3,12,Tarde
1513,687,15.0,2026-06-04 13:16:21.047000-03:00,0.0,15.0,0,Dinheiro,CUCA_ENROLADA,1,15.0,EXPOBENTO,1,6,3,13,Tarde
1514,913,25.0,2026-06-04 13:23:53.664000-03:00,0.0,25.0,1,Pix,RAPADURA_ASSADA_(PACOTE_X6),6,4.166666666666667,FENAROZ,1,6,3,13,Tarde
1515,1946,15.0,2026-06-04 13:50:33.394000-03:00,0.0,15.0,0,Dinheiro,CUCA_ENROLADA,1,15.0,EXPOBENTO,1,6,3,13,Tarde
1516,290,28.0,2026-06-04 14:18:31.508000-03:00,0.0,28.0,0,Cartão,AMENDOIM_TEMPERADO,1,8.0,EXPOBENTO,2,6,3,14,Tarde
1517,290,28.0,2026-06-04 14:18:31.508000-03:00,0.0,28.0,0,Cartão,RAPADURA_DE_MELADO_(PACOTE_X3),3,6.666666666666667,EXPOBENTO,2,6,3,14,Tarde
1518,1289,30.0,2026-06-04 14:21:57.298000-03:00,0.0,30.0,1,Dinheiro,CUCA_ENROLADA,1,15.0,FENAROZ,3,6,3,14,Tarde
1519,1289,30.0,2026-06-04 14:21:57.298000-03:00,0.0,30.0,1,Dinheiro,RAPADURA_DE_MELADO,1,7.0,FENAROZ,3,6,3,14,Tarde
1520,1289,30.0,2026-06-04 14:21:57.298000-03:00,0.0,30.0,1,Dinheiro,CRI-CRI_200G,1,8.0,FENAROZ,3,6,3,14,Tarde
1521,1584,7.0,2026-06-04 14:28:59.396000-03:00,0.0,7.0,1,Dinheiro,RAPADURA_DE_MELADO,1,7.0,FENAROZ,1,6,3,14,Tarde
1522,2149,20.0,2026-06-04 14:35:33.461000-03:00,0.0,20.0,1,Dinheiro,CUCA_ENROLADA,1,15.0,FENAROZ,2,6,3,14,Tarde
1523,2149,20.0,2026-06-04 14:35:33.461000-03:00,0.0,20.0,1,Dinheiro,RAPADURA_ASSADA,1,5.0,FENAROZ,2,6,3,14,Tarde
1524,376,33.0,2026-06-04 14:40:01.795000-03:00,0.0,33.0,1,Dinheiro,RAPADURA_ASSADA_(PACOTE_X6),6,4.166666666666667,FENAROZ,2,6,3,14,Tarde
1525,376,33.0,2026-06-04 14:40:01.795000-03:00,0.0,33.0,1,Dinheiro,CRI-CRI_200G,1,8.0,FENAROZ,2,6,3,14,Tarde
1526,1983,29.0,2026-06-04 15:08:31.481000-03:00,0.0,29.0,1,Dinheiro,RAPADURA_DE_MELADO,2,7.0,FENAROZ,2,6,3,15,Tarde
1527,1983,29.0,2026-06-04 15:08:31.481000-03:00,0.0,29.0,1,Dinheiro,CUCA_ENROLADA,1,15.0,FENAROZ,2,6,3,15,Tarde
1528,56,31.0,2026-06-04 15:30:48.842000-03:00,0.0,31.0,1,Dinheiro,RAPADURA_ASSADA,1,5.0,FENAROZ,3,6,3,15,Tarde
1529,56,31.0,2026-06-04 15:30:48.842000-03:00,0.0,31.0,1,Dinheiro,ALFAJOR,3,6.0,FENAROZ,3,6,3,15,Tarde
1530,56,31.0,2026-06-04 15:30:48.842000-03:00,0.0,31.0,1,Dinheiro,AMENDOIM_TEMPERADO,1,8.0,FENAROZ,3,6,3,15,Tarde
1531,1110,7.0,2026-06-04 15:43:03.584000-03:00,0.0,7.0,1,Dinheiro,RAPADURA_DE_MELADO,1,7.0,FENAROZ,1,6,3,15,Tarde
1532,1783,16.0,2026-06-04 15:45:07.916000-03:00,0.0,16.0,1,Dinheiro,CRI-CRI_200G,1,8.0,FENAROZ,2,6,3,15,Tarde
1533,1783,16.0,2026-06-04 15:45:07.916000-03:00,0.0,16.0,1,Dinheiro,AMENDOIM_TEMPERADO,1,8.0,FENAROZ,2,6,3,15,Tarde
1534,1052,6.0,2026-06-04 15:48:04.480000-03:00,0.0,6.0,1,Pix,ALFAJOR,1,6.0,FENAROZ,1,6,3,15,Tarde
1535,646,45.0,2026-06-04 15:49:06.028000-03:00,0.0,45.0,1,Dinheiro,CUCA_ENROLADA,3,15.0,FENAROZ,1,6,3,15,Tarde
1536,1921,5.88,2026-06-04 16:06:39.202000-03:00,0.12,6.0,0,Dinheiro,ALFAJOR,1,6.0,EXPOBENTO,1,6,3,16,Tarde
1537,1929,27.0,2026-06-04 16:11:38.777000-03:00,0.0,27.0,1,Pix,CUCA_ENROLADA,1,15.0,FENAROZ,3,6,3,16,Tarde
1538,1929,27.0,2026-06-04 16:11:38.777000-03:00,0.0,27.0,1,Pix,RAPADURA_DE_MELADO,1,7.0,FENAROZ,3,6,3,16,Tarde
1539,1929,27.0,2026-06-04 16:11:38.777000-03:00,0.0,27.0,1,Pix,RAPADURA_ASSADA,1,5.0,FENAROZ,3,6,3,16,Tarde
1540,743,15.0,2026-06-04 16:12:19.969000-03:00,0.0,15.0,1,Pix,CUCA_ENROLADA,1,15.0,FENAROZ,1,6,3,16,Tarde
1541,2408,40.0,2026-06-04 16:14:44.081000-03:00,0.0,40.0,1,Cartão,CUCA_ENROLADA,1,15.0,FENAROZ,2,6,3,16,Tarde
1542,2408,40.0,2026-06-04 16:14:44.081000-03:00,0.0,40.0,1,Cartão,RAPADURA_ASSADA_(PACOTE_X6),6,4.166666666666667,FENAROZ,2,6,3,16,Tarde
1543,116,10.0,2026-06-04 16:15:39.532000-03:00,0.0,10.0,1,Dinheiro,RAPADURA_ASSADA,2,5.0,FENAROZ,1,6,3,16,Tarde
1544,2195,8.0,2026-06-04 16:22:15.509000-03:00,0.0,8.0,1,Pix,AMENDOIM_TEMPERADO,1,8.0,FENAROZ,1,6,3,16,Tarde
1545,2291,20.0,2026-06-04 16:26:01.135000-03:00,0.0,20.0,0,Dinheiro,RAPADURA_DE_MELADO_(PACOTE_X3),3,6.666666666666667,EXPOBENTO,1,6,3,16,Tarde
1546,887,15.0,2026-06-04 16:30:39.205000-03:00,0.0,15.0,1,Dinheiro,CUCA_ENROLADA,1,15.0,FENAROZ,1,6,3,16,Tarde
1547,1635,15.0,2026-06-04 16:32:28.373000-03:00,0.0,15.0,0,Cartão,CUCA_ENROLADA,1,15.0,EXPOBENTO,1,6,3,16,Tarde
1548,1178,5.0,2026-06-04 16:38:24.523000-03:00,0.0,5.0,1,Dinheiro,RAPADURA_ASSADA,1,5.0,FENAROZ,1,6,3,16,Tarde
1549,48,8.0,2026-06-04 16:43:59.182000-03:00,0.0,8.0,1,Dinheiro,CRI-CRI_200G,1,8.0,FENAROZ,1,6,3,16,Tarde
1550,979,21.0,2026-06-04 16:46:39.822000-03:00,0.0,21.0,1,Dinheiro,RAPADURA_DE_MELADO,3,7.0,FENAROZ,1,6,3,16,Tarde
1551,1883,98.0,2026-06-04 16:54:44.392000-03:00,0.0,98.0,1,Dinheiro,CUCA_ENROLADA,2,15.0,FENAROZ,3,6,3,16,Tarde
1552,1883,98.0,2026-06-04 16:54:44.392000-03:00,0.0,98.0,1,Dinheiro,RAPADURA_DE_MELADO,4,7.0,FENAROZ,3,6,3,16,Tarde
1553,1883,98.0,2026-06-04 16:54:44.392000-03:00,0.0,98.0,1,Dinheiro,ALFAJOR_PRETO_(PACOTE_X4),8,5.0,FENAROZ,3,6,3,16,Tarde
1554,588,22.0,2026-06-04 16:58:01.663000-03:00,0.0,22.0,1,Dinheiro,CUCA_ENROLADA,1,15.0,FENAROZ,2,6,3,16,Tarde
1555,588,22.0,2026-06-04 16:58:01.663000-03:00,0.0,22.0,1,Dinheiro,RAPADURA_DE_MELADO,1,7.0,FENAROZ,2,6,3,16,Tarde
1556,1886,15.0,2026-06-04 17:00:56.379000-03:00,0.0,15.0,1,Cartão,CUCA_ENROLADA,1,15.0,FENAROZ,1,6,3,17,Tarde
1557,2153,22.0,2026-06-04 17:08:36.029000-03:00,0.0,22.0,1,Cartão,CUCA_ENROLADA,1,15.0,FENAROZ,2,6,3,17,Tarde
1558,2153,22.0,2026-06-04 17:08:36.029000-03:00,0.0,22.0,1,Cartão,RAPADURA_DE_MELADO,1,7.0,FENAROZ,2,6,3,17,Tarde
1559,739,40.0,2026-06-04 17:08:48.261000-03:00,0.0,40.0,1,Cartão,CUCA_ENROLADA,1,15.0,FENAROZ,2,6,3,17,Tarde
1560,739,40.0,2026-06-04 17:08:48.261000-03:00,0.0,40.0,1,Cartão,RAPADURA_ASSADA_(PACOTE_X6),6,4.166666666666667,FENAROZ,2,6,3,17,Tarde
1561,357,15.0,2026-06-04 17:16:09.967000-03:00,0.0,15.0,1,Dinheiro,CUCA_ENROLADA,1,15.0,FENAROZ,1,6,3,17,Tarde
1562,1769,8.0,2026-06-04 17:24:14.068000-03:00,0.0,8.0,1,Dinheiro,CRI-CRI_200G,1,8.0,FENAROZ,1,6,3,17,Tarde
1563,522,40.0,2026-06-04 17:27:32.786000-03:00,0.0,40.0,1,Cartão,CUCA_ENROLADA,1,15.0,FENAROZ,2,6,3,17,Tarde
1564,522,40.0,2026-06-04 17:27:32.786000-03:00,0.0,40.0,1,Cartão,RAPADURA_ASSADA_(PACOTE_X6),6,4.166666666666667,FENAROZ,2,6,3,17,Tarde
1565,1674,15.0,2026-06-04 17:35:19.900000-03:00,0.0,15.0,1,Dinheiro,CUCA_ENROLADA,1,15.0,FENAROZ,1,6,3,17,Tarde
1566,1073,15.0,2026-06-04 17:35:56.879000-03:00,0.0,15.0,1,Dinheiro,RAPADURA_DE_MELADO,1,7.0,FENAROZ,2,6,3,17,Tarde
1567,1073,15.0,2026-06-04 17:35:56.879000-03:00,0.0,15.0,1,Dinheiro,CRI-CRI_200G,1,8.0,FENAROZ,2,6,3,17,Tarde
1568,1982,30.0,2026-06-04 17:38:46.547000-03:00,0.0,30.0,1,Dinheiro,CUCA_ENROLADA,2,15.0,FENAROZ,1,6,3,17,Tarde
1569,999,7.0,2026-06-04 17:49:32.321000-03:00,0.0,7.0,1,Dinheiro,RAPADURA_DE_MELADO,1,7.0,FENAROZ,1,6,3,17,Tarde
1570,167,16.0,2026-06-04 17:49:41.659000-03:00,0.0,16.0,1,Cartão,CRI-CRI_200G,2,8.0,FENAROZ,1,6,3,17,Tarde
1571,277,13.0,2026-06-04 18:10:42.016000-03:00,0.0,13.0,0,Cartão,ALFAJOR,1,6.0,EXPOBENTO,2,6,3,18,Noite
1572,277,13.0,2026-06-04 18:10:42.016000-03:00,0.0,13.0,0,Cartão,RAPADURA_DE_MELADO,1,7.0,EXPOBENTO,2,6,3,18,Noite
1573,1066,23.0,2026-06-04 18:27:48.602000-03:00,0.0,23.0,1,Cartão,CUCA_ENROLADA,1,15.0,FENAROZ,2,6,3,18,Noite
1574,1066,23.0,2026-06-04 18:27:48.602000-03:00,0.0,23.0,1,Cartão,AMENDOIM_TEMPERADO,1,8.0,FENAROZ,2,6,3,18,Noite
1575,1620,20.0,2026-06-04 18:36:02.830000-03:00,0.0,20.0,0,Dinheiro,ALFAJOR_PRETO_(PACOTE_X4),4,5.0,EXPOBENTO,1,6,3,18,Noite
1576,654,15.0,2026-06-04 18:37:00.404000-03:00,0.0,15.0,1,Dinheiro,CUCA_ENROLADA,1,15.0,FENAROZ,1,6,3,18,Noite
1577,551,15.0,2026-06-04 18:43:14.192000-03:00,0.0,15.0,1,Pix,CUCA_ENROLADA,1,15.0,FENAROZ,1,6,3,18,Noite
1578,1526,22.0,2026-06-04 18:49:19.481000-03:00,0.0,22.0,1,Dinheiro,CUCA_ENROLADA,1,15.0,FENAROZ,2,6,3,18,Noite
1579,1526,22.0,2026-06-04 18:49:19.481000-03:00,0.0,22.0,1,Dinheiro,RAPADURA_DE_MELADO,1,7.0,FENAROZ,2,6,3,18,Noite
1580,2117,30.0,2026-06-04 18:58:58.273000-03:00,0.0,30.0,1,Dinheiro,CUCA_ENROLADA,2,15.0,FENAROZ,1,6,3,18,Noite
1581,908,35.0,2026-06-04 18:59:45.872000-03:00,0.0,35.0,0,Cartão,CUCA_ENROLADA,1,15.0,EXPOBENTO,2,6,3,18,Noite
1582,908,35.0,2026-06-04 18:59:45.872000-03:00,0.0,35.0,0,Cartão,RAPADURA_DE_MELADO_(PACOTE_X3),3,6.666666666666667,EXPOBENTO,2,6,3,18,Noite
1583,2071,16.0,2026-06-04 19:00:09.102000-03:00,0.0,16.0,0,Cartão,CRI-CRI_200G,1,8.0,EXPOBENTO,2,6,3,19,Noite
1584,2071,16.0,2026-06-04 19:00:09.102000-03:00,0.0,16.0,0,Cartão,AMENDOIM_TEMPERADO,1,8.0,EXPOBENTO,2,6,3,19,Noite
1585,1517,60.0,2026-06-04 19:42:22.111000-03:00,12.0,72.0,0,Dinheiro,ALFAJOR_BRANCO,3,6.0,EXPOBENTO,2,6,3,19,Noite
1586,1517,60.0,2026-06-04 19:42:22.111000-03:00,12.0,72.0,0,Dinheiro,ALFAJOR,9,6.0,EXPOBENTO,2,6,3,19,Noite
1587,1477,30.0,2026-06-04 19:49:56.269000-03:00,0.0,30.0,1,Dinheiro,CUCA_ENROLADA,2,15.0,FENAROZ,1,6,3,19,Noite
1588,1083,15.0,2026-06-04 19:59:40.734000-03:00,0.0,15.0,0,Dinheiro,CUCA_ENROLADA,1,15.0,EXPOBENTO,1,6,3,19,Noite
1589,2185,22.0,2026-06-04 20:51:51.503000-03:00,0.0,22.0,0,Dinheiro,CUCA_ENROLADA,1,15.0,EXPOBENTO,2,6,3,20,Noite
1590,2185,22.0,2026-06-04 20:51:51.503000-03:00,0.0,22.0,0,Dinheiro,RAPADURA_DE_MELADO,1,7.0,EXPOBENTO,2,6,3,20,Noite
1591,513,15.0,2026-06-05 13:26:13.228000-03:00,0.0,15.0,0,Dinheiro,CUCA_ENROLADA,1,15.0,EXPOBENTO,1,6,4,13,Tarde
1592,859,22.0,2026-06-05 13:53:17.379000-03:00,0.0,22.0,1,Dinheiro,CUCA_ENROLADA,1,15.0,FENAROZ,2,6,4,13,Tarde
1593,859,22.0,2026-06-05 13:53:17.379000-03:00,0.0,22.0,1,Dinheiro,RAPADURA_DE_MELADO,1,7.0,FENAROZ,2,6,4,13,Tarde
1594,2250,20.0,2026-06-05 14:13:11.495000-03:00,0.0,20.0,0,Dinheiro,RAPADURA_DE_MELADO_(PACOTE_X3),3,6.666666666666667,EXPOBENTO,1,6,4,14,Tarde
1595,1578,10.0,2026-06-05 14:17:31.712000-03:00,2.0,12.0,0,Dinheiro,ALFAJOR_BRANCO,2,6.0,EXPOBENTO,1,6,4,14,Tarde
1596,662,15.0,2026-06-05 14:21:03.554000-03:00,0.0,15.0,0,Cartão,CUCA_ENROLADA,1,15.0,EXPOBENTO,1,6,4,14,Tarde
1597,1221,25.0,2026-06-05 14:34:49.453000-03:00,0.0,25.0,1,Cartão,RAPADURA_ASSADA_(PACOTE_X6),6,4.166666666666667,FENAROZ,1,6,4,14,Tarde
1598,1240,29.0,2026-06-05 14:36:37.705000-03:00,0.0,29.0,1,Cartão,RAPADURA_DE_MELADO,3,7.0,FENAROZ,2,6,4,14,Tarde
1599,1240,29.0,2026-06-05 14:36:37.705000-03:00,0.0,29.0,1,Cartão,AMENDOIM_TEMPERADO,1,8.0,FENAROZ,2,6,4,14,Tarde
1600,1231,5.0,2026-06-05 14:39:35.575000-03:00,0.0,5.0,1,Dinheiro,RAPADURA_ASSADA,1,5.0,FENAROZ,1,6,4,14,Tarde
1601,2346,30.0,2026-06-05 14:39:43.782000-03:00,0.0,30.0,1,Dinheiro,CUCA_ENROLADA,2,15.0,FENAROZ,1,6,4,14,Tarde
1602,301,5.0,2026-06-05 14:49:44.320000-03:00,0.0,5.0,1,Dinheiro,RAPADURA_ASSADA,1,5.0,FENAROZ,1,6,4,14,Tarde
1603,526,10.0,2026-06-05 15:07:15.572000-03:00,0.0,10.0,1,Dinheiro,RAPADURA_ASSADA,2,5.0,FENAROZ,1,6,4,15,Tarde
1604,1570,15.0,2026-06-05 15:08:22.261000-03:00,0.0,15.0,1,Dinheiro,CUCA_ENROLADA,1,15.0,FENAROZ,1,6,4,15,Tarde
1605,1742,5.0,2026-06-05 15:08:55.025000-03:00,0.0,5.0,1,Dinheiro,RAPADURA_ASSADA,1,5.0,FENAROZ,1,6,4,15,Tarde
1606,2452,15.0,2026-06-05 15:12:47.953000-03:00,0.0,15.0,1,Dinheiro,RAPADURA_DE_MELADO,1,7.0,FENAROZ,2,6,4,15,Tarde
1607,2452,15.0,2026-06-05 15:12:47.953000-03:00,0.0,15.0,1,Dinheiro,AMENDOIM_TEMPERADO,1,8.0,FENAROZ,2,6,4,15,Tarde
1608,543,24.0,2026-06-05 15:25:06.873000-03:00,0.0,24.0,1,Dinheiro,RAPADURA_ASSADA,2,5.0,FENAROZ,2,6,4,15,Tarde
1609,543,24.0,2026-06-05 15:25:06.873000-03:00,0.0,24.0,1,Dinheiro,RAPADURA_DE_MELADO,2,7.0,FENAROZ,2,6,4,15,Tarde
1610,289,15.0,2026-06-05 15:27:05.127000-03:00,0.0,15.0,0,Cartão,CUCA_ENROLADA,1,15.0,EXPOBENTO,1,6,4,15,Tarde
1611,1394,15.0,2026-06-05 15:32:49.881000-03:00,0.0,15.0,0,Dinheiro,CUCA_ENROLADA,1,15.0,EXPOBENTO,1,6,4,15,Tarde
1612,1244,15.0,2026-06-05 15:35:40.693000-03:00,0.0,15.0,0,Dinheiro,CUCA_ENROLADA,1,15.0,EXPOBENTO,1,6,4,15,Tarde
1613,1195,15.0,2026-06-05 15:42:39.590000-03:00,0.0,15.0,0,Dinheiro,CUCA_ENROLADA,1,15.0,EXPOBENTO,1,6,4,15,Tarde
1614,2020,7.0,2026-06-05 15:44:26.443000-03:00,0.0,7.0,1,Pix,RAPADURA_DE_MELADO,1,7.0,FENAROZ,1,6,4,15,Tarde
1615,2393,30.0,2026-06-05 15:54:10.043000-03:00,0.0,30.0,1,Dinheiro,CUCA_ENROLADA,2,15.0,FENAROZ,1,6,4,15,Tarde
1616,598,14.0,2026-06-05 16:01:37.008000-03:00,0.0,14.0,1,Cartão,RAPADURA_DE_MELADO,2,7.0,FENAROZ,1,6,4,16,Tarde
1617,1838,7.0,2026-06-05 16:05:09.850000-03:00,0.0,7.0,0,Dinheiro,RAPADURA_DE_MELADO,1,7.0,EXPOBENTO,1,6,4,16,Tarde
1618,1302,14.0,2026-06-05 16:05:28.698000-03:00,0.0,14.0,1,Dinheiro,RAPADURA_DE_MELADO,2,7.0,FENAROZ,1,6,4,16,Tarde
1619,443,31.0,2026-06-05 16:10:22.758000-03:00,0.0,31.0,1,Dinheiro,CUCA_ENROLADA,1,15.0,FENAROZ,2,6,4,16,Tarde
1620,443,31.0,2026-06-05 16:10:22.758000-03:00,0.0,31.0,1,Dinheiro,AMENDOIM_TEMPERADO,2,8.0,FENAROZ,2,6,4,16,Tarde
1621,854,8.0,2026-06-05 16:44:04.888000-03:00,0.0,8.0,0,Dinheiro,CRI-CRI_200G,1,8.0,EXPOBENTO,1,6,4,16,Tarde
1622,235,30.0,2026-06-05 16:44:24.106000-03:00,0.0,30.0,0,Dinheiro,CUCA_ENROLADA,2,15.0,EXPOBENTO,1,6,4,16,Tarde
1623,1621,40.0,2026-06-05 16:49:48.644000-03:00,0.0,40.0,1,Dinheiro,RAPADURA_DE_MELADO,2,7.0,FENAROZ,4,6,4,16,Tarde
1624,1621,40.0,2026-06-05 16:49:48.644000-03:00,0.0,40.0,1,Dinheiro,AMENDOIM_TEMPERADO,1,8.0,FENAROZ,4,6,4,16,Tarde
1625,1621,40.0,2026-06-05 16:49:48.644000-03:00,0.0,40.0,1,Dinheiro,RAPADURA_ASSADA,2,5.0,FENAROZ,4,6,4,16,Tarde
1626,1621,40.0,2026-06-05 16:49:48.644000-03:00,0.0,40.0,1,Dinheiro,CRI-CRI_200G,1,8.0,FENAROZ,4,6,4,16,Tarde
1627,1283,33.0,2026-06-05 16:56:27.216000-03:00,0.0,33.0,1,Dinheiro,RAPADURA_ASSADA_(PACOTE_X6),6,4.166666666666667,FENAROZ,2,6,4,16,Tarde
1628,1283,33.0,2026-06-05 16:56:27.216000-03:00,0.0,33.0,1,Dinheiro,CRI-CRI_200G,1,8.0,FENAROZ,2,6,4,16,Tarde
1629,122,46.0,2026-06-05 16:57:03.264000-03:00,0.0,46.0,1,Dinheiro,RAPADURA_ASSADA_(PACOTE_X6),6,4.166666666666667,FENAROZ,2,6,4,16,Tarde
1630,122,46.0,2026-06-05 16:57:03.264000-03:00,0.0,46.0,1,Dinheiro,RAPADURA_DE_MELADO,3,7.0,FENAROZ,2,6,4,16,Tarde
1631,1715,15.0,2026-06-05 17:07:16.828000-03:00,0.0,15.0,1,Dinheiro,CUCA_ENROLADA,1,15.0,FENAROZ,1,6,4,17,Tarde
1632,690,22.0,2026-06-05 17:21:58.956000-03:00,0.0,22.0,1,Pix,AMENDOIM_TEMPERADO,1,8.0,FENAROZ,2,6,4,17,Tarde
1633,690,22.0,2026-06-05 17:21:58.956000-03:00,0.0,22.0,1,Pix,RAPADURA_DE_MELADO,2,7.0,FENAROZ,2,6,4,17,Tarde
1634,1018,5.0,2026-06-05 17:37:33.395000-03:00,0.0,5.0,1,Cartão,RAPADURA_ASSADA,1,5.0,FENAROZ,1,6,4,17,Tarde
1635,869,15.0,2026-06-05 17:42:06.919000-03:00,0.0,15.0,0,Dinheiro,CUCA_ENROLADA,1,15.0,EXPOBENTO,1,6,4,17,Tarde
1636,2436,16.0,2026-06-05 19:05:45.222000-03:00,0.0,16.0,1,Pix,AMENDOIM_TEMPERADO,2,8.0,FENAROZ,1,6,4,19,Noite
1637,747,15.0,2026-06-05 19:24:02.340000-03:00,0.0,15.0,0,Cartão,CUCA_ENROLADA,1,15.0,EXPOBENTO,1,6,4,19,Noite
1638,2338,6.0,2026-06-05 19:24:21.640000-03:00,0.0,6.0,0,Dinheiro,ALFAJOR,1,6.0,EXPOBENTO,1,6,4,19,Noite
1639,1410,15.0,2026-06-05 20:36:24.054000-03:00,0.0,15.0,0,Dinheiro,CUCA_ENROLADA,1,15.0,EXPOBENTO,1,6,4,20,Noite
1640,668,80.0,2026-06-05 22:26:24.548000-03:00,16.0,96.0,0,Dinheiro,ALFAJOR_BRANCO,8,6.0,EXPOBENTO,2,6,4,22,Noite
1641,668,80.0,2026-06-05 22:26:24.548000-03:00,16.0,96.0,0,Dinheiro,ALFAJOR,8,6.0,EXPOBENTO,2,6,4,22,Noite
1642,810,8.0,2026-06-06 09:53:34.638000-03:00,0.0,8.0,1,Dinheiro,AMENDOIM_TEMPERADO,1,8.0,FENAROZ,1,6,5,9,Manhã
1643,68,7.0,2026-06-06 11:05:58.089000-03:00,0.0,7.0,1,Dinheiro,RAPADURA_DE_MELADO,1,7.0,FENAROZ,1,6,5,11,Manhã
1644,2344,15.0,2026-06-06 11:29:56.814000-03:00,0.0,15.0,1,Dinheiro,CUCA_ENROLADA,1,15.0,FENAROZ,1,6,5,11,Manhã
1645,2425,15.0,2026-06-06 11:34:46.836000-03:00,0.0,15.0,1,Dinheiro,CUCA_ENROLADA,1,15.0,FENAROZ,1,6,5,11,Manhã
1646,2429,16.0,2026-06-06 11:36:28.139000-03:00,0.0,16.0,1,Dinheiro,AMENDOIM_TEMPERADO,2,8.0,FENAROZ,1,6,5,11,Manhã
1647,284,7.0,2026-06-06 12:27:39.332000-03:00,0.0,7.0,1,Dinheiro,RAPADURA_DE_MELADO,1,7.0,FENAROZ,1,6,5,12,Tarde
1648,1016,15.0,2026-06-06 12:58:25.720000-03:00,0.0,15.0,0,Dinheiro,CUCA_ENROLADA,1,15.0,EXPOBENTO,1,6,5,12,Tarde
1649,516,7.0,2026-06-06 13:06:15.701000-03:00,0.0,7.0,1,Dinheiro,RAPADURA_DE_MELADO,1,7.0,FENAROZ,1,6,5,13,Tarde
1650,554,20.0,2026-06-06 13:10:21.661000-03:00,0.0,20.0,0,Dinheiro,ALFAJOR_PRETO_(PACOTE_X4),4,5.0,EXPOBENTO,1,6,5,13,Tarde
1651,967,8.0,2026-06-06 13:44:44.771000-03:00,0.0,8.0,1,Cartão,AMENDOIM_TEMPERADO,1,8.0,FENAROZ,1,6,5,13,Tarde
1652,2194,5.0,2026-06-06 13:44:51.212000-03:00,0.0,5.0,1,Dinheiro,RAPADURA_ASSADA,1,5.0,FENAROZ,1,6,5,13,Tarde
1653,1972,6.0,2026-06-06 13:53:41.670000-03:00,0.0,6.0,1,Dinheiro,ALFAJOR,1,6.0,FENAROZ,1,6,5,13,Tarde
1654,344,20.0,2026-06-06 14:06:03.925000-03:00,0.0,20.0,0,Dinheiro,RAPADURA_DE_MELADO_(PACOTE_X3),3,6.666666666666667,EXPOBENTO,1,6,5,14,Tarde
1655,793,20.0,2026-06-06 14:09:28.427000-03:00,0.0,20.0,0,Dinheiro,RAPADURA_DE_MELADO_(PACOTE_X3),3,6.666666666666667,EXPOBENTO,1,6,5,14,Tarde
1656,963,20.0,2026-06-06 14:19:29.980000-03:00,0.0,20.0,0,Dinheiro,RAPADURA_ASSADA,4,5.0,EXPOBENTO,1,6,5,14,Tarde
1657,174,20.0,2026-06-06 14:22:57.009000-03:00,4.0,24.0,0,Dinheiro,ALFAJOR_BRANCO,2,6.0,EXPOBENTO,2,6,5,14,Tarde
1658,174,20.0,2026-06-06 14:22:57.009000-03:00,4.0,24.0,0,Dinheiro,ALFAJOR,2,6.0,EXPOBENTO,2,6,5,14,Tarde
1659,323,20.0,2026-06-06 14:41:58.521000-03:00,0.0,20.0,0,Dinheiro,RAPADURA_DE_MELADO_(PACOTE_X3),3,6.666666666666667,EXPOBENTO,1,6,5,14,Tarde
1660,1100,25.0,2026-06-06 14:42:32.822000-03:00,0.0,25.0,0,Cartão,RAPADURA_ASSADA_(PACOTE_X6),6,4.166666666666667,EXPOBENTO,1,6,5,14,Tarde
1661,1680,8.0,2026-06-06 15:00:13.802000-03:00,0.0,8.0,0,Cartão,CRI-CRI_200G,1,8.0,EXPOBENTO,1,6,5,15,Tarde
1662,520,10.0,2026-06-06 15:02:03.776000-03:00,2.0,12.0,0,Dinheiro,ALFAJOR,1,6.0,EXPOBENTO,2,6,5,15,Tarde
1663,520,10.0,2026-06-06 15:02:03.776000-03:00,2.0,12.0,0,Dinheiro,ALFAJOR_BRANCO,1,6.0,EXPOBENTO,2,6,5,15,Tarde
1664,1829,12.0,2026-06-06 15:05:50.206000-03:00,0.0,12.0,0,Cartão,ALFAJOR_BRANCO,2,6.0,EXPOBENTO,1,6,5,15,Tarde
1665,1147,6.0,2026-06-06 15:08:29.837000-03:00,2.0,8.0,1,Dinheiro,CRI-CRI_200G,1,8.0,FENAROZ,1,6,5,15,Tarde
1666,1219,20.0,2026-06-06 15:15:43.168000-03:00,4.0,24.0,0,Cartão,ALFAJOR_BRANCO,2,6.0,EXPOBENTO,2,6,5,15,Tarde
1667,1219,20.0,2026-06-06 15:15:43.168000-03:00,4.0,24.0,0,Cartão,ALFAJOR,2,6.0,EXPOBENTO,2,6,5,15,Tarde
1668,2308,20.0,2026-06-06 15:21:03.443000-03:00,0.0,20.0,0,Dinheiro,RAPADURA_DE_MELADO_(PACOTE_X3),3,6.666666666666667,EXPOBENTO,1,6,5,15,Tarde
1669,1122,15.0,2026-06-06 15:22:08.818000-03:00,0.0,15.0,0,Dinheiro,CUCA_ENROLADA,1,15.0,EXPOBENTO,1,6,5,15,Tarde
1670,1029,22.0,2026-06-06 15:24:57.920000-03:00,0.0,22.0,1,Dinheiro,RAPADURA_DE_MELADO,2,7.0,FENAROZ,2,6,5,15,Tarde
1671,1029,22.0,2026-06-06 15:24:57.920000-03:00,0.0,22.0,1,Dinheiro,CRI-CRI_200G,1,8.0,FENAROZ,2,6,5,15,Tarde
1672,1963,8.0,2026-06-06 15:29:28.773000-03:00,0.0,8.0,1,Dinheiro,CRI-CRI_200G,1,8.0,FENAROZ,1,6,5,15,Tarde
1673,997,20.0,2026-06-06 15:42:26.651000-03:00,0.0,20.0,0,Dinheiro,RAPADURA_DE_MELADO_(PACOTE_X3),3,6.666666666666667,EXPOBENTO,1,6,5,15,Tarde
1674,2102,40.0,2026-06-06 15:45:26.105000-03:00,0.0,40.0,1,Cartão,RAPADURA_ASSADA_(PACOTE_X6),6,4.166666666666667,FENAROZ,3,6,5,15,Tarde
1675,2102,40.0,2026-06-06 15:45:26.105000-03:00,0.0,40.0,1,Cartão,AMENDOIM_TEMPERADO,1,8.0,FENAROZ,3,6,5,15,Tarde
1676,2102,40.0,2026-06-06 15:45:26.105000-03:00,0.0,40.0,1,Cartão,RAPADURA_DE_MELADO,1,7.0,FENAROZ,3,6,5,15,Tarde
1677,108,7.0,2026-06-06 15:53:35.947000-03:00,0.0,7.0,0,Cartão,RAPADURA_DE_MELADO,1,7.0,EXPOBENTO,1,6,5,15,Tarde
1678,1676,12.0,2026-06-06 16:38:30.900000-03:00,0.0,12.0,1,Dinheiro,RAPADURA_ASSADA,1,5.0,FENAROZ,2,6,5,16,Tarde
1679,1676,12.0,2026-06-06 16:38:30.900000-03:00,0.0,12.0,1,Dinheiro,RAPADURA_DE_MELADO,1,7.0,FENAROZ,2,6,5,16,Tarde
1680,140,10.0,2026-06-06 16:49:24.285000-03:00,2.0,12.0,0,Dinheiro,ALFAJOR,2,6.0,EXPOBENTO,1,6,5,16,Tarde
1681,384,6.0,2026-06-06 16:49:38.841000-03:00,1.0,7.0,0,Dinheiro,RAPADURA_DE_MELADO,1,7.0,EXPOBENTO,1,6,5,16,Tarde
1682,2387,52.0,2026-06-06 16:58:41.997000-03:00,0.0,52.0,1,Pix,RAPADURA_ASSADA_(PACOTE_X6),6,4.166666666666667,FENAROZ,5,6,5,16,Tarde
1683,2387,52.0,2026-06-06 16:58:41.997000-03:00,0.0,52.0,1,Pix,ALFAJOR_BRANCO,1,6.0,FENAROZ,5,6,5,16,Tarde
1684,2387,52.0,2026-06-06 16:58:41.997000-03:00,0.0,52.0,1,Pix,ALFAJOR,1,6.0,FENAROZ,5,6,5,16,Tarde
1685,2387,52.0,2026-06-06 16:58:41.997000-03:00,0.0,52.0,1,Pix,RAPADURA_DE_MELADO,1,7.0,FENAROZ,5,6,5,16,Tarde
1686,2387,52.0,2026-06-06 16:58:41.997000-03:00,0.0,52.0,1,Pix,AMENDOIM_TEMPERADO,1,8.0,FENAROZ,5,6,5,16,Tarde
1687,259,13.0,2026-06-06 17:14:56.479000-03:00,0.0,13.0,1,Pix,RAPADURA_DE_MELADO,1,7.0,FENAROZ,2,6,5,17,Tarde
1688,259,13.0,2026-06-06 17:14:56.479000-03:00,0.0,13.0,1,Pix,ALFAJOR_BRANCO,1,6.0,FENAROZ,2,6,5,17,Tarde
1689,273,10.0,2026-06-06 17:16:42.642000-03:00,2.0,12.0,0,Dinheiro,ALFAJOR,1,6.0,EXPOBENTO,2,6,5,17,Tarde
1690,273,10.0,2026-06-06 17:16:42.642000-03:00,2.0,12.0,0,Dinheiro,ALFAJOR_BRANCO,1,6.0,EXPOBENTO,2,6,5,17,Tarde
1691,137,10.0,2026-06-06 17:17:06.192000-03:00,0.0,10.0,0,Dinheiro,RAPADURA_ASSADA,2,5.0,EXPOBENTO,1,6,5,17,Tarde
1692,1512,7.0,2026-06-06 17:24:00.228000-03:00,0.0,7.0,1,Dinheiro,RAPADURA_DE_MELADO,1,7.0,FENAROZ,1,6,5,17,Tarde
1693,247,25.0,2026-06-06 17:32:42.734000-03:00,0.0,25.0,1,Dinheiro,RAPADURA_ASSADA_(PACOTE_X6),6,4.166666666666667,FENAROZ,1,6,5,17,Tarde
1694,968,70.0,2026-06-06 17:45:46.944000-03:00,5.0,75.0,1,Dinheiro,RAPADURA_ASSADA_(PACOTE_X6),6,4.166666666666667,FENAROZ,5,6,5,17,Tarde
1695,968,70.0,2026-06-06 17:45:46.944000-03:00,5.0,75.0,1,Dinheiro,RAPADURA_DE_MELADO,2,7.0,FENAROZ,5,6,5,17,Tarde
1696,968,70.0,2026-06-06 17:45:46.944000-03:00,5.0,75.0,1,Dinheiro,AMENDOIM_TEMPERADO,1,8.0,FENAROZ,5,6,5,17,Tarde
1697,968,70.0,2026-06-06 17:45:46.944000-03:00,5.0,75.0,1,Dinheiro,CRI-CRI_200G,1,8.0,FENAROZ,5,6,5,17,Tarde
1698,968,70.0,2026-06-06 17:45:46.944000-03:00,5.0,75.0,1,Dinheiro,RAPADURA_ASSADA,4,5.0,FENAROZ,5,6,5,17,Tarde
1699,590,30.0,2026-06-06 18:14:46.617000-03:00,0.0,30.0,1,Pix,AMENDOIM_TEMPERADO,3,8.0,FENAROZ,2,6,5,18,Noite
1700,590,30.0,2026-06-06 18:14:46.617000-03:00,0.0,30.0,1,Pix,ALFAJOR_BRANCO,1,6.0,FENAROZ,2,6,5,18,Noite
1701,675,105.0,2026-06-06 18:20:24.616000-03:00,0.0,105.0,1,Dinheiro,CUCA_ENROLADA,7,15.0,FENAROZ,1,6,5,18,Noite
1702,2169,15.0,2026-06-06 18:26:22.431000-03:00,0.0,15.0,0,Dinheiro,CRI-CRI_200G,1,8.0,EXPOBENTO,2,6,5,18,Noite
1703,2169,15.0,2026-06-06 18:26:22.431000-03:00,0.0,15.0,0,Dinheiro,RAPADURA_DE_MELADO,1,7.0,EXPOBENTO,2,6,5,18,Noite
1704,535,32.0,2026-06-06 18:30:25.240000-03:00,0.0,32.0,0,Cartão,CRI-CRI_200G,3,8.0,EXPOBENTO,2,6,5,18,Noite
1705,535,32.0,2026-06-06 18:30:25.240000-03:00,0.0,32.0,0,Cartão,AMENDOIM_TEMPERADO,1,8.0,EXPOBENTO,2,6,5,18,Noite
1706,361,25.0,2026-06-06 18:30:58.855000-03:00,0.0,25.0,1,Pix,RAPADURA_ASSADA_(PACOTE_X6),6,4.166666666666667,FENAROZ,1,6,5,18,Noite
1707,641,14.0,2026-06-06 18:32:08.636000-03:00,0.0,14.0,1,Cartão,RAPADURA_DE_MELADO,2,7.0,FENAROZ,1,6,5,18,Noite
1708,1622,27.0,2026-06-06 18:40:33.749000-03:00,0.0,27.0,1,Pix,CRI-CRI_200G,1,8.0,FENAROZ,4,6,5,18,Noite
1709,1622,27.0,2026-06-06 18:40:33.749000-03:00,0.0,27.0,1,Pix,RAPADURA_DE_MELADO,1,7.0,FENAROZ,4,6,5,18,Noite
1710,1622,27.0,2026-06-06 18:40:33.749000-03:00,0.0,27.0,1,Pix,ALFAJOR_BRANCO,1,6.0,FENAROZ,4,6,5,18,Noite
1711,1622,27.0,2026-06-06 18:40:33.749000-03:00,0.0,27.0,1,Pix,ALFAJOR,1,6.0,FENAROZ,4,6,5,18,Noite
1712,1409,15.0,2026-06-06 18:55:48.751000-03:00,0.0,15.0,0,Dinheiro,RAPADURA_ASSADA,3,5.0,EXPOBENTO,1,6,5,18,Noite
1713,1010,8.0,2026-06-06 19:06:21.162000-03:00,0.0,8.0,1,Cartão,AMENDOIM_TEMPERADO,1,8.0,FENAROZ,1,6,5,19,Noite
1714,518,12.0,2026-06-06 19:12:07.544000-03:00,0.0,12.0,1,Dinheiro,ALFAJOR_BRANCO,1,6.0,FENAROZ,2,6,5,19,Noite
1715,518,12.0,2026-06-06 19:12:07.544000-03:00,0.0,12.0,1,Dinheiro,ALFAJOR,1,6.0,FENAROZ,2,6,5,19,Noite
1716,458,26.0,2026-06-06 20:23:50.371000-03:00,0.0,26.0,1,Pix,RAPADURA_DE_MELADO,2,7.0,FENAROZ,2,6,5,20,Noite
1717,458,26.0,2026-06-06 20:23:50.371000-03:00,0.0,26.0,1,Pix,ALFAJOR,2,6.0,FENAROZ,2,6,5,20,Noite
1718,2455,6.0,2026-06-06 20:41:14.284000-03:00,0.0,6.0,0,Cartão,ALFAJOR_BRANCO,1,6.0,EXPOBENTO,1,6,5,20,Noite
1719,1304,15.0,2026-06-06 21:08:43.852000-03:00,0.0,15.0,0,Pix,CUCA_ENROLADA,1,15.0,EXPOBENTO,1,6,5,21,Noite
1720,2201,20.0,2026-06-06 21:23:21.779000-03:00,0.0,20.0,0,Dinheiro,RAPADURA_DE_MELADO_(PACOTE_X3),3,6.666666666666667,EXPOBENTO,1,6,5,21,Noite
1721,2335,25.0,2026-06-07 10:36:45.564000-03:00,0.0,25.0,1,Pix,RAPADURA_ASSADA_(PACOTE_X6),6,4.166666666666667,FENAROZ,1,6,6,10,Manhã
1722,1629,35.0,2026-06-07 10:39:03.936000-03:00,2.0,37.0,1,Dinheiro,RAPADURA_ASSADA_(PACOTE_X6),6,4.166666666666667,FENAROZ,2,6,6,10,Manhã
1723,1629,35.0,2026-06-07 10:39:03.936000-03:00,2.0,37.0,1,Dinheiro,ALFAJOR,2,6.0,FENAROZ,2,6,6,10,Manhã
1724,2306,25.0,2026-06-07 10:39:13.190000-03:00,0.0,25.0,1,Dinheiro,RAPADURA_ASSADA_(PACOTE_X6),6,4.166666666666667,FENAROZ,1,6,6,10,Manhã
1725,1800,21.0,2026-06-07 10:39:23.283000-03:00,0.0,21.0,1,Dinheiro,RAPADURA_DE_MELADO,3,7.0,FENAROZ,1,6,6,10,Manhã
1726,72,20.0,2026-06-07 11:20:25.114000-03:00,1.0,21.0,1,Pix,RAPADURA_DE_MELADO,3,7.0,FENAROZ,1,6,6,11,Manhã
1727,580,19.0,2026-06-07 11:26:20.210000-03:00,0.0,19.0,1,Dinheiro,ALFAJOR_BRANCO,1,6.0,FENAROZ,3,6,6,11,Manhã
1728,580,19.0,2026-06-07 11:26:20.210000-03:00,0.0,19.0,1,Dinheiro,ALFAJOR,1,6.0,FENAROZ,3,6,6,11,Manhã
1729,580,19.0,2026-06-07 11:26:20.210000-03:00,0.0,19.0,1,Dinheiro,RAPADURA_DE_MELADO,1,7.0,FENAROZ,3,6,6,11,Manhã
1730,556,36.0,2026-06-07 11:59:48.466000-03:00,0.0,36.0,1,Dinheiro,AMENDOIM_TEMPERADO,2,8.0,FENAROZ,2,6,6,11,Manhã
1731,556,36.0,2026-06-07 11:59:48.466000-03:00,0.0,36.0,1,Dinheiro,ALFAJOR_PRETO_(PACOTE_X4),4,5.0,FENAROZ,2,6,6,11,Manhã
1732,2432,45.0,2026-06-07 12:01:44.535000-03:00,0.0,45.0,1,Dinheiro,RAPADURA_ASSADA_(PACOTE_X6),6,4.166666666666667,FENAROZ,2,6,6,12,Tarde
1733,2432,45.0,2026-06-07 12:01:44.535000-03:00,0.0,45.0,1,Dinheiro,ALFAJOR_PRETO_(PACOTE_X4),4,5.0,FENAROZ,2,6,6,12,Tarde
1734,674,25.0,2026-06-07 12:31:42.082000-03:00,0.0,25.0,1,Cartão,RAPADURA_ASSADA_(PACOTE_X6),6,4.166666666666667,FENAROZ,1,6,6,12,Tarde
1735,1877,20.0,2026-06-07 12:31:52.773000-03:00,0.0,20.0,1,Dinheiro,RAPADURA_DE_MELADO_(PACOTE_X3),3,6.666666666666667,FENAROZ,1,6,6,12,Tarde
1736,2143,15.0,2026-06-07 13:54:32.863000-03:00,0.0,15.0,0,Dinheiro,CUCA_ENROLADA,1,15.0,EXPOBENTO,1,6,6,13,Tarde
1737,1966,15.0,2026-06-07 14:02:25.623000-03:00,0.0,15.0,0,Dinheiro,CUCA_ENROLADA,1,15.0,EXPOBENTO,1,6,6,14,Tarde
1738,2328,21.0,2026-06-07 14:06:02.330000-03:00,0.0,21.0,1,Cartão,CRI-CRI_200G,1,8.0,FENAROZ,3,6,6,14,Tarde
1739,2328,21.0,2026-06-07 14:06:02.330000-03:00,0.0,21.0,1,Cartão,ALFAJOR,1,6.0,FENAROZ,3,6,6,14,Tarde
1740,2328,21.0,2026-06-07 14:06:02.330000-03:00,0.0,21.0,1,Cartão,RAPADURA_DE_MELADO,1,7.0,FENAROZ,3,6,6,14,Tarde
1741,632,6.0,2026-06-07 14:06:19.938000-03:00,0.0,6.0,1,Dinheiro,ALFAJOR_BRANCO,1,6.0,FENAROZ,1,6,6,14,Tarde
1742,1583,10.0,2026-06-07 14:25:07.120000-03:00,2.0,12.0,1,Dinheiro,ALFAJOR,2,6.0,FENAROZ,1,6,6,14,Tarde
1743,1706,5.0,2026-06-07 14:28:19.368000-03:00,1.0,6.0,0,Dinheiro,ALFAJOR,1,6.0,EXPOBENTO,1,6,6,14,Tarde
1744,864,15.0,2026-06-07 15:04:04.548000-03:00,0.0,15.0,0,Cartão,CUCA_ENROLADA,1,15.0,EXPOBENTO,1,6,6,15,Tarde
1745,2208,20.0,2026-06-07 15:15:00.979000-03:00,4.0,24.0,0,Dinheiro,ALFAJOR_BRANCO,2,6.0,EXPOBENTO,2,6,6,15,Tarde
1746,2208,20.0,2026-06-07 15:15:00.979000-03:00,4.0,24.0,0,Dinheiro,ALFAJOR,2,6.0,EXPOBENTO,2,6,6,15,Tarde
1747,320,7.0,2026-06-07 15:33:08.723000-03:00,0.0,7.0,0,Cartão,RAPADURA_DE_MELADO,1,7.0,EXPOBENTO,1,6,6,15,Tarde
1748,2110,15.0,2026-06-07 15:50:11.495000-03:00,0.0,15.0,0,Cartão,CUCA_ENROLADA,1,15.0,EXPOBENTO,1,6,6,15,Tarde
1749,1489,28.0,2026-06-07 15:58:01.446000-03:00,0.0,28.0,0,Dinheiro,CRI-CRI_200G,2,8.0,EXPOBENTO,2,6,6,15,Tarde
1750,1489,28.0,2026-06-07 15:58:01.446000-03:00,0.0,28.0,0,Dinheiro,ALFAJOR,2,6.0,EXPOBENTO,2,6,6,15,Tarde
1751,347,12.0,2026-06-07 16:01:31.682000-03:00,0.0,12.0,0,Pix,RAPADURA_DE_MELADO,1,7.0,EXPOBENTO,2,6,6,16,Tarde
1752,347,12.0,2026-06-07 16:01:31.682000-03:00,0.0,12.0,0,Pix,RAPADURA_ASSADA,1,5.0,EXPOBENTO,2,6,6,16,Tarde
1753,783,15.0,2026-06-07 16:09:59.506000-03:00,0.0,15.0,0,Dinheiro,CUCA_ENROLADA,1,15.0,EXPOBENTO,1,6,6,16,Tarde
1754,317,7.0,2026-06-07 16:45:06.075000-03:00,0.0,7.0,0,Dinheiro,RAPADURA_DE_MELADO,1,7.0,EXPOBENTO,1,6,6,16,Tarde
1755,1364,7.0,2026-06-07 17:15:27.588000-03:00,0.0,7.0,0,Cartão,RAPADURA_DE_MELADO,1,7.0,EXPOBENTO,1,6,6,17,Tarde
1756,1349,7.0,2026-06-07 17:19:11.577000-03:00,0.0,7.0,0,Cartão,RAPADURA_DE_MELADO,1,7.0,EXPOBENTO,1,6,6,17,Tarde
1757,397,15.0,2026-06-07 17:46:04.285000-03:00,3.0,18.0,0,Dinheiro,ALFAJOR_BRANCO,3,6.0,EXPOBENTO,1,6,6,17,Tarde
1758,1270,15.0,2026-06-07 18:03:47.708000-03:00,1.0,16.0,0,Cartão,CRI-CRI_200G,2,8.0,EXPOBENTO,1,6,6,18,Noite
1759,469,30.0,2026-06-07 18:31:16.693000-03:00,0.0,30.0,0,Cartão,CUCA_ENROLADA,2,15.0,EXPOBENTO,1,6,6,18,Noite
1760,1478,30.0,2026-06-07 20:18:36.098000-03:00,0.0,30.0,0,Dinheiro,CUCA_ENROLADA,2,15.0,EXPOBENTO,1,6,6,20,Noite
1761,1798,25.0,2026-06-07 20:18:44.201000-03:00,0.0,25.0,0,Dinheiro,RAPADURA_ASSADA_(PACOTE_X6),6,4.166666666666667,EXPOBENTO,1,6,6,20,Noite
1762,1729,15.0,2026-06-08 18:25:14.312000-03:00,0.0,15.0,0,Dinheiro,CUCA_ENROLADA,1,15.0,EXPOBENTO,1,6,0,18,Noite
1763,2023,25.0,2026-06-08 20:20:47.523000-03:00,0.0,25.0,0,Cartão,CUCA_ENROLADA_DE_AMENDOIM_(PACOTE_X2),2,12.5,EXPOBENTO,1,6,0,20,Noite
1764,874,21.0,2026-06-08 20:23:59.436000-03:00,0.0,21.0,0,Dinheiro,CUCA_ENROLADA,1,15.0,EXPOBENTO,2,6,0,20,Noite
1765,874,21.0,2026-06-08 20:23:59.436000-03:00,0.0,21.0,0,Dinheiro,ALFAJOR,1,6.0,EXPOBENTO,2,6,0,20,Noite
1766,892,8.0,2026-06-08 20:24:27.160000-03:00,0.0,8.0,0,Dinheiro,AMENDOIM_TEMPERADO,1,8.0,EXPOBENTO,1,6,0,20,Noite
1767,2412,7.0,2026-06-08 20:42:24.642000-03:00,0.0,7.0,0,Dinheiro,RAPADURA_DE_MELADO,1,7.0,EXPOBENTO,1,6,0,20,Noite
1768,2154,15.0,2026-06-08 20:47:42.052000-03:00,0.0,15.0,0,Dinheiro,CUCA_ENROLADA,1,15.0,EXPOBENTO,1,6,0,20,Noite
1769,107,30.0,2026-06-08 20:48:12.522000-03:00,0.0,30.0,0,Cartão,CUCA_ENROLADA,2,15.0,EXPOBENTO,1,6,0,20,Noite
1770,625,20.0,2026-06-08 20:48:27.118000-03:00,0.0,20.0,0,Dinheiro,RAPADURA_DE_MELADO,0,7.0,EXPOBENTO,2,6,0,20,Noite
1771,625,20.0,2026-06-08 20:48:27.118000-03:00,0.0,20.0,0,Dinheiro,RAPADURA_DE_MELADO_(PACOTE_X3),3,6.666666666666667,EXPOBENTO,2,6,0,20,Noite
1772,1556,32.0,2026-06-08 21:01:40.832000-03:00,3.0,35.0,0,Dinheiro,CUCA_ENROLADA,1,15.0,EXPOBENTO,2,6,0,21,Noite
1773,1556,32.0,2026-06-08 21:01:40.832000-03:00,3.0,35.0,0,Dinheiro,RAPADURA_DE_MELADO_(PACOTE_X3),3,6.666666666666667,EXPOBENTO,2,6,0,21,Noite
1774,614,20.0,2026-06-08 21:01:57.883000-03:00,0.0,20.0,0,Dinheiro,RAPADURA_DE_MELADO_(PACOTE_X3),3,6.666666666666667,EXPOBENTO,1,6,0,21,Noite
1775,1363,20.0,2026-06-08 21:02:11.364000-03:00,0.0,20.0,0,Cartão,RAPADURA_DE_MELADO_(PACOTE_X3),3,6.666666666666667,EXPOBENTO,1,6,0,21,Noite
1776,1889,15.0,2026-06-08 21:05:40.033000-03:00,0.0,15.0,0,Dinheiro,CUCA_ENROLADA,1,15.0,EXPOBENTO,1,6,0,21,Noite
1777,2322,8.0,2026-06-08 21:47:33.286000-03:00,0.0,8.0,0,Pix,CRI-CRI_200G,1,8.0,EXPOBENTO,1,6,0,21,Noite
1778,951,10.0,2026-06-08 21:47:55.214000-03:00,0.0,10.0,0,Dinheiro,RAPADURA_ASSADA,2,5.0,EXPOBENTO,1,6,0,21,Noite
1779,1088,20.0,2026-06-08 22:03:03.558000-03:00,0.0,20.0,0,Dinheiro,RAPADURA_DE_MELADO_(PACOTE_X3),3,6.666666666666667,EXPOBENTO,1,6,0,22,Noite
1780,2416,7.0,2026-06-08 22:05:21.755000-03:00,0.0,7.0,0,Dinheiro,RAPADURA_DE_MELADO,1,7.0,EXPOBENTO,1,6,0,22,Noite
1781,1823,10.0,2026-06-09 18:46:41.535000-03:00,2.0,12.0,0,Dinheiro,ALFAJOR,2,6.0,EXPOBENTO,1,6,1,18,Noite
1782,786,7.0,2026-06-09 19:37:01.691000-03:00,0.0,7.0,0,Dinheiro,RAPADURA_DE_MELADO,1,7.0,EXPOBENTO,1,6,1,19,Noite
1783,1102,20.0,2026-06-09 20:37:31.077000-03:00,0.0,20.0,0,Dinheiro,RAPADURA_DE_MELADO_(PACOTE_X3),3,6.666666666666667,EXPOBENTO,1,6,1,20,Noite
1784,1684,15.0,2026-06-09 20:44:19.180000-03:00,0.0,15.0,0,Dinheiro,CUCA_ENROLADA,1,15.0,EXPOBENTO,1,6,1,20,Noite
1785,927,8.0,2026-06-09 21:19:08.273000-03:00,0.0,8.0,0,Dinheiro,AMENDOIM_TEMPERADO,1,8.0,EXPOBENTO,1,6,1,21,Noite
1786,2080,15.0,2026-06-09 21:45:12.858000-03:00,0.0,15.0,0,Dinheiro,CUCA_ENROLADA,1,15.0,EXPOBENTO,1,6,1,21,Noite
1787,1959,20.0,2026-06-10 18:33:16.182000-03:00,4.0,24.0,0,Dinheiro,ALFAJOR_BRANCO,2,6.0,EXPOBENTO,2,6,2,18,Noite
1788,1959,20.0,2026-06-10 18:33:16.182000-03:00,4.0,24.0,0,Dinheiro,ALFAJOR,2,6.0,EXPOBENTO,2,6,2,18,Noite
1789,2264,22.0,2026-06-10 19:35:48.028000-03:00,0.0,22.0,0,Dinheiro,CUCA_ENROLADA,1,15.0,EXPOBENTO,2,6,2,19,Noite
1790,2264,22.0,2026-06-10 19:35:48.028000-03:00,0.0,22.0,0,Dinheiro,RAPADURA_DE_MELADO,1,7.0,EXPOBENTO,2,6,2,19,Noite
1791,135,22.0,2026-06-10 19:36:36.549000-03:00,0.0,22.0,0,Pix,CUCA_ENROLADA,1,15.0,EXPOBENTO,2,6,2,19,Noite
1792,135,22.0,2026-06-10 19:36:36.549000-03:00,0.0,22.0,0,Pix,RAPADURA_DE_MELADO,1,7.0,EXPOBENTO,2,6,2,19,Noite
1793,293,17.0,2026-06-10 21:01:37.971000-03:00,0.0,17.0,0,Dinheiro,RAPADURA_ASSADA,2,5.0,EXPOBENTO,2,6,2,21,Noite
1794,293,17.0,2026-06-10 21:01:37.971000-03:00,0.0,17.0,0,Dinheiro,RAPADURA_DE_MELADO,1,7.0,EXPOBENTO,2,6,2,21,Noite
1795,1645,10.0,2026-06-10 21:03:35.493000-03:00,0.0,10.0,0,Dinheiro,RAPADURA_ASSADA,2,5.0,EXPOBENTO,1,6,2,21,Noite
1796,1436,30.0,2026-06-10 21:09:24.533000-03:00,0.0,30.0,0,Dinheiro,CUCA_ENROLADA,1,15.0,EXPOBENTO,3,6,2,21,Noite
1797,1436,30.0,2026-06-10 21:09:24.533000-03:00,0.0,30.0,0,Dinheiro,RAPADURA_DE_MELADO,1,7.0,EXPOBENTO,3,6,2,21,Noite
1798,1436,30.0,2026-06-10 21:09:24.533000-03:00,0.0,30.0,0,Dinheiro,AMENDOIM_TEMPERADO,1,8.0,EXPOBENTO,3,6,2,21,Noite
1799,2192,20.0,2026-06-10 21:09:38.298000-03:00,0.0,20.0,0,Pix,RAPADURA_DE_MELADO_(PACOTE_X3),3,6.666666666666667,EXPOBENTO,1,6,2,21,Noite
1800,1826,20.0,2026-06-10 21:33:59.743000-03:00,0.0,20.0,0,Dinheiro,RAPADURA_DE_MELADO_(PACOTE_X3),3,6.666666666666667,EXPOBENTO,1,6,2,21,Noite
1801,989,7.0,2026-06-10 21:34:27.690000-03:00,0.0,7.0,0,Dinheiro,RAPADURA_DE_MELADO,1,7.0,EXPOBENTO,1,6,2,21,Noite
1802,2365,82.0,2026-06-10 21:48:33.669000-03:00,0.0,82.0,0,Cartão,RAPADURA_ASSADA_(PACOTE_X6),6,4.166666666666667,EXPOBENTO,5,6,2,21,Noite
1803,2365,82.0,2026-06-10 21:48:33.669000-03:00,0.0,82.0,0,Cartão,RAPADURA_DE_MELADO_(PACOTE_X3),3,6.666666666666667,EXPOBENTO,5,6,2,21,Noite
1804,2365,82.0,2026-06-10 21:48:33.669000-03:00,0.0,82.0,0,Cartão,AMENDOIM_TEMPERADO,2,8.0,EXPOBENTO,5,6,2,21,Noite
1805,2365,82.0,2026-06-10 21:48:33.669000-03:00,0.0,82.0,0,Cartão,CUCA_ENROLADA,1,15.0,EXPOBENTO,5,6,2,21,Noite
1806,2365,82.0,2026-06-10 21:48:33.669000-03:00,0.0,82.0,0,Cartão,ALFAJOR,1,6.0,EXPOBENTO,5,6,2,21,Noite
1807,742,7.0,2026-06-11 19:55:38.899000-03:00,0.0,7.0,0,Dinheiro,RAPADURA_DE_MELADO,1,7.0,EXPOBENTO,1,6,3,19,Noite
1808,527,7.0,2026-06-11 20:36:01.808000-03:00,0.0,7.0,0,Dinheiro,RAPADURA_DE_MELADO,1,7.0,EXPOBENTO,1,6,3,20,Noite
1809,1040,7.0,2026-06-11 20:50:52.048000-03:00,0.0,7.0,0,Dinheiro,RAPADURA_DE_MELADO,1,7.0,EXPOBENTO,1,6,3,20,Noite
1810,1569,30.0,2026-06-11 21:14:34.084000-03:00,0.0,30.0,0,Cartão,CUCA_ENROLADA,1,15.0,EXPOBENTO,3,6,3,21,Noite
1811,1569,30.0,2026-06-11 21:14:34.084000-03:00,0.0,30.0,0,Cartão,AMENDOIM_TEMPERADO,1,8.0,EXPOBENTO,3,6,3,21,Noite
1812,1569,30.0,2026-06-11 21:14:34.084000-03:00,0.0,30.0,0,Cartão,RAPADURA_DE_MELADO,1,7.0,EXPOBENTO,3,6,3,21,Noite
1813,1368,31.0,2026-06-11 21:15:20.737000-03:00,0.0,31.0,0,Dinheiro,CUCA_ENROLADA,1,15.0,EXPOBENTO,2,6,3,21,Noite
1814,1368,31.0,2026-06-11 21:15:20.737000-03:00,0.0,31.0,0,Dinheiro,AMENDOIM_TEMPERADO,2,8.0,EXPOBENTO,2,6,3,21,Noite
1815,1873,8.0,2026-06-11 21:21:47.527000-03:00,0.0,8.0,0,Dinheiro,AMENDOIM_TEMPERADO,1,8.0,EXPOBENTO,1,6,3,21,Noite
1816,1370,30.0,2026-06-11 21:36:32.469000-03:00,0.0,30.0,0,Dinheiro,CUCA_ENROLADA,2,15.0,EXPOBENTO,1,6,3,21,Noite
1817,391,41.0,2026-06-11 22:09:07.929000-03:00,0.0,41.0,0,Dinheiro,RAPADURA_ASSADA_(PACOTE_X6),6,4.166666666666667,EXPOBENTO,2,6,3,22,Noite
1818,391,41.0,2026-06-11 22:09:07.929000-03:00,0.0,41.0,0,Dinheiro,AMENDOIM_TEMPERADO,2,8.0,EXPOBENTO,2,6,3,22,Noite
1819,562,6.0,2026-06-12 15:03:14.176000-03:00,2.0,8.0,0,Dinheiro,AMENDOIM_TEMPERADO,1,8.0,EXPOBENTO,1,6,4,15,Tarde
1820,1095,8.0,2026-06-12 15:08:33.525000-03:00,0.0,8.0,0,Dinheiro,AMENDOIM_TEMPERADO,1,8.0,EXPOBENTO,1,6,4,15,Tarde
1821,1035,20.0,2026-06-12 15:13:09.488000-03:00,0.0,20.0,0,Dinheiro,RAPADURA_DE_MELADO_(PACOTE_X3),3,6.666666666666667,EXPOBENTO,1,6,4,15,Tarde
1822,994,20.0,2026-06-12 15:33:49.488000-03:00,0.0,20.0,0,Dinheiro,RAPADURA_DE_MELADO_(PACOTE_X3),3,6.666666666666667,EXPOBENTO,1,6,4,15,Tarde
1823,2200,6.0,2026-06-12 16:22:37.114000-03:00,0.0,6.0,0,Cartão,ALFAJOR,1,6.0,EXPOBENTO,1,6,4,16,Tarde
1824,1984,10.0,2026-06-12 16:44:25.998000-03:00,1.0,11.0,0,Dinheiro,ALFAJOR_BRANCO,1,6.0,EXPOBENTO,2,6,4,16,Tarde
1825,1984,10.0,2026-06-12 16:44:25.998000-03:00,1.0,11.0,0,Dinheiro,RAPADURA_ASSADA,1,5.0,EXPOBENTO,2,6,4,16,Tarde
1826,456,20.0,2026-06-12 16:46:51.137000-03:00,4.0,24.0,0,Dinheiro,ALFAJOR_BRANCO,2,6.0,EXPOBENTO,2,6,4,16,Tarde
1827,456,20.0,2026-06-12 16:46:51.137000-03:00,4.0,24.0,0,Dinheiro,ALFAJOR,2,6.0,EXPOBENTO,2,6,4,16,Tarde
1828,1055,13.0,2026-06-12 17:32:41.858000-03:00,0.0,13.0,0,Cartão,AMENDOIM_TEMPERADO,1,8.0,EXPOBENTO,2,6,4,17,Tarde
1829,1055,13.0,2026-06-12 17:32:41.858000-03:00,0.0,13.0,0,Cartão,RAPADURA_ASSADA,1,5.0,EXPOBENTO,2,6,4,17,Tarde
1830,1306,24.0,2026-06-12 17:34:32.360000-03:00,0.0,24.0,0,Pix,AMENDOIM_TEMPERADO,3,8.0,EXPOBENTO,1,6,4,17,Tarde
1831,1833,8.0,2026-06-12 17:34:46.361000-03:00,0.0,8.0,0,Cartão,AMENDOIM_TEMPERADO,1,8.0,EXPOBENTO,1,6,4,17,Tarde
1832,315,23.0,2026-06-12 17:46:33.087000-03:00,0.0,23.0,0,Dinheiro,CUCA_ENROLADA,1,15.0,EXPOBENTO,2,6,4,17,Tarde
1833,315,23.0,2026-06-12 17:46:33.087000-03:00,0.0,23.0,0,Dinheiro,AMENDOIM_TEMPERADO,1,8.0,EXPOBENTO,2,6,4,17,Tarde
1834,2186,50.0,2026-06-12 18:27:39.721000-03:00,0.0,50.0,0,Cartão,AMENDOIM_TEMPERADO,2,8.0,EXPOBENTO,3,6,4,18,Noite
1835,2186,50.0,2026-06-12 18:27:39.721000-03:00,0.0,50.0,0,Cartão,RAPADURA_DE_MELADO_(PACOTE_X3),3,6.666666666666667,EXPOBENTO,3,6,4,18,Noite
1836,2186,50.0,2026-06-12 18:27:39.721000-03:00,0.0,50.0,0,Cartão,RAPADURA_DE_MELADO,2,7.0,EXPOBENTO,3,6,4,18,Noite
1837,1686,15.0,2026-06-12 18:49:39.893000-03:00,0.0,15.0,0,Dinheiro,CUCA_ENROLADA,1,15.0,EXPOBENTO,1,6,4,18,Noite
1838,182,23.0,2026-06-12 19:22:07.227000-03:00,0.0,23.0,0,Cartão,CUCA_ENROLADA,1,15.0,EXPOBENTO,2,6,4,19,Noite
1839,182,23.0,2026-06-12 19:22:07.227000-03:00,0.0,23.0,0,Cartão,AMENDOIM_TEMPERADO,1,8.0,EXPOBENTO,2,6,4,19,Noite
1840,891,5.0,2026-06-12 19:27:23.685000-03:00,1.0,6.0,0,Dinheiro,ALFAJOR,1,6.0,EXPOBENTO,1,6,4,19,Noite
1841,1998,7.0,2026-06-12 19:36:45.655000-03:00,0.0,7.0,0,Dinheiro,RAPADURA_DE_MELADO,1,7.0,EXPOBENTO,1,6,4,19,Noite
1842,1673,52.0,2026-06-12 19:40:00.827000-03:00,3.0,55.0,0,Dinheiro,CUCA_ENROLADA,2,15.0,EXPOBENTO,2,6,4,19,Noite
1843,1673,52.0,2026-06-12 19:40:00.827000-03:00,3.0,55.0,0,Dinheiro,RAPADURA_ASSADA_(PACOTE_X6),6,4.166666666666667,EXPOBENTO,2,6,4,19,Noite
1844,2160,23.0,2026-06-12 19:48:09.321000-03:00,0.0,23.0,0,Cartão,CUCA_ENROLADA,1,15.0,EXPOBENTO,2,6,4,19,Noite
1845,2160,23.0,2026-06-12 19:48:09.321000-03:00,0.0,23.0,0,Cartão,AMENDOIM_TEMPERADO,1,8.0,EXPOBENTO,2,6,4,19,Noite
1846,214,41.0,2026-06-12 20:00:10.749000-03:00,0.0,41.0,0,Pix,RAPADURA_ASSADA_(PACOTE_X6),6,4.166666666666667,EXPOBENTO,2,6,4,20,Noite
1847,214,41.0,2026-06-12 20:00:10.749000-03:00,0.0,41.0,0,Pix,AMENDOIM_TEMPERADO,2,8.0,EXPOBENTO,2,6,4,20,Noite
1848,504,15.0,2026-06-12 20:07:40.644000-03:00,0.0,15.0,0,Pix,CUCA_ENROLADA,1,15.0,EXPOBENTO,1,6,4,20,Noite
1849,2251,15.0,2026-06-12 20:35:16.490000-03:00,0.0,15.0,0,Dinheiro,CUCA_ENROLADA,1,15.0,EXPOBENTO,1,6,4,20,Noite
1850,1419,15.0,2026-06-12 21:14:29.729000-03:00,0.0,15.0,0,Dinheiro,CUCA_ENROLADA,1,15.0,EXPOBENTO,1,6,4,21,Noite
1851,152,35.0,2026-06-12 21:24:38.398000-03:00,0.0,35.0,0,Dinheiro,ALFAJOR_PRETO_(PACOTE_X4),4,5.0,EXPOBENTO,3,6,4,21,Noite
1852,152,35.0,2026-06-12 21:24:38.398000-03:00,0.0,35.0,0,Dinheiro,AMENDOIM_TEMPERADO,1,8.0,EXPOBENTO,3,6,4,21,Noite
1853,152,35.0,2026-06-12 21:24:38.398000-03:00,0.0,35.0,0,Dinheiro,RAPADURA_DE_MELADO,1,7.0,EXPOBENTO,3,6,4,21,Noite
1854,2123,10.0,2026-06-12 22:26:03.681000-03:00,1.0,11.0,0,Dinheiro,ALFAJOR_BRANCO,1,6.0,EXPOBENTO,2,6,4,22,Noite
1855,2123,10.0,2026-06-12 22:26:03.681000-03:00,1.0,11.0,0,Dinheiro,RAPADURA_ASSADA,1,5.0,EXPOBENTO,2,6,4,22,Noite
1856,1176,10.0,2026-06-13 10:47:35.565000-03:00,4.0,14.0,0,Dinheiro,RAPADURA_DE_MELADO,2,7.0,EXPOBENTO,1,6,5,10,Manhã
1857,730,28.0,2026-06-13 12:27:06.637000-03:00,0.0,28.0,0,Dinheiro,RAPADURA_ASSADA,4,5.0,EXPOBENTO,2,6,5,12,Tarde
1858,730,28.0,2026-06-13 12:27:06.637000-03:00,0.0,28.0,0,Dinheiro,AMENDOIM_TEMPERADO,1,8.0,EXPOBENTO,2,6,5,12,Tarde
1859,257,27.0,2026-06-13 12:42:10.135000-03:00,0.0,27.0,0,Cartão,CUCA_ENROLADA,1,15.0,EXPOBENTO,3,6,5,12,Tarde
1860,257,27.0,2026-06-13 12:42:10.135000-03:00,0.0,27.0,0,Cartão,RAPADURA_DE_MELADO,1,7.0,EXPOBENTO,3,6,5,12,Tarde
1861,257,27.0,2026-06-13 12:42:10.135000-03:00,0.0,27.0,0,Cartão,RAPADURA_ASSADA,1,5.0,EXPOBENTO,3,6,5,12,Tarde
1862,125,15.0,2026-06-13 12:55:31.764000-03:00,0.0,15.0,0,Cartão,CUCA_ENROLADA,1,15.0,EXPOBENTO,1,6,5,12,Tarde
1863,1215,16.0,2026-06-13 13:21:56.063000-03:00,0.0,16.0,0,Dinheiro,AMENDOIM_TEMPERADO,2,8.0,EXPOBENTO,1,6,5,13,Tarde
1864,1908,23.0,2026-06-13 13:44:24.723000-03:00,0.0,23.0,0,Dinheiro,CUCA_ENROLADA,1,15.0,EXPOBENTO,2,6,5,13,Tarde
1865,1908,23.0,2026-06-13 13:44:24.723000-03:00,0.0,23.0,0,Dinheiro,AMENDOIM_TEMPERADO,1,8.0,EXPOBENTO,2,6,5,13,Tarde
1866,1803,14.0,2026-06-13 13:49:19.866000-03:00,0.0,14.0,0,Dinheiro,RAPADURA_DE_MELADO,2,7.0,EXPOBENTO,1,6,5,13,Tarde
1867,1755,30.0,2026-06-13 14:14:06.253000-03:00,0.0,30.0,0,Dinheiro,RAPADURA_DE_MELADO,2,7.0,EXPOBENTO,3,6,5,14,Tarde
1868,1755,30.0,2026-06-13 14:14:06.253000-03:00,0.0,30.0,0,Dinheiro,AMENDOIM_TEMPERADO,1,8.0,EXPOBENTO,3,6,5,14,Tarde
1869,1755,30.0,2026-06-13 14:14:06.253000-03:00,0.0,30.0,0,Dinheiro,CRI-CRI_200G,1,8.0,EXPOBENTO,3,6,5,14,Tarde
1870,733,22.0,2026-06-13 14:26:58.899000-03:00,0.0,22.0,0,Cartão,CUCA_ENROLADA,1,15.0,EXPOBENTO,2,6,5,14,Tarde
1871,733,22.0,2026-06-13 14:26:58.899000-03:00,0.0,22.0,0,Cartão,RAPADURA_DE_MELADO,1,7.0,EXPOBENTO,2,6,5,14,Tarde
1872,2337,16.0,2026-06-13 15:04:13.991000-03:00,0.0,16.0,0,Cartão,AMENDOIM_TEMPERADO,2,8.0,EXPOBENTO,1,6,5,15,Tarde
1873,1116,8.0,2026-06-13 15:16:49.156000-03:00,0.0,8.0,0,Cartão,AMENDOIM_TEMPERADO,1,8.0,EXPOBENTO,1,6,5,15,Tarde
1874,1023,15.0,2026-06-13 15:33:24.919000-03:00,0.0,15.0,0,Pix,CUCA_ENROLADA,1,15.0,EXPOBENTO,1,6,5,15,Tarde
1875,603,22.0,2026-06-13 15:37:54.070000-03:00,0.0,22.0,0,Cartão,RAPADURA_DE_MELADO,1,7.0,EXPOBENTO,2,6,5,15,Tarde
1876,603,22.0,2026-06-13 15:37:54.070000-03:00,0.0,22.0,0,Cartão,CUCA_ENROLADA,1,15.0,EXPOBENTO,2,6,5,15,Tarde
1877,1598,22.0,2026-06-13 15:38:15.533000-03:00,0.0,22.0,0,Cartão,CUCA_ENROLADA,1,15.0,EXPOBENTO,2,6,5,15,Tarde
1878,1598,22.0,2026-06-13 15:38:15.533000-03:00,0.0,22.0,0,Cartão,RAPADURA_DE_MELADO,1,7.0,EXPOBENTO,2,6,5,15,Tarde
1879,1038,15.0,2026-06-13 16:18:26.147000-03:00,0.0,15.0,0,Cartão,CUCA_ENROLADA,1,15.0,EXPOBENTO,1,6,5,16,Tarde
1880,461,26.0,2026-06-13 16:34:28.576000-03:00,0.0,26.0,0,Cartão,RAPADURA_ASSADA,2,5.0,EXPOBENTO,2,6,5,16,Tarde
1881,461,26.0,2026-06-13 16:34:28.576000-03:00,0.0,26.0,0,Cartão,AMENDOIM_TEMPERADO,2,8.0,EXPOBENTO,2,6,5,16,Tarde
1882,635,8.0,2026-06-13 17:07:53.441000-03:00,0.0,8.0,0,Dinheiro,AMENDOIM_TEMPERADO,1,8.0,EXPOBENTO,1,6,5,17,Tarde
1883,186,25.0,2026-06-13 17:08:58.512000-03:00,0.0,25.0,0,Cartão,CUCA_ENROLADA_DE_AMENDOIM_(PACOTE_X2),2,12.5,EXPOBENTO,1,6,5,17,Tarde
1884,1698,20.0,2026-06-13 17:53:19.841000-03:00,0.0,20.0,0,Dinheiro,RAPADURA_ASSADA,4,5.0,EXPOBENTO,1,6,5,17,Tarde
1885,282,25.0,2026-06-13 17:56:34.838000-03:00,0.0,25.0,0,Dinheiro,RAPADURA_ASSADA_(PACOTE_X6),6,4.166666666666667,EXPOBENTO,1,6,5,17,Tarde
1886,1189,160.0,2026-06-13 18:12:31.317000-03:00,0.0,160.0,0,Dinheiro,ALFAJOR_BRANCO_(CAIXA_X16),16,5.0,EXPOBENTO,2,6,5,18,Noite
1887,1189,160.0,2026-06-13 18:12:31.317000-03:00,0.0,160.0,0,Dinheiro,ALFAJOR_PRETO_(CAIXA_X16),16,5.0,EXPOBENTO,2,6,5,18,Noite
1888,718,10.0,2026-06-13 18:13:20.008000-03:00,2.0,12.0,0,Dinheiro,ALFAJOR_BRANCO,1,6.0,EXPOBENTO,2,6,5,18,Noite
1889,718,10.0,2026-06-13 18:13:20.008000-03:00,2.0,12.0,0,Dinheiro,ALFAJOR,1,6.0,EXPOBENTO,2,6,5,18,Noite
1890,655,20.0,2026-06-13 18:15:47.191000-03:00,0.0,20.0,0,Cartão,RAPADURA_DE_MELADO_(PACOTE_X3),3,6.666666666666667,EXPOBENTO,1,6,5,18,Noite
1891,2248,15.0,2026-06-13 18:20:36.661000-03:00,0.0,15.0,0,Pix,CUCA_ENROLADA,1,15.0,EXPOBENTO,1,6,5,18,Noite
1892,1486,20.0,2026-06-13 18:20:46.480000-03:00,0.0,20.0,0,Dinheiro,RAPADURA_DE_MELADO_(PACOTE_X3),3,6.666666666666667,EXPOBENTO,1,6,5,18,Noite
1893,925,10.0,2026-06-13 18:28:39.584000-03:00,5.0,15.0,0,Dinheiro,CUCA_ENROLADA,1,15.0,EXPOBENTO,1,6,5,18,Noite
1894,686,20.0,2026-06-13 18:31:55.900000-03:00,0.0,20.0,0,Dinheiro,RAPADURA_DE_MELADO_(PACOTE_X3),3,6.666666666666667,EXPOBENTO,1,6,5,18,Noite
1895,1206,16.0,2026-06-13 18:42:04.980000-03:00,0.0,16.0,0,Cartão,AMENDOIM_TEMPERADO,2,8.0,EXPOBENTO,1,6,5,18,Noite
1896,776,33.0,2026-06-13 19:05:25.722000-03:00,2.0,35.0,0,Dinheiro,RAPADURA_DE_MELADO,1,7.0,EXPOBENTO,4,6,5,19,Noite
1897,776,33.0,2026-06-13 19:05:25.722000-03:00,2.0,35.0,0,Dinheiro,AMENDOIM_TEMPERADO,2,8.0,EXPOBENTO,4,6,5,19,Noite
1898,776,33.0,2026-06-13 19:05:25.722000-03:00,2.0,35.0,0,Dinheiro,ALFAJOR_BRANCO,1,6.0,EXPOBENTO,4,6,5,19,Noite
1899,776,33.0,2026-06-13 19:05:25.722000-03:00,2.0,35.0,0,Dinheiro,ALFAJOR,1,6.0,EXPOBENTO,4,6,5,19,Noite
1900,1502,50.0,2026-06-13 19:44:59.090000-03:00,10.0,60.0,0,Dinheiro,ALFAJOR_BRANCO,5,6.0,EXPOBENTO,2,6,5,19,Noite
1901,1502,50.0,2026-06-13 19:44:59.090000-03:00,10.0,60.0,0,Dinheiro,ALFAJOR,5,6.0,EXPOBENTO,2,6,5,19,Noite
1902,1004,15.0,2026-06-13 20:08:44.702000-03:00,0.0,15.0,0,Dinheiro,CUCA_ENROLADA,1,15.0,EXPOBENTO,1,6,5,20,Noite
1903,471,25.0,2026-06-13 20:38:24.563000-03:00,0.0,25.0,0,Pix,RAPADURA_ASSADA_(PACOTE_X6),6,4.166666666666667,EXPOBENTO,1,6,5,20,Noite
1904,2289,20.0,2026-06-13 21:13:50.309000-03:00,0.0,20.0,0,Dinheiro,ALFAJOR_BRANCO_(PACOTE_X4),4,5.0,EXPOBENTO,1,6,5,21,Noite
1905,1628,20.0,2026-06-13 21:39:03.068000-03:00,0.0,20.0,0,Dinheiro,RAPADURA_DE_MELADO_(PACOTE_X3),3,6.666666666666667,EXPOBENTO,1,6,5,21,Noite
1906,1385,20.0,2026-06-13 21:51:40.915000-03:00,0.0,20.0,0,Dinheiro,ALFAJOR_PRETO_(PACOTE_X4),4,5.0,EXPOBENTO,1,6,5,21,Noite
1907,2119,40.0,2026-06-14 10:42:42.483000-03:00,10.0,50.0,0,Dinheiro,RAPADURA_ASSADA_(PACOTE_X6),12,4.166666666666667,EXPOBENTO,1,6,6,10,Manhã
1908,212,20.0,2026-06-14 14:03:20.273000-03:00,0.0,20.0,0,Dinheiro,RAPADURA_DE_MELADO_(PACOTE_X3),3,6.666666666666667,EXPOBENTO,1,6,6,14,Tarde
1909,1718,15.0,2026-06-14 16:17:44.020000-03:00,1.0,16.0,0,Dinheiro,CRI-CRI_200G,1,8.0,EXPOBENTO,2,6,6,16,Tarde
1910,1447,20.0,2026-06-14 17:36:44.583000-03:00,0.0,20.0,0,Dinheiro,RAPADURA_DE_MELADO_(PACOTE_X3),3,6.666666666666667,EXPOBENTO,1,6,6,17,Tarde
1911,2101,15.0,2026-06-14 19:42:20.755000-03:00,0.0,15.0,0,Pix,CUCA_ENROLADA,1,15.0,EXPOBENTO,1,6,6,19,Noite
1912,2223,7.0,2026-07-17 12:14:13.148000-03:00,0.0,7.0,1,Dinheiro,RAPADURA_DE_MELADO_GRÃO_MOÍDO,1,7.0,EXPO_DONA_FRANCISCA_,1,7,4,12,Tarde
1913,2136,14.0,2026-07-17 16:23:29.887000-03:00,0.0,14.0,1,Dinheiro,RAPADURA_DE_MELADO,1,7.0,EXPO_DONA_FRANCISCA_,2,7,4,16,Tarde
1914,2136,14.0,2026-07-17 16:23:29.887000-03:00,0.0,14.0,1,Dinheiro,RAPADURA_DE_MELADO_GRÃO_MOÍDO,1,7.0,EXPO_DONA_FRANCISCA_,2,7,4,16,Tarde
1915,1395,40.0,2026-07-17 17:51:09.863000-03:00,0.0,40.0,1,Dinheiro,CUCA_ENROLADA,1,15.0,EXPO_DONA_FRANCISCA_,2,7,4,17,Tarde
1916,544,5.0,2026-07-17 17:52:18.859000-03:00,0.0,5.0,1,Dinheiro,ALFAJOR_BRANCO_(DISPLAY_X1),1,5.0,EXPO_DONA_FRANCISCA_,1,7,4,17,Tarde
1917,644,25.0,2026-07-17 17:55:24.570000-03:00,0.0,25.0,1,Dinheiro,CUCA_ALEMÃ,1,25.0,EXPO_DONA_FRANCISCA_,1,7,4,17,Tarde
1918,1754,10.0,2026-07-17 18:12:25.642000-03:00,2.0,12.0,1,Dinheiro,ALFAJOR_PRETO_(DISPLAY_X1),1,5.0,EXPO_DONA_FRANCISCA_,2,7,4,18,Noite
1919,1754,10.0,2026-07-17 18:12:25.642000-03:00,2.0,12.0,1,Dinheiro,RAPADURA_DE_MELADO,1,7.0,EXPO_DONA_FRANCISCA_,2,7,4,18,Noite
1920,431,30.0,2026-07-17 19:25:40.229000-03:00,0.0,30.0,1,Dinheiro,ALFAJOR_PRETO_(DISPLAY_X1),1,5.0,EXPO_DONA_FRANCISCA_,2,7,4,19,Noite
1921,431,30.0,2026-07-17 19:25:40.229000-03:00,0.0,30.0,1,Dinheiro,RAPADURA_ASSADA_(PACOTE_X6),6,4.166666666666667,EXPO_DONA_FRANCISCA_,2,7,4,19,Noite
1922,194,25.0,2026-07-17 20:34:22.314000-03:00,0.0,25.0,1,Dinheiro,CUCA_ALEMÃ,1,25.0,EXPO_DONA_FRANCISCA_,1,7,4,20,Noite
1923,714,25.0,2026-07-17 20:34:58.086000-03:00,0.0,25.0,1,Pix,CUCA_ALEMÃ,1,25.0,EXPO_DONA_FRANCISCA_,1,7,4,20,Noite
1924,1233,20.0,2026-07-17 20:50:07.668000-03:00,0.0,20.0,1,Dinheiro,ALFAJOR_PRETO_(BANDEJA_X5),5,4.0,EXPO_DONA_FRANCISCA_,1,7,4,20,Noite
1925,1374,14.0,2026-07-17 21:14:56.529000-03:00,0.0,14.0,1,Dinheiro,RAPADURA_DE_MELADO_GRÃO_MOÍDO,2,7.0,EXPO_DONA_FRANCISCA_,1,7,4,21,Noite
1926,638,25.0,2026-07-18 10:53:01.543000-03:00,0.0,25.0,1,Dinheiro,CUCA_ALEMÃ,1,25.0,EXPO_DONA_FRANCISCA_,1,7,5,10,Manhã
1927,1471,20.0,2026-07-18 11:23:30.311000-03:00,0.0,20.0,1,Dinheiro,ALFAJOR_PRETO_(DISPLAY_X1),1,5.0,EXPO_DONA_FRANCISCA_,2,7,5,11,Manhã
1928,1471,20.0,2026-07-18 11:23:30.311000-03:00,0.0,20.0,1,Dinheiro,CUCA_ENROLADA,1,15.0,EXPO_DONA_FRANCISCA_,2,7,5,11,Manhã
1929,147,25.0,2026-07-18 11:57:23.213000-03:00,0.0,25.0,1,Dinheiro,CUCA_ALEMÃ,1,25.0,EXPO_DONA_FRANCISCA_,1,7,5,11,Manhã
1930,1662,25.0,2026-07-18 12:02:42.849000-03:00,0.0,25.0,1,Dinheiro,CUCA_ALEMÃ,1,25.0,EXPO_DONA_FRANCISCA_,1,7,5,12,Tarde
1931,1671,32.0,2026-07-18 12:51:25.653000-03:00,0.0,32.0,1,Dinheiro,CUCA_ALEMÃ,1,25.0,EXPO_DONA_FRANCISCA_,2,7,5,12,Tarde
1932,1671,32.0,2026-07-18 12:51:25.653000-03:00,0.0,32.0,1,Dinheiro,RAPADURA_DE_MELADO,1,7.0,EXPO_DONA_FRANCISCA_,2,7,5,12,Tarde
1933,593,25.0,2026-07-18 13:00:05.295000-03:00,0.0,25.0,1,Dinheiro,CUCA_ALEMÃ,1,25.0,EXPO_DONA_FRANCISCA_,1,7,5,13,Tarde
1934,1625,15.0,2026-07-18 13:19:34.118000-03:00,0.0,15.0,1,Dinheiro,CUCA_ENROLADA,1,15.0,EXPO_DONA_FRANCISCA_,1,7,5,13,Tarde
1935,1600,40.0,2026-07-18 13:25:10.446000-03:00,0.0,40.0,1,Dinheiro,ALFAJOR_PRETO_(BANDEJA_X5),10,4.0,EXPO_DONA_FRANCISCA_,1,7,5,13,Tarde
1936,2031,20.0,2026-07-18 13:29:44.400000-03:00,0.0,20.0,1,Dinheiro,ALFAJOR_BRANCO_(BANDEJA_X5),5,4.0,EXPO_DONA_FRANCISCA_,1,7,5,13,Tarde
1937,38,20.0,2026-07-18 13:31:45.143000-03:00,0.0,20.0,1,Dinheiro,RAPADURA_DE_MELADO_(PACOTE_X3),3,6.666666666666667,EXPO_DONA_FRANCISCA_,1,7,5,13,Tarde
1938,2135,40.0,2026-07-18 13:34:44.956000-03:00,0.0,40.0,1,Dinheiro,CUCA_ALEMÃ,1,25.0,EXPO_DONA_FRANCISCA_,2,7,5,13,Tarde
1939,2135,40.0,2026-07-18 13:34:44.956000-03:00,0.0,40.0,1,Dinheiro,CUCA_ENROLADA,1,15.0,EXPO_DONA_FRANCISCA_,2,7,5,13,Tarde
1940,2061,20.0,2026-07-18 14:42:59.823000-03:00,0.0,20.0,1,Dinheiro,RAPADURA_DE_MELADO_(PACOTE_X3),3,6.666666666666667,EXPO_DONA_FRANCISCA_,1,7,5,14,Tarde
1941,1424,7.0,2026-07-18 15:01:15.577000-03:00,0.0,7.0,1,Dinheiro,RAPADURA_DE_MELADO,1,7.0,EXPO_DONA_FRANCISCA_,1,7,5,15,Tarde
1942,2084,20.0,2026-07-18 15:39:24.937000-03:00,0.0,20.0,1,Cartão,ALFAJOR_BRANCO_(BANDEJA_X5),5,4.0,EXPO_DONA_FRANCISCA_,1,7,5,15,Tarde
1943,2083,50.0,2026-07-18 15:39:33.552000-03:00,0.0,50.0,1,Dinheiro,CUCA_ALEMÃ,2,25.0,EXPO_DONA_FRANCISCA_,1,7,5,15,Tarde
1944,159,40.0,2026-07-18 15:42:08.438000-03:00,0.0,40.0,1,Dinheiro,CUCA_ALEMÃ,1,25.0,EXPO_DONA_FRANCISCA_,2,7,5,15,Tarde
1945,159,40.0,2026-07-18 15:42:08.438000-03:00,0.0,40.0,1,Dinheiro,CUCA_ENROLADA,1,15.0,EXPO_DONA_FRANCISCA_,2,7,5,15,Tarde
1946,1602,15.0,2026-07-18 15:43:46.644000-03:00,0.0,15.0,1,Dinheiro,CUCA_ENROLADA,1,15.0,EXPO_DONA_FRANCISCA_,1,7,5,15,Tarde
1947,2055,50.0,2026-07-18 15:50:59.889000-03:00,0.0,50.0,1,Dinheiro,CUCA_ALEMÃ,2,25.0,EXPO_DONA_FRANCISCA_,1,7,5,15,Tarde
1948,1133,15.0,2026-07-18 15:51:09.631000-03:00,0.0,15.0,1,Cartão,CUCA_ENROLADA,1,15.0,EXPO_DONA_FRANCISCA_,1,7,5,15,Tarde
1949,2166,20.0,2026-07-18 15:54:20.263000-03:00,0.0,20.0,1,Dinheiro,ALFAJOR_PRETO_(BANDEJA_X5),5,4.0,EXPO_DONA_FRANCISCA_,1,7,5,15,Tarde
1950,327,20.0,2026-07-18 16:05:13.393000-03:00,0.0,20.0,1,Dinheiro,RAPADURA_DE_MELADO_(PACOTE_X3),3,6.666666666666667,EXPO_DONA_FRANCISCA_,1,7,5,16,Tarde
1951,788,25.0,2026-07-18 16:29:38.325000-03:00,0.0,25.0,1,Cartão,CUCA_ALEMÃ,1,25.0,EXPO_DONA_FRANCISCA_,1,7,5,16,Tarde
1952,1037,50.0,2026-07-18 16:29:45.251000-03:00,0.0,50.0,1,Dinheiro,CUCA_ALEMÃ,2,25.0,EXPO_DONA_FRANCISCA_,1,7,5,16,Tarde
1953,1937,25.0,2026-07-18 16:29:55.289000-03:00,0.0,25.0,1,Pix,CUCA_ALEMÃ,1,25.0,EXPO_DONA_FRANCISCA_,1,7,5,16,Tarde
1954,716,75.0,2026-07-18 16:36:19.360000-03:00,0.0,75.0,1,Dinheiro,CUCA_ALEMÃ,3,25.0,EXPO_DONA_FRANCISCA_,1,7,5,16,Tarde
1955,961,15.0,2026-07-18 16:47:25.678000-03:00,0.0,15.0,1,Cartão,CUCA_ENROLADA,1,15.0,EXPO_DONA_FRANCISCA_,1,7,5,16,Tarde
1956,1237,75.0,2026-07-18 16:48:02.161000-03:00,0.0,75.0,1,Dinheiro,CUCA_ALEMÃ,3,25.0,EXPO_DONA_FRANCISCA_,1,7,5,16,Tarde
1957,717,45.0,2026-07-18 16:48:57.881000-03:00,0.0,45.0,1,Dinheiro,CUCA_ENROLADA,3,15.0,EXPO_DONA_FRANCISCA_,1,7,5,16,Tarde
1958,2168,32.0,2026-07-18 16:50:20.462000-03:00,0.0,32.0,1,Dinheiro,CUCA_ALEMÃ,1,25.0,EXPO_DONA_FRANCISCA_,2,7,5,16,Tarde
1959,2168,32.0,2026-07-18 16:50:20.462000-03:00,0.0,32.0,1,Dinheiro,RAPADURA_DE_MELADO,1,7.0,EXPO_DONA_FRANCISCA_,2,7,5,16,Tarde
1960,2437,25.0,2026-07-18 16:55:28.127000-03:00,0.0,25.0,1,Dinheiro,CUCA_ALEMÃ,1,25.0,EXPO_DONA_FRANCISCA_,1,7,5,16,Tarde
1961,1213,15.0,2026-07-18 16:56:09.634000-03:00,0.0,15.0,1,Dinheiro,CUCA_ENROLADA,1,15.0,EXPO_DONA_FRANCISCA_,1,7,5,16,Tarde
1962,1682,20.0,2026-07-18 16:56:35.099000-03:00,0.0,20.0,1,Dinheiro,RAPADURA_DE_MELADO_GRÃO_MOÍDO_(PACOTE_X1),1,20.0,EXPO_DONA_FRANCISCA_,1,7,5,16,Tarde
1963,78,25.0,2026-07-18 17:02:31.808000-03:00,0.0,25.0,1,Dinheiro,RAPADURA_ASSADA_(PACOTE_X6),6,4.166666666666667,EXPO_DONA_FRANCISCA_,1,7,5,17,Tarde
1964,300,20.0,2026-07-18 17:02:42.568000-03:00,0.0,20.0,1,Cartão,ALFAJOR_BRANCO_(BANDEJA_X5),5,4.0,EXPO_DONA_FRANCISCA_,1,7,5,17,Tarde
1965,649,15.0,2026-07-18 17:37:50.053000-03:00,0.0,15.0,1,Pix,CUCA_ENROLADA,1,15.0,EXPO_DONA_FRANCISCA_,1,7,5,17,Tarde
1966,1957,20.0,2026-07-18 17:38:03.140000-03:00,0.0,20.0,1,Dinheiro,RAPADURA_DE_MELADO_(PACOTE_X3),3,6.666666666666667,EXPO_DONA_FRANCISCA_,1,7,5,17,Tarde
1967,2051,15.0,2026-07-18 17:41:13.145000-03:00,0.0,15.0,1,Dinheiro,CUCA_ENROLADA,1,15.0,EXPO_DONA_FRANCISCA_,1,7,5,17,Tarde
1968,991,15.0,2026-07-18 18:09:47.806000-03:00,0.0,15.0,1,Dinheiro,CUCA_ENROLADA,1,15.0,EXPO_DONA_FRANCISCA_,1,7,5,18,Noite
1969,1149,35.0,2026-07-18 19:04:57.117000-03:00,0.0,35.0,1,Pix,ALFAJOR_PRETO_(BANDEJA_X5),5,4.0,EXPO_DONA_FRANCISCA_,2,7,5,19,Noite
1970,1149,35.0,2026-07-18 19:04:57.117000-03:00,0.0,35.0,1,Pix,CUCA_ENROLADA,1,15.0,EXPO_DONA_FRANCISCA_,2,7,5,19,Noite
1971,1539,20.0,2026-07-18 19:28:57.917000-03:00,0.0,20.0,1,Cartão,RAPADURA_DE_MELADO_(PACOTE_X3),3,6.666666666666667,EXPO_DONA_FRANCISCA_,1,7,5,19,Noite
1972,1193,20.0,2026-07-18 19:29:04.064000-03:00,0.0,20.0,1,Dinheiro,RAPADURA_DE_MELADO_GRÃO_MOÍDO_(PACOTE_X1),1,20.0,EXPO_DONA_FRANCISCA_,1,7,5,19,Noite
1973,710,5.0,2026-07-19 11:59:50.235000-03:00,2.0,7.0,1,Dinheiro,RAPADURA_DE_MELADO,1,7.0,EXPO_DONA_FRANCISCA_,1,7,6,11,Manhã
1974,1046,8.0,2026-07-19 13:57:30.266000-03:00,0.0,8.0,1,Dinheiro,CRI-CRI_200G,1,8.0,EXPO_DONA_FRANCISCA_,1,7,6,13,Tarde
1975,146,44.0,2026-07-19 14:08:35.530000-03:00,0.0,44.0,1,Pix,RAPADURA_DE_MELADO,2,7.0,EXPO_DONA_FRANCISCA_,3,7,6,14,Tarde
1976,146,44.0,2026-07-19 14:08:35.530000-03:00,0.0,44.0,1,Pix,RAPADURA_ASSADA,2,5.0,EXPO_DONA_FRANCISCA_,3,7,6,14,Tarde
1977,146,44.0,2026-07-19 14:08:35.530000-03:00,0.0,44.0,1,Pix,ALFAJOR_PRETO_(BANDEJA_X5),5,4.0,EXPO_DONA_FRANCISCA_,3,7,6,14,Tarde
1978,2242,40.0,2026-07-19 14:17:16.087000-03:00,0.0,40.0,1,Dinheiro,ALFAJOR_BRANCO_(BANDEJA_X5),5,4.0,EXPO_DONA_FRANCISCA_,2,7,6,14,Tarde
1979,2242,40.0,2026-07-19 14:17:16.087000-03:00,0.0,40.0,1,Dinheiro,ALFAJOR_PRETO_(BANDEJA_X5),5,4.0,EXPO_DONA_FRANCISCA_,2,7,6,14,Tarde
1980,1287,20.0,2026-07-19 14:34:21.977000-03:00,0.0,20.0,1,Dinheiro,RAPADURA_DE_MELADO_(PACOTE_X3),3,6.666666666666667,EXPO_DONA_FRANCISCA_,1,7,6,14,Tarde
1981,1917,7.0,2026-07-19 14:57:15.741000-03:00,0.0,7.0,1,Dinheiro,RAPADURA_DE_MELADO_GRÃO_MOÍDO,1,7.0,EXPO_DONA_FRANCISCA_,1,7,6,14,Tarde
1982,1405,5.0,2026-07-19 16:25:59.567000-03:00,0.0,5.0,1,Dinheiro,ALFAJOR_PRETO_(DISPLAY_X1),1,5.0,EXPO_DONA_FRANCISCA_,1,7,6,16,Tarde
1983,534,90.0,2026-07-19 17:23:06.458000-03:00,50.0,140.0,1,Dinheiro,RAPADURA_DE_MELADO_GRÃO_MOÍDO,15,7.0,EXPO_DONA_FRANCISCA_,2,7,6,17,Tarde
1984,534,90.0,2026-07-19 17:23:06.458000-03:00,50.0,140.0,1,Dinheiro,RAPADURA_DE_MELADO,5,7.0,EXPO_DONA_FRANCISCA_,2,7,6,17,Tarde
1985,340,10.0,2026-07-19 17:26:20.915000-03:00,2.0,12.0,1,Dinheiro,AMENDOIM_TEMPERADO_100G,2,6.0,EXPO_DONA_FRANCISCA_,1,7,6,17,Tarde
1986,369,86.0,2026-07-23 17:07:34.852000-03:00,1.0,87.0,0,Cartão,RAPADURA_DE_MELADO_GRÃO_MOÍDO,1,7.0,WOLKSFEST_AGUDO,4,7,3,17,Tarde
1987,369,86.0,2026-07-23 17:07:34.852000-03:00,1.0,87.0,0,Cartão,CUCA_ALEMÃ,2,25.0,WOLKSFEST_AGUDO,4,7,3,17,Tarde
1988,369,86.0,2026-07-23 17:07:34.852000-03:00,1.0,87.0,0,Cartão,RAPADURA_DE_MELADO_(PACOTE_X3),3,6.666666666666667,WOLKSFEST_AGUDO,4,7,3,17,Tarde
1989,369,86.0,2026-07-23 17:07:34.852000-03:00,1.0,87.0,0,Cartão,BOLACHA_DE_MANTEIGA,1,10.0,WOLKSFEST_AGUDO,4,7,3,17,Tarde
1990,664,20.0,2026-07-23 19:22:24.246000-03:00,0.0,20.0,0,Pix,ALFAJOR_BRANCO_(BANDEJA_X5),5,4.0,WOLKSFEST_AGUDO,1,7,3,19,Noite
1991,1474,50.0,2026-07-24 12:43:30.295000-03:00,0.0,50.0,0,Cartão,BOLACHA_DE_MANTEIGA,1,10.0,WOLKSFEST_AGUDO,2,7,4,12,Tarde
1992,1474,50.0,2026-07-24 12:43:30.295000-03:00,0.0,50.0,0,Cartão,RAPADURA_DE_MELADO_(PACOTE_X3),6,6.666666666666667,WOLKSFEST_AGUDO,2,7,4,12,Tarde
1993,131,25.0,2026-07-24 12:56:29.630000-03:00,0.0,25.0,0,Dinheiro,CUCA_ALEMÃ,1,25.0,WOLKSFEST_AGUDO,1,7,4,12,Tarde
1994,94,10.0,2026-07-24 13:38:57.642000-03:00,2.0,12.0,0,Dinheiro,ALFAJOR,2,6.0,WOLKSFEST_AGUDO,1,7,4,13,Tarde
1995,867,7.0,2026-07-24 13:47:45.486000-03:00,0.0,7.0,0,Dinheiro,RAPADURA_DE_MELADO,1,7.0,WOLKSFEST_AGUDO,1,7,4,13,Tarde
1996,448,33.0,2026-07-24 14:38:47.065000-03:00,0.0,33.0,0,Cartão,CRI-CRI_200G,1,8.0,WOLKSFEST_AGUDO,2,7,4,14,Tarde
1997,448,33.0,2026-07-24 14:38:47.065000-03:00,0.0,33.0,0,Cartão,CUCA_ALEMÃ,1,25.0,WOLKSFEST_AGUDO,2,7,4,14,Tarde
1998,490,25.0,2026-07-24 14:52:53.038000-03:00,0.0,25.0,0,Cartão,CUCA_ALEMÃ,1,25.0,WOLKSFEST_AGUDO,1,7,4,14,Tarde
1999,342,15.0,2026-07-24 14:53:13.566000-03:00,0.0,15.0,0,Pix,CUCA_ENROLADA,1,15.0,WOLKSFEST_AGUDO,1,7,4,14,Tarde
2000,1101,25.0,2026-07-24 15:07:00.046000-03:00,0.0,25.0,0,Dinheiro,CUCA_ALEMÃ,1,25.0,WOLKSFEST_AGUDO,1,7,4,15,Tarde
2001,2439,23.0,2026-07-24 15:23:41.024000-03:00,2.0,25.0,0,Dinheiro,CUCA_ALEMÃ,1,25.0,WOLKSFEST_AGUDO,1,7,4,15,Tarde
2002,346,17.0,2026-07-24 16:34:19.657000-03:00,2.0,19.0,0,Dinheiro,RAPADURA_DE_MELADO,1,7.0,WOLKSFEST_AGUDO,2,7,4,16,Tarde
2003,346,17.0,2026-07-24 16:34:19.657000-03:00,2.0,19.0,0,Dinheiro,ALFAJOR,2,6.0,WOLKSFEST_AGUDO,2,7,4,16,Tarde
2004,732,55.0,2026-07-24 16:35:49.330000-03:00,0.0,55.0,0,Cartão,ALFAJOR_PRETO_(PACOTE_X4),4,5.0,WOLKSFEST_AGUDO,3,7,4,16,Tarde
2005,732,55.0,2026-07-24 16:35:49.330000-03:00,0.0,55.0,0,Cartão,RAPADURA_ASSADA,2,5.0,WOLKSFEST_AGUDO,3,7,4,16,Tarde
2006,732,55.0,2026-07-24 16:35:49.330000-03:00,0.0,55.0,0,Cartão,CUCA_ALEMÃ,1,25.0,WOLKSFEST_AGUDO,3,7,4,16,Tarde
2007,496,6.0,2026-07-24 16:42:04.834000-03:00,1.0,7.0,0,Dinheiro,RAPADURA_DE_MELADO,1,7.0,WOLKSFEST_AGUDO,1,7,4,16,Tarde
2008,1894,18.0,2026-07-24 16:57:44.303000-03:00,2.0,20.0,0,Dinheiro,RAPADURA_DE_MELADO_(PACOTE_X3),3,6.666666666666667,WOLKSFEST_AGUDO,1,7,4,16,Tarde
2009,2047,5.0,2026-07-24 16:57:54.493000-03:00,0.0,5.0,0,Dinheiro,RAPADURA_ASSADA,1,5.0,WOLKSFEST_AGUDO,1,7,4,16,Tarde
2010,1263,25.0,2026-07-24 17:02:16.795000-03:00,0.0,25.0,0,Pix,CUCA_ALEMÃ,1,25.0,WOLKSFEST_AGUDO,1,7,4,17,Tarde
2011,222,35.0,2026-07-24 17:10:33.292000-03:00,0.0,35.0,0,Dinheiro,CUCA_ENROLADA_DE_AMENDOIM_(PACOTE_X2),2,12.5,WOLKSFEST_AGUDO,2,7,4,17,Tarde
2012,222,35.0,2026-07-24 17:10:33.292000-03:00,0.0,35.0,0,Dinheiro,BOLACHA_DE_MANTEIGA,1,10.0,WOLKSFEST_AGUDO,2,7,4,17,Tarde
2013,1281,20.0,2026-07-24 17:18:00.501000-03:00,0.0,20.0,0,Dinheiro,RAPADURA_DE_MELADO_(PACOTE_X3),3,6.666666666666667,WOLKSFEST_AGUDO,1,7,4,17,Tarde
2014,415,20.0,2026-07-24 17:27:04.802000-03:00,1.0,21.0,0,Dinheiro,RAPADURA_DE_MELADO_GRÃO_MOÍDO,1,7.0,WOLKSFEST_AGUDO,3,7,4,17,Tarde
2015,415,20.0,2026-07-24 17:27:04.802000-03:00,1.0,21.0,0,Dinheiro,RAPADURA_DE_MELADO,1,7.0,WOLKSFEST_AGUDO,3,7,4,17,Tarde
2016,415,20.0,2026-07-24 17:27:04.802000-03:00,1.0,21.0,0,Dinheiro,CARRAPINHA,1,7.0,WOLKSFEST_AGUDO,3,7,4,17,Tarde
2017,1651,40.0,2026-07-24 17:32:26.695000-03:00,0.0,40.0,0,Dinheiro,RAPADURA_DE_MELADO_(PACOTE_X3),6,6.666666666666667,WOLKSFEST_AGUDO,1,7,4,17,Tarde
2018,1585,25.0,2026-07-24 17:43:27.405000-03:00,0.0,25.0,0,Dinheiro,RAPADURA_ASSADA_(PACOTE_X6),6,4.166666666666667,WOLKSFEST_AGUDO,1,7,4,17,Tarde
2019,32,39.0,2026-07-24 17:49:57.383000-03:00,0.0,39.0,0,Dinheiro,CUCA_ALEMÃ,1,25.0,WOLKSFEST_AGUDO,2,7,4,17,Tarde
2020,32,39.0,2026-07-24 17:49:57.383000-03:00,0.0,39.0,0,Dinheiro,RAPADURA_DE_MELADO,2,7.0,WOLKSFEST_AGUDO,2,7,4,17,Tarde
2021,1607,5.0,2026-07-24 18:06:44.535000-03:00,1.0,6.0,0,Dinheiro,ALFAJOR,1,6.0,WOLKSFEST_AGUDO,1,7,4,18,Noite
2022,1080,14.0,2026-07-24 18:51:30.045000-03:00,0.0,14.0,0,Dinheiro,RAPADURA_DE_MELADO,2,7.0,WOLKSFEST_AGUDO,1,7,4,18,Noite
2023,1154,20.0,2026-07-24 18:52:23.544000-03:00,4.0,24.0,0,Dinheiro,ALFAJOR_BRANCO,2,6.0,WOLKSFEST_AGUDO,2,7,4,18,Noite
2024,1154,20.0,2026-07-24 18:52:23.544000-03:00,4.0,24.0,0,Dinheiro,ALFAJOR,2,6.0,WOLKSFEST_AGUDO,2,7,4,18,Noite
2025,621,7.0,2026-07-24 19:00:00.856000-03:00,0.0,7.0,0,Dinheiro,RAPADURA_DE_MELADO,1,7.0,WOLKSFEST_AGUDO,1,7,4,19,Noite
2026,343,15.0,2026-07-24 19:35:56.292000-03:00,0.0,15.0,0,Dinheiro,CUCA_ENROLADA,1,15.0,WOLKSFEST_AGUDO,1,7,4,19,Noite
2027,1168,55.0,2026-07-24 19:49:44.825000-03:00,0.0,55.0,0,Cartão,CUCA_ALEMÃ,1,25.0,WOLKSFEST_AGUDO,2,7,4,19,Noite
2028,1168,55.0,2026-07-24 19:49:44.825000-03:00,0.0,55.0,0,Cartão,CUCA_ENROLADA,2,15.0,WOLKSFEST_AGUDO,2,7,4,19,Noite
2029,2331,25.0,2026-07-24 20:46:11.902000-03:00,0.0,25.0,0,Pix,RAPADURA_ASSADA_(PACOTE_X6),6,4.166666666666667,WOLKSFEST_AGUDO,1,7,4,20,Noite
2030,2246,22.0,2026-07-24 20:56:45.678000-03:00,0.0,22.0,0,Dinheiro,CUCA_ENROLADA,1,15.0,WOLKSFEST_AGUDO,2,7,4,20,Noite
2031,2246,22.0,2026-07-24 20:56:45.678000-03:00,0.0,22.0,0,Dinheiro,RAPADURA_DE_MELADO,1,7.0,WOLKSFEST_AGUDO,2,7,4,20,Noite
2032,229,15.0,2026-07-24 21:05:41.955000-03:00,0.0,15.0,0,Dinheiro,RAPADURA_ASSADA,3,5.0,WOLKSFEST_AGUDO,1,7,4,21,Noite
2033,2288,15.0,2026-07-24 21:06:12.391000-03:00,0.0,15.0,0,Dinheiro,RAPADURA_ASSADA,3,5.0,WOLKSFEST_AGUDO,1,7,4,21,Noite
2034,1760,25.0,2026-07-25 10:36:31.189000-03:00,0.0,25.0,0,Dinheiro,CUCA_ALEMÃ,1,25.0,WOLKSFEST_AGUDO,1,7,5,10,Manhã
2035,2285,27.0,2026-07-25 10:38:13.145000-03:00,0.0,27.0,0,Cartão,RAPADURA_DE_MELADO_(PACOTE_X3),3,6.666666666666667,WOLKSFEST_AGUDO,2,7,5,10,Manhã
2036,2285,27.0,2026-07-25 10:38:13.145000-03:00,0.0,27.0,0,Cartão,RAPADURA_DE_MELADO,1,7.0,WOLKSFEST_AGUDO,2,7,5,10,Manhã
2037,221,25.0,2026-07-25 10:38:25.241000-03:00,0.0,25.0,0,Dinheiro,RAPADURA_ASSADA_(PACOTE_X6),6,4.166666666666667,WOLKSFEST_AGUDO,1,7,5,10,Manhã
2038,1476,25.0,2026-07-25 10:42:09.709000-03:00,0.0,25.0,0,Dinheiro,CUCA_ALEMÃ,1,25.0,WOLKSFEST_AGUDO,1,7,5,10,Manhã
2039,1814,40.0,2026-07-25 11:17:49.681000-03:00,0.0,40.0,0,Dinheiro,RAPADURA_DE_MELADO_GRÃO_MOÍDO_(PACOTE_X1),1,20.0,WOLKSFEST_AGUDO,2,7,5,11,Manhã
2040,1814,40.0,2026-07-25 11:17:49.681000-03:00,0.0,40.0,0,Dinheiro,RAPADURA_DE_MELADO_(PACOTE_X3),3,6.666666666666667,WOLKSFEST_AGUDO,2,7,5,11,Manhã
2041,795,30.0,2026-07-25 12:07:03.770000-03:00,0.0,30.0,0,Cartão,RAPADURA_DE_MELADO_(PACOTE_X3),3,6.666666666666667,WOLKSFEST_AGUDO,2,7,5,12,Tarde
2042,795,30.0,2026-07-25 12:07:03.770000-03:00,0.0,30.0,0,Cartão,BOLACHA_DE_MILHO,1,10.0,WOLKSFEST_AGUDO,2,7,5,12,Tarde
2043,382,20.0,2026-07-25 12:56:37.420000-03:00,0.0,20.0,0,Cartão,ALFAJOR_PRETO_(BANDEJA_X5),5,4.0,WOLKSFEST_AGUDO,1,7,5,12,Tarde
2044,555,15.0,2026-07-25 13:27:56.573000-03:00,0.0,15.0,0,Cartão,CUCA_ENROLADA,1,15.0,WOLKSFEST_AGUDO,1,7,5,13,Tarde
2045,1752,15.0,2026-07-25 13:28:01.893000-03:00,0.0,15.0,0,Dinheiro,CUCA_ENROLADA,1,15.0,WOLKSFEST_AGUDO,1,7,5,13,Tarde
2046,978,25.0,2026-07-25 13:32:20.006000-03:00,0.0,25.0,0,Dinheiro,CUCA_ALEMÃ,1,25.0,WOLKSFEST_AGUDO,1,7,5,13,Tarde
2047,1001,25.0,2026-07-25 13:40:56.767000-03:00,0.0,25.0,0,Cartão,CUCA_ALEMÃ,1,25.0,WOLKSFEST_AGUDO,1,7,5,13,Tarde
2048,985,50.0,2026-07-25 13:42:48.837000-03:00,0.0,50.0,0,Dinheiro,CUCA_ALEMÃ,2,25.0,WOLKSFEST_AGUDO,1,7,5,13,Tarde
2049,1425,25.0,2026-07-25 13:51:52.799000-03:00,0.0,25.0,0,Dinheiro,CUCA_ALEMÃ,1,25.0,WOLKSFEST_AGUDO,1,7,5,13,Tarde
2050,1451,40.0,2026-07-25 14:12:09.853000-03:00,0.0,40.0,0,Dinheiro,CUCA_ALEMÃ,1,25.0,WOLKSFEST_AGUDO,2,7,5,14,Tarde
2051,1451,40.0,2026-07-25 14:12:09.853000-03:00,0.0,40.0,0,Dinheiro,CUCA_ENROLADA_DE_CHOCOLATE,1,15.0,WOLKSFEST_AGUDO,2,7,5,14,Tarde
2052,1961,25.0,2026-07-25 14:15:17.712000-03:00,0.0,25.0,0,Dinheiro,CUCA_ALEMÃ,1,25.0,WOLKSFEST_AGUDO,1,7,5,14,Tarde
2053,1259,50.0,2026-07-25 14:28:01.813000-03:00,0.0,50.0,0,Cartão,CUCA_ENROLADA,1,15.0,WOLKSFEST_AGUDO,4,7,5,14,Tarde
2054,1259,50.0,2026-07-25 14:28:01.813000-03:00,0.0,50.0,0,Cartão,ALFAJOR_PRETO_(BANDEJA_X5),5,4.0,WOLKSFEST_AGUDO,4,7,5,14,Tarde
2055,1259,50.0,2026-07-25 14:28:01.813000-03:00,0.0,50.0,0,Cartão,CRI-CRI_200G,1,8.0,WOLKSFEST_AGUDO,4,7,5,14,Tarde
2056,1259,50.0,2026-07-25 14:28:01.813000-03:00,0.0,50.0,0,Cartão,RAPADURA_DE_MELADO_GRÃO_MOÍDO,1,7.0,WOLKSFEST_AGUDO,4,7,5,14,Tarde
2057,1376,50.0,2026-07-25 14:31:34.536000-03:00,0.0,50.0,0,Dinheiro,RAPADURA_ASSADA_(PACOTE_X6),12,4.166666666666667,WOLKSFEST_AGUDO,1,7,5,14,Tarde
2058,2445,35.0,2026-07-25 14:35:08.633000-03:00,0.0,35.0,0,Cartão,BOLACHA_DE_MANTEIGA,1,10.0,WOLKSFEST_AGUDO,2,7,5,14,Tarde
2059,2445,35.0,2026-07-25 14:35:08.633000-03:00,0.0,35.0,0,Cartão,CUCA_ALEMÃ,1,25.0,WOLKSFEST_AGUDO,2,7,5,14,Tarde
2060,1834,25.0,2026-07-25 14:38:11.862000-03:00,0.0,25.0,0,Dinheiro,CUCA_ALEMÃ,1,25.0,WOLKSFEST_AGUDO,1,7,5,14,Tarde
2061,110,20.0,2026-07-25 14:39:08.565000-03:00,0.0,20.0,0,Dinheiro,RAPADURA_DE_MELADO_(PACOTE_X3),3,6.666666666666667,WOLKSFEST_AGUDO,1,7,5,14,Tarde
2062,1516,37.0,2026-07-25 14:51:18.063000-03:00,0.0,37.0,0,Dinheiro,RAPADURA_DE_MELADO_(PACOTE_X3),3,6.666666666666667,WOLKSFEST_AGUDO,3,7,5,14,Tarde
2063,1516,37.0,2026-07-25 14:51:18.063000-03:00,0.0,37.0,0,Dinheiro,CARRAPINHA,1,7.0,WOLKSFEST_AGUDO,3,7,5,14,Tarde
2064,1516,37.0,2026-07-25 14:51:18.063000-03:00,0.0,37.0,0,Dinheiro,BOLACHA_DE_MILHO,1,10.0,WOLKSFEST_AGUDO,3,7,5,14,Tarde
2065,876,25.0,2026-07-25 14:55:37.419000-03:00,0.0,25.0,0,Cartão,CUCA_ALEMÃ,1,25.0,WOLKSFEST_AGUDO,1,7,5,14,Tarde
2066,772,50.0,2026-07-25 14:58:56.863000-03:00,0.0,50.0,0,Dinheiro,CUCA_ALEMÃ,2,25.0,WOLKSFEST_AGUDO,1,7,5,14,Tarde
2067,1412,12.0,2026-07-25 15:08:16.131000-03:00,2.0,14.0,0,Dinheiro,RAPADURA_DE_MELADO,2,7.0,WOLKSFEST_AGUDO,1,7,5,15,Tarde
2068,1626,10.0,2026-07-25 15:09:54.198000-03:00,0.0,10.0,0,Dinheiro,RAPADURA_ASSADA,2,5.0,WOLKSFEST_AGUDO,1,7,5,15,Tarde
2069,1396,55.0,2026-07-25 15:14:07.343000-03:00,0.0,55.0,0,Cartão,CUCA_ALEMÃ,2,25.0,WOLKSFEST_AGUDO,2,7,5,15,Tarde
2070,1396,55.0,2026-07-25 15:14:07.343000-03:00,0.0,55.0,0,Cartão,RAPADURA_ASSADA,1,5.0,WOLKSFEST_AGUDO,2,7,5,15,Tarde
2071,767,45.0,2026-07-25 15:14:45.850000-03:00,0.0,45.0,0,Dinheiro,CUCA_ALEMÃ,1,25.0,WOLKSFEST_AGUDO,2,7,5,15,Tarde
2072,767,45.0,2026-07-25 15:14:45.850000-03:00,0.0,45.0,0,Dinheiro,ALFAJOR_BRANCO_(BANDEJA_X5),5,4.0,WOLKSFEST_AGUDO,2,7,5,15,Tarde
2073,2379,25.0,2026-07-25 15:21:25.045000-03:00,0.0,25.0,0,Dinheiro,CUCA_ALEMÃ,1,25.0,WOLKSFEST_AGUDO,1,7,5,15,Tarde
2074,1749,25.0,2026-07-25 15:26:00.892000-03:00,0.0,25.0,0,Pix,CUCA_ALEMÃ,1,25.0,WOLKSFEST_AGUDO,1,7,5,15,Tarde
2075,2213,50.0,2026-07-25 15:30:45.624000-03:00,0.0,50.0,0,Cartão,CUCA_ALEMÃ,2,25.0,WOLKSFEST_AGUDO,1,7,5,15,Tarde
2076,2209,37.0,2026-07-25 15:32:59.255000-03:00,0.0,37.0,0,Dinheiro,CUCA_ENROLADA_DE_CHOCOLATE,2,15.0,WOLKSFEST_AGUDO,2,7,5,15,Tarde
2077,2209,37.0,2026-07-25 15:32:59.255000-03:00,0.0,37.0,0,Dinheiro,RAPADURA_DE_MELADO,1,7.0,WOLKSFEST_AGUDO,2,7,5,15,Tarde
2078,836,75.0,2026-07-25 15:33:55.557000-03:00,0.0,75.0,0,Dinheiro,CUCA_ALEMÃ,3,25.0,WOLKSFEST_AGUDO,1,7,5,15,Tarde
2079,1261,50.0,2026-07-25 15:43:57.339000-03:00,0.0,50.0,0,Dinheiro,CUCA_ALEMÃ,1,25.0,WOLKSFEST_AGUDO,3,7,5,15,Tarde
2080,1261,50.0,2026-07-25 15:43:57.339000-03:00,0.0,50.0,0,Dinheiro,ALFAJOR_BRANCO_(BANDEJA_X5),5,4.0,WOLKSFEST_AGUDO,3,7,5,15,Tarde
2081,1261,50.0,2026-07-25 15:43:57.339000-03:00,0.0,50.0,0,Dinheiro,ALFAJOR_BRANCO_(DISPLAY_X1),1,5.0,WOLKSFEST_AGUDO,3,7,5,15,Tarde
2082,1911,25.0,2026-07-25 15:49:52.891000-03:00,0.0,25.0,0,Dinheiro,CUCA_ALEMÃ,1,25.0,WOLKSFEST_AGUDO,1,7,5,15,Tarde
2083,154,25.0,2026-07-25 15:52:37.128000-03:00,0.0,25.0,0,Dinheiro,CUCA_ALEMÃ,1,25.0,WOLKSFEST_AGUDO,1,7,5,15,Tarde
2084,1490,25.0,2026-07-25 15:54:18.170000-03:00,0.0,25.0,0,Cartão,CUCA_ALEMÃ,1,25.0,WOLKSFEST_AGUDO,1,7,5,15,Tarde
2085,1558,15.0,2026-07-25 15:54:59.201000-03:00,0.0,15.0,0,Dinheiro,CUCA_ENROLADA,1,15.0,WOLKSFEST_AGUDO,1,7,5,15,Tarde
2086,472,25.0,2026-07-25 15:58:50.700000-03:00,0.0,25.0,0,Dinheiro,CUCA_ALEMÃ,1,25.0,WOLKSFEST_AGUDO,1,7,5,15,Tarde
2087,541,25.0,2026-07-25 15:59:36.022000-03:00,0.0,25.0,0,Dinheiro,ALFAJOR_PRETO_(DISPLAY_X1),3,5.0,WOLKSFEST_AGUDO,2,7,5,15,Tarde
2088,541,25.0,2026-07-25 15:59:36.022000-03:00,0.0,25.0,0,Dinheiro,RAPADURA_ASSADA,2,5.0,WOLKSFEST_AGUDO,2,7,5,15,Tarde
2089,615,25.0,2026-07-25 16:03:19.158000-03:00,0.0,25.0,0,Dinheiro,CUCA_ALEMÃ,1,25.0,WOLKSFEST_AGUDO,1,7,5,16,Tarde
2090,822,25.0,2026-07-25 16:06:32.452000-03:00,0.0,25.0,0,Cartão,CUCA_ALEMÃ,1,25.0,WOLKSFEST_AGUDO,1,7,5,16,Tarde
2091,653,20.0,2026-07-25 16:07:59.372000-03:00,0.0,20.0,0,Dinheiro,RAPADURA_DE_MELADO_(PACOTE_X3),3,6.666666666666667,WOLKSFEST_AGUDO,1,7,5,16,Tarde
2092,505,25.0,2026-07-25 16:10:33.588000-03:00,0.0,25.0,0,Dinheiro,CUCA_ALEMÃ,1,25.0,WOLKSFEST_AGUDO,1,7,5,16,Tarde
2093,1690,25.0,2026-07-25 16:10:52.352000-03:00,0.0,25.0,0,Dinheiro,CUCA_ALEMÃ,1,25.0,WOLKSFEST_AGUDO,1,7,5,16,Tarde
2094,264,40.0,2026-07-25 16:11:25.037000-03:00,0.0,40.0,0,Dinheiro,CUCA_ALEMÃ,1,25.0,WOLKSFEST_AGUDO,2,7,5,16,Tarde
2095,264,40.0,2026-07-25 16:11:25.037000-03:00,0.0,40.0,0,Dinheiro,CUCA_ENROLADA,1,15.0,WOLKSFEST_AGUDO,2,7,5,16,Tarde
2096,2385,50.0,2026-07-25 16:12:26.419000-03:00,0.0,50.0,0,Dinheiro,CUCA_ALEMÃ,2,25.0,WOLKSFEST_AGUDO,1,7,5,16,Tarde
2097,1148,25.0,2026-07-25 16:13:45.532000-03:00,0.0,25.0,0,Dinheiro,CUCA_ALEMÃ,1,25.0,WOLKSFEST_AGUDO,1,7,5,16,Tarde
2098,1067,7.0,2026-07-25 16:14:34.782000-03:00,0.0,7.0,0,Dinheiro,CARRAPINHA,1,7.0,WOLKSFEST_AGUDO,1,7,5,16,Tarde
2099,2396,55.0,2026-07-25 16:23:21.940000-03:00,0.0,55.0,0,Dinheiro,CUCA_ALEMÃ,1,25.0,WOLKSFEST_AGUDO,2,7,5,16,Tarde
2100,2396,55.0,2026-07-25 16:23:21.940000-03:00,0.0,55.0,0,Dinheiro,CUCA_ENROLADA,2,15.0,WOLKSFEST_AGUDO,2,7,5,16,Tarde
2101,2077,50.0,2026-07-25 16:25:37.621000-03:00,0.0,50.0,0,Cartão,CUCA_ALEMÃ,2,25.0,WOLKSFEST_AGUDO,1,7,5,16,Tarde
2102,2418,20.0,2026-07-25 16:28:02.819000-03:00,0.0,20.0,0,Dinheiro,RAPADURA_DE_MELADO_(PACOTE_X3),3,6.666666666666667,WOLKSFEST_AGUDO,1,7,5,16,Tarde
2103,1776,50.0,2026-07-25 16:28:49.627000-03:00,0.0,50.0,0,Cartão,CUCA_ALEMÃ,2,25.0,WOLKSFEST_AGUDO,1,7,5,16,Tarde
2104,1342,20.0,2026-07-25 16:29:02.645000-03:00,5.0,25.0,0,Dinheiro,CUCA_ALEMÃ,1,25.0,WOLKSFEST_AGUDO,1,7,5,16,Tarde
2105,1159,50.0,2026-07-25 16:30:31.963000-03:00,0.0,50.0,0,Dinheiro,CUCA_ALEMÃ,2,25.0,WOLKSFEST_AGUDO,1,7,5,16,Tarde
2106,2297,25.0,2026-07-25 16:30:50.760000-03:00,0.0,25.0,0,Dinheiro,CUCA_ALEMÃ,1,25.0,WOLKSFEST_AGUDO,1,7,5,16,Tarde
2107,1167,50.0,2026-07-25 16:35:50.259000-03:00,0.0,50.0,0,Dinheiro,CUCA_ALEMÃ,2,25.0,WOLKSFEST_AGUDO,1,7,5,16,Tarde
2108,2268,20.0,2026-07-25 16:37:32.037000-03:00,0.0,20.0,0,Dinheiro,ALFAJOR_BRANCO_(BANDEJA_X5),5,4.0,WOLKSFEST_AGUDO,1,7,5,16,Tarde
2109,1127,25.0,2026-07-25 16:38:37.514000-03:00,0.0,25.0,0,Cartão,CUCA_ALEMÃ,1,25.0,WOLKSFEST_AGUDO,1,7,5,16,Tarde
2110,129,12.0,2026-07-25 16:40:58.657000-03:00,0.0,12.0,0,Cartão,RAPADURA_DE_MELADO,1,7.0,WOLKSFEST_AGUDO,2,7,5,16,Tarde
2111,129,12.0,2026-07-25 16:40:58.657000-03:00,0.0,12.0,0,Cartão,RAPADURA_ASSADA,1,5.0,WOLKSFEST_AGUDO,2,7,5,16,Tarde
2112,773,25.0,2026-07-25 16:41:28.610000-03:00,0.0,25.0,0,Dinheiro,CUCA_ALEMÃ,1,25.0,WOLKSFEST_AGUDO,1,7,5,16,Tarde
2113,838,40.0,2026-07-25 16:42:11.767000-03:00,0.0,40.0,0,Dinheiro,RAPADURA_DE_MELADO_(PACOTE_X3),6,6.666666666666667,WOLKSFEST_AGUDO,1,7,5,16,Tarde
2114,740,175.0,2026-07-25 16:43:42.246000-03:00,0.0,175.0,0,Dinheiro,CUCA_ALEMÃ,7,25.0,WOLKSFEST_AGUDO,1,7,5,16,Tarde
2115,165,15.0,2026-07-25 16:44:21.142000-03:00,0.0,15.0,0,Cartão,CUCA_ENROLADA,1,15.0,WOLKSFEST_AGUDO,1,7,5,16,Tarde
2116,1309,25.0,2026-07-25 16:45:05.991000-03:00,0.0,25.0,0,Cartão,CUCA_ALEMÃ,1,25.0,WOLKSFEST_AGUDO,1,7,5,16,Tarde
2117,1589,45.0,2026-07-25 16:45:57.182000-03:00,0.0,45.0,0,Cartão,CUCA_ALEMÃ,1,25.0,WOLKSFEST_AGUDO,2,7,5,16,Tarde
2118,1589,45.0,2026-07-25 16:45:57.182000-03:00,0.0,45.0,0,Cartão,ALFAJOR_BRANCO_(BANDEJA_X5),5,4.0,WOLKSFEST_AGUDO,2,7,5,16,Tarde
2119,280,45.0,2026-07-25 16:45:57.182000-03:00,0.0,45.0,0,Cartão,CUCA_ALEMÃ,1,25.0,WOLKSFEST_AGUDO,2,7,5,16,Tarde
2120,280,45.0,2026-07-25 16:45:57.182000-03:00,0.0,45.0,0,Cartão,ALFAJOR_BRANCO_(BANDEJA_X5),5,4.0,WOLKSFEST_AGUDO,2,7,5,16,Tarde
2121,1463,25.0,2026-07-25 16:47:48.375000-03:00,0.0,25.0,0,Cartão,CUCA_ALEMÃ,1,25.0,WOLKSFEST_AGUDO,1,7,5,16,Tarde
2122,75,120.0,2026-07-25 16:48:37.390000-03:00,0.0,120.0,0,Cartão,CUCA_ALEMÃ,3,25.0,WOLKSFEST_AGUDO,3,7,5,16,Tarde
2123,75,120.0,2026-07-25 16:48:37.390000-03:00,0.0,120.0,0,Cartão,RAPADURA_ASSADA_(PACOTE_X6),6,4.166666666666667,WOLKSFEST_AGUDO,3,7,5,16,Tarde
2124,75,120.0,2026-07-25 16:48:37.390000-03:00,0.0,120.0,0,Cartão,ALFAJOR_PRETO_(BANDEJA_X5),5,4.0,WOLKSFEST_AGUDO,3,7,5,16,Tarde
2125,1943,14.0,2026-07-25 16:49:08.028000-03:00,0.0,14.0,0,Dinheiro,RAPADURA_DE_MELADO,2,7.0,WOLKSFEST_AGUDO,1,7,5,16,Tarde
2126,2421,5.0,2026-07-25 16:52:58.288000-03:00,0.0,5.0,0,Dinheiro,ALFAJOR_PRETO_(DISPLAY_X1),1,5.0,WOLKSFEST_AGUDO,1,7,5,16,Tarde
2127,623,50.0,2026-07-25 16:54:08.180000-03:00,0.0,50.0,0,Cartão,CUCA_ALEMÃ,2,25.0,WOLKSFEST_AGUDO,1,7,5,16,Tarde
2128,2059,25.0,2026-07-25 16:54:32.460000-03:00,0.0,25.0,0,Dinheiro,CUCA_ALEMÃ,1,25.0,WOLKSFEST_AGUDO,1,7,5,16,Tarde
2129,192,25.0,2026-07-25 16:58:50.457000-03:00,0.0,25.0,0,Dinheiro,RAPADURA_ASSADA_(PACOTE_X6),6,4.166666666666667,WOLKSFEST_AGUDO,1,7,5,16,Tarde
2130,1216,50.0,2026-07-25 16:59:56.774000-03:00,0.0,50.0,0,Dinheiro,CUCA_ALEMÃ,2,25.0,WOLKSFEST_AGUDO,1,7,5,16,Tarde
2131,704,30.0,2026-07-25 17:04:40.638000-03:00,0.0,30.0,0,Pix,CUCA_ALEMÃ,1,25.0,WOLKSFEST_AGUDO,2,7,5,17,Tarde
2132,704,30.0,2026-07-25 17:04:40.638000-03:00,0.0,30.0,0,Pix,RAPADURA_ASSADA,1,5.0,WOLKSFEST_AGUDO,2,7,5,17,Tarde
2133,61,37.0,2026-07-25 17:06:11.522000-03:00,0.0,37.0,0,Cartão,CUCA_ALEMÃ,1,25.0,WOLKSFEST_AGUDO,3,7,5,17,Tarde
2134,61,37.0,2026-07-25 17:06:11.522000-03:00,0.0,37.0,0,Cartão,ALFAJOR_PRETO_(DISPLAY_X1),1,5.0,WOLKSFEST_AGUDO,3,7,5,17,Tarde
2135,61,37.0,2026-07-25 17:06:11.522000-03:00,0.0,37.0,0,Cartão,CARRAPINHA,1,7.0,WOLKSFEST_AGUDO,3,7,5,17,Tarde
2136,567,50.0,2026-07-25 17:07:21.371000-03:00,0.0,50.0,0,Dinheiro,CUCA_ALEMÃ,2,25.0,WOLKSFEST_AGUDO,1,7,5,17,Tarde
2137,928,10.0,2026-07-25 17:07:47.138000-03:00,0.0,10.0,0,Dinheiro,BOLACHA_DE_MANTEIGA,1,10.0,WOLKSFEST_AGUDO,1,7,5,17,Tarde
2138,1054,50.0,2026-07-25 17:10:36.881000-03:00,0.0,50.0,0,Cartão,CUCA_ALEMÃ,2,25.0,WOLKSFEST_AGUDO,1,7,5,17,Tarde
2139,2046,25.0,2026-07-25 17:12:20.357000-03:00,0.0,25.0,0,Dinheiro,CUCA_ALEMÃ,1,25.0,WOLKSFEST_AGUDO,1,7,5,17,Tarde
2140,604,25.0,2026-07-25 17:13:15.682000-03:00,0.0,25.0,0,Dinheiro,CUCA_ALEMÃ,1,25.0,WOLKSFEST_AGUDO,1,7,5,17,Tarde
2141,506,25.0,2026-07-25 17:13:54.874000-03:00,0.0,25.0,0,Dinheiro,CUCA_ALEMÃ,1,25.0,WOLKSFEST_AGUDO,1,7,5,17,Tarde
2142,1246,50.0,2026-07-25 17:15:36.142000-03:00,0.0,50.0,0,Dinheiro,CUCA_ALEMÃ,2,25.0,WOLKSFEST_AGUDO,1,7,5,17,Tarde
2143,1741,50.0,2026-07-25 17:16:56.598000-03:00,0.0,50.0,0,Cartão,CUCA_ALEMÃ,1,25.0,WOLKSFEST_AGUDO,2,7,5,17,Tarde
2144,1741,50.0,2026-07-25 17:16:56.598000-03:00,0.0,50.0,0,Cartão,RAPADURA_ASSADA_(PACOTE_X6),6,4.166666666666667,WOLKSFEST_AGUDO,2,7,5,17,Tarde
2145,2078,25.0,2026-07-25 17:19:40.493000-03:00,0.0,25.0,0,Cartão,CUCA_ALEMÃ,1,25.0,WOLKSFEST_AGUDO,1,7,5,17,Tarde
2146,565,7.0,2026-07-25 17:20:30.902000-03:00,0.0,7.0,0,Cartão,RAPADURA_DE_MELADO,1,7.0,WOLKSFEST_AGUDO,1,7,5,17,Tarde
2147,1857,25.0,2026-07-25 17:21:17.628000-03:00,0.0,25.0,0,Dinheiro,CUCA_ALEMÃ,1,25.0,WOLKSFEST_AGUDO,1,7,5,17,Tarde
2148,14,25.0,2026-07-25 17:22:57.662000-03:00,0.0,25.0,0,Cartão,CUCA_ALEMÃ,1,25.0,WOLKSFEST_AGUDO,1,7,5,17,Tarde
2149,1811,25.0,2026-07-25 17:23:37.596000-03:00,0.0,25.0,0,Dinheiro,RAPADURA_ASSADA_(PACOTE_X6),6,4.166666666666667,WOLKSFEST_AGUDO,1,7,5,17,Tarde
2150,1899,25.0,2026-07-25 17:25:38.192000-03:00,0.0,25.0,0,Dinheiro,RAPADURA_ASSADA_(PACOTE_X6),6,4.166666666666667,WOLKSFEST_AGUDO,1,7,5,17,Tarde
2151,2085,50.0,2026-07-25 17:27:38.377000-03:00,0.0,50.0,0,Dinheiro,CUCA_ALEMÃ,2,25.0,WOLKSFEST_AGUDO,1,7,5,17,Tarde
2152,2395,125.0,2026-07-25 17:39:12.272000-03:00,0.0,125.0,0,Dinheiro,CUCA_ALEMÃ,5,25.0,WOLKSFEST_AGUDO,1,7,5,17,Tarde
2153,1078,20.0,2026-07-25 17:40:09.546000-03:00,0.0,20.0,0,Cartão,ALFAJOR_PRETO_(BANDEJA_X5),5,4.0,WOLKSFEST_AGUDO,1,7,5,17,Tarde
2154,1835,25.0,2026-07-25 17:41:11.036000-03:00,0.0,25.0,0,Dinheiro,CUCA_ALEMÃ,1,25.0,WOLKSFEST_AGUDO,1,7,5,17,Tarde
2155,2111,50.0,2026-07-25 17:41:15.635000-03:00,0.0,50.0,0,Dinheiro,CUCA_ALEMÃ,2,25.0,WOLKSFEST_AGUDO,1,7,5,17,Tarde
2156,697,65.0,2026-07-25 17:41:40.132000-03:00,0.0,65.0,0,Cartão,CUCA_ALEMÃ,2,25.0,WOLKSFEST_AGUDO,2,7,5,17,Tarde
2157,697,65.0,2026-07-25 17:41:40.132000-03:00,0.0,65.0,0,Cartão,CUCA_ENROLADA,1,15.0,WOLKSFEST_AGUDO,2,7,5,17,Tarde
2158,2001,40.0,2026-07-25 17:51:10.172000-03:00,0.0,40.0,0,Dinheiro,CUCA_ALEMÃ,1,25.0,WOLKSFEST_AGUDO,2,7,5,17,Tarde
2159,2001,40.0,2026-07-25 17:51:10.172000-03:00,0.0,40.0,0,Dinheiro,CUCA_ENROLADA,1,15.0,WOLKSFEST_AGUDO,2,7,5,17,Tarde
2160,1161,25.0,2026-07-25 17:54:34.810000-03:00,0.0,25.0,0,Cartão,CUCA_ALEMÃ,1,25.0,WOLKSFEST_AGUDO,1,7,5,17,Tarde
2161,998,25.0,2026-07-25 17:55:46.414000-03:00,0.0,25.0,0,Dinheiro,CUCA_ALEMÃ,1,25.0,WOLKSFEST_AGUDO,1,7,5,17,Tarde
2162,169,25.0,2026-07-25 17:56:38.505000-03:00,0.0,25.0,0,Dinheiro,CUCA_ALEMÃ,1,25.0,WOLKSFEST_AGUDO,1,7,5,17,Tarde
2163,2237,25.0,2026-07-25 18:08:43.265000-03:00,0.0,25.0,0,Cartão,CUCA_ALEMÃ,1,25.0,WOLKSFEST_AGUDO,1,7,5,18,Noite
2164,530,25.0,2026-07-25 18:09:38.675000-03:00,0.0,25.0,0,Dinheiro,CUCA_ALEMÃ,1,25.0,WOLKSFEST_AGUDO,1,7,5,18,Noite
2165,1527,25.0,2026-07-25 18:09:59.873000-03:00,0.0,25.0,0,Cartão,CUCA_ALEMÃ,1,25.0,WOLKSFEST_AGUDO,1,7,5,18,Noite
2166,1069,50.0,2026-07-25 18:13:04.428000-03:00,0.0,50.0,0,Cartão,CUCA_ALEMÃ,2,25.0,WOLKSFEST_AGUDO,1,7,5,18,Noite
2167,2054,25.0,2026-07-25 18:13:30.507000-03:00,0.0,25.0,0,Dinheiro,CUCA_ALEMÃ,1,25.0,WOLKSFEST_AGUDO,1,7,5,18,Noite
2168,845,50.0,2026-07-25 18:14:42.795000-03:00,0.0,50.0,0,Dinheiro,CUCA_ALEMÃ,2,25.0,WOLKSFEST_AGUDO,1,7,5,18,Noite
2169,73,50.0,2026-07-25 18:16:52.174000-03:00,0.0,50.0,0,Cartão,CUCA_ALEMÃ,2,25.0,WOLKSFEST_AGUDO,1,7,5,18,Noite
2170,374,50.0,2026-07-25 18:18:45.134000-03:00,0.0,50.0,0,Cartão,CUCA_ALEMÃ,2,25.0,WOLKSFEST_AGUDO,1,7,5,18,Noite
2171,1030,25.0,2026-07-25 18:24:48.300000-03:00,0.0,25.0,0,Cartão,CUCA_ALEMÃ,1,25.0,WOLKSFEST_AGUDO,1,7,5,18,Noite
2172,65,25.0,2026-07-25 18:24:53.281000-03:00,0.0,25.0,0,Dinheiro,CUCA_ALEMÃ,1,25.0,WOLKSFEST_AGUDO,1,7,5,18,Noite
2173,826,20.0,2026-07-25 18:26:33.574000-03:00,0.0,20.0,0,Dinheiro,RAPADURA_DE_MELADO_(PACOTE_X3),3,6.666666666666667,WOLKSFEST_AGUDO,1,7,5,18,Noite
2174,1759,25.0,2026-07-25 18:27:25.035000-03:00,0.0,25.0,0,Cartão,CUCA_ALEMÃ,1,25.0,WOLKSFEST_AGUDO,1,7,5,18,Noite
2175,890,20.0,2026-07-25 18:28:58.619000-03:00,0.0,20.0,0,Pix,ALFAJOR_PRETO_(BANDEJA_X5),5,4.0,WOLKSFEST_AGUDO,1,7,5,18,Noite
2176,1940,25.0,2026-07-25 18:34:02.135000-03:00,0.0,25.0,0,Dinheiro,CUCA_ALEMÃ,1,25.0,WOLKSFEST_AGUDO,1,7,5,18,Noite
2177,1188,25.0,2026-07-25 18:34:10.062000-03:00,0.0,25.0,0,Pix,CUCA_ALEMÃ,1,25.0,WOLKSFEST_AGUDO,1,7,5,18,Noite
2178,1931,30.0,2026-07-25 18:35:22.190000-03:00,0.0,30.0,0,Dinheiro,CUCA_ENROLADA,1,15.0,WOLKSFEST_AGUDO,2,7,5,18,Noite
2179,1931,30.0,2026-07-25 18:35:22.190000-03:00,0.0,30.0,0,Dinheiro,CUCA_ENROLADA_DE_CHOCOLATE,1,15.0,WOLKSFEST_AGUDO,2,7,5,18,Noite
2180,1734,25.0,2026-07-25 18:38:42.841000-03:00,0.0,25.0,0,Dinheiro,CUCA_ALEMÃ,1,25.0,WOLKSFEST_AGUDO,1,7,5,18,Noite
2181,763,65.0,2026-07-25 18:40:19.010000-03:00,0.0,65.0,0,Pix,CUCA_ALEMÃ,2,25.0,WOLKSFEST_AGUDO,2,7,5,18,Noite
2182,763,65.0,2026-07-25 18:40:19.010000-03:00,0.0,65.0,0,Pix,CUCA_ENROLADA,1,15.0,WOLKSFEST_AGUDO,2,7,5,18,Noite
2183,1888,25.0,2026-07-25 18:41:57.883000-03:00,0.0,25.0,0,Cartão,CUCA_ALEMÃ,1,25.0,WOLKSFEST_AGUDO,1,7,5,18,Noite
2184,388,25.0,2026-07-25 18:43:40.646000-03:00,0.0,25.0,0,Dinheiro,CUCA_ALEMÃ,1,25.0,WOLKSFEST_AGUDO,1,7,5,18,Noite
2185,1408,25.0,2026-07-25 18:45:28.174000-03:00,0.0,25.0,0,Pix,CUCA_ALEMÃ,1,25.0,WOLKSFEST_AGUDO,1,7,5,18,Noite
2186,1286,40.0,2026-07-25 18:48:00.890000-03:00,0.0,40.0,0,Dinheiro,CUCA_ALEMÃ,1,25.0,WOLKSFEST_AGUDO,2,7,5,18,Noite
2187,1286,40.0,2026-07-25 18:48:00.890000-03:00,0.0,40.0,0,Dinheiro,CUCA_ENROLADA,1,15.0,WOLKSFEST_AGUDO,2,7,5,18,Noite
2188,746,15.0,2026-07-25 18:58:38.454000-03:00,0.0,15.0,0,Dinheiro,CUCA_ENROLADA,1,15.0,WOLKSFEST_AGUDO,1,7,5,18,Noite
2189,2010,25.0,2026-07-25 19:04:32.277000-03:00,0.0,25.0,0,Pix,CUCA_ALEMÃ,1,25.0,WOLKSFEST_AGUDO,1,7,5,19,Noite
2190,438,40.0,2026-07-25 19:07:41.827000-03:00,0.0,40.0,0,Pix,CUCA_ALEMÃ,1,25.0,WOLKSFEST_AGUDO,2,7,5,19,Noite
2191,438,40.0,2026-07-25 19:07:41.827000-03:00,0.0,40.0,0,Pix,CUCA_ENROLADA_DE_CHOCOLATE,1,15.0,WOLKSFEST_AGUDO,2,7,5,19,Noite
2192,2311,15.0,2026-07-25 19:07:56.331000-03:00,0.0,15.0,0,Cartão,CUCA_ENROLADA,1,15.0,WOLKSFEST_AGUDO,1,7,5,19,Noite
2193,1847,50.0,2026-07-25 19:09:47.681000-03:00,0.0,50.0,0,Cartão,CUCA_ALEMÃ,2,25.0,WOLKSFEST_AGUDO,1,7,5,19,Noite
2194,1868,20.0,2026-07-25 19:11:33.279000-03:00,0.0,20.0,0,Dinheiro,RAPADURA_DE_MELADO_(PACOTE_X3),3,6.666666666666667,WOLKSFEST_AGUDO,1,7,5,19,Noite
2195,665,25.0,2026-07-25 19:12:31.021000-03:00,0.0,25.0,0,Cartão,CUCA_ALEMÃ,1,25.0,WOLKSFEST_AGUDO,1,7,5,19,Noite
2196,1360,25.0,2026-07-25 19:15:32.479000-03:00,0.0,25.0,0,Dinheiro,CUCA_ALEMÃ,1,25.0,WOLKSFEST_AGUDO,1,7,5,19,Noite
2197,532,50.0,2026-07-25 19:20:10.380000-03:00,0.0,50.0,0,Cartão,CUCA_ALEMÃ,2,25.0,WOLKSFEST_AGUDO,1,7,5,19,Noite
2198,373,35.0,2026-07-25 19:22:52.333000-03:00,0.0,35.0,0,Dinheiro,CUCA_ENROLADA_DE_CHOCOLATE,1,15.0,WOLKSFEST_AGUDO,2,7,5,19,Noite
2199,373,35.0,2026-07-25 19:22:52.333000-03:00,0.0,35.0,0,Dinheiro,ALFAJOR_PRETO_(PACOTE_X4),4,5.0,WOLKSFEST_AGUDO,2,7,5,19,Noite
2200,596,20.0,2026-07-25 19:23:49.051000-03:00,0.0,20.0,0,Dinheiro,RAPADURA_DE_MELADO_GRÃO_MOÍDO_(PACOTE_X1),1,20.0,WOLKSFEST_AGUDO,1,7,5,19,Noite
2201,607,25.0,2026-07-25 19:25:59.256000-03:00,0.0,25.0,0,Cartão,CUCA_ALEMÃ,1,25.0,WOLKSFEST_AGUDO,1,7,5,19,Noite
2202,1050,25.0,2026-07-25 19:32:14.343000-03:00,0.0,25.0,0,Dinheiro,CUCA_ALEMÃ,1,25.0,WOLKSFEST_AGUDO,1,7,5,19,Noite
2203,1735,25.0,2026-07-25 19:35:13.908000-03:00,0.0,25.0,0,Dinheiro,CUCA_ALEMÃ,1,25.0,WOLKSFEST_AGUDO,1,7,5,19,Noite
2204,2048,25.0,2026-07-25 19:35:36.397000-03:00,0.0,25.0,0,Cartão,CUCA_ALEMÃ,1,25.0,WOLKSFEST_AGUDO,1,7,5,19,Noite
2205,262,50.0,2026-07-25 19:36:18.152000-03:00,0.0,50.0,0,Dinheiro,CUCA_ALEMÃ,2,25.0,WOLKSFEST_AGUDO,1,7,5,19,Noite
2206,1638,50.0,2026-07-25 19:37:08.807000-03:00,0.0,50.0,0,Dinheiro,CUCA_ALEMÃ,1,25.0,WOLKSFEST_AGUDO,2,7,5,19,Noite
2207,1638,50.0,2026-07-25 19:37:08.807000-03:00,0.0,50.0,0,Dinheiro,RAPADURA_ASSADA_(PACOTE_X6),6,4.166666666666667,WOLKSFEST_AGUDO,2,7,5,19,Noite
2208,1454,25.0,2026-07-25 19:39:04.579000-03:00,0.0,25.0,0,Cartão,CUCA_ALEMÃ,1,25.0,WOLKSFEST_AGUDO,1,7,5,19,Noite
2209,1574,25.0,2026-07-25 19:43:14.940000-03:00,0.0,25.0,0,Dinheiro,CUCA_ALEMÃ,1,25.0,WOLKSFEST_AGUDO,1,7,5,19,Noite
2210,2373,25.0,2026-07-25 19:51:22.447000-03:00,0.0,25.0,0,Dinheiro,CUCA_ALEMÃ,1,25.0,WOLKSFEST_AGUDO,1,7,5,19,Noite
2211,101,25.0,2026-07-25 20:16:30.885000-03:00,0.0,25.0,0,Cartão,CUCA_ALEMÃ,1,25.0,WOLKSFEST_AGUDO,1,7,5,20,Noite
2212,298,50.0,2026-07-25 20:20:31.787000-03:00,0.0,50.0,0,Cartão,CUCA_ALEMÃ,2,25.0,WOLKSFEST_AGUDO,1,7,5,20,Noite
2213,992,25.0,2026-07-25 20:20:50.508000-03:00,0.0,25.0,0,Dinheiro,CUCA_ALEMÃ,1,25.0,WOLKSFEST_AGUDO,1,7,5,20,Noite
2214,2095,5.0,2026-07-25 20:21:06.185000-03:00,1.0,6.0,0,Dinheiro,ALFAJOR,1,6.0,WOLKSFEST_AGUDO,1,7,5,20,Noite
2215,1460,45.0,2026-07-25 20:24:14.771000-03:00,0.0,45.0,0,Dinheiro,RAPADURA_ASSADA_(PACOTE_X6),6,4.166666666666667,WOLKSFEST_AGUDO,2,7,5,20,Noite
2216,1460,45.0,2026-07-25 20:24:14.771000-03:00,0.0,45.0,0,Dinheiro,ALFAJOR_PRETO_(BANDEJA_X5),5,4.0,WOLKSFEST_AGUDO,2,7,5,20,Noite
2217,151,50.0,2026-07-25 20:25:33.904000-03:00,0.0,50.0,0,Dinheiro,CUCA_ALEMÃ,1,25.0,WOLKSFEST_AGUDO,2,7,5,20,Noite
2218,151,50.0,2026-07-25 20:25:33.904000-03:00,0.0,50.0,0,Dinheiro,RAPADURA_ASSADA_(PACOTE_X6),6,4.166666666666667,WOLKSFEST_AGUDO,2,7,5,20,Noite
2219,1145,25.0,2026-07-25 20:47:59.734000-03:00,0.0,25.0,0,Cartão,CUCA_ALEMÃ,1,25.0,WOLKSFEST_AGUDO,1,7,5,20,Noite
2220,2140,32.0,2026-07-25 21:03:58.098000-03:00,0.0,32.0,0,Cartão,CUCA_ALEMÃ,1,25.0,WOLKSFEST_AGUDO,2,7,5,21,Noite
2221,2140,32.0,2026-07-25 21:03:58.098000-03:00,0.0,32.0,0,Cartão,CARRAPINHA,1,7.0,WOLKSFEST_AGUDO,2,7,5,21,Noite
2222,1379,50.0,2026-07-25 21:04:30.078000-03:00,0.0,50.0,0,Dinheiro,CUCA_ALEMÃ,2,25.0,WOLKSFEST_AGUDO,1,7,5,21,Noite
2223,299,25.0,2026-07-25 21:04:49.660000-03:00,0.0,25.0,0,Cartão,CUCA_ALEMÃ,1,25.0,WOLKSFEST_AGUDO,1,7,5,21,Noite
2224,789,25.0,2026-07-25 21:05:50.342000-03:00,0.0,25.0,0,Dinheiro,CUCA_ALEMÃ,1,25.0,WOLKSFEST_AGUDO,1,7,5,21,Noite
2225,737,12.0,2026-07-25 21:07:00.130000-03:00,2.0,14.0,0,Dinheiro,RAPADURA_DE_MELADO,2,7.0,WOLKSFEST_AGUDO,1,7,5,21,Noite
2226,510,20.0,2026-07-25 21:15:50.714000-03:00,0.0,20.0,0,Dinheiro,RAPADURA_DE_MELADO_GRÃO_MOÍDO_(PACOTE_X1),1,20.0,WOLKSFEST_AGUDO,1,7,5,21,Noite
2227,381,52.0,2026-07-25 21:25:54.719000-03:00,0.0,52.0,0,Pix,CUCA_ALEMÃ,1,25.0,WOLKSFEST_AGUDO,3,7,5,21,Noite
2228,381,52.0,2026-07-25 21:25:54.719000-03:00,0.0,52.0,0,Pix,RAPADURA_DE_MELADO_GRÃO_MOÍDO_(PACOTE_X1),1,20.0,WOLKSFEST_AGUDO,3,7,5,21,Noite
2229,381,52.0,2026-07-25 21:25:54.719000-03:00,0.0,52.0,0,Pix,CARRAPINHA,1,7.0,WOLKSFEST_AGUDO,3,7,5,21,Noite
2230,1350,25.0,2026-07-25 21:26:00.889000-03:00,0.0,25.0,0,Dinheiro,CUCA_ALEMÃ,1,25.0,WOLKSFEST_AGUDO,1,7,5,21,Noite
2231,193,25.0,2026-07-25 21:28:35.443000-03:00,0.0,25.0,0,Cartão,CUCA_ALEMÃ,1,25.0,WOLKSFEST_AGUDO,1,7,5,21,Noite
2232,1377,10.0,2026-07-25 21:31:40.426000-03:00,0.0,10.0,0,Dinheiro,ALFAJOR_PRETO_(DISPLAY_X1),2,5.0,WOLKSFEST_AGUDO,1,7,5,21,Noite
2233,1194,45.0,2026-07-25 21:35:41.909000-03:00,0.0,45.0,0,Dinheiro,RAPADURA_DE_MELADO_(PACOTE_X3),3,6.666666666666667,WOLKSFEST_AGUDO,2,7,5,21,Noite
2234,1194,45.0,2026-07-25 21:35:41.909000-03:00,0.0,45.0,0,Dinheiro,CUCA_ALEMÃ,1,25.0,WOLKSFEST_AGUDO,2,7,5,21,Noite
2235,2113,35.0,2026-07-25 21:38:24.771000-03:00,0.0,35.0,0,Cartão,RAPADURA_ASSADA,2,5.0,WOLKSFEST_AGUDO,2,7,5,21,Noite
2236,2113,35.0,2026-07-25 21:38:24.771000-03:00,0.0,35.0,0,Cartão,CUCA_ALEMÃ,1,25.0,WOLKSFEST_AGUDO,2,7,5,21,Noite
2237,752,25.0,2026-07-25 21:38:29.950000-03:00,0.0,25.0,0,Dinheiro,CUCA_ALEMÃ,1,25.0,WOLKSFEST_AGUDO,1,7,5,21,Noite
2238,2392,25.0,2026-07-25 21:39:16.463000-03:00,0.0,25.0,0,Cartão,CUCA_ALEMÃ,1,25.0,WOLKSFEST_AGUDO,1,7,5,21,Noite
2239,2449,7.0,2026-07-25 21:45:37.987000-03:00,0.0,7.0,0,Dinheiro,RAPADURA_DE_MELADO,1,7.0,WOLKSFEST_AGUDO,1,7,5,21,Noite
2240,549,25.0,2026-07-25 21:55:32.471000-03:00,0.0,25.0,0,Cartão,CUCA_ALEMÃ,1,25.0,WOLKSFEST_AGUDO,1,7,5,21,Noite
2241,1731,65.0,2026-07-25 21:59:47.315000-03:00,0.0,65.0,0,Dinheiro,CUCA_ALEMÃ,2,25.0,WOLKSFEST_AGUDO,2,7,5,21,Noite
2242,1731,65.0,2026-07-25 21:59:47.315000-03:00,0.0,65.0,0,Dinheiro,CUCA_ENROLADA,1,15.0,WOLKSFEST_AGUDO,2,7,5,21,Noite
2243,1057,35.0,2026-07-25 22:00:42.485000-03:00,0.0,35.0,0,Dinheiro,CUCA_ENROLADA,1,15.0,WOLKSFEST_AGUDO,2,7,5,22,Noite
2244,1057,35.0,2026-07-25 22:00:42.485000-03:00,0.0,35.0,0,Dinheiro,ALFAJOR_PRETO_(BANDEJA_X5),5,4.0,WOLKSFEST_AGUDO,2,7,5,22,Noite
2245,1174,10.0,2026-07-25 22:06:21.818000-03:00,0.0,10.0,0,Dinheiro,ALFAJOR_PRETO_(DISPLAY_X1),1,5.0,WOLKSFEST_AGUDO,2,7,5,22,Noite
2246,1174,10.0,2026-07-25 22:06:21.818000-03:00,0.0,10.0,0,Dinheiro,RAPADURA_ASSADA,1,5.0,WOLKSFEST_AGUDO,2,7,5,22,Noite
2247,2008,40.0,2026-07-25 22:07:49.454000-03:00,0.0,40.0,0,Dinheiro,CUCA_ENROLADA,1,15.0,WOLKSFEST_AGUDO,2,7,5,22,Noite
2248,2008,40.0,2026-07-25 22:07:49.454000-03:00,0.0,40.0,0,Dinheiro,CUCA_ALEMÃ,1,25.0,WOLKSFEST_AGUDO,2,7,5,22,Noite
2249,1846,45.0,2026-07-26 10:24:19.184000-03:00,0.0,45.0,0,Dinheiro,RAPADURA_ASSADA_(PACOTE_X6),6,4.166666666666667,WOLKSFEST_AGUDO,2,7,6,10,Manhã
2250,1846,45.0,2026-07-26 10:24:19.184000-03:00,0.0,45.0,0,Dinheiro,ALFAJOR_PRETO_(BANDEJA_X5),5,4.0,WOLKSFEST_AGUDO,2,7,6,10,Manhã
2251,1098,138.0,2026-07-26 10:30:09.059000-03:00,2.0,140.0,0,Dinheiro,CUCA_ALEMÃ,5,25.0,WOLKSFEST_AGUDO,3,7,6,10,Manhã
2252,1098,138.0,2026-07-26 10:30:09.059000-03:00,2.0,140.0,0,Dinheiro,BOLACHA_DE_MANTEIGA,1,10.0,WOLKSFEST_AGUDO,3,7,6,10,Manhã
2253,1098,138.0,2026-07-26 10:30:09.059000-03:00,2.0,140.0,0,Dinheiro,RAPADURA_ASSADA,1,5.0,WOLKSFEST_AGUDO,3,7,6,10,Manhã
2254,1413,5.0,2026-07-26 10:31:20.731000-03:00,0.0,5.0,0,Dinheiro,ALFAJOR_PRETO_(DISPLAY_X1),1,5.0,WOLKSFEST_AGUDO,1,7,6,10,Manhã
2255,1865,40.0,2026-07-26 10:35:26.327000-03:00,0.0,40.0,0,Dinheiro,RAPADURA_DE_MELADO_(PACOTE_X3),6,6.666666666666667,WOLKSFEST_AGUDO,1,7,6,10,Manhã
2256,676,40.0,2026-07-26 10:44:09.276000-03:00,0.0,40.0,0,Dinheiro,RAPADURA_DE_MELADO_(PACOTE_X3),3,6.666666666666667,WOLKSFEST_AGUDO,2,7,6,10,Manhã
2257,676,40.0,2026-07-26 10:44:09.276000-03:00,0.0,40.0,0,Dinheiro,RAPADURA_DE_MELADO_GRÃO_MOÍDO_(PACOTE_X1),1,20.0,WOLKSFEST_AGUDO,2,7,6,10,Manhã
2258,1208,20.0,2026-07-26 10:45:19.152000-03:00,0.0,20.0,0,Dinheiro,RAPADURA_DE_MELADO_(PACOTE_X3),3,6.666666666666667,WOLKSFEST_AGUDO,1,7,6,10,Manhã
2259,1290,50.0,2026-07-26 10:47:55.020000-03:00,0.0,50.0,0,Dinheiro,CUCA_ALEMÃ,2,25.0,WOLKSFEST_AGUDO,1,7,6,10,Manhã
2260,1421,25.0,2026-07-26 10:48:23.283000-03:00,0.0,25.0,0,Dinheiro,CUCA_ALEMÃ,1,25.0,WOLKSFEST_AGUDO,1,7,6,10,Manhã
2261,444,25.0,2026-07-26 10:54:01.896000-03:00,0.0,25.0,0,Dinheiro,CUCA_ALEMÃ,1,25.0,WOLKSFEST_AGUDO,1,7,6,10,Manhã
2262,2232,25.0,2026-07-26 11:05:11.979000-03:00,0.0,25.0,0,Dinheiro,ALFAJOR_BRANCO_(DISPLAY_X1),1,5.0,WOLKSFEST_AGUDO,3,7,6,11,Manhã
2263,2232,25.0,2026-07-26 11:05:11.979000-03:00,0.0,25.0,0,Dinheiro,ALFAJOR_PRETO_(DISPLAY_X1),1,5.0,WOLKSFEST_AGUDO,3,7,6,11,Manhã
2264,2232,25.0,2026-07-26 11:05:11.979000-03:00,0.0,25.0,0,Dinheiro,CUCA_ENROLADA,1,15.0,WOLKSFEST_AGUDO,3,7,6,11,Manhã
2265,341,10.0,2026-07-26 11:07:09.970000-03:00,0.0,10.0,0,Dinheiro,ALFAJOR_BRANCO_(DISPLAY_X1),1,5.0,WOLKSFEST_AGUDO,2,7,6,11,Manhã
2266,341,10.0,2026-07-26 11:07:09.970000-03:00,0.0,10.0,0,Dinheiro,ALFAJOR_PRETO_(DISPLAY_X1),1,5.0,WOLKSFEST_AGUDO,2,7,6,11,Manhã
2267,840,20.0,2026-07-26 11:12:06.697000-03:00,0.0,20.0,0,Dinheiro,ALFAJOR_PRETO_(BANDEJA_X5),5,4.0,WOLKSFEST_AGUDO,1,7,6,11,Manhã
2268,2115,50.0,2026-07-26 11:20:14.523000-03:00,0.0,50.0,0,Dinheiro,CUCA_ALEMÃ,2,25.0,WOLKSFEST_AGUDO,1,7,6,11,Manhã
2269,1123,50.0,2026-07-26 11:26:43.183000-03:00,0.0,50.0,0,Dinheiro,CUCA_ALEMÃ,2,25.0,WOLKSFEST_AGUDO,1,7,6,11,Manhã
2270,976,15.0,2026-07-26 11:32:07.032000-03:00,0.0,15.0,0,Dinheiro,CUCA_ENROLADA,1,15.0,WOLKSFEST_AGUDO,1,7,6,11,Manhã
2271,750,35.0,2026-07-26 11:44:56.962000-03:00,0.0,35.0,0,Dinheiro,CUCA_ENROLADA,1,15.0,WOLKSFEST_AGUDO,2,7,6,11,Manhã
2272,750,35.0,2026-07-26 11:44:56.962000-03:00,0.0,35.0,0,Dinheiro,ALFAJOR_BRANCO_(BANDEJA_X5),5,4.0,WOLKSFEST_AGUDO,2,7,6,11,Manhã
2273,1464,25.0,2026-07-26 11:57:57.948000-03:00,0.0,25.0,0,Cartão,CUCA_ALEMÃ,1,25.0,WOLKSFEST_AGUDO,1,7,6,11,Manhã
2274,897,40.0,2026-07-26 12:02:10.773000-03:00,0.0,40.0,0,Dinheiro,CUCA_ALEMÃ,1,25.0,WOLKSFEST_AGUDO,2,7,6,12,Tarde
2275,897,40.0,2026-07-26 12:02:10.773000-03:00,0.0,40.0,0,Dinheiro,CUCA_ENROLADA,1,15.0,WOLKSFEST_AGUDO,2,7,6,12,Tarde
2276,643,25.0,2026-07-26 12:02:25.579000-03:00,0.0,25.0,0,Cartão,CUCA_ALEMÃ,1,25.0,WOLKSFEST_AGUDO,1,7,6,12,Tarde
2277,1372,25.0,2026-07-26 12:08:36.651000-03:00,0.0,25.0,0,Dinheiro,CUCA_ALEMÃ,1,25.0,WOLKSFEST_AGUDO,1,7,6,12,Tarde
2278,354,50.0,2026-07-26 12:09:11.840000-03:00,0.0,50.0,0,Dinheiro,CUCA_ALEMÃ,2,25.0,WOLKSFEST_AGUDO,1,7,6,12,Tarde
2279,909,20.0,2026-07-26 12:16:39.074000-03:00,0.0,20.0,0,Dinheiro,RAPADURA_DE_MELADO_(PACOTE_X3),3,6.666666666666667,WOLKSFEST_AGUDO,1,7,6,12,Tarde
2280,2332,25.0,2026-07-26 12:39:32.582000-03:00,0.0,25.0,0,Dinheiro,CUCA_ALEMÃ,1,25.0,WOLKSFEST_AGUDO,1,7,6,12,Tarde
2281,457,15.0,2026-07-26 12:40:25.326000-03:00,0.0,15.0,0,Pix,CUCA_ENROLADA,1,15.0,WOLKSFEST_AGUDO,1,7,6,12,Tarde
2282,1648,20.0,2026-07-26 12:44:49.760000-03:00,0.0,20.0,0,Cartão,ALFAJOR_PRETO_(BANDEJA_X5),5,4.0,WOLKSFEST_AGUDO,1,7,6,12,Tarde
2283,98,20.0,2026-07-26 13:03:40.993000-03:00,0.0,20.0,0,Cartão,RAPADURA_DE_MELADO_(PACOTE_X3),3,6.666666666666667,WOLKSFEST_AGUDO,1,7,6,13,Tarde
2284,111,75.0,2026-07-26 13:46:05.708000-03:00,0.0,75.0,0,Dinheiro,CUCA_ALEMÃ,2,25.0,WOLKSFEST_AGUDO,2,7,6,13,Tarde
2285,111,75.0,2026-07-26 13:46:05.708000-03:00,0.0,75.0,0,Dinheiro,RAPADURA_ASSADA_(PACOTE_X6),6,4.166666666666667,WOLKSFEST_AGUDO,2,7,6,13,Tarde
2286,1298,50.0,2026-07-26 13:46:28.942000-03:00,0.0,50.0,0,Dinheiro,CUCA_ALEMÃ,2,25.0,WOLKSFEST_AGUDO,1,7,6,13,Tarde
2287,1567,55.0,2026-07-26 13:46:44.971000-03:00,0.0,55.0,0,Cartão,CUCA_ALEMÃ,1,25.0,WOLKSFEST_AGUDO,2,7,6,13,Tarde
2288,1567,55.0,2026-07-26 13:46:44.971000-03:00,0.0,55.0,0,Cartão,CUCA_ENROLADA,2,15.0,WOLKSFEST_AGUDO,2,7,6,13,Tarde
2289,2066,25.0,2026-07-26 13:50:28.881000-03:00,0.0,25.0,0,Dinheiro,RAPADURA_ASSADA_(PACOTE_X6),6,4.166666666666667,WOLKSFEST_AGUDO,1,7,6,13,Tarde
2290,1242,45.0,2026-07-26 13:54:11.172000-03:00,0.0,45.0,0,Cartão,CUCA_ALEMÃ,1,25.0,WOLKSFEST_AGUDO,2,7,6,13,Tarde
2291,1242,45.0,2026-07-26 13:54:11.172000-03:00,0.0,45.0,0,Cartão,RAPADURA_DE_MELADO_(PACOTE_X3),3,6.666666666666667,WOLKSFEST_AGUDO,2,7,6,13,Tarde
2292,1615,80.0,2026-07-26 14:10:38.512000-03:00,0.0,80.0,0,Dinheiro,CUCA_ENROLADA,2,15.0,WOLKSFEST_AGUDO,2,7,6,14,Tarde
2293,1615,80.0,2026-07-26 14:10:38.512000-03:00,0.0,80.0,0,Dinheiro,CUCA_ALEMÃ,2,25.0,WOLKSFEST_AGUDO,2,7,6,14,Tarde
2294,33,105.0,2026-07-26 14:48:29.950000-03:00,0.0,105.0,0,Dinheiro,CUCA_ALEMÃ,3,25.0,WOLKSFEST_AGUDO,2,7,6,14,Tarde
2295,33,105.0,2026-07-26 14:48:29.950000-03:00,0.0,105.0,0,Dinheiro,CUCA_ENROLADA,2,15.0,WOLKSFEST_AGUDO,2,7,6,14,Tarde
2296,1906,20.0,2026-07-26 14:49:42.050000-03:00,0.0,20.0,0,Dinheiro,RAPADURA_DE_MELADO_(PACOTE_X3),3,6.666666666666667,WOLKSFEST_AGUDO,1,7,6,14,Tarde
2297,1603,60.0,2026-07-26 14:59:42.660000-03:00,0.0,60.0,0,Pix,CUCA_ALEMÃ,2,25.0,WOLKSFEST_AGUDO,2,7,6,14,Tarde
2298,1603,60.0,2026-07-26 14:59:42.660000-03:00,0.0,60.0,0,Pix,BOLACHA_DE_MANTEIGA,1,10.0,WOLKSFEST_AGUDO,2,7,6,14,Tarde
2299,1043,25.0,2026-07-26 15:06:57.465000-03:00,0.0,25.0,0,Dinheiro,RAPADURA_ASSADA_(PACOTE_X6),6,4.166666666666667,WOLKSFEST_AGUDO,1,7,6,15,Tarde
2300,57,5.0,2026-07-26 15:08:10.283000-03:00,1.0,6.0,0,Dinheiro,AMENDOIM_TEMPERADO_100G,1,6.0,WOLKSFEST_AGUDO,1,7,6,15,Tarde
2301,2098,25.0,2026-07-26 15:19:59.186000-03:00,0.0,25.0,0,Pix,RAPADURA_ASSADA_(PACOTE_X6),6,4.166666666666667,WOLKSFEST_AGUDO,1,7,6,15,Tarde
2302,1595,50.0,2026-07-26 15:20:54.782000-03:00,0.0,50.0,0,Cartão,CUCA_ALEMÃ,2,25.0,WOLKSFEST_AGUDO,1,7,6,15,Tarde
2303,1399,40.0,2026-07-26 15:23:19.151000-03:00,0.0,40.0,0,Cartão,CUCA_ENROLADA,1,15.0,WOLKSFEST_AGUDO,2,7,6,15,Tarde
2304,1399,40.0,2026-07-26 15:23:19.151000-03:00,0.0,40.0,0,Cartão,CUCA_ALEMÃ,1,25.0,WOLKSFEST_AGUDO,2,7,6,15,Tarde
2305,1416,25.0,2026-07-26 15:23:29.180000-03:00,0.0,25.0,0,Pix,CUCA_ALEMÃ,1,25.0,WOLKSFEST_AGUDO,1,7,6,15,Tarde
2306,765,50.0,2026-07-26 15:23:43.720000-03:00,0.0,50.0,0,Dinheiro,CUCA_ALEMÃ,2,25.0,WOLKSFEST_AGUDO,1,7,6,15,Tarde
2307,815,25.0,2026-07-26 15:24:58.109000-03:00,0.0,25.0,0,Cartão,CUCA_ALEMÃ,1,25.0,WOLKSFEST_AGUDO,1,7,6,15,Tarde
2308,2210,25.0,2026-07-26 15:28:09.912000-03:00,0.0,25.0,0,Dinheiro,CUCA_ALEMÃ,1,25.0,WOLKSFEST_AGUDO,1,7,6,15,Tarde
2309,2152,20.0,2026-07-26 15:36:20.388000-03:00,0.0,20.0,0,Dinheiro,ALFAJOR_PRETO_(BANDEJA_X5),5,4.0,WOLKSFEST_AGUDO,1,7,6,15,Tarde
2310,2216,45.0,2026-07-26 15:41:55.266000-03:00,0.0,45.0,0,Pix,ALFAJOR_PRETO_(BANDEJA_X5),5,4.0,WOLKSFEST_AGUDO,2,7,6,15,Tarde
2311,2216,45.0,2026-07-26 15:41:55.266000-03:00,0.0,45.0,0,Pix,CUCA_ALEMÃ,1,25.0,WOLKSFEST_AGUDO,2,7,6,15,Tarde
2312,881,70.0,2026-07-26 15:44:28.150000-03:00,0.0,70.0,0,Cartão,RAPADURA_ASSADA_(PACOTE_X6),12,4.166666666666667,WOLKSFEST_AGUDO,2,7,6,15,Tarde
2313,881,70.0,2026-07-26 15:44:28.150000-03:00,0.0,70.0,0,Cartão,ALFAJOR_PRETO_(BANDEJA_X5),5,4.0,WOLKSFEST_AGUDO,2,7,6,15,Tarde
2314,1494,50.0,2026-07-26 15:45:30.330000-03:00,0.0,50.0,0,Dinheiro,CUCA_ALEMÃ,2,25.0,WOLKSFEST_AGUDO,1,7,6,15,Tarde
2315,524,100.0,2026-07-26 15:48:34.721000-03:00,0.0,100.0,0,Pix,CUCA_ALEMÃ,4,25.0,WOLKSFEST_AGUDO,1,7,6,15,Tarde
2316,1072,50.0,2026-07-26 15:53:40.615000-03:00,0.0,50.0,0,Dinheiro,CUCA_ALEMÃ,2,25.0,WOLKSFEST_AGUDO,1,7,6,15,Tarde
2317,764,25.0,2026-07-26 15:54:39.270000-03:00,0.0,25.0,0,Dinheiro,RAPADURA_ASSADA_(PACOTE_X6),6,4.166666666666667,WOLKSFEST_AGUDO,1,7,6,15,Tarde
2318,986,25.0,2026-07-26 15:55:51.594000-03:00,0.0,25.0,0,Dinheiro,CUCA_ALEMÃ,1,25.0,WOLKSFEST_AGUDO,1,7,6,15,Tarde
2319,191,25.0,2026-07-26 16:03:02.109000-03:00,0.0,25.0,0,Dinheiro,CUCA_ALEMÃ,1,25.0,WOLKSFEST_AGUDO,1,7,6,16,Tarde
2320,2426,50.0,2026-07-26 16:07:02.832000-03:00,0.0,50.0,0,Cartão,CUCA_ALEMÃ,2,25.0,WOLKSFEST_AGUDO,1,7,6,16,Tarde
2321,801,75.0,2026-07-26 16:10:04.971000-03:00,0.0,75.0,0,Dinheiro,CUCA_ALEMÃ,3,25.0,WOLKSFEST_AGUDO,1,7,6,16,Tarde
2322,2262,50.0,2026-07-26 16:10:24.259000-03:00,0.0,50.0,0,Dinheiro,CUCA_ALEMÃ,2,25.0,WOLKSFEST_AGUDO,1,7,6,16,Tarde
2323,2012,25.0,2026-07-26 16:10:55.420000-03:00,0.0,25.0,0,Dinheiro,CUCA_ALEMÃ,1,25.0,WOLKSFEST_AGUDO,1,7,6,16,Tarde
2324,934,75.0,2026-07-26 16:11:52.920000-03:00,0.0,75.0,0,Dinheiro,CUCA_ALEMÃ,3,25.0,WOLKSFEST_AGUDO,1,7,6,16,Tarde
2325,1348,50.0,2026-07-26 16:16:43.644000-03:00,0.0,50.0,0,Dinheiro,CUCA_ALEMÃ,2,25.0,WOLKSFEST_AGUDO,1,7,6,16,Tarde
2326,319,50.0,2026-07-26 16:17:29.552000-03:00,0.0,50.0,0,Cartão,CUCA_ALEMÃ,2,25.0,WOLKSFEST_AGUDO,1,7,6,16,Tarde
2327,2226,50.0,2026-07-26 16:26:17.678000-03:00,0.0,50.0,0,Dinheiro,CUCA_ALEMÃ,2,25.0,WOLKSFEST_AGUDO,1,7,6,16,Tarde
2328,386,25.0,2026-07-26 16:26:55.515000-03:00,0.0,25.0,0,Dinheiro,CUCA_ALEMÃ,1,25.0,WOLKSFEST_AGUDO,1,7,6,16,Tarde
2329,916,50.0,2026-07-26 16:28:49.809000-03:00,0.0,50.0,0,Dinheiro,CUCA_ALEMÃ,2,25.0,WOLKSFEST_AGUDO,1,7,6,16,Tarde
2330,1923,50.0,2026-07-26 16:30:15.906000-03:00,0.0,50.0,0,Cartão,CUCA_ALEMÃ,2,25.0,WOLKSFEST_AGUDO,1,7,6,16,Tarde
2331,366,40.0,2026-07-26 16:31:30.059000-03:00,0.0,40.0,0,Cartão,CUCA_ALEMÃ,1,25.0,WOLKSFEST_AGUDO,2,7,6,16,Tarde
2332,366,40.0,2026-07-26 16:31:30.059000-03:00,0.0,40.0,0,Cartão,CUCA_ENROLADA,1,15.0,WOLKSFEST_AGUDO,2,7,6,16,Tarde
2333,1150,50.0,2026-07-26 16:32:52.437000-03:00,0.0,50.0,0,Cartão,CUCA_ALEMÃ,2,25.0,WOLKSFEST_AGUDO,1,7,6,16,Tarde
2334,1177,25.0,2026-07-26 16:33:49.188000-03:00,0.0,25.0,0,Pix,CUCA_ALEMÃ,1,25.0,WOLKSFEST_AGUDO,1,7,6,16,Tarde
2335,1032,70.0,2026-07-26 16:34:11.382000-03:00,5.0,75.0,0,Dinheiro,CUCA_ALEMÃ,3,25.0,WOLKSFEST_AGUDO,1,7,6,16,Tarde
2336,1277,25.0,2026-07-26 16:35:22.796000-03:00,0.0,25.0,0,Cartão,CUCA_ALEMÃ,1,25.0,WOLKSFEST_AGUDO,1,7,6,16,Tarde
2337,2206,25.0,2026-07-26 16:37:19.755000-03:00,0.0,25.0,0,Cartão,CUCA_ALEMÃ,1,25.0,WOLKSFEST_AGUDO,1,7,6,16,Tarde
2338,1118,25.0,2026-07-26 16:39:06.627000-03:00,0.0,25.0,0,Cartão,CUCA_ALEMÃ,1,25.0,WOLKSFEST_AGUDO,1,7,6,16,Tarde
2339,2053,25.0,2026-07-26 16:39:59.519000-03:00,0.0,25.0,0,Cartão,CUCA_ALEMÃ,1,25.0,WOLKSFEST_AGUDO,1,7,6,16,Tarde
2340,1209,25.0,2026-07-26 16:43:11.347000-03:00,0.0,25.0,0,Dinheiro,CUCA_ALEMÃ,1,25.0,WOLKSFEST_AGUDO,1,7,6,16,Tarde
2341,1324,82.0,2026-07-26 16:44:50.566000-03:00,0.0,82.0,0,Cartão,CUCA_ALEMÃ,2,25.0,WOLKSFEST_AGUDO,4,7,6,16,Tarde
2342,1324,82.0,2026-07-26 16:44:50.566000-03:00,0.0,82.0,0,Cartão,ALFAJOR_PRETO_(BANDEJA_X5),5,4.0,WOLKSFEST_AGUDO,4,7,6,16,Tarde
2343,1324,82.0,2026-07-26 16:44:50.566000-03:00,0.0,82.0,0,Cartão,RAPADURA_DE_MELADO,1,7.0,WOLKSFEST_AGUDO,4,7,6,16,Tarde
2344,1324,82.0,2026-07-26 16:44:50.566000-03:00,0.0,82.0,0,Cartão,RAPADURA_ASSADA,1,5.0,WOLKSFEST_AGUDO,4,7,6,16,Tarde
2345,2244,25.0,2026-07-26 16:52:46.569000-03:00,0.0,25.0,0,Cartão,CUCA_ALEMÃ,1,25.0,WOLKSFEST_AGUDO,1,7,6,16,Tarde
2346,1230,25.0,2026-07-26 16:53:50.050000-03:00,0.0,25.0,0,Cartão,CUCA_ALEMÃ,1,25.0,WOLKSFEST_AGUDO,1,7,6,16,Tarde
2347,949,20.0,2026-07-26 16:54:21.283000-03:00,0.0,20.0,0,Dinheiro,RAPADURA_DE_MELADO_(PACOTE_X3),3,6.666666666666667,WOLKSFEST_AGUDO,1,7,6,16,Tarde
2348,2062,25.0,2026-07-26 16:56:31.460000-03:00,1.0,26.0,0,Dinheiro,RAPADURA_DE_MELADO_(PACOTE_X3),3,6.666666666666667,WOLKSFEST_AGUDO,2,7,6,16,Tarde
2349,2062,25.0,2026-07-26 16:56:31.460000-03:00,1.0,26.0,0,Dinheiro,ALFAJOR_BRANCO,1,6.0,WOLKSFEST_AGUDO,2,7,6,16,Tarde
2350,1891,50.0,2026-07-26 16:58:06.382000-03:00,0.0,50.0,0,Cartão,CUCA_ALEMÃ,2,25.0,WOLKSFEST_AGUDO,1,7,6,16,Tarde
2351,2052,55.0,2026-07-26 16:59:43.133000-03:00,0.0,55.0,0,Cartão,CUCA_ALEMÃ,1,25.0,WOLKSFEST_AGUDO,2,7,6,16,Tarde
2352,2052,55.0,2026-07-26 16:59:43.133000-03:00,0.0,55.0,0,Cartão,CUCA_ENROLADA,2,15.0,WOLKSFEST_AGUDO,2,7,6,16,Tarde
2353,364,50.0,2026-07-26 16:59:50.565000-03:00,0.0,50.0,0,Dinheiro,CUCA_ALEMÃ,2,25.0,WOLKSFEST_AGUDO,1,7,6,16,Tarde
2354,1538,32.0,2026-07-26 17:01:57.136000-03:00,0.0,32.0,0,Dinheiro,CUCA_ALEMÃ,1,25.0,WOLKSFEST_AGUDO,2,7,6,17,Tarde
2355,1538,32.0,2026-07-26 17:01:57.136000-03:00,0.0,32.0,0,Dinheiro,RAPADURA_DE_MELADO,1,7.0,WOLKSFEST_AGUDO,2,7,6,17,Tarde
2356,2252,25.0,2026-07-26 17:05:06.208000-03:00,0.0,25.0,0,Cartão,CUCA_ALEMÃ,1,25.0,WOLKSFEST_AGUDO,1,7,6,17,Tarde
2357,1974,50.0,2026-07-26 17:06:31.876000-03:00,0.0,50.0,0,Dinheiro,CUCA_ALEMÃ,2,25.0,WOLKSFEST_AGUDO,1,7,6,17,Tarde
2358,149,50.0,2026-07-26 17:10:23.398000-03:00,0.0,50.0,0,Pix,CUCA_ALEMÃ,2,25.0,WOLKSFEST_AGUDO,1,7,6,17,Tarde
2359,2116,40.0,2026-07-26 17:12:28.138000-03:00,0.0,40.0,0,Cartão,RAPADURA_DE_MELADO_(PACOTE_X3),6,6.666666666666667,WOLKSFEST_AGUDO,1,7,6,17,Tarde
2360,348,25.0,2026-07-26 17:12:44.343000-03:00,0.0,25.0,0,Dinheiro,CUCA_ALEMÃ,1,25.0,WOLKSFEST_AGUDO,1,7,6,17,Tarde
2361,569,25.0,2026-07-26 17:13:03.948000-03:00,0.0,25.0,0,Pix,CUCA_ALEMÃ,1,25.0,WOLKSFEST_AGUDO,1,7,6,17,Tarde
2362,483,50.0,2026-07-26 17:13:51.789000-03:00,0.0,50.0,0,Pix,CUCA_ALEMÃ,2,25.0,WOLKSFEST_AGUDO,1,7,6,17,Tarde
2363,1641,25.0,2026-07-26 17:20:13.603000-03:00,0.0,25.0,0,Cartão,CUCA_ALEMÃ,1,25.0,WOLKSFEST_AGUDO,1,7,6,17,Tarde
2364,2042,25.0,2026-07-26 17:22:36.980000-03:00,0.0,25.0,0,Dinheiro,CUCA_ALEMÃ,1,25.0,WOLKSFEST_AGUDO,1,7,6,17,Tarde
2365,395,50.0,2026-07-26 17:23:30.946000-03:00,0.0,50.0,0,Pix,CUCA_ALEMÃ,2,25.0,WOLKSFEST_AGUDO,1,7,6,17,Tarde
2366,2355,25.0,2026-07-26 17:25:39.841000-03:00,0.0,25.0,0,Dinheiro,CUCA_ALEMÃ,1,25.0,WOLKSFEST_AGUDO,1,7,6,17,Tarde
2367,1224,25.0,2026-07-26 17:27:51.536000-03:00,0.0,25.0,0,Cartão,CUCA_ALEMÃ,1,25.0,WOLKSFEST_AGUDO,1,7,6,17,Tarde
2368,1869,25.0,2026-07-26 17:29:20.050000-03:00,0.0,25.0,0,Dinheiro,CUCA_ALEMÃ,1,25.0,WOLKSFEST_AGUDO,1,7,6,17,Tarde
2369,2063,50.0,2026-07-26 17:29:29.997000-03:00,0.0,50.0,0,Dinheiro,CUCA_ALEMÃ,2,25.0,WOLKSFEST_AGUDO,1,7,6,17,Tarde
2370,882,50.0,2026-07-26 17:32:02.160000-03:00,0.0,50.0,0,Dinheiro,RAPADURA_ASSADA_(PACOTE_X6),12,4.166666666666667,WOLKSFEST_AGUDO,1,7,6,17,Tarde
2371,1534,50.0,2026-07-26 17:36:33.137000-03:00,0.0,50.0,0,Cartão,CUCA_ALEMÃ,2,25.0,WOLKSFEST_AGUDO,1,7,6,17,Tarde
2372,2299,25.0,2026-07-26 17:38:32.662000-03:00,0.0,25.0,0,Dinheiro,CUCA_ALEMÃ,1,25.0,WOLKSFEST_AGUDO,1,7,6,17,Tarde
2373,701,25.0,2026-07-26 17:39:28.336000-03:00,0.0,25.0,0,Dinheiro,CUCA_ALEMÃ,1,25.0,WOLKSFEST_AGUDO,1,7,6,17,Tarde
2374,465,14.0,2026-07-26 17:40:12.634000-03:00,0.0,14.0,0,Dinheiro,RAPADURA_DE_MELADO,2,7.0,WOLKSFEST_AGUDO,1,7,6,17,Tarde
2375,1387,50.0,2026-07-26 17:44:14.927000-03:00,0.0,50.0,0,Dinheiro,CUCA_ALEMÃ,2,25.0,WOLKSFEST_AGUDO,1,7,6,17,Tarde
2376,954,65.0,2026-07-26 17:46:04.722000-03:00,0.0,65.0,0,Dinheiro,ALFAJOR_PRETO_(BANDEJA_X5),10,4.0,WOLKSFEST_AGUDO,2,7,6,17,Tarde
2377,954,65.0,2026-07-26 17:46:04.722000-03:00,0.0,65.0,0,Dinheiro,CUCA_ALEMÃ,1,25.0,WOLKSFEST_AGUDO,2,7,6,17,Tarde
2378,1316,25.0,2026-07-26 17:47:05.520000-03:00,0.0,25.0,0,Cartão,CUCA_ALEMÃ,1,25.0,WOLKSFEST_AGUDO,1,7,6,17,Tarde
2379,2245,25.0,2026-07-26 17:47:15.299000-03:00,0.0,25.0,0,Dinheiro,CUCA_ALEMÃ,1,25.0,WOLKSFEST_AGUDO,1,7,6,17,Tarde
2380,1810,25.0,2026-07-26 17:47:38.244000-03:00,0.0,25.0,0,Dinheiro,CUCA_ALEMÃ,1,25.0,WOLKSFEST_AGUDO,1,7,6,17,Tarde
2381,1200,25.0,2026-07-26 17:50:30.234000-03:00,0.0,25.0,0,Cartão,CUCA_ALEMÃ,1,25.0,WOLKSFEST_AGUDO,1,7,6,17,Tarde
2382,156,40.0,2026-07-26 17:51:05.571000-03:00,0.0,40.0,0,Cartão,CUCA_ALEMÃ,1,25.0,WOLKSFEST_AGUDO,2,7,6,17,Tarde
2383,156,40.0,2026-07-26 17:51:05.571000-03:00,0.0,40.0,0,Cartão,CUCA_ENROLADA,1,15.0,WOLKSFEST_AGUDO,2,7,6,17,Tarde
2384,2454,25.0,2026-07-26 17:52:21.133000-03:00,0.0,25.0,0,Dinheiro,CUCA_ALEMÃ,1,25.0,WOLKSFEST_AGUDO,1,7,6,17,Tarde
2385,1031,25.0,2026-07-26 17:52:47.036000-03:00,0.0,25.0,0,Dinheiro,CUCA_ALEMÃ,1,25.0,WOLKSFEST_AGUDO,1,7,6,17,Tarde
2386,218,25.0,2026-07-26 17:59:15.108000-03:00,0.0,25.0,0,Dinheiro,CUCA_ALEMÃ,1,25.0,WOLKSFEST_AGUDO,1,7,6,17,Tarde
2387,546,45.0,2026-07-26 18:01:57.545000-03:00,0.0,45.0,0,Cartão,CUCA_ALEMÃ,1,25.0,WOLKSFEST_AGUDO,2,7,6,18,Noite
2388,546,45.0,2026-07-26 18:01:57.545000-03:00,0.0,45.0,0,Cartão,ALFAJOR_PRETO_(BANDEJA_X5),5,4.0,WOLKSFEST_AGUDO,2,7,6,18,Noite
2389,2093,25.0,2026-07-26 18:09:10.084000-03:00,0.0,25.0,0,Cartão,CUCA_ALEMÃ,1,25.0,WOLKSFEST_AGUDO,1,7,6,18,Noite
2390,1581,25.0,2026-07-26 18:09:15.308000-03:00,0.0,25.0,0,Dinheiro,CUCA_ALEMÃ,1,25.0,WOLKSFEST_AGUDO,1,7,6,18,Noite
2391,1028,25.0,2026-07-26 18:13:33.368000-03:00,0.0,25.0,0,Cartão,CUCA_ALEMÃ,1,25.0,WOLKSFEST_AGUDO,1,7,6,18,Noite
2392,27,25.0,2026-07-26 18:15:05.235000-03:00,0.0,25.0,0,Dinheiro,CUCA_ALEMÃ,1,25.0,WOLKSFEST_AGUDO,1,7,6,18,Noite
2393,1114,25.0,2026-07-26 18:20:15.093000-03:00,0.0,25.0,0,Dinheiro,CUCA_ALEMÃ,1,25.0,WOLKSFEST_AGUDO,1,7,6,18,Noite
2394,1204,75.0,2026-07-26 18:23:52.201000-03:00,0.0,75.0,0,Cartão,CUCA_ALEMÃ,3,25.0,WOLKSFEST_AGUDO,1,7,6,18,Noite
2395,1683,25.0,2026-07-26 18:29:33.404000-03:00,0.0,25.0,0,Cartão,CUCA_ALEMÃ,1,25.0,WOLKSFEST_AGUDO,1,7,6,18,Noite
2396,2079,25.0,2026-07-26 18:32:55.480000-03:00,0.0,25.0,0,Dinheiro,CUCA_ALEMÃ,1,25.0,WOLKSFEST_AGUDO,1,7,6,18,Noite
2397,2320,20.0,2026-07-26 18:33:33.572000-03:00,0.0,20.0,0,Dinheiro,RAPADURA_DE_MELADO_GRÃO_MOÍDO_(PACOTE_X1),1,20.0,WOLKSFEST_AGUDO,1,7,6,18,Noite
2398,1543,25.0,2026-07-26 18:35:23.801000-03:00,0.0,25.0,0,Cartão,CUCA_ALEMÃ,1,25.0,WOLKSFEST_AGUDO,1,7,6,18,Noite
2399,1107,25.0,2026-07-26 18:39:47.807000-03:00,0.0,25.0,0,Cartão,CUCA_ALEMÃ,1,25.0,WOLKSFEST_AGUDO,1,7,6,18,Noite
2400,1331,20.0,2026-07-26 18:55:16.955000-03:00,0.0,20.0,0,Dinheiro,ALFAJOR_BRANCO_(BANDEJA_X5),5,4.0,WOLKSFEST_AGUDO,1,7,6,18,Noite
2401,1721,20.0,2026-07-26 18:56:05.523000-03:00,0.0,20.0,0,Dinheiro,RAPADURA_DE_MELADO_(PACOTE_X3),3,6.666666666666667,WOLKSFEST_AGUDO,1,7,6,18,Noite
2402,959,10.0,2026-07-26 18:58:31.778000-03:00,0.0,10.0,0,Dinheiro,ALFAJOR_BRANCO_(DISPLAY_X1),1,5.0,WOLKSFEST_AGUDO,2,7,6,18,Noite
2403,959,10.0,2026-07-26 18:58:31.778000-03:00,0.0,10.0,0,Dinheiro,ALFAJOR_PRETO_(DISPLAY_X1),1,5.0,WOLKSFEST_AGUDO,2,7,6,18,Noite
2404,1914,25.0,2026-07-26 19:02:30.389000-03:00,0.0,25.0,0,Dinheiro,CUCA_ALEMÃ,1,25.0,WOLKSFEST_AGUDO,1,7,6,19,Noite
2405,2413,1462.0,2026-08-03 21:31:37.652000-03:00,0.0,1462.0,0,Dinheiro,CUCA_ALEMÃ,23,25.0,WOLKSFEST_AGUDO,5,8,0,21,Noite
2406,2413,1462.0,2026-08-03 21:31:37.652000-03:00,0.0,1462.0,0,Dinheiro,ALFAJOR_PRETO_(DISPLAY_X1),97,5.0,WOLKSFEST_AGUDO,5,8,0,21,Noite
2407,2413,1462.0,2026-08-03 21:31:37.652000-03:00,0.0,1462.0,0,Dinheiro,ALFAJOR_BRANCO_(DISPLAY_X1),67,5.0,WOLKSFEST_AGUDO,5,8,0,21,Noite
2408,2413,1462.0,2026-08-03 21:31:37.652000-03:00,0.0,1462.0,0,Dinheiro,RAPADURA_DE_MELADO_(PACOTE_X3),9,6.666666666666667,WOLKSFEST_AGUDO,5,8,0,21,Noite
2409,2413,1462.0,2026-08-03 21:31:37.652000-03:00,0.0,1462.0,0,Dinheiro,RAPADURA_DE_MELADO,1,7.0,WOLKSFEST_AGUDO,5,8,0,21,Noite
2410,720,25.0,2026-08-29 10:13:53.577000-03:00,0.0,25.0,0,Dinheiro,CUCA_ALEMÃ,1,25.0,EXPOINTER_2026,1,8,5,10,Manhã
2411,1926,25.0,2026-08-29 10:14:32.714000-03:00,0.0,25.0,0,Cartão,CUCA_ALEMÃ,1,25.0,EXPOINTER_2026,1,8,5,10,Manhã
2412,639,20.0,2026-08-29 10:14:53.398000-03:00,0.0,20.0,0,Dinheiro,ALFAJOR_PRETO_(PACOTE_X4),4,5.0,EXPOINTER_2026,1,8,5,10,Manhã
2413,1956,20.0,2026-08-29 10:22:02.396000-03:00,0.0,20.0,0,Dinheiro,ALFAJOR_BRANCO_(PACOTE_X4),4,5.0,EXPOINTER_2026,1,8,5,10,Manhã
2414,879,50.0,2026-08-29 11:05:28.591000-03:00,0.0,50.0,0,Cartão,CUCA_ALEMÃ,2,25.0,EXPOINTER_2026,1,8,5,11,Manhã
2415,2112,25.0,2026-08-29 11:15:31.784000-03:00,0.0,25.0,0,Cartão,CUCA_ALEMÃ,1,25.0,EXPOINTER_2026,1,8,5,11,Manhã
2416,902,25.0,2026-08-29 12:31:37.207000-03:00,0.0,25.0,0,Pix,CUCA_ALEMÃ,1,25.0,EXPOINTER_2026,1,8,5,12,Tarde
2417,291,25.0,2026-08-29 12:31:45.012000-03:00,0.0,25.0,0,Cartão,CUCA_ALEMÃ,1,25.0,EXPOINTER_2026,1,8,5,12,Tarde
2418,1129,25.0,2026-08-29 12:36:45.645000-03:00,0.0,25.0,0,Cartão,CUCA_ALEMÃ,1,25.0,EXPOINTER_2026,1,8,5,12,Tarde
2419,1610,130.0,2026-08-29 12:41:04.406000-03:00,0.0,130.0,0,Cartão,CUCA_ENROLADA,7,15.0,EXPOINTER_2026,3,8,5,12,Tarde
2420,1610,130.0,2026-08-29 12:41:04.406000-03:00,0.0,130.0,0,Cartão,RAPADURA_ASSADA,1,5.0,EXPOINTER_2026,3,8,5,12,Tarde
2421,1610,130.0,2026-08-29 12:41:04.406000-03:00,0.0,130.0,0,Cartão,ALFAJOR_PRETO_(PACOTE_X4),4,5.0,EXPOINTER_2026,3,8,5,12,Tarde
2422,1642,25.0,2026-08-29 12:53:39.051000-03:00,0.0,25.0,0,Cartão,CUCA_ALEMÃ,1,25.0,EXPOINTER_2026,1,8,5,12,Tarde
2423,1545,25.0,2026-08-29 13:18:08.410000-03:00,0.0,25.0,0,Cartão,CUCA_ALEMÃ,1,25.0,EXPOINTER_2026,1,8,5,13,Tarde
2424,1678,10.0,2026-08-29 13:34:30.605000-03:00,0.0,10.0,0,Cartão,RAPADURA_ASSADA,2,5.0,EXPOINTER_2026,1,8,5,13,Tarde
2425,413,25.0,2026-08-29 13:36:31.250000-03:00,0.0,25.0,0,Dinheiro,CUCA_ALEMÃ,1,25.0,EXPOINTER_2026,1,8,5,13,Tarde
2426,713,20.0,2026-08-29 13:47:40.342000-03:00,0.0,20.0,0,Cartão,ALFAJOR_PRETO_(PACOTE_X4),4,5.0,EXPOINTER_2026,1,8,5,13,Tarde
2427,1909,20.0,2026-08-29 13:49:41.477000-03:00,0.0,20.0,0,Dinheiro,ALFAJOR_PRETO_(PACOTE_X4),4,5.0,EXPOINTER_2026,1,8,5,13,Tarde
2428,548,12.0,2026-08-29 14:03:56.093000-03:00,0.0,12.0,0,Dinheiro,ALFAJOR,2,6.0,EXPOINTER_2026,1,8,5,14,Tarde
2429,112,25.0,2026-08-29 14:08:53.738000-03:00,0.0,25.0,0,Cartão,CUCA_ALEMÃ,1,25.0,EXPOINTER_2026,1,8,5,14,Tarde
2430,80,25.0,2026-08-29 14:11:33.987000-03:00,0.0,25.0,0,Cartão,CUCA_ALEMÃ,1,25.0,EXPOINTER_2026,1,8,5,14,Tarde
2431,1766,75.0,2026-08-29 14:21:45.099000-03:00,0.0,75.0,0,Cartão,CUCA_ALEMÃ,3,25.0,EXPOINTER_2026,1,8,5,14,Tarde
2432,433,14.0,2026-08-29 14:37:07.930000-03:00,0.0,14.0,0,Dinheiro,RAPADURA_DE_MELADO,2,7.0,EXPOINTER_2026,1,8,5,14,Tarde
2433,1934,25.0,2026-08-29 14:41:46.851000-03:00,0.0,25.0,0,Dinheiro,CUCA_ALEMÃ,1,25.0,EXPOINTER_2026,1,8,5,14,Tarde
2434,2121,6.0,2026-08-29 14:43:05.961000-03:00,0.0,6.0,0,Dinheiro,ALFAJOR,1,6.0,EXPOINTER_2026,1,8,5,14,Tarde
2435,1988,12.0,2026-08-29 14:57:26.910000-03:00,0.0,12.0,1,Cartão,ALFAJOR_BRANCO,1,6.0,EXPOINTER_2026,2,8,5,14,Tarde
2436,1988,12.0,2026-08-29 14:57:26.910000-03:00,0.0,12.0,1,Cartão,ALFAJOR,1,6.0,EXPOINTER_2026,2,8,5,14,Tarde
2437,353,25.0,2026-08-29 14:57:52.089000-03:00,0.0,25.0,1,Dinheiro,CUCA_ALEMÃ,1,25.0,EXPOINTER_2026,1,8,5,14,Tarde
2438,1347,25.0,2026-08-29 14:58:14.743000-03:00,0.0,25.0,1,Cartão,CUCA_ALEMÃ,1,25.0,EXPOINTER_2026,1,8,5,14,Tarde
2439,613,25.0,2026-08-29 15:02:48.873000-03:00,0.0,25.0,0,Cartão,CUCA_ALEMÃ,1,25.0,EXPOINTER_2026,1,8,5,15,Tarde
2440,13,15.0,2026-08-29 15:13:22.088000-03:00,0.0,15.0,0,Dinheiro,CUCA_ENROLADA,1,15.0,EXPOINTER_2026,1,8,5,15,Tarde
2441,8,10.0,2026-08-29 15:14:47.931000-03:00,2.0,12.0,0,Dinheiro,ALFAJOR,2,6.0,EXPOINTER_2026,1,8,5,15,Tarde
2442,368,25.0,2026-08-29 15:25:03.747000-03:00,0.0,25.0,0,Cartão,CUCA_ALEMÃ,1,25.0,EXPOINTER_2026,1,8,5,15,Tarde
2443,30,25.0,2026-08-29 15:30:55.524000-03:00,0.0,25.0,0,Cartão,CUCA_ALEMÃ,1,25.0,EXPOINTER_2026,1,8,5,15,Tarde
2444,617,12.0,2026-08-29 15:35:11.699000-03:00,3.0,15.0,0,Pix,RAPADURA_ASSADA,3,5.0,EXPOINTER_2026,1,8,5,15,Tarde
2445,950,25.0,2026-08-29 15:40:15.721000-03:00,0.0,25.0,0,Dinheiro,CUCA_ALEMÃ,1,25.0,EXPOINTER_2026,1,8,5,15,Tarde
2446,358,50.0,2026-08-29 15:47:58.408000-03:00,0.0,50.0,0,Dinheiro,RAPADURA_ASSADA_(PACOTE_X6),12,4.166666666666667,EXPOINTER_2026,1,8,5,15,Tarde
2447,2284,20.0,2026-08-29 15:48:18.215000-03:00,0.0,20.0,0,Dinheiro,ALFAJOR_BRANCO_(PACOTE_X4),4,5.0,EXPOINTER_2026,1,8,5,15,Tarde
2448,2350,25.0,2026-08-29 15:49:36.426000-03:00,0.0,25.0,0,Dinheiro,CUCA_ALEMÃ,1,25.0,EXPOINTER_2026,1,8,5,15,Tarde
2449,1815,10.0,2026-08-29 15:55:38.280000-03:00,0.0,10.0,0,Cartão,BOLACHA_COBERTURA_CHOCOLATE,2,5.0,EXPOINTER_2026,1,8,5,15,Tarde
2450,31,50.0,2026-08-29 16:05:41.209000-03:00,0.0,50.0,0,Cartão,CUCA_ALEMÃ,2,25.0,EXPOINTER_2026,1,8,5,16,Tarde
2451,2367,50.0,2026-08-29 16:12:40.190000-03:00,0.0,50.0,0,Dinheiro,CUCA_ALEMÃ,2,25.0,EXPOINTER_2026,1,8,5,16,Tarde
2452,17,25.0,2026-08-29 16:23:08.856000-03:00,0.0,25.0,0,Cartão,CUCA_ALEMÃ,1,25.0,EXPOINTER_2026,1,8,5,16,Tarde
2453,1705,20.0,2026-08-29 16:25:39.490000-03:00,0.0,20.0,0,Cartão,ALFAJOR_PRETO_(PACOTE_X4),4,5.0,EXPOINTER_2026,1,8,5,16,Tarde
2454,1500,75.0,2026-08-29 16:44:11.950000-03:00,0.0,75.0,0,Dinheiro,CUCA_ALEMÃ,3,25.0,EXPOINTER_2026,1,8,5,16,Tarde
2455,2310,25.0,2026-08-29 16:44:29.133000-03:00,0.0,25.0,0,Pix,CUCA_ALEMÃ,1,25.0,EXPOINTER_2026,1,8,5,16,Tarde
2456,1832,47.0,2026-08-29 16:52:11.770000-03:00,0.0,47.0,0,Cartão,CUCA_ALEMÃ,1,25.0,EXPOINTER_2026,3,8,5,16,Tarde
2457,1832,47.0,2026-08-29 16:52:11.770000-03:00,0.0,47.0,0,Cartão,CUCA_ENROLADA,1,15.0,EXPOINTER_2026,3,8,5,16,Tarde
2458,1832,47.0,2026-08-29 16:52:11.770000-03:00,0.0,47.0,0,Cartão,RAPADURA_DE_MELADO,1,7.0,EXPOINTER_2026,3,8,5,16,Tarde
2459,1784,5.0,2026-08-29 16:53:00.498000-03:00,0.0,5.0,0,Dinheiro,RAPADURA_ASSADA,1,5.0,EXPOINTER_2026,1,8,5,16,Tarde
2460,29,15.0,2026-08-29 16:55:54.532000-03:00,0.0,15.0,0,Cartão,CUCA_ENROLADA,1,15.0,EXPOINTER_2026,1,8,5,16,Tarde
2461,2099,40.0,2026-08-29 17:08:37.460000-03:00,0.0,40.0,0,Dinheiro,CUCA_ALEMÃ,1,25.0,EXPOINTER_2026,2,8,5,17,Tarde
2462,2099,40.0,2026-08-29 17:08:37.460000-03:00,0.0,40.0,0,Dinheiro,CUCA_ENROLADA,1,15.0,EXPOINTER_2026,2,8,5,17,Tarde
2463,2087,33.0,2026-08-29 17:10:27.219000-03:00,0.0,33.0,0,Dinheiro,RAPADURA_ASSADA_(PACOTE_X6),6,4.166666666666667,EXPOINTER_2026,2,8,5,17,Tarde
2464,2087,33.0,2026-08-29 17:10:27.219000-03:00,0.0,33.0,0,Dinheiro,CRI-CRI_200G,1,8.0,EXPOINTER_2026,2,8,5,17,Tarde
2465,236,25.0,2026-08-29 17:15:19.345000-03:00,0.0,25.0,0,Dinheiro,CUCA_ALEMÃ,1,25.0,EXPOINTER_2026,1,8,5,17,Tarde
2466,509,25.0,2026-08-29 17:16:35.409000-03:00,0.0,25.0,0,Dinheiro,CUCA_ALEMÃ,1,25.0,EXPOINTER_2026,1,8,5,17,Tarde
2467,1687,25.0,2026-08-29 17:19:23.105000-03:00,0.0,25.0,0,Cartão,CUCA_ALEMÃ,1,25.0,EXPOINTER_2026,1,8,5,17,Tarde
2468,1947,30.0,2026-08-29 17:26:25.258000-03:00,0.0,30.0,0,Cartão,CUCA_ENROLADA,2,15.0,EXPOINTER_2026,1,8,5,17,Tarde
2469,1210,25.0,2026-08-29 17:41:50.806000-03:00,0.0,25.0,0,Cartão,CUCA_ALEMÃ,1,25.0,EXPOINTER_2026,1,8,5,17,Tarde
2470,1457,7.0,2026-08-29 18:06:27.121000-03:00,0.0,7.0,0,Dinheiro,CARRAPINHA,1,7.0,EXPOINTER_2026,1,8,5,18,Noite
2471,1020,22.0,2026-08-29 19:05:11.925000-03:00,0.0,22.0,0,Cartão,CUCA_ENROLADA,1,15.0,EXPOINTER_2026,2,8,5,19,Noite
2472,1020,22.0,2026-08-29 19:05:11.925000-03:00,0.0,22.0,0,Cartão,RAPADURA_DE_MELADO_GRÃO_MOÍDO,1,7.0,EXPOINTER_2026,2,8,5,19,Noite
2473,693,13.0,2026-08-29 19:12:06.214000-03:00,0.0,13.0,0,Cartão,ALFAJOR_BRANCO,1,6.0,EXPOINTER_2026,2,8,5,19,Noite
2474,693,13.0,2026-08-29 19:12:06.214000-03:00,0.0,13.0,0,Cartão,CARRAPINHA,1,7.0,EXPOINTER_2026,2,8,5,19,Noite
2475,224,20.0,2026-08-29 19:20:02.409000-03:00,0.0,20.0,0,Cartão,RAPADURA_DE_MELADO_GRÃO_MOÍDO_(PACOTE_X1),1,20.0,EXPOINTER_2026,1,8,5,19,Noite
2476,231,38.0,2026-08-29 19:42:56.885000-03:00,0.0,38.0,0,Cartão,CRI-CRI_200G,1,8.0,EXPOINTER_2026,3,8,5,19,Noite
2477,231,38.0,2026-08-29 19:42:56.885000-03:00,0.0,38.0,0,Cartão,RAPADURA_ASSADA,1,5.0,EXPOINTER_2026,3,8,5,19,Noite
2478,231,38.0,2026-08-29 19:42:56.885000-03:00,0.0,38.0,0,Cartão,CUCA_ALEMÃ,1,25.0,EXPOINTER_2026,3,8,5,19,Noite
2479,878,25.0,2026-08-30 08:13:57.181000-03:00,0.0,25.0,1,Pix,CUCA_ALEMÃ,1,25.0,EXPOINTER_2026,1,8,6,8,Manhã
2480,1711,25.0,2026-08-30 08:44:13.989000-03:00,0.0,25.0,0,Pix,CUCA_ALEMÃ,1,25.0,EXPOINTER_2026,1,8,6,8,Manhã
2481,1657,15.0,2026-08-30 08:44:48.309000-03:00,0.0,15.0,0,Cartão,CUCA_ENROLADA,1,15.0,EXPOINTER_2026,1,8,6,8,Manhã
2482,1423,25.0,2026-08-30 09:50:24.002000-03:00,0.0,25.0,0,Cartão,CUCA_ALEMÃ,1,25.0,EXPOINTER_2026,1,8,6,9,Manhã
2483,439,15.0,2026-08-30 10:22:04.652000-03:00,0.0,15.0,0,Dinheiro,CUCA_ENROLADA,1,15.0,EXPOINTER_2026,1,8,6,10,Manhã
2484,2240,25.0,2026-08-30 11:21:16.472000-03:00,0.0,25.0,0,Dinheiro,RAPADURA_ASSADA_(PACOTE_X6),6,4.166666666666667,EXPOINTER_2026,1,8,6,11,Manhã
2485,1848,25.0,2026-08-30 11:33:29.905000-03:00,0.0,25.0,0,Cartão,CUCA_ALEMÃ,1,25.0,EXPOINTER_2026,1,8,6,11,Manhã
2486,1849,35.0,2026-08-30 11:55:35.878000-03:00,0.0,35.0,0,Dinheiro,RAPADURA_DE_MELADO_(PACOTE_X3),3,6.666666666666667,EXPOINTER_2026,2,8,6,11,Manhã
2487,1849,35.0,2026-08-30 11:55:35.878000-03:00,0.0,35.0,0,Dinheiro,CUCA_ENROLADA,1,15.0,EXPOINTER_2026,2,8,6,11,Manhã
2488,292,30.0,2026-08-30 12:13:29.962000-03:00,0.0,30.0,0,Dinheiro,CUCA_ENROLADA,2,15.0,EXPOINTER_2026,1,8,6,12,Tarde
2489,1096,25.0,2026-08-30 12:24:02.908000-03:00,0.0,25.0,0,Dinheiro,CUCA_ALEMÃ,1,25.0,EXPOINTER_2026,1,8,6,12,Tarde
2490,53,20.0,2026-08-30 12:24:28.631000-03:00,0.0,20.0,0,Dinheiro,ALFAJOR_PRETO_(PACOTE_X4),4,5.0,EXPOINTER_2026,1,8,6,12,Tarde
2491,2238,15.0,2026-08-30 12:31:18.371000-03:00,0.0,15.0,0,Cartão,CUCA_ENROLADA,1,15.0,EXPOINTER_2026,1,8,6,12,Tarde
2492,2073,50.0,2026-08-30 13:12:27.309000-03:00,0.0,50.0,0,Dinheiro,CUCA_ALEMÃ,2,25.0,EXPOINTER_2026,1,8,6,13,Tarde
2493,127,25.0,2026-08-30 13:21:54.123000-03:00,0.0,25.0,0,Dinheiro,CUCA_ALEMÃ,1,25.0,EXPOINTER_2026,1,8,6,13,Tarde
2494,1945,30.0,2026-08-30 13:26:40.542000-03:00,0.0,30.0,0,Cartão,CUCA_ENROLADA,1,15.0,EXPOINTER_2026,3,8,6,13,Tarde
2495,1945,30.0,2026-08-30 13:26:40.542000-03:00,0.0,30.0,0,Cartão,BOLACHA_DE_MANTEIGA,1,10.0,EXPOINTER_2026,3,8,6,13,Tarde
2496,1945,30.0,2026-08-30 13:26:40.542000-03:00,0.0,30.0,0,Cartão,RAPADURA_ASSADA,1,5.0,EXPOINTER_2026,3,8,6,13,Tarde
2497,2013,30.0,2026-08-30 14:14:44.679000-03:00,0.0,30.0,0,Dinheiro,CUCA_ENROLADA,2,15.0,EXPOINTER_2026,1,8,6,14,Tarde
2498,1140,26.0,2026-08-30 14:35:01.218000-03:00,0.0,26.0,0,Pix,ALFAJOR_BRANCO,1,6.0,EXPOINTER_2026,2,8,6,14,Tarde
2499,1140,26.0,2026-08-30 14:35:01.218000-03:00,0.0,26.0,0,Pix,ALFAJOR_PRETO_(PACOTE_X4),4,5.0,EXPOINTER_2026,2,8,6,14,Tarde
2500,467,25.0,2026-08-30 14:35:20.061000-03:00,0.0,25.0,0,Dinheiro,CUCA_ALEMÃ,1,25.0,EXPOINTER_2026,1,8,6,14,Tarde
2501,2190,25.0,2026-08-30 14:35:34.226000-03:00,0.0,25.0,0,Dinheiro,CUCA_ALEMÃ,1,25.0,EXPOINTER_2026,1,8,6,14,Tarde
2502,1653,65.0,2026-08-30 14:41:38.505000-03:00,0.0,65.0,1,Cartão,CUCA_ENROLADA,1,15.0,EXPOINTER_2026,2,8,6,14,Tarde
2503,1653,65.0,2026-08-30 14:41:38.505000-03:00,0.0,65.0,1,Cartão,RAPADURA_ASSADA_(PACOTE_X6),12,4.166666666666667,EXPOINTER_2026,2,8,6,14,Tarde
2504,2035,25.0,2026-08-30 15:01:03.990000-03:00,0.0,25.0,0,Cartão,CUCA_ALEMÃ,1,25.0,EXPOINTER_2026,1,8,6,15,Tarde
2505,422,6.0,2026-08-30 15:11:41.808000-03:00,0.0,6.0,0,Dinheiro,ALFAJOR,1,6.0,EXPOINTER_2026,1,8,6,15,Tarde
2506,2155,25.0,2026-08-30 15:16:14.711000-03:00,0.0,25.0,0,Dinheiro,CUCA_ALEMÃ,1,25.0,EXPOINTER_2026,1,8,6,15,Tarde
2507,378,5.0,2026-08-30 15:18:03.848000-03:00,0.0,5.0,0,Cartão,BOLACHA_COBERTURA_CHOCOLATE,1,5.0,EXPOINTER_2026,1,8,6,15,Tarde
2508,1504,5.0,2026-08-30 15:18:23.604000-03:00,1.0,6.0,0,Dinheiro,AMENDOIM_TEMPERADO_100G,1,6.0,EXPOINTER_2026,1,8,6,15,Tarde
2509,734,27.0,2026-08-30 15:46:56.897000-03:00,0.0,27.0,0,Pix,RAPADURA_DE_MELADO,1,7.0,EXPOINTER_2026,2,8,6,15,Tarde
2510,734,27.0,2026-08-30 15:46:56.897000-03:00,0.0,27.0,0,Pix,ALFAJOR_PRETO_(PACOTE_X4),4,5.0,EXPOINTER_2026,2,8,6,15,Tarde
2511,857,6.0,2026-08-30 16:20:15.764000-03:00,0.0,6.0,0,Dinheiro,ALFAJOR_BRANCO,1,6.0,EXPOINTER_2026,1,8,6,16,Tarde
2512,416,25.0,2026-08-30 16:20:25.646000-03:00,0.0,25.0,0,Dinheiro,RAPADURA_ASSADA_(PACOTE_X6),6,4.166666666666667,EXPOINTER_2026,1,8,6,16,Tarde
2513,201,5.0,2026-08-30 16:22:14.464000-03:00,0.0,5.0,0,Pix,RAPADURA_ASSADA,1,5.0,EXPOINTER_2026,1,8,6,16,Tarde
2514,2352,15.0,2026-08-30 16:49:22.898000-03:00,0.0,15.0,0,Cartão,CUCA_ENROLADA,1,15.0,EXPOINTER_2026,1,8,6,16,Tarde
2515,659,20.0,2026-08-30 17:13:47.150000-03:00,0.0,20.0,0,Pix,RAPADURA_DE_MELADO_(PACOTE_X3),3,6.666666666666667,EXPOINTER_2026,1,8,6,17,Tarde
2516,2081,15.0,2026-08-30 17:26:09.430000-03:00,0.0,15.0,0,Pix,CUCA_ENROLADA,1,15.0,EXPOINTER_2026,1,8,6,17,Tarde
2517,2006,20.0,2026-08-30 17:26:23.154000-03:00,0.0,20.0,0,Dinheiro,ALFAJOR_BRANCO_(PACOTE_X4),4,5.0,EXPOINTER_2026,1,8,6,17,Tarde
2518,2309,15.0,2026-08-30 18:04:57.634000-03:00,0.0,15.0,0,Dinheiro,CUCA_ENROLADA,1,15.0,EXPOINTER_2026,1,8,6,18,Noite
2519,103,20.0,2026-08-30 19:17:30.568000-03:00,0.0,20.0,0,Dinheiro,RAPADURA_DE_MELADO_(PACOTE_X3),3,6.666666666666667,EXPOINTER_2026,1,8,6,19,Noite
2520,217,15.0,2026-08-30 19:56:14.008000-03:00,0.0,15.0,0,Dinheiro,CUCA_ENROLADA,1,15.0,EXPOINTER_2026,1,8,6,19,Noite
2521,1011,20.0,2026-08-31 12:19:23.272000-03:00,0.0,20.0,0,Dinheiro,ALFAJOR_PRETO_(PACOTE_X4),4,5.0,EXPOINTER_2026,1,8,0,12,Tarde
2522,1320,5.0,2026-08-31 13:05:48.919000-03:00,0.0,5.0,0,Dinheiro,RAPADURA_ASSADA,1,5.0,EXPOINTER_2026,1,8,0,13,Tarde
2523,1588,15.0,2026-08-31 13:15:57.503000-03:00,0.0,15.0,0,Cartão,CUCA_ENROLADA,1,15.0,EXPOINTER_2026,1,8,0,13,Tarde
2524,393,15.0,2026-08-31 13:39:24.133000-03:00,0.0,15.0,0,Dinheiro,CUCA_ENROLADA,1,15.0,EXPOINTER_2026,1,8,0,13,Tarde
2525,419,15.0,2026-08-31 13:51:37.985000-03:00,0.0,15.0,0,Cartão,CUCA_ENROLADA,1,15.0,EXPOINTER_2026,1,8,0,13,Tarde
2526,652,7.0,2026-08-31 14:08:32.956000-03:00,0.0,7.0,0,Dinheiro,RAPADURA_DE_MELADO_GRÃO_MOÍDO,1,7.0,EXPOINTER_2026,1,8,0,14,Tarde
2527,661,6.0,2026-08-31 14:11:46.558000-03:00,0.0,6.0,0,Pix,ALFAJOR,1,6.0,EXPOINTER_2026,1,8,0,14,Tarde
2528,1871,19.0,2026-08-31 15:24:23.517000-03:00,0.0,19.0,0,Cartão,RAPADURA_DE_MELADO_GRÃO_MOÍDO,1,7.0,EXPOINTER_2026,3,8,0,15,Tarde
2529,1871,19.0,2026-08-31 15:24:23.517000-03:00,0.0,19.0,0,Cartão,RAPADURA_DE_MELADO,1,7.0,EXPOINTER_2026,3,8,0,15,Tarde
2530,1871,19.0,2026-08-31 15:24:23.517000-03:00,0.0,19.0,0,Cartão,RAPADURA_ASSADA,1,5.0,EXPOINTER_2026,3,8,0,15,Tarde
2531,1797,20.0,2026-08-31 15:24:50.553000-03:00,0.0,20.0,0,Pix,CUCA_ENROLADA,1,15.0,EXPOINTER_2026,2,8,0,15,Tarde
2532,1797,20.0,2026-08-31 15:24:50.553000-03:00,0.0,20.0,0,Pix,RAPADURA_ASSADA,1,5.0,EXPOINTER_2026,2,8,0,15,Tarde
2533,1288,25.0,2026-08-31 15:25:14.991000-03:00,0.0,25.0,0,Cartão,RAPADURA_ASSADA_(PACOTE_X6),6,4.166666666666667,EXPOINTER_2026,1,8,0,15,Tarde
2534,339,25.0,2026-08-31 15:25:24.009000-03:00,0.0,25.0,0,Dinheiro,RAPADURA_ASSADA_(PACOTE_X6),6,4.166666666666667,EXPOINTER_2026,1,8,0,15,Tarde
2535,821,20.0,2026-08-31 15:25:43.885000-03:00,0.0,20.0,0,Cartão,ALFAJOR_PRETO_(PACOTE_X4),4,5.0,EXPOINTER_2026,1,8,0,15,Tarde
2536,778,7.0,2026-08-31 15:41:45.508000-03:00,0.0,7.0,0,Dinheiro,RAPADURA_DE_MELADO_GRÃO_MOÍDO,1,7.0,EXPOINTER_2026,1,8,0,15,Tarde
2537,379,15.0,2026-08-31 16:54:29.301000-03:00,0.0,15.0,0,Cartão,CUCA_ENROLADA,1,15.0,EXPOINTER_2026,1,8,0,16,Tarde
2538,1890,7.0,2026-08-31 16:54:39.714000-03:00,0.0,7.0,0,Dinheiro,RAPADURA_DE_MELADO_GRÃO_MOÍDO,1,7.0,EXPOINTER_2026,1,8,0,16,Tarde
2539,54,10.0,2026-08-31 16:55:07.391000-03:00,0.0,10.0,0,Dinheiro,BOLACHA_COBERTURA_CHOCOLATE,2,5.0,EXPOINTER_2026,1,8,0,16,Tarde
2540,1761,15.0,2026-08-31 17:19:47.953000-03:00,0.0,15.0,0,Cartão,CUCA_ENROLADA,1,15.0,EXPOINTER_2026,1,8,0,17,Tarde
2541,1949,7.0,2026-08-31 17:35:16.414000-03:00,0.0,7.0,0,Dinheiro,RAPADURA_DE_MELADO_GRÃO_MOÍDO,1,7.0,EXPOINTER_2026,1,8,0,17,Tarde
2542,441,34.0,2026-08-31 17:40:00.632000-03:00,0.0,34.0,0,Dinheiro,BOLACHA_COBERTURA_CHOCOLATE,1,5.0,EXPOINTER_2026,3,8,0,17,Tarde
2543,441,34.0,2026-08-31 17:40:00.632000-03:00,0.0,34.0,0,Dinheiro,RAPADURA_DE_MELADO,2,7.0,EXPOINTER_2026,3,8,0,17,Tarde
2544,441,34.0,2026-08-31 17:40:00.632000-03:00,0.0,34.0,0,Dinheiro,CUCA_ENROLADA,1,15.0,EXPOINTER_2026,3,8,0,17,Tarde
2545,2224,38.0,2026-08-31 18:27:32.767000-03:00,0.0,38.0,0,Cartão,RAPADURA_ASSADA_(PACOTE_X6),6,4.166666666666667,EXPOINTER_2026,3,8,0,18,Noite
2546,2224,38.0,2026-08-31 18:27:32.767000-03:00,0.0,38.0,0,Cartão,CRI-CRI_200G,1,8.0,EXPOINTER_2026,3,8,0,18,Noite
2547,2224,38.0,2026-08-31 18:27:32.767000-03:00,0.0,38.0,0,Cartão,BOLACHA_COBERTURA_CHOCOLATE,1,5.0,EXPOINTER_2026,3,8,0,18,Noite
2548,63,75.0,2026-08-31 18:28:48.139000-03:00,0.0,75.0,0,Cartão,RAPADURA_ASSADA_(PACOTE_X6),18,4.166666666666667,EXPOINTER_2026,1,8,0,18,Noite
2549,2390,15.0,2026-09-01 08:18:05.891000-03:00,0.0,15.0,0,Dinheiro,CUCA_ENROLADA,1,15.0,EXPOINTER_2026,1,9,1,8,Manhã
2550,1646,7.0,2026-09-01 08:18:17.106000-03:00,0.0,7.0,0,Dinheiro,RAPADURA_DE_MELADO,1,7.0,EXPOINTER_2026,1,9,1,8,Manhã
2551,481,6.0,2026-09-01 09:26:37.707000-03:00,0.0,6.0,0,Dinheiro,AMENDOIM_TEMPERADO_100G,1,6.0,EXPOINTER_2026,1,9,1,9,Manhã
2552,703,15.0,2026-09-01 09:59:55.783000-03:00,0.0,15.0,0,Dinheiro,CUCA_ENROLADA,1,15.0,EXPOINTER_2026,1,9,1,9,Manhã
2553,2219,20.0,2026-09-01 12:27:19.044000-03:00,0.0,20.0,0,Dinheiro,ALFAJOR_PRETO_(PACOTE_X4),4,5.0,EXPOINTER_2026,1,9,1,12,Tarde
2554,1166,25.0,2026-09-01 12:46:33.329000-03:00,0.0,25.0,0,Cartão,RAPADURA_ASSADA_(PACOTE_X6),6,4.166666666666667,EXPOINTER_2026,1,9,1,12,Tarde
2555,40,5.0,2026-09-01 12:59:09.684000-03:00,0.0,5.0,0,Cartão,RAPADURA_ASSADA,1,5.0,EXPOINTER_2026,1,9,1,12,Tarde
2556,49,5.0,2026-09-01 13:03:00.543000-03:00,0.0,5.0,0,Dinheiro,RAPADURA_ASSADA,1,5.0,EXPOINTER_2026,1,9,1,13,Tarde
2557,2034,7.0,2026-09-01 13:45:01.422000-03:00,0.0,7.0,0,Pix,RAPADURA_DE_MELADO_GRÃO_MOÍDO,1,7.0,EXPOINTER_2026,1,9,1,13,Tarde
2558,637,25.0,2026-09-01 14:08:20.828000-03:00,0.0,25.0,0,Cartão,RAPADURA_ASSADA_(PACOTE_X6),6,4.166666666666667,EXPOINTER_2026,1,9,1,14,Tarde
2559,941,7.0,2026-09-01 14:25:37.025000-03:00,0.0,7.0,0,Cartão,RAPADURA_DE_MELADO,1,7.0,EXPOINTER_2026,1,9,1,14,Tarde
2560,1918,10.0,2026-09-01 14:28:16.961000-03:00,0.0,10.0,0,Cartão,BOLACHA_DE_MANTEIGA,1,10.0,EXPOINTER_2026,1,9,1,14,Tarde
2561,1431,6.0,2026-09-01 14:43:24.257000-03:00,0.0,6.0,0,Pix,ALFAJOR,1,6.0,EXPOINTER_2026,1,9,1,14,Tarde
2562,245,30.0,2026-09-01 14:55:21.215000-03:00,0.0,30.0,0,Dinheiro,ALFAJOR,5,6.0,EXPOINTER_2026,1,9,1,14,Tarde
2563,2231,15.0,2026-09-01 14:56:16.608000-03:00,0.0,15.0,0,Dinheiro,CUCA_ENROLADA,1,15.0,EXPOINTER_2026,1,9,1,14,Tarde
2564,255,15.0,2026-09-01 14:58:03.318000-03:00,0.0,15.0,0,Dinheiro,CUCA_ENROLADA,1,15.0,EXPOINTER_2026,1,9,1,14,Tarde
2565,74,10.0,2026-09-01 15:42:06.440000-03:00,0.0,10.0,0,Dinheiro,RAPADURA_ASSADA,2,5.0,EXPOINTER_2026,1,9,1,15,Tarde
2566,287,12.0,2026-09-01 16:29:55.733000-03:00,0.0,12.0,0,Dinheiro,RAPADURA_ASSADA,1,5.0,EXPOINTER_2026,2,9,1,16,Tarde
2567,287,12.0,2026-09-01 16:29:55.733000-03:00,0.0,12.0,0,Dinheiro,RAPADURA_DE_MELADO,1,7.0,EXPOINTER_2026,2,9,1,16,Tarde
2568,2275,32.0,2026-09-01 16:51:05.898000-03:00,0.0,32.0,0,Cartão,RAPADURA_ASSADA_(PACOTE_X6),6,4.166666666666667,EXPOINTER_2026,2,9,1,16,Tarde
2569,2275,32.0,2026-09-01 16:51:05.898000-03:00,0.0,32.0,0,Cartão,RAPADURA_DE_MELADO_GRÃO_MOÍDO,1,7.0,EXPOINTER_2026,2,9,1,16,Tarde
2570,1821,6.0,2026-09-01 17:00:47.363000-03:00,0.0,6.0,0,Dinheiro,ALFAJOR,1,6.0,EXPOINTER_2026,1,9,1,17,Tarde
2571,2097,7.0,2026-09-01 17:17:24.995000-03:00,0.0,7.0,0,Cartão,RAPADURA_DE_MELADO_GRÃO_MOÍDO,1,7.0,EXPOINTER_2026,1,9,1,17,Tarde
2572,41,10.0,2026-09-01 17:29:35.646000-03:00,0.0,10.0,0,Dinheiro,RAPADURA_ASSADA,2,5.0,EXPOINTER_2026,1,9,1,17,Tarde
2573,1411,14.0,2026-09-01 17:35:54.376000-03:00,0.0,14.0,0,Pix,CRI-CRI_200G,1,8.0,EXPOINTER_2026,2,9,1,17,Tarde
2574,1411,14.0,2026-09-01 17:35:54.376000-03:00,0.0,14.0,0,Pix,AMENDOIM_TEMPERADO_100G,1,6.0,EXPOINTER_2026,2,9,1,17,Tarde
2575,1443,25.0,2026-09-01 17:56:29.316000-03:00,0.0,25.0,0,Dinheiro,RAPADURA_ASSADA_(PACOTE_X6),6,4.166666666666667,EXPOINTER_2026,1,9,1,17,Tarde
2576,196,20.0,2026-09-01 18:27:02.729000-03:00,0.0,20.0,0,Dinheiro,RAPADURA_DE_MELADO_(PACOTE_X3),3,6.666666666666667,EXPOINTER_2026,1,9,1,18,Noite
2577,2406,10.0,2026-09-01 18:49:58.203000-03:00,0.0,10.0,0,Pix,BOLACHA_DE_MANTEIGA,1,10.0,EXPOINTER_2026,1,9,1,18,Noite
2578,97,30.0,2026-09-01 19:59:53.066000-03:00,0.0,30.0,0,Cartão,CUCA_ENROLADA,2,15.0,EXPOINTER_2026,1,9,1,19,Noite
2579,337,5.0,2026-09-02 09:52:12.375000-03:00,0.0,5.0,0,Dinheiro,BOLACHA_COBERTURA_CHOCOLATE,1,5.0,EXPOINTER_2026,1,9,2,9,Manhã
2580,2041,15.0,2026-09-02 09:56:32.515000-03:00,0.0,15.0,0,Dinheiro,CUCA_ENROLADA,1,15.0,EXPOINTER_2026,1,9,2,9,Manhã
2581,553,20.0,2026-09-02 09:58:06.987000-03:00,0.0,20.0,0,Cartão,ALFAJOR_PRETO_(PACOTE_X4),4,5.0,EXPOINTER_2026,1,9,2,9,Manhã
2582,1616,20.0,2026-09-02 09:58:41.068000-03:00,0.0,20.0,0,Dinheiro,ALFAJOR_BRANCO_(PACOTE_X4),4,5.0,EXPOINTER_2026,1,9,2,9,Manhã
2583,295,15.0,2026-09-02 10:00:49.429000-03:00,0.0,15.0,0,Dinheiro,CUCA_ENROLADA,1,15.0,EXPOINTER_2026,1,9,2,10,Manhã
2584,2398,15.0,2026-09-02 10:10:59.395000-03:00,0.0,15.0,0,Dinheiro,CUCA_ENROLADA,1,15.0,EXPOINTER_2026,1,9,2,10,Manhã
2585,2451,50.0,2026-09-02 10:11:26.692000-03:00,0.0,50.0,0,Dinheiro,CUCA_ENROLADA,2,15.0,EXPOINTER_2026,2,9,2,10,Manhã
2586,2451,50.0,2026-09-02 10:11:26.692000-03:00,0.0,50.0,0,Dinheiro,RAPADURA_DE_MELADO_(PACOTE_X3),3,6.666666666666667,EXPOINTER_2026,2,9,2,10,Manhã
2587,355,15.0,2026-09-02 10:18:40.961000-03:00,0.0,15.0,0,Dinheiro,CUCA_ENROLADA,1,15.0,EXPOINTER_2026,1,9,2,10,Manhã
2588,760,35.0,2026-09-02 10:31:05.232000-03:00,0.0,35.0,0,Dinheiro,CUCA_ENROLADA,2,15.0,EXPOINTER_2026,2,9,2,10,Manhã
2589,760,35.0,2026-09-02 10:31:05.232000-03:00,0.0,35.0,0,Dinheiro,BOLACHA_COBERTURA_CHOCOLATE,1,5.0,EXPOINTER_2026,2,9,2,10,Manhã
2590,375,15.0,2026-09-02 10:42:04.846000-03:00,0.0,15.0,0,Dinheiro,CUCA_ENROLADA,1,15.0,EXPOINTER_2026,1,9,2,10,Manhã
2591,1866,30.0,2026-09-02 10:43:19.851000-03:00,0.0,30.0,0,Pix,CUCA_ENROLADA,2,15.0,EXPOINTER_2026,1,9,2,10,Manhã
2592,206,15.0,2026-09-02 10:44:15.922000-03:00,0.0,15.0,0,Dinheiro,CUCA_ENROLADA,1,15.0,EXPOINTER_2026,1,9,2,10,Manhã
2593,1782,15.0,2026-09-02 10:46:06.055000-03:00,0.0,15.0,0,Dinheiro,CUCA_ENROLADA,1,15.0,EXPOINTER_2026,1,9,2,10,Manhã
2594,1401,15.0,2026-09-02 10:53:21.741000-03:00,0.0,15.0,0,Dinheiro,CUCA_ENROLADA,1,15.0,EXPOINTER_2026,1,9,2,10,Manhã
2595,970,30.0,2026-09-02 11:01:48.570000-03:00,0.0,30.0,0,Cartão,CUCA_ENROLADA,2,15.0,EXPOINTER_2026,1,9,2,11,Manhã
2596,394,50.0,2026-09-02 11:30:00.954000-03:00,0.0,50.0,0,Cartão,CUCA_ALEMÃ,2,25.0,EXPOINTER_2026,1,9,2,11,Manhã
2597,627,25.0,2026-09-02 11:37:08.468000-03:00,0.0,25.0,0,Dinheiro,CUCA_ALEMÃ,1,25.0,EXPOINTER_2026,1,9,2,11,Manhã
2598,539,25.0,2026-09-02 11:38:33.115000-03:00,0.0,25.0,0,Cartão,CUCA_ALEMÃ,1,25.0,EXPOINTER_2026,1,9,2,11,Manhã
2599,2450,25.0,2026-09-02 11:38:53.578000-03:00,0.0,25.0,0,Cartão,CUCA_ALEMÃ,1,25.0,EXPOINTER_2026,1,9,2,11,Manhã
2600,800,25.0,2026-09-02 11:41:28.625000-03:00,0.0,25.0,0,Dinheiro,CUCA_ALEMÃ,1,25.0,EXPOINTER_2026,1,9,2,11,Manhã
2601,1744,30.0,2026-09-02 11:42:24.433000-03:00,0.0,30.0,0,Dinheiro,CUCA_ALEMÃ,1,25.0,EXPOINTER_2026,2,9,2,11,Manhã
2602,1744,30.0,2026-09-02 11:42:24.433000-03:00,0.0,30.0,0,Dinheiro,BOLACHA_COBERTURA_CHOCOLATE,1,5.0,EXPOINTER_2026,2,9,2,11,Manhã
2603,852,25.0,2026-09-02 11:44:18.852000-03:00,0.0,25.0,0,Cartão,CUCA_ALEMÃ,1,25.0,EXPOINTER_2026,1,9,2,11,Manhã
2604,672,50.0,2026-09-02 11:55:09.089000-03:00,0.0,50.0,0,Dinheiro,CUCA_ALEMÃ,2,25.0,EXPOINTER_2026,1,9,2,11,Manhã
2605,2070,25.0,2026-09-02 12:05:47.722000-03:00,0.0,25.0,0,Dinheiro,CUCA_ALEMÃ,1,25.0,EXPOINTER_2026,1,9,2,12,Tarde
2606,1850,45.0,2026-09-02 12:11:23.481000-03:00,0.0,45.0,0,Dinheiro,ALFAJOR_PRETO_(PACOTE_X4),4,5.0,EXPOINTER_2026,2,9,2,12,Tarde
2607,1850,45.0,2026-09-02 12:11:23.481000-03:00,0.0,45.0,0,Dinheiro,CUCA_ALEMÃ,1,25.0,EXPOINTER_2026,2,9,2,12,Tarde
2608,552,25.0,2026-09-02 12:14:49.028000-03:00,0.0,25.0,0,Pix,CUCA_ALEMÃ,1,25.0,EXPOINTER_2026,1,9,2,12,Tarde
2609,1047,25.0,2026-09-02 12:31:46.208000-03:00,0.0,25.0,0,Pix,CUCA_ALEMÃ,1,25.0,EXPOINTER_2026,1,9,2,12,Tarde
2610,2247,25.0,2026-09-02 12:36:58.626000-03:00,0.0,25.0,0,Cartão,CUCA_ALEMÃ,1,25.0,EXPOINTER_2026,1,9,2,12,Tarde
2611,1351,40.0,2026-09-02 12:50:20.553000-03:00,0.0,40.0,0,Cartão,CUCA_ALEMÃ,1,25.0,EXPOINTER_2026,2,9,2,12,Tarde
2612,1351,40.0,2026-09-02 12:50:20.553000-03:00,0.0,40.0,0,Cartão,CUCA_ENROLADA,1,15.0,EXPOINTER_2026,2,9,2,12,Tarde
2613,1688,20.0,2026-09-02 12:54:37.621000-03:00,0.0,20.0,0,Cartão,ALFAJOR_BRANCO_(PACOTE_X4),4,5.0,EXPOINTER_2026,1,9,2,12,Tarde
2614,1781,5.0,2026-09-02 12:55:10.216000-03:00,0.0,5.0,0,Cartão,RAPADURA_ASSADA,1,5.0,EXPOINTER_2026,1,9,2,12,Tarde
2615,920,25.0,2026-09-02 12:57:54.860000-03:00,0.0,25.0,0,Dinheiro,CUCA_ALEMÃ,1,25.0,EXPOINTER_2026,1,9,2,12,Tarde
2616,899,25.0,2026-09-02 13:01:40.651000-03:00,0.0,25.0,0,Dinheiro,CUCA_ALEMÃ,1,25.0,EXPOINTER_2026,1,9,2,13,Tarde
2617,1604,25.0,2026-09-02 13:06:35.860000-03:00,0.0,25.0,0,Pix,CUCA_ALEMÃ,1,25.0,EXPOINTER_2026,1,9,2,13,Tarde
2618,631,25.0,2026-09-02 13:13:42.933000-03:00,0.0,25.0,0,Cartão,CUCA_ALEMÃ,1,25.0,EXPOINTER_2026,1,9,2,13,Tarde
2619,1358,7.0,2026-09-02 13:14:02.393000-03:00,0.0,7.0,0,Dinheiro,RAPADURA_DE_MELADO_GRÃO_MOÍDO,1,7.0,EXPOINTER_2026,1,9,2,13,Tarde
2620,43,15.0,2026-09-02 13:24:57.625000-03:00,0.0,15.0,0,Cartão,CUCA_ENROLADA,1,15.0,EXPOINTER_2026,1,9,2,13,Tarde
2621,1518,45.0,2026-09-02 13:25:57.841000-03:00,0.0,45.0,0,Cartão,CUCA_ENROLADA,3,15.0,EXPOINTER_2026,1,9,2,13,Tarde
2622,2241,25.0,2026-09-02 13:26:05.969000-03:00,0.0,25.0,0,Dinheiro,CUCA_ALEMÃ,1,25.0,EXPOINTER_2026,1,9,2,13,Tarde
2623,296,40.0,2026-09-02 13:38:13.485000-03:00,0.0,40.0,0,Cartão,CUCA_ALEMÃ,1,25.0,EXPOINTER_2026,2,9,2,13,Tarde
2624,296,40.0,2026-09-02 13:38:13.485000-03:00,0.0,40.0,0,Cartão,CUCA_ENROLADA,1,15.0,EXPOINTER_2026,2,9,2,13,Tarde
2625,1893,25.0,2026-09-02 13:38:24.761000-03:00,0.0,25.0,0,Cartão,CUCA_ALEMÃ,1,25.0,EXPOINTER_2026,1,9,2,13,Tarde
2626,173,25.0,2026-09-02 13:41:33.663000-03:00,0.0,25.0,0,Pix,CUCA_ALEMÃ,1,25.0,EXPOINTER_2026,1,9,2,13,Tarde
2627,1501,25.0,2026-09-02 13:42:00.759000-03:00,0.0,25.0,0,Cartão,RAPADURA_ASSADA_(PACOTE_X6),6,4.166666666666667,EXPOINTER_2026,1,9,2,13,Tarde
2628,517,45.0,2026-09-02 13:53:20.778000-03:00,0.0,45.0,0,Dinheiro,RAPADURA_DE_MELADO_GRÃO_MOÍDO_(PACOTE_X1),1,20.0,EXPOINTER_2026,2,9,2,13,Tarde
2629,517,45.0,2026-09-02 13:53:20.778000-03:00,0.0,45.0,0,Dinheiro,CUCA_ALEMÃ,1,25.0,EXPOINTER_2026,2,9,2,13,Tarde
2630,1232,25.0,2026-09-02 13:54:38.029000-03:00,0.0,25.0,0,Cartão,CUCA_ALEMÃ,1,25.0,EXPOINTER_2026,1,9,2,13,Tarde
2631,1737,25.0,2026-09-02 13:54:44.825000-03:00,0.0,25.0,0,Dinheiro,CUCA_ALEMÃ,1,25.0,EXPOINTER_2026,1,9,2,13,Tarde
2632,96,20.0,2026-09-02 13:59:43.397000-03:00,0.0,20.0,0,Cartão,CUCA_ENROLADA,1,15.0,EXPOINTER_2026,2,9,2,13,Tarde
2633,96,20.0,2026-09-02 13:59:43.397000-03:00,0.0,20.0,0,Cartão,RAPADURA_ASSADA,1,5.0,EXPOINTER_2026,2,9,2,13,Tarde
2634,935,50.0,2026-09-02 14:02:38.494000-03:00,0.0,50.0,0,Cartão,CUCA_ALEMÃ,2,25.0,EXPOINTER_2026,1,9,2,14,Tarde
2635,2142,25.0,2026-09-02 14:09:26.035000-03:00,0.0,25.0,0,Dinheiro,CUCA_ALEMÃ,1,25.0,EXPOINTER_2026,1,9,2,14,Tarde
2636,1267,50.0,2026-09-02 14:13:03.456000-03:00,0.0,50.0,0,Cartão,CUCA_ALEMÃ,2,25.0,EXPOINTER_2026,1,9,2,14,Tarde
2637,324,7.0,2026-09-02 14:14:00.762000-03:00,0.0,7.0,0,Cartão,RAPADURA_DE_MELADO_GRÃO_MOÍDO,1,7.0,EXPOINTER_2026,1,9,2,14,Tarde
2638,521,30.0,2026-09-02 14:17:17.056000-03:00,0.0,30.0,0,Cartão,CUCA_ENROLADA,2,15.0,EXPOINTER_2026,1,9,2,14,Tarde
2639,1085,15.0,2026-09-02 14:20:13.230000-03:00,0.0,15.0,0,Pix,CUCA_ENROLADA,1,15.0,EXPOINTER_2026,1,9,2,14,Tarde
2640,1576,50.0,2026-09-02 14:20:50.207000-03:00,0.0,50.0,0,Cartão,CUCA_ALEMÃ,2,25.0,EXPOINTER_2026,1,9,2,14,Tarde
2641,1699,15.0,2026-09-02 14:21:07.491000-03:00,0.0,15.0,0,Dinheiro,CUCA_ENROLADA,1,15.0,EXPOINTER_2026,1,9,2,14,Tarde
2642,179,30.0,2026-09-02 14:21:43.748000-03:00,0.0,30.0,0,Cartão,RAPADURA_ASSADA_(PACOTE_X6),6,4.166666666666667,EXPOINTER_2026,2,9,2,14,Tarde
2643,179,30.0,2026-09-02 14:21:43.748000-03:00,0.0,30.0,0,Cartão,BOLACHA_COBERTURA_CHOCOLATE,1,5.0,EXPOINTER_2026,2,9,2,14,Tarde
2644,239,25.0,2026-09-02 14:32:21.762000-03:00,0.0,25.0,0,Cartão,CUCA_ALEMÃ,1,25.0,EXPOINTER_2026,1,9,2,14,Tarde
2645,1716,15.0,2026-09-02 14:32:35.079000-03:00,0.0,15.0,0,Dinheiro,CUCA_ENROLADA,1,15.0,EXPOINTER_2026,1,9,2,14,Tarde
2646,1514,20.0,2026-09-02 14:34:24.388000-03:00,0.0,20.0,0,Dinheiro,RAPADURA_DE_MELADO_(PACOTE_X3),3,6.666666666666667,EXPOINTER_2026,1,9,2,14,Tarde
2647,1269,14.0,2026-09-02 14:38:25.956000-03:00,0.0,14.0,0,Dinheiro,RAPADURA_DE_MELADO,1,7.0,EXPOINTER_2026,2,9,2,14,Tarde
2648,1269,14.0,2026-09-02 14:38:25.956000-03:00,0.0,14.0,0,Dinheiro,RAPADURA_DE_MELADO_GRÃO_MOÍDO,1,7.0,EXPOINTER_2026,2,9,2,14,Tarde
2649,1840,25.0,2026-09-02 14:38:35.624000-03:00,0.0,25.0,0,Cartão,CUCA_ALEMÃ,1,25.0,EXPOINTER_2026,1,9,2,14,Tarde
2650,866,25.0,2026-09-02 14:45:30.204000-03:00,0.0,25.0,0,Cartão,CUCA_ALEMÃ,1,25.0,EXPOINTER_2026,1,9,2,14,Tarde
2651,1266,25.0,2026-09-02 14:48:49.492000-03:00,0.0,25.0,0,Dinheiro,CUCA_ALEMÃ,1,25.0,EXPOINTER_2026,1,9,2,14,Tarde
2652,749,25.0,2026-09-02 14:57:13.380000-03:00,0.0,25.0,0,Cartão,CUCA_ALEMÃ,1,25.0,EXPOINTER_2026,1,9,2,14,Tarde
2653,608,25.0,2026-09-02 14:57:18.024000-03:00,0.0,25.0,0,Dinheiro,CUCA_ALEMÃ,1,25.0,EXPOINTER_2026,1,9,2,14,Tarde
2654,2330,20.0,2026-09-02 15:05:45.844000-03:00,0.0,20.0,0,Dinheiro,ALFAJOR_PRETO_(PACOTE_X4),4,5.0,EXPOINTER_2026,1,9,2,15,Tarde
2655,1229,25.0,2026-09-02 15:05:56.309000-03:00,0.0,25.0,0,Cartão,CUCA_ALEMÃ,1,25.0,EXPOINTER_2026,1,9,2,15,Tarde
2656,1106,25.0,2026-09-02 15:08:25.740000-03:00,0.0,25.0,0,Cartão,CUCA_ALEMÃ,1,25.0,EXPOINTER_2026,1,9,2,15,Tarde
2657,709,25.0,2026-09-02 15:09:18.435000-03:00,0.0,25.0,0,Dinheiro,CUCA_ALEMÃ,1,25.0,EXPOINTER_2026,1,9,2,15,Tarde
2658,1789,49.0,2026-09-02 15:20:02.906000-03:00,0.0,49.0,0,Dinheiro,CUCA_ALEMÃ,1,25.0,EXPOINTER_2026,2,9,2,15,Tarde
2659,1789,49.0,2026-09-02 15:20:02.906000-03:00,0.0,49.0,0,Dinheiro,AMENDOIM_TEMPERADO_100G,4,6.0,EXPOINTER_2026,2,9,2,15,Tarde
2660,1885,6.0,2026-09-02 15:21:29.296000-03:00,0.0,6.0,0,Dinheiro,AMENDOIM_TEMPERADO_100G,1,6.0,EXPOINTER_2026,1,9,2,15,Tarde
2661,360,85.0,2026-09-02 15:52:39.738000-03:00,0.0,85.0,0,Cartão,AMENDOIM_TEMPERADO_100G,1,6.0,EXPOINTER_2026,6,9,2,15,Tarde
2662,360,85.0,2026-09-02 15:52:39.738000-03:00,0.0,85.0,0,Cartão,ALFAJOR,1,6.0,EXPOINTER_2026,6,9,2,15,Tarde
2663,360,85.0,2026-09-02 15:52:39.738000-03:00,0.0,85.0,0,Cartão,ALFAJOR_BRANCO,1,6.0,EXPOINTER_2026,6,9,2,15,Tarde
2664,360,85.0,2026-09-02 15:52:39.738000-03:00,0.0,85.0,0,Cartão,RAPADURA_DE_MELADO,1,7.0,EXPOINTER_2026,6,9,2,15,Tarde
2665,360,85.0,2026-09-02 15:52:39.738000-03:00,0.0,85.0,0,Cartão,RAPADURA_ASSADA,2,5.0,EXPOINTER_2026,6,9,2,15,Tarde
2666,360,85.0,2026-09-02 15:52:39.738000-03:00,0.0,85.0,0,Cartão,CUCA_ALEMÃ,2,25.0,EXPOINTER_2026,6,9,2,15,Tarde
2667,178,150.0,2026-09-02 15:53:13.896000-03:00,0.0,150.0,0,Cartão,CUCA_ALEMÃ,6,25.0,EXPOINTER_2026,1,9,2,15,Tarde
2668,2036,100.0,2026-09-02 15:53:40.683000-03:00,0.0,100.0,0,Dinheiro,CUCA_ALEMÃ,4,25.0,EXPOINTER_2026,1,9,2,15,Tarde
2669,171,30.0,2026-09-02 16:02:46.945000-03:00,1.0,31.0,0,Dinheiro,ALFAJOR,1,6.0,EXPOINTER_2026,2,9,2,16,Tarde
2670,171,30.0,2026-09-02 16:02:46.945000-03:00,1.0,31.0,0,Dinheiro,CUCA_ALEMÃ,1,25.0,EXPOINTER_2026,2,9,2,16,Tarde
2671,1171,25.0,2026-09-02 16:03:48.250000-03:00,0.0,25.0,0,Dinheiro,CUCA_ALEMÃ,1,25.0,EXPOINTER_2026,1,9,2,16,Tarde
2672,1068,25.0,2026-09-02 16:11:01.874000-03:00,0.0,25.0,0,Dinheiro,CUCA_ALEMÃ,1,25.0,EXPOINTER_2026,1,9,2,16,Tarde
2673,2370,25.0,2026-09-02 16:11:54.719000-03:00,0.0,25.0,0,Cartão,CUCA_ALEMÃ,1,25.0,EXPOINTER_2026,1,9,2,16,Tarde
2674,24,25.0,2026-09-02 16:13:24.961000-03:00,0.0,25.0,0,Pix,CUCA_ALEMÃ,1,25.0,EXPOINTER_2026,1,9,2,16,Tarde
2675,372,25.0,2026-09-02 16:15:35.467000-03:00,0.0,25.0,0,Cartão,CUCA_ALEMÃ,1,25.0,EXPOINTER_2026,1,9,2,16,Tarde
2676,1515,25.0,2026-09-02 16:16:08.061000-03:00,0.0,25.0,0,Cartão,CUCA_ALEMÃ,1,25.0,EXPOINTER_2026,1,9,2,16,Tarde
2677,1222,25.0,2026-09-02 16:17:17.713000-03:00,0.0,25.0,0,Pix,CUCA_ALEMÃ,1,25.0,EXPOINTER_2026,1,9,2,16,Tarde
2678,1907,25.0,2026-09-02 16:17:49.369000-03:00,0.0,25.0,0,Pix,CUCA_ALEMÃ,1,25.0,EXPOINTER_2026,1,9,2,16,Tarde
2679,2033,40.0,2026-09-02 16:18:24.971000-03:00,0.0,40.0,0,Dinheiro,CUCA_ALEMÃ,1,25.0,EXPOINTER_2026,2,9,2,16,Tarde
2680,2033,40.0,2026-09-02 16:18:24.971000-03:00,0.0,40.0,0,Dinheiro,CUCA_ENROLADA,1,15.0,EXPOINTER_2026,2,9,2,16,Tarde
2681,434,25.0,2026-09-02 16:22:53.668000-03:00,0.0,25.0,0,Dinheiro,CUCA_ALEMÃ,1,25.0,EXPOINTER_2026,1,9,2,16,Tarde
2682,2319,25.0,2026-09-02 16:33:15.319000-03:00,0.0,25.0,0,Dinheiro,CUCA_ALEMÃ,1,25.0,EXPOINTER_2026,1,9,2,16,Tarde
2683,858,25.0,2026-09-02 16:36:11.581000-03:00,0.0,25.0,0,Dinheiro,CUCA_ALEMÃ,1,25.0,EXPOINTER_2026,1,9,2,16,Tarde
2684,2129,20.0,2026-09-02 16:40:25.422000-03:00,0.0,20.0,0,Cartão,ALFAJOR_BRANCO_(PACOTE_X4),4,5.0,EXPOINTER_2026,1,9,2,16,Tarde
2685,345,15.0,2026-09-02 16:49:34.818000-03:00,0.0,15.0,0,Dinheiro,CUCA_ENROLADA,1,15.0,EXPOINTER_2026,1,9,2,16,Tarde
2686,2171,15.0,2026-09-02 16:51:37.920000-03:00,0.0,15.0,0,Cartão,CUCA_ENROLADA,1,15.0,EXPOINTER_2026,1,9,2,16,Tarde
2687,973,15.0,2026-09-02 16:53:45.884000-03:00,0.0,15.0,0,Cartão,CUCA_ENROLADA,1,15.0,EXPOINTER_2026,1,9,2,16,Tarde
2688,741,40.0,2026-09-02 16:57:18.263000-03:00,0.0,40.0,0,Dinheiro,CUCA_ALEMÃ,1,25.0,EXPOINTER_2026,2,9,2,16,Tarde
2689,741,40.0,2026-09-02 16:57:18.263000-03:00,0.0,40.0,0,Dinheiro,CUCA_ENROLADA,1,15.0,EXPOINTER_2026,2,9,2,16,Tarde
2690,981,25.0,2026-09-02 17:08:23.812000-03:00,0.0,25.0,0,Cartão,CUCA_ALEMÃ,1,25.0,EXPOINTER_2026,1,9,2,17,Tarde
2691,1764,25.0,2026-09-02 17:09:56.007000-03:00,0.0,25.0,0,Cartão,CUCA_ALEMÃ,1,25.0,EXPOINTER_2026,1,9,2,17,Tarde
2692,2447,25.0,2026-09-02 17:10:23.257000-03:00,0.0,25.0,0,Cartão,CUCA_ALEMÃ,1,25.0,EXPOINTER_2026,1,9,2,17,Tarde
2693,50,25.0,2026-09-02 17:15:34.435000-03:00,0.0,25.0,0,Cartão,CUCA_ALEMÃ,1,25.0,EXPOINTER_2026,1,9,2,17,Tarde
2694,1858,125.0,2026-09-02 17:18:04.079000-03:00,0.0,125.0,0,Cartão,CUCA_ALEMÃ,5,25.0,EXPOINTER_2026,1,9,2,17,Tarde
2695,818,25.0,2026-09-02 17:31:22.191000-03:00,0.0,25.0,0,Cartão,CUCA_ALEMÃ,1,25.0,EXPOINTER_2026,1,9,2,17,Tarde
2696,1922,25.0,2026-09-02 17:37:07.721000-03:00,0.0,25.0,0,Dinheiro,CUCA_ALEMÃ,1,25.0,EXPOINTER_2026,1,9,2,17,Tarde
2697,1,100.0,2026-09-02 17:37:54.377000-03:00,0.0,100.0,0,Cartão,CUCA_ALEMÃ,4,25.0,EXPOINTER_2026,1,9,2,17,Tarde
2698,1842,50.0,2026-09-02 17:53:41.822000-03:00,0.0,50.0,0,Cartão,CUCA_ALEMÃ,2,25.0,EXPOINTER_2026,1,9,2,17,Tarde
2699,610,11.0,2026-09-02 18:09:17.642000-03:00,0.0,11.0,0,Cartão,ALFAJOR,1,6.0,EXPOINTER_2026,2,9,2,18,Noite
2700,610,11.0,2026-09-02 18:09:17.642000-03:00,0.0,11.0,0,Cartão,BOLACHA_COBERTURA_CHOCOLATE,1,5.0,EXPOINTER_2026,2,9,2,18,Noite
2701,798,25.0,2026-09-02 18:12:23.988000-03:00,0.0,25.0,0,Dinheiro,CUCA_ALEMÃ,1,25.0,EXPOINTER_2026,1,9,2,18,Noite
2702,1465,50.0,2026-09-02 18:25:58.621000-03:00,0.0,50.0,0,Cartão,CUCA_ALEMÃ,2,25.0,EXPOINTER_2026,1,9,2,18,Noite
2703,2005,25.0,2026-09-02 18:29:57.619000-03:00,0.0,25.0,0,Cartão,CUCA_ALEMÃ,1,25.0,EXPOINTER_2026,1,9,2,18,Noite
2704,1000,25.0,2026-09-02 18:30:37.023000-03:00,0.0,25.0,0,Pix,CUCA_ALEMÃ,1,25.0,EXPOINTER_2026,1,9,2,18,Noite
2705,2069,25.0,2026-09-02 18:31:26.199000-03:00,0.0,25.0,0,Pix,CUCA_ALEMÃ,1,25.0,EXPOINTER_2026,1,9,2,18,Noite
2706,1611,25.0,2026-09-02 18:37:30.548000-03:00,0.0,25.0,0,Cartão,CUCA_ALEMÃ,1,25.0,EXPOINTER_2026,1,9,2,18,Noite
2707,1226,25.0,2026-09-02 18:37:49.977000-03:00,0.0,25.0,0,Cartão,CUCA_ALEMÃ,1,25.0,EXPOINTER_2026,1,9,2,18,Noite
2708,1936,15.0,2026-09-02 18:45:13.326000-03:00,0.0,15.0,0,Cartão,CUCA_ENROLADA,1,15.0,EXPOINTER_2026,1,9,2,18,Noite
2709,1762,25.0,2026-09-02 18:53:32.466000-03:00,0.0,25.0,0,Dinheiro,CUCA_ALEMÃ,1,25.0,EXPOINTER_2026,1,9,2,18,Noite
2710,691,50.0,2026-09-02 19:47:57.469000-03:00,0.0,50.0,1,Cartão,CUCA_ALEMÃ,2,25.0,EXPOINTER_2026,1,9,2,19,Noite
2711,2414,26.0,2026-09-03 09:20:06.860000-03:00,0.0,26.0,1,Cartão,ALFAJOR_PRETO_(PACOTE_X4),4,5.0,EXPOINTER_2026,2,9,3,9,Manhã
2712,2414,26.0,2026-09-03 09:20:06.860000-03:00,0.0,26.0,1,Cartão,ALFAJOR_BRANCO,1,6.0,EXPOINTER_2026,2,9,3,9,Manhã
2713,1624,25.0,2026-09-03 09:24:31.168000-03:00,0.0,25.0,1,Dinheiro,CUCA_ALEMÃ,1,25.0,EXPOINTER_2026,1,9,3,9,Manhã
2714,790,15.0,2026-09-03 09:59:03.933000-03:00,0.0,15.0,1,Dinheiro,CUCA_ENROLADA,1,15.0,EXPOINTER_2026,1,9,3,9,Manhã
2715,1528,80.0,2026-09-03 10:16:33.914000-03:00,0.0,80.0,1,Dinheiro,RAPADURA_DE_MELADO_(PACOTE_X3),12,6.666666666666667,EXPOINTER_2026,1,9,3,10,Manhã
2716,965,15.0,2026-09-03 10:23:33.854000-03:00,0.0,15.0,1,Dinheiro,CUCA_ENROLADA,1,15.0,EXPOINTER_2026,1,9,3,10,Manhã
2717,326,15.0,2026-09-03 10:24:20.339000-03:00,0.0,15.0,1,Dinheiro,CUCA_ENROLADA,1,15.0,EXPOINTER_2026,1,9,3,10,Manhã
2718,1094,15.0,2026-09-03 10:28:21.132000-03:00,0.0,15.0,1,Dinheiro,CUCA_ENROLADA,1,15.0,EXPOINTER_2026,1,9,3,10,Manhã
2719,279,15.0,2026-09-03 10:31:00.405000-03:00,0.0,15.0,1,Dinheiro,CUCA_ENROLADA,1,15.0,EXPOINTER_2026,1,9,3,10,Manhã
2720,936,30.0,2026-09-03 11:00:53.882000-03:00,0.0,30.0,1,Cartão,CUCA_ENROLADA,2,15.0,EXPOINTER_2026,1,9,3,11,Manhã
2721,1142,70.0,2026-09-03 11:24:57.929000-03:00,0.0,70.0,1,Cartão,CUCA_ALEMÃ,1,25.0,EXPOINTER_2026,2,9,3,11,Manhã
2722,1142,70.0,2026-09-03 11:24:57.929000-03:00,0.0,70.0,1,Cartão,CUCA_ENROLADA,3,15.0,EXPOINTER_2026,2,9,3,11,Manhã
2723,2177,5.0,2026-09-03 11:28:30.778000-03:00,0.0,5.0,1,Dinheiro,RAPADURA_ASSADA,1,5.0,EXPOINTER_2026,1,9,3,11,Manhã
2724,1925,15.0,2026-09-03 12:02:06.440000-03:00,0.0,15.0,1,Dinheiro,CUCA_ENROLADA,1,15.0,EXPOINTER_2026,1,9,3,12,Tarde
2725,1639,25.0,2026-09-03 12:04:50.116000-03:00,0.0,25.0,1,Cartão,RAPADURA_ASSADA_(PACOTE_X6),6,4.166666666666667,EXPOINTER_2026,1,9,3,12,Tarde
2726,1276,15.0,2026-09-03 12:34:26.473000-03:00,0.0,15.0,1,Dinheiro,CUCA_ENROLADA,1,15.0,EXPOINTER_2026,1,9,3,12,Tarde
2727,307,24.0,2026-09-03 12:44:27.628000-03:00,0.0,24.0,1,Cartão,ALFAJOR_BRANCO,2,6.0,EXPOINTER_2026,2,9,3,12,Tarde
2728,307,24.0,2026-09-03 12:44:27.628000-03:00,0.0,24.0,1,Cartão,ALFAJOR,2,6.0,EXPOINTER_2026,2,9,3,12,Tarde
2729,2122,25.0,2026-09-03 12:51:47.259000-03:00,0.0,25.0,1,Dinheiro,CUCA_ALEMÃ,1,25.0,EXPOINTER_2026,1,9,3,12,Tarde
2730,1202,11.0,2026-09-03 13:11:36.768000-03:00,4.0,15.0,1,Cartão,CUCA_ENROLADA,1,15.0,EXPOINTER_2026,1,9,3,13,Tarde
2731,722,15.0,2026-09-03 13:45:23.642000-03:00,0.0,15.0,1,Dinheiro,CUCA_ENROLADA,1,15.0,EXPOINTER_2026,1,9,3,13,Tarde
2732,1271,25.0,2026-09-03 13:55:32.921000-03:00,0.0,25.0,1,Cartão,CUCA_ALEMÃ,1,25.0,EXPOINTER_2026,1,9,3,13,Tarde
2733,585,30.0,2026-09-03 14:16:01.625000-03:00,0.0,30.0,1,Cartão,RAPADURA_DE_MELADO_(PACOTE_X3),3,6.666666666666667,EXPOINTER_2026,2,9,3,14,Tarde
2734,585,30.0,2026-09-03 14:16:01.625000-03:00,0.0,30.0,1,Cartão,RAPADURA_ASSADA,2,5.0,EXPOINTER_2026,2,9,3,14,Tarde
2735,2422,20.0,2026-09-03 14:16:20.144000-03:00,0.0,20.0,1,Dinheiro,RAPADURA_DE_MELADO_(PACOTE_X3),3,6.666666666666667,EXPOINTER_2026,1,9,3,14,Tarde
2736,2272,15.0,2026-09-03 14:17:59.209000-03:00,0.0,15.0,1,Dinheiro,CUCA_ENROLADA,1,15.0,EXPOINTER_2026,1,9,3,14,Tarde
2737,2126,20.0,2026-09-03 14:29:56.910000-03:00,0.0,20.0,1,Dinheiro,RAPADURA_DE_MELADO_(PACOTE_X3),3,6.666666666666667,EXPOINTER_2026,1,9,3,14,Tarde
2738,2258,6.0,2026-09-03 14:37:39.773000-03:00,0.0,6.0,1,Dinheiro,ALFAJOR,1,6.0,EXPOINTER_2026,1,9,3,14,Tarde
2739,820,15.0,2026-09-03 14:40:21.474000-03:00,0.0,15.0,1,Dinheiro,CUCA_ENROLADA,1,15.0,EXPOINTER_2026,1,9,3,14,Tarde
2740,1708,20.0,2026-09-03 14:52:48.544000-03:00,0.0,20.0,1,Cartão,RAPADURA_DE_MELADO_(PACOTE_X3),3,6.666666666666667,EXPOINTER_2026,1,9,3,14,Tarde
2741,1332,15.0,2026-09-03 15:17:40.850000-03:00,0.0,15.0,1,Cartão,CUCA_ENROLADA,1,15.0,EXPOINTER_2026,1,9,3,15,Tarde
2742,894,20.0,2026-09-03 15:23:58.821000-03:00,0.0,20.0,1,Dinheiro,RAPADURA_DE_MELADO_(PACOTE_X3),3,6.666666666666667,EXPOINTER_2026,1,9,3,15,Tarde
2743,1560,10.0,2026-09-03 15:25:01.488000-03:00,0.0,10.0,1,Dinheiro,RAPADURA_ASSADA,2,5.0,EXPOINTER_2026,1,9,3,15,Tarde
2744,256,18.0,2026-09-03 15:49:53.520000-03:00,0.0,18.0,1,Pix,CRI-CRI_200G,1,8.0,EXPOINTER_2026,2,9,3,15,Tarde
2745,256,18.0,2026-09-03 15:49:53.520000-03:00,0.0,18.0,1,Pix,BOLACHA_DE_MANTEIGA,1,10.0,EXPOINTER_2026,2,9,3,15,Tarde
2746,2026,20.0,2026-09-03 16:10:25.592000-03:00,0.0,20.0,1,Pix,ALFAJOR_BRANCO_(PACOTE_X4),4,5.0,EXPOINTER_2026,1,9,3,16,Tarde
2747,650,5.0,2026-09-03 16:11:50.162000-03:00,0.0,5.0,1,Dinheiro,BOLACHA_COBERTURA_CHOCOLATE,1,5.0,EXPOINTER_2026,1,9,3,16,Tarde
2748,1882,25.0,2026-09-03 16:17:46.411000-03:00,0.0,25.0,1,Cartão,CUCA_ENROLADA,1,15.0,EXPOINTER_2026,2,9,3,16,Tarde
2749,1882,25.0,2026-09-03 16:17:46.411000-03:00,0.0,25.0,1,Cartão,BOLACHA_DE_MANTEIGA,1,10.0,EXPOINTER_2026,2,9,3,16,Tarde
2750,1108,20.0,2026-09-03 16:18:30.331000-03:00,0.0,20.0,1,Pix,BOLACHA_DE_MANTEIGA,2,10.0,EXPOINTER_2026,1,9,3,16,Tarde
2751,872,40.0,2026-09-03 16:32:12.241000-03:00,0.0,40.0,1,Dinheiro,CUCA_ENROLADA,1,15.0,EXPOINTER_2026,3,9,3,16,Tarde
2752,872,40.0,2026-09-03 16:32:12.241000-03:00,0.0,40.0,1,Dinheiro,RAPADURA_DE_MELADO_(PACOTE_X3),3,6.666666666666667,EXPOINTER_2026,3,9,3,16,Tarde
2753,872,40.0,2026-09-03 16:32:12.241000-03:00,0.0,40.0,1,Dinheiro,RAPADURA_ASSADA,1,5.0,EXPOINTER_2026,3,9,3,16,Tarde
2754,204,15.0,2026-09-03 17:08:58.831000-03:00,0.0,15.0,1,Dinheiro,CUCA_ENROLADA,1,15.0,EXPOINTER_2026,1,9,3,17,Tarde
2755,669,15.0,2026-09-03 17:14:23.846000-03:00,0.0,15.0,1,Cartão,CUCA_ENROLADA,1,15.0,EXPOINTER_2026,1,9,3,17,Tarde
2756,85,12.0,2026-09-03 17:15:09.850000-03:00,0.0,12.0,1,Pix,ALFAJOR_BRANCO,1,6.0,EXPOINTER_2026,2,9,3,17,Tarde
2757,85,12.0,2026-09-03 17:15:09.850000-03:00,0.0,12.0,1,Pix,ALFAJOR,1,6.0,EXPOINTER_2026,2,9,3,17,Tarde
2758,952,7.0,2026-09-03 17:15:34.511000-03:00,0.0,7.0,1,Dinheiro,CARRAPINHA,1,7.0,EXPOINTER_2026,1,9,3,17,Tarde
2759,2294,15.0,2026-09-03 17:19:13.279000-03:00,0.0,15.0,1,Cartão,CUCA_ENROLADA,1,15.0,EXPOINTER_2026,1,9,3,17,Tarde
2760,332,20.0,2026-09-03 17:31:09.809000-03:00,0.0,20.0,1,Cartão,RAPADURA_DE_MELADO_(PACOTE_X3),3,6.666666666666667,EXPOINTER_2026,1,9,3,17,Tarde
2761,528,20.0,2026-09-03 17:33:47.530000-03:00,0.0,20.0,1,Cartão,RAPADURA_DE_MELADO_(PACOTE_X3),3,6.666666666666667,EXPOINTER_2026,1,9,3,17,Tarde
2762,1717,30.0,2026-09-03 17:34:52.172000-03:00,0.0,30.0,1,Cartão,CUCA_ENROLADA,2,15.0,EXPOINTER_2026,1,9,3,17,Tarde
2763,1794,25.0,2026-09-03 18:02:45.293000-03:00,0.0,25.0,1,Dinheiro,RAPADURA_ASSADA_(PACOTE_X6),6,4.166666666666667,EXPOINTER_2026,1,9,3,18,Noite
2764,2402,15.0,2026-09-03 18:05:42.478000-03:00,0.0,15.0,1,Cartão,CUCA_ENROLADA,1,15.0,EXPOINTER_2026,1,9,3,18,Noite
2765,213,15.0,2026-09-03 18:20:12.355000-03:00,0.0,15.0,1,Pix,CUCA_ENROLADA,1,15.0,EXPOINTER_2026,1,9,3,18,Noite
2766,1341,15.0,2026-09-03 18:22:38.097000-03:00,0.0,15.0,1,Cartão,CUCA_ENROLADA,1,15.0,EXPOINTER_2026,1,9,3,18,Noite
2767,1872,15.0,2026-09-03 18:59:00.681000-03:00,0.0,15.0,1,Dinheiro,CUCA_ENROLADA,1,15.0,EXPOINTER_2026,1,9,3,18,Noite
2768,0,15.0,2026-09-03 19:40:52.860000-03:00,0.0,15.0,1,Dinheiro,CUCA_ENROLADA,1,15.0,EXPOINTER_2026,1,9,3,19,Noite
2769,1791,50.0,2026-09-04 09:30:13.045000-03:00,0.0,50.0,1,Dinheiro,RAPADURA_ASSADA_(PACOTE_X6),12,4.166666666666667,EXPOINTER_2026,1,9,4,9,Manhã
2770,1483,25.0,2026-09-04 09:31:08.786000-03:00,0.0,25.0,1,Cartão,RAPADURA_ASSADA_(PACOTE_X6),6,4.166666666666667,EXPOINTER_2026,1,9,4,9,Manhã
2771,1954,115.0,2026-09-04 09:47:48.903000-03:00,0.0,115.0,1,Cartão,CUCA_ALEMÃ,4,25.0,EXPOINTER_2026,2,9,4,9,Manhã
2772,1954,115.0,2026-09-04 09:47:48.903000-03:00,0.0,115.0,1,Cartão,CUCA_ENROLADA,1,15.0,EXPOINTER_2026,2,9,4,9,Manhã
2773,2351,25.0,2026-09-04 09:49:10.968000-03:00,0.0,25.0,1,Dinheiro,CUCA_ALEMÃ,1,25.0,EXPOINTER_2026,1,9,4,9,Manhã
2774,223,48.0,2026-09-04 09:59:25.263000-03:00,0.0,48.0,1,Cartão,CUCA_ENROLADA,1,15.0,EXPOINTER_2026,3,9,4,9,Manhã
2775,223,48.0,2026-09-04 09:59:25.263000-03:00,0.0,48.0,1,Cartão,CRI-CRI_200G,1,8.0,EXPOINTER_2026,3,9,4,9,Manhã
2776,223,48.0,2026-09-04 09:59:25.263000-03:00,0.0,48.0,1,Cartão,RAPADURA_ASSADA_(PACOTE_X6),6,4.166666666666667,EXPOINTER_2026,3,9,4,9,Manhã
2777,2089,50.0,2026-09-04 10:12:56.491000-03:00,0.0,50.0,1,Dinheiro,CUCA_ALEMÃ,2,25.0,EXPOINTER_2026,1,9,4,10,Manhã
2778,702,25.0,2026-09-04 10:13:12.974000-03:00,0.0,25.0,1,Cartão,CUCA_ALEMÃ,1,25.0,EXPOINTER_2026,1,9,4,10,Manhã
2779,1746,25.0,2026-09-04 10:20:16.352000-03:00,0.0,25.0,1,Dinheiro,CUCA_ALEMÃ,1,25.0,EXPOINTER_2026,1,9,4,10,Manhã
2780,1441,25.0,2026-09-04 10:26:12.082000-03:00,0.0,25.0,1,Cartão,CUCA_ALEMÃ,1,25.0,EXPOINTER_2026,1,9,4,10,Manhã
2781,215,50.0,2026-09-04 10:45:40.297000-03:00,0.0,50.0,1,Cartão,CUCA_ALEMÃ,2,25.0,EXPOINTER_2026,1,9,4,10,Manhã
2782,219,50.0,2026-09-04 10:58:29.337000-03:00,0.0,50.0,1,Cartão,CUCA_ALEMÃ,2,25.0,EXPOINTER_2026,1,9,4,10,Manhã
2783,254,25.0,2026-09-04 11:15:30.963000-03:00,0.0,25.0,1,Dinheiro,CUCA_ALEMÃ,1,25.0,EXPOINTER_2026,1,9,4,11,Manhã
2784,1523,25.0,2026-09-04 11:31:38.287000-03:00,0.0,25.0,1,Cartão,CUCA_ALEMÃ,1,25.0,EXPOINTER_2026,1,9,4,11,Manhã
2785,95,25.0,2026-09-04 11:31:49.322000-03:00,0.0,25.0,1,Pix,CUCA_ALEMÃ,1,25.0,EXPOINTER_2026,1,9,4,11,Manhã
2786,138,25.0,2026-09-04 11:41:43.713000-03:00,0.0,25.0,1,Dinheiro,CUCA_ALEMÃ,1,25.0,EXPOINTER_2026,1,9,4,11,Manhã
2787,1449,50.0,2026-09-04 11:59:12.989000-03:00,0.0,50.0,1,Cartão,CUCA_ALEMÃ,2,25.0,EXPOINTER_2026,1,9,4,11,Manhã
2788,1389,50.0,2026-09-04 12:30:53.260000-03:00,0.0,50.0,1,Cartão,CUCA_ALEMÃ,2,25.0,EXPOINTER_2026,1,9,4,12,Tarde
2789,2058,72.0,2026-09-04 12:35:58.574000-03:00,0.0,72.0,1,Dinheiro,CUCA_ALEMÃ,2,25.0,EXPOINTER_2026,3,9,4,12,Tarde
2790,2058,72.0,2026-09-04 12:35:58.574000-03:00,0.0,72.0,1,Dinheiro,CUCA_ENROLADA,1,15.0,EXPOINTER_2026,3,9,4,12,Tarde
2791,2058,72.0,2026-09-04 12:35:58.574000-03:00,0.0,72.0,1,Dinheiro,RAPADURA_DE_MELADO,1,7.0,EXPOINTER_2026,3,9,4,12,Tarde
2792,1544,25.0,2026-09-04 12:36:11.190000-03:00,0.0,25.0,1,Cartão,CUCA_ALEMÃ,1,25.0,EXPOINTER_2026,1,9,4,12,Tarde
2793,1151,18.0,2026-09-04 12:36:30.022000-03:00,1.0,19.0,1,Dinheiro,ALFAJOR,2,6.0,EXPOINTER_2026,2,9,4,12,Tarde
2794,1151,18.0,2026-09-04 12:36:30.022000-03:00,1.0,19.0,1,Dinheiro,RAPADURA_DE_MELADO,1,7.0,EXPOINTER_2026,2,9,4,12,Tarde
2795,877,50.0,2026-09-04 12:41:00.868000-03:00,0.0,50.0,1,Dinheiro,CUCA_ALEMÃ,2,25.0,EXPOINTER_2026,1,9,4,12,Tarde
2796,1531,25.0,2026-09-04 12:50:15.956000-03:00,0.0,25.0,1,Cartão,RAPADURA_ASSADA_(PACOTE_X6),6,4.166666666666667,EXPOINTER_2026,1,9,4,12,Tarde
2797,860,10.0,2026-09-04 12:51:29.982000-03:00,0.0,10.0,1,Dinheiro,RAPADURA_ASSADA,2,5.0,EXPOINTER_2026,1,9,4,12,Tarde
2798,359,6.0,2026-09-04 12:51:39.768000-03:00,0.0,6.0,1,Dinheiro,ALFAJOR,1,6.0,EXPOINTER_2026,1,9,4,12,Tarde
2799,1089,70.0,2026-09-04 12:57:18.121000-03:00,0.0,70.0,1,Cartão,CUCA_ALEMÃ,2,25.0,EXPOINTER_2026,2,9,4,12,Tarde
2800,1089,70.0,2026-09-04 12:57:18.121000-03:00,0.0,70.0,1,Cartão,ALFAJOR_PRETO_(PACOTE_X4),4,5.0,EXPOINTER_2026,2,9,4,12,Tarde
2801,1511,15.0,2026-09-04 13:23:29.702000-03:00,0.0,15.0,1,Cartão,CUCA_ENROLADA,1,15.0,EXPOINTER_2026,1,9,4,13,Tarde
2802,2368,20.0,2026-09-04 13:27:40.110000-03:00,0.0,20.0,1,Cartão,RAPADURA_DE_MELADO,1,7.0,EXPOINTER_2026,3,9,4,13,Tarde
2803,2368,20.0,2026-09-04 13:27:40.110000-03:00,0.0,20.0,1,Cartão,BOLACHA_COBERTURA_CHOCOLATE,1,5.0,EXPOINTER_2026,3,9,4,13,Tarde
2804,2368,20.0,2026-09-04 13:27:40.110000-03:00,0.0,20.0,1,Cartão,CRI-CRI_200G,1,8.0,EXPOINTER_2026,3,9,4,13,Tarde
2805,564,50.0,2026-09-04 13:39:41.519000-03:00,0.0,50.0,1,Cartão,CUCA_ALEMÃ,2,25.0,EXPOINTER_2026,1,9,4,13,Tarde
2806,1338,50.0,2026-09-04 13:40:53.406000-03:00,0.0,50.0,1,Dinheiro,CUCA_ALEMÃ,2,25.0,EXPOINTER_2026,1,9,4,13,Tarde
2807,1138,50.0,2026-09-04 13:44:55.091000-03:00,0.0,50.0,1,Pix,CUCA_ALEMÃ,2,25.0,EXPOINTER_2026,1,9,4,13,Tarde
2808,2184,50.0,2026-09-04 13:46:36.693000-03:00,0.0,50.0,1,Cartão,CUCA_ALEMÃ,2,25.0,EXPOINTER_2026,1,9,4,13,Tarde
2809,1157,25.0,2026-09-04 13:53:58.842000-03:00,0.0,25.0,1,Dinheiro,CUCA_ALEMÃ,1,25.0,EXPOINTER_2026,1,9,4,13,Tarde
2810,2038,25.0,2026-09-04 14:09:00.999000-03:00,0.0,25.0,1,Dinheiro,CUCA_ALEMÃ,1,25.0,EXPOINTER_2026,1,9,4,14,Tarde
2811,1438,25.0,2026-09-04 14:09:28.825000-03:00,0.0,25.0,1,Cartão,CUCA_ALEMÃ,1,25.0,EXPOINTER_2026,1,9,4,14,Tarde
2812,2082,25.0,2026-09-04 14:16:51.373000-03:00,0.0,25.0,1,Dinheiro,CUCA_ALEMÃ,1,25.0,EXPOINTER_2026,1,9,4,14,Tarde
2813,473,25.0,2026-09-04 14:21:43.921000-03:00,0.0,25.0,1,Cartão,CUCA_ALEMÃ,1,25.0,EXPOINTER_2026,1,9,4,14,Tarde
2814,241,15.0,2026-09-04 14:43:29.563000-03:00,0.0,15.0,0,Pix,CUCA_ENROLADA,1,15.0,EXPOINTER_2026,1,9,4,14,Tarde
2815,2276,25.0,2026-09-04 14:44:13.759000-03:00,0.0,25.0,0,Cartão,CUCA_ALEMÃ,1,25.0,EXPOINTER_2026,1,9,4,14,Tarde
2816,106,25.0,2026-09-04 14:44:30.701000-03:00,0.0,25.0,0,Pix,CUCA_ALEMÃ,1,25.0,EXPOINTER_2026,1,9,4,14,Tarde
2817,10,25.0,2026-09-04 14:44:52.527000-03:00,0.0,25.0,1,Dinheiro,CUCA_ALEMÃ,1,25.0,EXPOINTER_2026,1,9,4,14,Tarde
2818,861,65.0,2026-09-04 14:54:34.167000-03:00,0.0,65.0,1,Pix,CUCA_ALEMÃ,2,25.0,EXPOINTER_2026,2,9,4,14,Tarde
2819,861,65.0,2026-09-04 14:54:34.167000-03:00,0.0,65.0,1,Pix,CUCA_ENROLADA,1,15.0,EXPOINTER_2026,2,9,4,14,Tarde
2820,1978,25.0,2026-09-04 14:57:15.925000-03:00,0.0,25.0,1,Pix,CUCA_ALEMÃ,1,25.0,EXPOINTER_2026,1,9,4,14,Tarde
2821,1430,40.0,2026-09-04 15:09:53.140000-03:00,0.0,40.0,1,Cartão,CUCA_ALEMÃ,1,25.0,EXPOINTER_2026,2,9,4,15,Tarde
2822,1430,40.0,2026-09-04 15:09:53.140000-03:00,0.0,40.0,1,Cartão,CUCA_ENROLADA,1,15.0,EXPOINTER_2026,2,9,4,15,Tarde
2823,1619,24.0,2026-09-04 15:11:32.870000-03:00,0.0,24.0,1,Cartão,RAPADURA_ASSADA,1,5.0,EXPOINTER_2026,3,9,4,15,Tarde
2824,1619,24.0,2026-09-04 15:11:32.870000-03:00,0.0,24.0,1,Cartão,RAPADURA_DE_MELADO,2,7.0,EXPOINTER_2026,3,9,4,15,Tarde
2825,1619,24.0,2026-09-04 15:11:32.870000-03:00,0.0,24.0,1,Cartão,BOLACHA_COBERTURA_CHOCOLATE,1,5.0,EXPOINTER_2026,3,9,4,15,Tarde
2826,1239,20.0,2026-09-04 15:11:49.241000-03:00,0.0,20.0,1,Dinheiro,RAPADURA_ASSADA,4,5.0,EXPOINTER_2026,1,9,4,15,Tarde
2827,1786,25.0,2026-09-04 15:12:12.529000-03:00,0.0,25.0,1,Dinheiro,CUCA_ALEMÃ,1,25.0,EXPOINTER_2026,1,9,4,15,Tarde
2828,246,25.0,2026-09-04 15:19:45.420000-03:00,0.0,25.0,1,Cartão,CUCA_ALEMÃ,1,25.0,EXPOINTER_2026,1,9,4,15,Tarde
2829,1218,5.0,2026-09-04 15:22:11.384000-03:00,0.0,5.0,0,Dinheiro,BOLACHA_COBERTURA_CHOCOLATE,1,5.0,EXPOINTER_2026,1,9,4,15,Tarde
2830,1579,50.0,2026-09-04 15:22:19.501000-03:00,0.0,50.0,1,Pix,CUCA_ALEMÃ,2,25.0,EXPOINTER_2026,1,9,4,15,Tarde
2831,1022,25.0,2026-09-04 15:22:28.682000-03:00,0.0,25.0,1,Pix,CUCA_ALEMÃ,1,25.0,EXPOINTER_2026,1,9,4,15,Tarde
2832,572,25.0,2026-09-04 15:25:05.490000-03:00,0.0,25.0,0,Cartão,CUCA_ALEMÃ,1,25.0,EXPOINTER_2026,1,9,4,15,Tarde
2833,851,25.0,2026-09-04 15:35:33.058000-03:00,0.0,25.0,0,Cartão,CUCA_ALEMÃ,1,25.0,EXPOINTER_2026,1,9,4,15,Tarde
2834,1485,25.0,2026-09-04 15:35:36.930000-03:00,0.0,25.0,0,Dinheiro,CUCA_ALEMÃ,1,25.0,EXPOINTER_2026,1,9,4,15,Tarde
2835,1837,70.0,2026-09-04 15:43:13.544000-03:00,0.0,70.0,0,Cartão,CUCA_ALEMÃ,2,25.0,EXPOINTER_2026,2,9,4,15,Tarde
2836,1837,70.0,2026-09-04 15:43:13.544000-03:00,0.0,70.0,0,Cartão,RAPADURA_DE_MELADO_(PACOTE_X3),3,6.666666666666667,EXPOINTER_2026,2,9,4,15,Tarde
2837,1097,25.0,2026-09-04 15:43:32.497000-03:00,0.0,25.0,0,Pix,CUCA_ALEMÃ,1,25.0,EXPOINTER_2026,1,9,4,15,Tarde
2838,1590,40.0,2026-09-04 15:46:40.302000-03:00,0.0,40.0,0,Cartão,ALFAJOR_BRANCO_(PACOTE_X4),4,5.0,EXPOINTER_2026,2,9,4,15,Tarde
2839,1590,40.0,2026-09-04 15:46:40.302000-03:00,0.0,40.0,0,Cartão,ALFAJOR_PRETO_(PACOTE_X4),4,5.0,EXPOINTER_2026,2,9,4,15,Tarde
2840,2340,25.0,2026-09-04 15:59:50.795000-03:00,0.0,25.0,1,Dinheiro,CUCA_ALEMÃ,1,25.0,EXPOINTER_2026,1,9,4,15,Tarde
2841,1365,25.0,2026-09-04 16:01:04.328000-03:00,0.0,25.0,1,Cartão,CUCA_ALEMÃ,1,25.0,EXPOINTER_2026,1,9,4,16,Tarde
2842,829,25.0,2026-09-04 16:01:26.607000-03:00,0.0,25.0,0,Cartão,CUCA_ALEMÃ,1,25.0,EXPOINTER_2026,1,9,4,16,Tarde
2843,2016,25.0,2026-09-04 16:04:42.931000-03:00,0.0,25.0,0,Cartão,CUCA_ALEMÃ,1,25.0,EXPOINTER_2026,1,9,4,16,Tarde
2844,288,25.0,2026-09-04 16:05:48.103000-03:00,0.0,25.0,0,Dinheiro,CUCA_ALEMÃ,1,25.0,EXPOINTER_2026,1,9,4,16,Tarde
2845,2175,25.0,2026-09-04 16:07:42.662000-03:00,0.0,25.0,0,Dinheiro,CUCA_ALEMÃ,1,25.0,EXPOINTER_2026,1,9,4,16,Tarde
2846,2259,75.0,2026-09-04 16:18:10.259000-03:00,0.0,75.0,0,Cartão,CUCA_ALEMÃ,3,25.0,EXPOINTER_2026,1,9,4,16,Tarde
2847,566,20.0,2026-09-04 16:21:42.298000-03:00,0.0,20.0,0,Cartão,RAPADURA_DE_MELADO_GRÃO_MOÍDO_(PACOTE_X1),1,20.0,EXPOINTER_2026,1,9,4,16,Tarde
2848,2312,20.0,2026-09-04 16:21:56.928000-03:00,0.0,20.0,0,Cartão,BOLACHA_COBERTURA_CHOCOLATE,4,5.0,EXPOINTER_2026,1,9,4,16,Tarde
2849,455,25.0,2026-09-04 16:24:01.633000-03:00,0.0,25.0,1,Dinheiro,CUCA_ALEMÃ,1,25.0,EXPOINTER_2026,1,9,4,16,Tarde
2850,1924,50.0,2026-09-04 16:24:49.784000-03:00,0.0,50.0,0,Cartão,CUCA_ALEMÃ,2,25.0,EXPOINTER_2026,1,9,4,16,Tarde
2851,761,25.0,2026-09-04 16:29:01.151000-03:00,0.0,25.0,0,Dinheiro,CUCA_ALEMÃ,1,25.0,EXPOINTER_2026,1,9,4,16,Tarde
2852,1313,25.0,2026-09-04 16:29:19.058000-03:00,0.0,25.0,0,Cartão,CUCA_ALEMÃ,1,25.0,EXPOINTER_2026,1,9,4,16,Tarde
2853,318,6.0,2026-09-04 16:31:38.193000-03:00,1.0,7.0,0,Dinheiro,RAPADURA_DE_MELADO_GRÃO_MOÍDO,1,7.0,EXPOINTER_2026,1,9,4,16,Tarde
2854,2391,25.0,2026-09-04 16:38:39.810000-03:00,0.0,25.0,0,Dinheiro,CUCA_ALEMÃ,1,25.0,EXPOINTER_2026,1,9,4,16,Tarde
2855,2207,5.0,2026-09-04 16:49:15.221000-03:00,0.0,5.0,0,Cartão,BOLACHA_COBERTURA_CHOCOLATE,1,5.0,EXPOINTER_2026,1,9,4,16,Tarde
2856,1357,25.0,2026-09-04 16:50:58.200000-03:00,0.0,25.0,0,Pix,CUCA_ALEMÃ,1,25.0,EXPOINTER_2026,1,9,4,16,Tarde
2857,2196,25.0,2026-09-04 16:57:02.630000-03:00,0.0,25.0,0,Cartão,CUCA_ALEMÃ,1,25.0,EXPOINTER_2026,1,9,4,16,Tarde
2858,2147,25.0,2026-09-04 16:57:19.594000-03:00,0.0,25.0,0,Cartão,CUCA_ALEMÃ,1,25.0,EXPOINTER_2026,1,9,4,16,Tarde
2859,371,65.0,2026-09-04 17:06:42.073000-03:00,0.0,65.0,1,Cartão,CUCA_ENROLADA,1,15.0,EXPOINTER_2026,2,9,4,17,Tarde
2860,371,65.0,2026-09-04 17:06:42.073000-03:00,0.0,65.0,1,Cartão,CUCA_ALEMÃ,2,25.0,EXPOINTER_2026,2,9,4,17,Tarde
2861,802,25.0,2026-09-04 17:09:08.320000-03:00,0.0,25.0,1,Cartão,CUCA_ALEMÃ,1,25.0,EXPOINTER_2026,1,9,4,17,Tarde
2862,1535,50.0,2026-09-04 17:16:43.846000-03:00,0.0,50.0,1,Dinheiro,CUCA_ALEMÃ,2,25.0,EXPOINTER_2026,1,9,4,17,Tarde
2863,1192,25.0,2026-09-04 17:18:51.680000-03:00,0.0,25.0,1,Cartão,CUCA_ALEMÃ,1,25.0,EXPOINTER_2026,1,9,4,17,Tarde
2864,1027,25.0,2026-09-04 17:18:55.605000-03:00,0.0,25.0,1,Dinheiro,CUCA_ALEMÃ,1,25.0,EXPOINTER_2026,1,9,4,17,Tarde
2865,1519,25.0,2026-09-04 17:20:12.149000-03:00,0.0,25.0,1,Cartão,CUCA_ALEMÃ,1,25.0,EXPOINTER_2026,1,9,4,17,Tarde
2866,1710,25.0,2026-09-04 17:22:05.076000-03:00,0.0,25.0,1,Dinheiro,CUCA_ALEMÃ,1,25.0,EXPOINTER_2026,1,9,4,17,Tarde
2867,234,25.0,2026-09-04 17:31:52.099000-03:00,0.0,25.0,1,Cartão,CUCA_ALEMÃ,1,25.0,EXPOINTER_2026,1,9,4,17,Tarde
2868,1099,25.0,2026-09-04 17:33:49.662000-03:00,0.0,25.0,1,Cartão,CUCA_ALEMÃ,1,25.0,EXPOINTER_2026,1,9,4,17,Tarde
2869,2182,25.0,2026-09-04 17:38:10.580000-03:00,0.0,25.0,1,Dinheiro,CUCA_ALEMÃ,1,25.0,EXPOINTER_2026,1,9,4,17,Tarde
2870,1274,25.0,2026-09-04 17:38:29.247000-03:00,0.0,25.0,1,Pix,CUCA_ALEMÃ,1,25.0,EXPOINTER_2026,1,9,4,17,Tarde
2871,831,25.0,2026-09-04 17:38:48.692000-03:00,0.0,25.0,1,Pix,CUCA_ALEMÃ,1,25.0,EXPOINTER_2026,1,9,4,17,Tarde
2872,1510,25.0,2026-09-04 17:39:00.234000-03:00,0.0,25.0,1,Dinheiro,CUCA_ALEMÃ,1,25.0,EXPOINTER_2026,1,9,4,17,Tarde
2873,2127,50.0,2026-09-04 17:42:51.688000-03:00,0.0,50.0,1,Pix,CUCA_ALEMÃ,2,25.0,EXPOINTER_2026,1,9,4,17,Tarde
2874,1822,25.0,2026-09-04 17:47:30.835000-03:00,0.0,25.0,1,Dinheiro,CUCA_ALEMÃ,1,25.0,EXPOINTER_2026,1,9,4,17,Tarde
2875,1976,25.0,2026-09-04 17:54:39.301000-03:00,0.0,25.0,0,Cartão,CUCA_ALEMÃ,1,25.0,EXPOINTER_2026,1,9,4,17,Tarde
2876,2056,25.0,2026-09-04 18:07:50.289000-03:00,0.0,25.0,0,Cartão,CUCA_ALEMÃ,1,25.0,EXPOINTER_2026,1,9,4,18,Noite
2877,1640,25.0,2026-09-04 18:20:02.663000-03:00,0.0,25.0,0,Cartão,CUCA_ALEMÃ,1,25.0,EXPOINTER_2026,1,9,4,18,Noite
2878,1180,25.0,2026-09-04 18:21:12.442000-03:00,0.0,25.0,0,Cartão,CUCA_ALEMÃ,1,25.0,EXPOINTER_2026,1,9,4,18,Noite
2879,1137,15.0,2026-09-04 18:23:58.260000-03:00,0.0,15.0,0,Cartão,CUCA_ENROLADA,1,15.0,EXPOINTER_2026,1,9,4,18,Noite
2880,1530,25.0,2026-09-04 18:29:40.496000-03:00,0.0,25.0,0,Cartão,CUCA_ALEMÃ,1,25.0,EXPOINTER_2026,1,9,4,18,Noite
2881,758,38.0,2026-09-04 18:30:33.879000-03:00,0.0,38.0,0,Cartão,BOLACHA_COBERTURA_CHOCOLATE,2,5.0,EXPOINTER_2026,3,9,4,18,Noite
2882,758,38.0,2026-09-04 18:30:33.879000-03:00,0.0,38.0,0,Cartão,CRI-CRI_200G,1,8.0,EXPOINTER_2026,3,9,4,18,Noite
2883,758,38.0,2026-09-04 18:30:33.879000-03:00,0.0,38.0,0,Cartão,ALFAJOR_PRETO_(PACOTE_X4),4,5.0,EXPOINTER_2026,3,9,4,18,Noite
2884,493,25.0,2026-09-04 18:31:34.027000-03:00,0.0,25.0,0,Pix,CUCA_ALEMÃ,1,25.0,EXPOINTER_2026,1,9,4,18,Noite
2885,698,25.0,2026-09-04 18:31:44.706000-03:00,0.0,25.0,0,Dinheiro,CUCA_ALEMÃ,1,25.0,EXPOINTER_2026,1,9,4,18,Noite
2886,1036,25.0,2026-09-04 18:37:46.516000-03:00,0.0,25.0,1,Cartão,CUCA_ALEMÃ,1,25.0,EXPOINTER_2026,1,9,4,18,Noite
2887,1805,25.0,2026-09-04 18:56:09.217000-03:00,0.0,25.0,1,Cartão,CUCA_ALEMÃ,1,25.0,EXPOINTER_2026,1,9,4,18,Noite
2888,1172,75.0,2026-09-04 19:11:44.650000-03:00,0.0,75.0,1,Cartão,CUCA_ALEMÃ,3,25.0,EXPOINTER_2026,1,9,4,19,Noite
2889,1458,25.0,2026-09-04 19:31:21.748000-03:00,0.0,25.0,1,Cartão,CUCA_ALEMÃ,1,25.0,EXPOINTER_2026,1,9,4,19,Noite
2890,636,100.0,2026-09-04 19:32:22.891000-03:00,0.0,100.0,1,Cartão,CUCA_ALEMÃ,4,25.0,EXPOINTER_2026,1,9,4,19,Noite
2891,1656,100.0,2026-09-04 19:33:08.521000-03:00,0.0,100.0,1,Cartão,CUCA_ALEMÃ,4,25.0,EXPOINTER_2026,1,9,4,19,Noite
2892,1647,125.0,2026-09-04 19:34:30.673000-03:00,0.0,125.0,1,Dinheiro,CUCA_ALEMÃ,5,25.0,EXPOINTER_2026,1,9,4,19,Noite
2893,164,45.0,2026-09-04 20:06:58.657000-03:00,0.0,45.0,1,Cartão,CARRAPINHA,2,7.0,EXPOINTER_2026,3,9,4,20,Noite
2894,164,45.0,2026-09-04 20:06:58.657000-03:00,0.0,45.0,1,Cartão,AMENDOIM_TEMPERADO_100G,1,6.0,EXPOINTER_2026,3,9,4,20,Noite
2895,164,45.0,2026-09-04 20:06:58.657000-03:00,0.0,45.0,1,Cartão,CUCA_ALEMÃ,1,25.0,EXPOINTER_2026,3,9,4,20,Noite
2896,2029,25.0,2026-09-04 20:07:08.260000-03:00,0.0,25.0,1,Cartão,CUCA_ALEMÃ,1,25.0,EXPOINTER_2026,1,9,4,20,Noite
2897,2438,25.0,2026-09-05 08:12:42.539000-03:00,0.0,25.0,0,Cartão,CUCA_ALEMÃ,1,25.0,EXPOINTER_2026,1,9,5,8,Manhã
2898,931,25.0,2026-09-05 08:12:51.277000-03:00,0.0,25.0,0,Dinheiro,CUCA_ALEMÃ,1,25.0,EXPOINTER_2026,1,9,5,8,Manhã
2899,1792,50.0,2026-09-05 08:40:23.508000-03:00,0.0,50.0,0,Cartão,CUCA_ALEMÃ,2,25.0,EXPOINTER_2026,1,9,5,8,Manhã
2900,1299,25.0,2026-09-05 08:47:20.229000-03:00,0.0,25.0,0,Pix,CUCA_ALEMÃ,1,25.0,EXPOINTER_2026,1,9,5,8,Manhã
2901,1065,32.0,2026-09-05 08:57:31.760000-03:00,0.0,32.0,0,Cartão,CUCA_ALEMÃ,1,25.0,EXPOINTER_2026,2,9,5,8,Manhã
2902,1065,32.0,2026-09-05 08:57:31.760000-03:00,0.0,32.0,0,Cartão,CARRAPINHA,1,7.0,EXPOINTER_2026,2,9,5,8,Manhã
2903,796,25.0,2026-09-05 08:57:54.051000-03:00,0.0,25.0,0,Cartão,CUCA_ALEMÃ,1,25.0,EXPOINTER_2026,1,9,5,8,Manhã
2904,1664,15.0,2026-09-05 09:03:49.708000-03:00,0.0,15.0,0,Dinheiro,CUCA_ENROLADA,1,15.0,EXPOINTER_2026,1,9,5,9,Manhã
2905,519,65.0,2026-09-05 09:08:24.415000-03:00,0.0,65.0,0,Cartão,CUCA_ALEMÃ,2,25.0,EXPOINTER_2026,2,9,5,9,Manhã
2906,519,65.0,2026-09-05 09:08:24.415000-03:00,0.0,65.0,0,Cartão,CUCA_ENROLADA,1,15.0,EXPOINTER_2026,2,9,5,9,Manhã
2907,1393,25.0,2026-09-05 09:20:16.374000-03:00,0.0,25.0,0,Dinheiro,CUCA_ALEMÃ,1,25.0,EXPOINTER_2026,1,9,5,9,Manhã
2908,514,55.0,2026-09-05 09:20:41.709000-03:00,0.0,55.0,0,Dinheiro,RAPADURA_ASSADA_(PACOTE_X6),12,4.166666666666667,EXPOINTER_2026,2,9,5,9,Manhã
2909,514,55.0,2026-09-05 09:20:41.709000-03:00,0.0,55.0,0,Dinheiro,RAPADURA_ASSADA,1,5.0,EXPOINTER_2026,2,9,5,9,Manhã
2910,694,33.0,2026-09-05 09:25:42.690000-03:00,0.0,33.0,0,Pix,CUCA_ALEMÃ,1,25.0,EXPOINTER_2026,2,9,5,9,Manhã
2911,694,33.0,2026-09-05 09:25:42.690000-03:00,0.0,33.0,0,Pix,CRI-CRI_200G,1,8.0,EXPOINTER_2026,2,9,5,9,Manhã
2912,2114,25.0,2026-09-05 09:54:07.111000-03:00,0.0,25.0,0,Pix,CUCA_ALEMÃ,1,25.0,EXPOINTER_2026,1,9,5,9,Manhã
2913,2443,30.0,2026-09-05 09:54:24.970000-03:00,0.0,30.0,0,Dinheiro,CUCA_ENROLADA,2,15.0,EXPOINTER_2026,1,9,5,9,Manhã
2914,531,25.0,2026-09-05 10:07:32.182000-03:00,0.0,25.0,0,Cartão,CUCA_ALEMÃ,1,25.0,EXPOINTER_2026,1,9,5,10,Manhã
2915,1566,100.0,2026-09-05 10:14:09.521000-03:00,0.0,100.0,0,Cartão,CUCA_ALEMÃ,4,25.0,EXPOINTER_2026,1,9,5,10,Manhã
2916,995,225.0,2026-09-05 10:27:14.064000-03:00,0.0,225.0,0,Dinheiro,RAPADURA_ASSADA_(PACOTE_X6),54,4.166666666666667,EXPOINTER_2026,1,9,5,10,Manhã
2917,363,50.0,2026-09-05 10:27:29.790000-03:00,0.0,50.0,0,Cartão,RAPADURA_ASSADA_(PACOTE_X6),12,4.166666666666667,EXPOINTER_2026,1,9,5,10,Manhã
2918,34,25.0,2026-09-05 10:45:04.293000-03:00,0.0,25.0,0,Cartão,CUCA_ALEMÃ,1,25.0,EXPOINTER_2026,1,9,5,10,Manhã
2919,1609,25.0,2026-09-05 11:01:55.073000-03:00,0.0,25.0,0,Dinheiro,CUCA_ALEMÃ,1,25.0,EXPOINTER_2026,1,9,5,11,Manhã
2920,322,25.0,2026-09-05 11:02:14.729000-03:00,0.0,25.0,0,Dinheiro,CUCA_ALEMÃ,1,25.0,EXPOINTER_2026,1,9,5,11,Manhã
2921,1677,50.0,2026-09-05 11:15:08.476000-03:00,0.0,50.0,0,Dinheiro,CUCA_ALEMÃ,2,25.0,EXPOINTER_2026,1,9,5,11,Manhã
2922,187,85.0,2026-09-05 11:36:17.004000-03:00,0.0,85.0,0,Cartão,CUCA_ALEMÃ,2,25.0,EXPOINTER_2026,3,9,5,11,Manhã
2923,187,85.0,2026-09-05 11:36:17.004000-03:00,0.0,85.0,0,Cartão,BOLACHA_DE_MANTEIGA,1,10.0,EXPOINTER_2026,3,9,5,11,Manhã
2924,187,85.0,2026-09-05 11:36:17.004000-03:00,0.0,85.0,0,Cartão,RAPADURA_ASSADA_(PACOTE_X6),6,4.166666666666667,EXPOINTER_2026,3,9,5,11,Manhã
2925,1564,25.0,2026-09-05 11:44:02.040000-03:00,0.0,25.0,0,Cartão,CUCA_ALEMÃ,1,25.0,EXPOINTER_2026,1,9,5,11,Manhã
2926,1024,25.0,2026-09-05 11:58:44.490000-03:00,0.0,25.0,0,Dinheiro,CUCA_ALEMÃ,1,25.0,EXPOINTER_2026,1,9,5,11,Manhã
2927,1160,25.0,2026-09-05 12:06:14.688000-03:00,0.0,25.0,0,Cartão,CUCA_ALEMÃ,1,25.0,EXPOINTER_2026,1,9,5,12,Tarde
2928,1315,20.0,2026-09-05 12:07:28.269000-03:00,0.0,20.0,0,Cartão,ALFAJOR_BRANCO_(PACOTE_X4),4,5.0,EXPOINTER_2026,1,9,5,12,Tarde
2929,19,19.0,2026-09-05 12:08:35.671000-03:00,0.0,19.0,0,Cartão,CRI-CRI_200G,1,8.0,EXPOINTER_2026,3,9,5,12,Tarde
2930,19,19.0,2026-09-05 12:08:35.671000-03:00,0.0,19.0,0,Cartão,ALFAJOR,1,6.0,EXPOINTER_2026,3,9,5,12,Tarde
2931,19,19.0,2026-09-05 12:08:35.671000-03:00,0.0,19.0,0,Cartão,BOLACHA_COBERTURA_CHOCOLATE,1,5.0,EXPOINTER_2026,3,9,5,12,Tarde
2932,1480,50.0,2026-09-05 12:10:32.659000-03:00,0.0,50.0,0,Dinheiro,CUCA_ALEMÃ,2,25.0,EXPOINTER_2026,1,9,5,12,Tarde
2933,143,17.0,2026-09-05 12:17:45.382000-03:00,0.0,17.0,0,Dinheiro,RAPADURA_DE_MELADO_GRÃO_MOÍDO,1,7.0,EXPOINTER_2026,2,9,5,12,Tarde
2934,143,17.0,2026-09-05 12:17:45.382000-03:00,0.0,17.0,0,Dinheiro,BOLACHA_COBERTURA_CHOCOLATE,2,5.0,EXPOINTER_2026,2,9,5,12,Tarde
2935,501,65.0,2026-09-05 12:34:14.375000-03:00,0.0,65.0,0,Dinheiro,CUCA_ENROLADA,1,15.0,EXPOINTER_2026,2,9,5,12,Tarde
2936,501,65.0,2026-09-05 12:34:14.375000-03:00,0.0,65.0,0,Dinheiro,CUCA_ALEMÃ,2,25.0,EXPOINTER_2026,2,9,5,12,Tarde
2937,100,25.0,2026-09-05 12:37:43.170000-03:00,0.0,25.0,0,Pix,CUCA_ALEMÃ,1,25.0,EXPOINTER_2026,1,9,5,12,Tarde
2938,1623,50.0,2026-09-05 12:40:12.547000-03:00,0.0,50.0,0,Cartão,CUCA_ALEMÃ,2,25.0,EXPOINTER_2026,1,9,5,12,Tarde
2939,1809,25.0,2026-09-05 12:43:42.913000-03:00,0.0,25.0,0,Cartão,CUCA_ALEMÃ,1,25.0,EXPOINTER_2026,1,9,5,12,Tarde
2940,12,25.0,2026-09-05 12:45:43.818000-03:00,0.0,25.0,0,Pix,CUCA_ALEMÃ,1,25.0,EXPOINTER_2026,1,9,5,12,Tarde
2941,120,25.0,2026-09-05 12:48:01.488000-03:00,0.0,25.0,0,Cartão,CUCA_ALEMÃ,1,25.0,EXPOINTER_2026,1,9,5,12,Tarde
2942,923,100.0,2026-09-05 12:48:59.116000-03:00,0.0,100.0,0,Dinheiro,CUCA_ALEMÃ,4,25.0,EXPOINTER_2026,1,9,5,12,Tarde
2943,1070,25.0,2026-09-05 12:52:25.354000-03:00,0.0,25.0,0,Cartão,CUCA_ALEMÃ,1,25.0,EXPOINTER_2026,1,9,5,12,Tarde
2944,2313,25.0,2026-09-05 12:55:40.166000-03:00,0.0,25.0,0,Cartão,CUCA_ALEMÃ,1,25.0,EXPOINTER_2026,1,9,5,12,Tarde
2945,2156,25.0,2026-09-05 12:56:04.746000-03:00,0.0,25.0,0,Pix,CUCA_ALEMÃ,1,25.0,EXPOINTER_2026,1,9,5,12,Tarde
2946,243,25.0,2026-09-05 13:05:20.997000-03:00,0.0,25.0,0,Cartão,CUCA_ALEMÃ,1,25.0,EXPOINTER_2026,1,9,5,13,Tarde
2947,1878,50.0,2026-09-05 13:14:16.380000-03:00,0.0,50.0,0,Dinheiro,CUCA_ALEMÃ,2,25.0,EXPOINTER_2026,1,9,5,13,Tarde
2948,946,6.0,2026-09-05 13:15:33.044000-03:00,0.0,6.0,0,Dinheiro,ALFAJOR_BRANCO,1,6.0,EXPOINTER_2026,1,9,5,13,Tarde
2949,335,25.0,2026-09-05 13:16:28.834000-03:00,0.0,25.0,0,Cartão,CUCA_ALEMÃ,1,25.0,EXPOINTER_2026,1,9,5,13,Tarde
2950,1855,6.0,2026-09-05 13:17:41.516000-03:00,0.0,6.0,0,Cartão,ALFAJOR,1,6.0,EXPOINTER_2026,1,9,5,13,Tarde
2951,1785,25.0,2026-09-05 13:19:56.569000-03:00,0.0,25.0,0,Dinheiro,CUCA_ALEMÃ,1,25.0,EXPOINTER_2026,1,9,5,13,Tarde
2952,180,25.0,2026-09-05 13:23:28.077000-03:00,0.0,25.0,0,Cartão,CUCA_ALEMÃ,1,25.0,EXPOINTER_2026,1,9,5,13,Tarde
2953,1593,25.0,2026-09-05 13:26:15.517000-03:00,0.0,25.0,0,Cartão,CUCA_ALEMÃ,1,25.0,EXPOINTER_2026,1,9,5,13,Tarde
2954,117,50.0,2026-09-05 13:38:15.250000-03:00,0.0,50.0,0,Cartão,CUCA_ALEMÃ,2,25.0,EXPOINTER_2026,1,9,5,13,Tarde
2955,1568,25.0,2026-09-05 13:39:32.245000-03:00,0.0,25.0,0,Cartão,CUCA_ALEMÃ,1,25.0,EXPOINTER_2026,1,9,5,13,Tarde
2956,634,10.0,2026-09-05 13:41:35.847000-03:00,0.0,10.0,0,Dinheiro,BOLACHA_DE_MANTEIGA,1,10.0,EXPOINTER_2026,1,9,5,13,Tarde
2957,1325,30.0,2026-09-05 13:48:38.941000-03:00,0.0,30.0,0,Cartão,CUCA_ENROLADA,2,15.0,EXPOINTER_2026,1,9,5,13,Tarde
2958,1406,25.0,2026-09-05 13:50:14.857000-03:00,0.0,25.0,0,Cartão,CUCA_ALEMÃ,1,25.0,EXPOINTER_2026,1,9,5,13,Tarde
2959,170,15.0,2026-09-05 13:59:47.461000-03:00,0.0,15.0,0,Cartão,CUCA_ENROLADA,1,15.0,EXPOINTER_2026,1,9,5,13,Tarde
2960,1973,20.0,2026-09-05 14:08:32.493000-03:00,0.0,20.0,0,Cartão,ALFAJOR_BRANCO_(PACOTE_X4),4,5.0,EXPOINTER_2026,1,9,5,14,Tarde
2961,794,50.0,2026-09-05 14:15:33.818000-03:00,0.0,50.0,0,Cartão,CUCA_ALEMÃ,2,25.0,EXPOINTER_2026,1,9,5,14,Tarde
2962,2383,5.0,2026-09-05 14:16:31.497000-03:00,0.0,5.0,0,Dinheiro,RAPADURA_ASSADA,1,5.0,EXPOINTER_2026,1,9,5,14,Tarde
2963,2007,5.0,2026-09-05 14:26:13.916000-03:00,0.0,5.0,0,Dinheiro,RAPADURA_ASSADA,1,5.0,EXPOINTER_2026,1,9,5,14,Tarde
2964,606,25.0,2026-09-05 14:47:46.873000-03:00,0.0,25.0,0,Cartão,CUCA_ALEMÃ,1,25.0,EXPOINTER_2026,1,9,5,14,Tarde
2965,792,50.0,2026-09-05 14:51:51.003000-03:00,0.0,50.0,0,Dinheiro,CUCA_ALEMÃ,2,25.0,EXPOINTER_2026,1,9,5,14,Tarde
2966,584,50.0,2026-09-05 14:53:17.473000-03:00,0.0,50.0,0,Dinheiro,CUCA_ALEMÃ,2,25.0,EXPOINTER_2026,1,9,5,14,Tarde
2967,983,25.0,2026-09-05 14:53:29.337000-03:00,0.0,25.0,0,Dinheiro,CUCA_ALEMÃ,1,25.0,EXPOINTER_2026,1,9,5,14,Tarde
2968,260,50.0,2026-09-05 14:58:21.333000-03:00,0.0,50.0,0,Cartão,CUCA_ALEMÃ,2,25.0,EXPOINTER_2026,1,9,5,14,Tarde
2969,1958,40.0,2026-09-05 15:02:10.394000-03:00,0.0,40.0,0,Dinheiro,RAPADURA_DE_MELADO_(PACOTE_X3),6,6.666666666666667,EXPOINTER_2026,1,9,5,15,Tarde
2970,2424,20.0,2026-09-05 15:06:17.297000-03:00,0.0,20.0,0,Dinheiro,RAPADURA_DE_MELADO_GRÃO_MOÍDO_(PACOTE_X1),1,20.0,EXPOINTER_2026,1,9,5,15,Tarde
2971,446,25.0,2026-09-05 15:08:45.551000-03:00,0.0,25.0,0,Cartão,CUCA_ALEMÃ,1,25.0,EXPOINTER_2026,1,9,5,15,Tarde
2972,66,7.0,2026-09-05 15:21:06.881000-03:00,0.0,7.0,0,Dinheiro,RAPADURA_DE_MELADO,1,7.0,EXPOINTER_2026,1,9,5,15,Tarde
2973,190,6.0,2026-09-05 15:31:12.281000-03:00,0.0,6.0,0,Dinheiro,ALFAJOR,1,6.0,EXPOINTER_2026,1,9,5,15,Tarde
2974,267,25.0,2026-09-05 15:32:12.379000-03:00,0.0,25.0,0,Cartão,CUCA_ALEMÃ,1,25.0,EXPOINTER_2026,1,9,5,15,Tarde
2975,2144,25.0,2026-09-05 15:32:53.991000-03:00,0.0,25.0,0,Dinheiro,CUCA_ALEMÃ,1,25.0,EXPOINTER_2026,1,9,5,15,Tarde
2976,188,31.0,2026-09-05 15:43:14.489000-03:00,0.0,31.0,0,Cartão,CUCA_ALEMÃ,1,25.0,EXPOINTER_2026,2,9,5,15,Tarde
2977,188,31.0,2026-09-05 15:43:14.489000-03:00,0.0,31.0,0,Cartão,ALFAJOR,1,6.0,EXPOINTER_2026,2,9,5,15,Tarde
2978,1537,50.0,2026-09-05 15:43:58.403000-03:00,0.0,50.0,0,Cartão,CUCA_ALEMÃ,2,25.0,EXPOINTER_2026,1,9,5,15,Tarde
2979,2374,25.0,2026-09-05 15:53:49.981000-03:00,0.0,25.0,0,Dinheiro,CUCA_ALEMÃ,1,25.0,EXPOINTER_2026,1,9,5,15,Tarde
2980,2361,25.0,2026-09-05 15:55:15.771000-03:00,0.0,25.0,0,Dinheiro,CUCA_ALEMÃ,1,25.0,EXPOINTER_2026,1,9,5,15,Tarde
2981,2179,25.0,2026-09-05 15:55:50.901000-03:00,0.0,25.0,0,Cartão,CUCA_ALEMÃ,1,25.0,EXPOINTER_2026,1,9,5,15,Tarde
2982,724,25.0,2026-09-05 15:55:57.841000-03:00,0.0,25.0,0,Dinheiro,CUCA_ALEMÃ,1,25.0,EXPOINTER_2026,1,9,5,15,Tarde
2983,2021,20.0,2026-09-05 16:02:16.542000-03:00,5.0,25.0,0,Dinheiro,CUCA_ALEMÃ,1,25.0,EXPOINTER_2026,1,9,5,16,Tarde
2984,20,50.0,2026-09-05 16:08:35.391000-03:00,0.0,50.0,0,Cartão,CUCA_ALEMÃ,2,25.0,EXPOINTER_2026,1,9,5,16,Tarde
2985,261,25.0,2026-09-05 16:09:06.456000-03:00,0.0,25.0,0,Dinheiro,CUCA_ALEMÃ,1,25.0,EXPOINTER_2026,1,9,5,16,Tarde
2986,1701,5.0,2026-09-05 16:18:04.883000-03:00,0.0,5.0,0,Dinheiro,BOLACHA_COBERTURA_CHOCOLATE,1,5.0,EXPOINTER_2026,1,9,5,16,Tarde
2987,1770,25.0,2026-09-05 16:22:27.101000-03:00,0.0,25.0,0,Cartão,CUCA_ALEMÃ,1,25.0,EXPOINTER_2026,1,9,5,16,Tarde
2988,2371,25.0,2026-09-05 16:26:28.459000-03:00,0.0,25.0,0,Dinheiro,CUCA_ALEMÃ,1,25.0,EXPOINTER_2026,1,9,5,16,Tarde
2989,2394,15.0,2026-09-05 16:45:13.168000-03:00,0.0,15.0,0,Cartão,CUCA_ENROLADA,1,15.0,EXPOINTER_2026,1,9,5,16,Tarde
2990,855,25.0,2026-09-05 16:51:00.098000-03:00,0.0,25.0,0,Dinheiro,CUCA_ALEMÃ,1,25.0,EXPOINTER_2026,1,9,5,16,Tarde
2991,2109,10.0,2026-09-05 16:54:26.658000-03:00,0.0,10.0,0,Dinheiro,RAPADURA_ASSADA,2,5.0,EXPOINTER_2026,1,9,5,16,Tarde
2992,176,20.0,2026-09-05 17:00:02.445000-03:00,0.0,20.0,0,Dinheiro,RAPADURA_ASSADA,4,5.0,EXPOINTER_2026,1,9,5,17,Tarde
2993,1146,63.0,2026-09-05 17:11:12.367000-03:00,0.0,63.0,0,Dinheiro,CRI-CRI_200G,1,8.0,EXPOINTER_2026,4,9,5,17,Tarde
2994,1146,63.0,2026-09-05 17:11:12.367000-03:00,0.0,63.0,0,Dinheiro,RAPADURA_DE_MELADO_(PACOTE_X3),3,6.666666666666667,EXPOINTER_2026,4,9,5,17,Tarde
2995,1146,63.0,2026-09-05 17:11:12.367000-03:00,0.0,63.0,0,Dinheiro,CUCA_ENROLADA,1,15.0,EXPOINTER_2026,4,9,5,17,Tarde
2996,1146,63.0,2026-09-05 17:11:12.367000-03:00,0.0,63.0,0,Dinheiro,ALFAJOR_BRANCO_(PACOTE_X4),4,5.0,EXPOINTER_2026,4,9,5,17,Tarde
2997,511,22.0,2026-09-05 17:15:30.034000-03:00,0.0,22.0,0,Cartão,CUCA_ENROLADA,1,15.0,EXPOINTER_2026,2,9,5,17,Tarde
2998,511,22.0,2026-09-05 17:15:30.034000-03:00,0.0,22.0,0,Cartão,RAPADURA_DE_MELADO_GRÃO_MOÍDO,1,7.0,EXPOINTER_2026,2,9,5,17,Tarde
2999,945,75.0,2026-09-05 17:21:22.592000-03:00,0.0,75.0,0,Dinheiro,RAPADURA_ASSADA_(PACOTE_X6),18,4.166666666666667,EXPOINTER_2026,1,9,5,17,Tarde
3000,1420,150.0,2026-09-05 17:27:14.182000-03:00,0.0,150.0,0,Cartão,CUCA_ENROLADA,10,15.0,EXPOINTER_2026,1,9,5,17,Tarde
3001,124,15.0,2026-09-05 17:27:42.846000-03:00,0.0,15.0,0,Cartão,CUCA_ENROLADA,1,15.0,EXPOINTER_2026,1,9,5,17,Tarde
3002,1632,15.0,2026-09-05 17:28:21.677000-03:00,0.0,15.0,0,Cartão,CUCA_ENROLADA,1,15.0,EXPOINTER_2026,1,9,5,17,Tarde
3003,1294,12.0,2026-09-05 17:31:17.610000-03:00,0.0,12.0,0,Cartão,ALFAJOR,1,6.0,EXPOINTER_2026,2,9,5,17,Tarde
3004,1294,12.0,2026-09-05 17:31:17.610000-03:00,0.0,12.0,0,Cartão,ALFAJOR_BRANCO,1,6.0,EXPOINTER_2026,2,9,5,17,Tarde
3005,557,150.0,2026-09-05 17:31:50.179000-03:00,0.0,150.0,0,Cartão,CUCA_ENROLADA,10,15.0,EXPOINTER_2026,1,9,5,17,Tarde
3006,1987,15.0,2026-09-05 17:33:46.175000-03:00,0.0,15.0,0,Cartão,CUCA_ENROLADA,1,15.0,EXPOINTER_2026,1,9,5,17,Tarde
3007,1169,15.0,2026-09-05 17:37:45.268000-03:00,0.0,15.0,0,Dinheiro,CUCA_ENROLADA,1,15.0,EXPOINTER_2026,1,9,5,17,Tarde
3008,1856,25.0,2026-09-05 17:37:58.550000-03:00,0.0,25.0,0,Dinheiro,CUCA_ALEMÃ,1,25.0,EXPOINTER_2026,1,9,5,17,Tarde
3009,263,50.0,2026-09-05 17:38:11.742000-03:00,0.0,50.0,0,Cartão,CUCA_ALEMÃ,2,25.0,EXPOINTER_2026,1,9,5,17,Tarde
3010,2227,7.0,2026-09-05 17:44:37.511000-03:00,0.0,7.0,0,Dinheiro,CARRAPINHA,1,7.0,EXPOINTER_2026,1,9,5,17,Tarde
3011,488,25.0,2026-09-05 17:45:17.202000-03:00,0.0,25.0,0,Dinheiro,RAPADURA_ASSADA_(PACOTE_X6),6,4.166666666666667,EXPOINTER_2026,1,9,5,17,Tarde
3012,55,15.0,2026-09-05 18:12:50.224000-03:00,0.0,15.0,0,Cartão,CUCA_ENROLADA,1,15.0,EXPOINTER_2026,1,9,5,18,Noite
3013,2411,15.0,2026-09-05 18:22:26.051000-03:00,0.0,15.0,0,Pix,CUCA_ENROLADA,1,15.0,EXPOINTER_2026,1,9,5,18,Noite
3014,1086,60.0,2026-09-05 18:24:23.064000-03:00,0.0,60.0,0,Cartão,CUCA_ENROLADA,4,15.0,EXPOINTER_2026,1,9,5,18,Noite
3015,115,30.0,2026-09-05 18:32:54.702000-03:00,0.0,30.0,0,Cartão,CUCA_ENROLADA,2,15.0,EXPOINTER_2026,1,9,5,18,Noite
3016,875,10.0,2026-09-05 18:35:57.494000-03:00,0.0,10.0,0,Cartão,BOLACHA_COBERTURA_CHOCOLATE,2,5.0,EXPOINTER_2026,1,9,5,18,Noite
3017,309,25.0,2026-09-05 18:37:19.005000-03:00,0.0,25.0,0,Dinheiro,BOLACHA_COBERTURA_CHOCOLATE,5,5.0,EXPOINTER_2026,1,9,5,18,Noite
3018,58,15.0,2026-09-05 18:40:18.464000-03:00,0.0,15.0,0,Cartão,CUCA_ENROLADA,1,15.0,EXPOINTER_2026,1,9,5,18,Noite
3019,715,15.0,2026-09-05 18:47:11.344000-03:00,0.0,15.0,0,Dinheiro,CUCA_ENROLADA,1,15.0,EXPOINTER_2026,1,9,5,18,Noite
3020,755,23.0,2026-09-05 18:53:17.213000-03:00,0.0,23.0,0,Pix,CUCA_ENROLADA,1,15.0,EXPOINTER_2026,2,9,5,18,Noite
3021,755,23.0,2026-09-05 18:53:17.213000-03:00,0.0,23.0,0,Pix,CRI-CRI_200G,1,8.0,EXPOINTER_2026,2,9,5,18,Noite
3022,429,15.0,2026-09-05 19:26:28.363000-03:00,0.0,15.0,0,Cartão,CUCA_ENROLADA,1,15.0,EXPOINTER_2026,1,9,5,19,Noite
3023,1340,40.0,2026-09-05 19:28:21.308000-03:00,0.0,40.0,0,Cartão,RAPADURA_ASSADA_(PACOTE_X6),6,4.166666666666667,EXPOINTER_2026,2,9,5,19,Noite
3024,1340,40.0,2026-09-05 19:28:21.308000-03:00,0.0,40.0,0,Cartão,CUCA_ENROLADA,1,15.0,EXPOINTER_2026,2,9,5,19,Noite
3025,2384,10.0,2026-09-05 19:31:27.199000-03:00,0.0,10.0,0,Pix,BOLACHA_DE_MANTEIGA,1,10.0,EXPOINTER_2026,1,9,5,19,Noite
3026,1245,45.0,2026-09-05 19:37:39.541000-03:00,5.0,50.0,0,Cartão,RAPADURA_ASSADA_(PACOTE_X6),12,4.166666666666667,EXPOINTER_2026,1,9,5,19,Noite
3027,1919,75.0,2026-09-05 19:38:26.093000-03:00,5.0,80.0,0,Cartão,ALFAJOR_PRETO_(DISPLAY_X16),16,5.0,EXPOINTER_2026,1,9,5,19,Noite
3028,657,7.0,2026-09-05 19:40:58.200000-03:00,0.0,7.0,0,Dinheiro,RAPADURA_DE_MELADO,1,7.0,EXPOINTER_2026,1,9,5,19,Noite
3029,1256,20.0,2026-09-05 19:55:10.338000-03:00,0.0,20.0,0,Cartão,RAPADURA_DE_MELADO_GRÃO_MOÍDO_(PACOTE_X1),1,20.0,EXPOINTER_2026,1,9,5,19,Noite
3030,304,10.0,2026-09-06 08:24:01.368000-03:00,0.0,10.0,0,Dinheiro,BOLACHA_DE_MANTEIGA,1,10.0,EXPOINTER_2026,1,9,6,8,Manhã
3031,2380,70.0,2026-09-06 08:28:59.296000-03:00,10.0,80.0,0,Cartão,ALFAJOR_PRETO_(DISPLAY_X16),16,5.0,EXPOINTER_2026,1,9,6,8,Manhã
3032,1378,110.0,2026-09-06 08:53:47.176000-03:00,0.0,110.0,0,Cartão,CUCA_ENROLADA,2,15.0,EXPOINTER_2026,3,9,6,8,Manhã
3033,1378,110.0,2026-09-06 08:53:47.176000-03:00,0.0,110.0,0,Cartão,RAPADURA_DE_MELADO_(PACOTE_X3),9,6.666666666666667,EXPOINTER_2026,3,9,6,8,Manhã
3034,1378,110.0,2026-09-06 08:53:47.176000-03:00,0.0,110.0,0,Cartão,ALFAJOR_PRETO_(PACOTE_X4),4,5.0,EXPOINTER_2026,3,9,6,8,Manhã
3035,1605,12.0,2026-09-06 09:08:37.644000-03:00,0.0,12.0,0,Dinheiro,ALFAJOR_BRANCO,2,6.0,EXPOINTER_2026,1,9,6,9,Manhã
3036,601,46.0,2026-09-06 09:19:27.411000-03:00,1.0,47.0,0,Dinheiro,RAPADURA_ASSADA,8,5.0,EXPOINTER_2026,2,9,6,9,Manhã
3037,601,46.0,2026-09-06 09:19:27.411000-03:00,1.0,47.0,0,Dinheiro,CARRAPINHA,1,7.0,EXPOINTER_2026,2,9,6,9,Manhã
3038,1757,15.0,2026-09-06 09:20:56.309000-03:00,3.0,18.0,0,Dinheiro,ALFAJOR,2,6.0,EXPOINTER_2026,2,9,6,9,Manhã
3039,1757,15.0,2026-09-06 09:20:56.309000-03:00,3.0,18.0,0,Dinheiro,ALFAJOR_BRANCO,1,6.0,EXPOINTER_2026,2,9,6,9,Manhã
3040,766,25.0,2026-09-06 09:21:13.556000-03:00,0.0,25.0,0,Dinheiro,RAPADURA_ASSADA_(PACOTE_X6),6,4.166666666666667,EXPOINTER_2026,1,9,6,9,Manhã
3041,1636,50.0,2026-09-06 09:30:28.864000-03:00,0.0,50.0,0,Dinheiro,RAPADURA_ASSADA_(PACOTE_X6),12,4.166666666666667,EXPOINTER_2026,1,9,6,9,Manhã
3042,1428,20.0,2026-09-06 09:38:09.321000-03:00,0.0,20.0,0,Dinheiro,ALFAJOR_BRANCO_(PACOTE_X4),4,5.0,EXPOINTER_2026,1,9,6,9,Manhã
3043,321,80.0,2026-09-06 09:40:59.038000-03:00,0.0,80.0,0,Dinheiro,RAPADURA_ASSADA_(CAIXA_X20),20,4.0,EXPOINTER_2026,1,9,6,9,Manhã
3044,962,59.0,2026-09-06 10:40:05.510000-03:00,0.0,59.0,0,Cartão,RAPADURA_DE_MELADO_(PACOTE_X3),3,6.666666666666667,EXPOINTER_2026,4,9,6,10,Manhã
3045,962,59.0,2026-09-06 10:40:05.510000-03:00,0.0,59.0,0,Cartão,RAPADURA_ASSADA_(PACOTE_X6),6,4.166666666666667,EXPOINTER_2026,4,9,6,10,Manhã
3046,962,59.0,2026-09-06 10:40:05.510000-03:00,0.0,59.0,0,Cartão,RAPADURA_DE_MELADO,1,7.0,EXPOINTER_2026,4,9,6,10,Manhã
3047,962,59.0,2026-09-06 10:40:05.510000-03:00,0.0,59.0,0,Cartão,RAPADURA_DE_MELADO_GRÃO_MOÍDO,1,7.0,EXPOINTER_2026,4,9,6,10,Manhã
3048,1021,20.0,2026-09-06 10:51:36.601000-03:00,0.0,20.0,0,Cartão,ALFAJOR_BRANCO_(PACOTE_X4),4,5.0,EXPOINTER_2026,1,9,6,10,Manhã
3049,1726,20.0,2026-09-06 11:04:05.930000-03:00,0.0,20.0,0,Cartão,RAPADURA_DE_MELADO_(PACOTE_X3),3,6.666666666666667,EXPOINTER_2026,1,9,6,11,Manhã
3050,1455,20.0,2026-09-06 11:08:21.755000-03:00,0.0,20.0,0,Cartão,ALFAJOR_PRETO_(PACOTE_X4),4,5.0,EXPOINTER_2026,1,9,6,11,Manhã
3051,663,21.0,2026-09-06 11:11:12.526000-03:00,0.0,21.0,0,Dinheiro,RAPADURA_DE_MELADO,3,7.0,EXPOINTER_2026,1,9,6,11,Manhã
3052,1867,30.0,2026-09-06 11:14:32.087000-03:00,0.0,30.0,0,Dinheiro,BOLACHA_DE_MANTEIGA,1,10.0,EXPOINTER_2026,2,9,6,11,Manhã
3053,1867,30.0,2026-09-06 11:14:32.087000-03:00,0.0,30.0,0,Dinheiro,RAPADURA_DE_MELADO_GRÃO_MOÍDO_(PACOTE_X1),1,20.0,EXPOINTER_2026,2,9,6,11,Manhã
3054,1251,25.0,2026-09-06 11:21:02.822000-03:00,0.0,25.0,0,Dinheiro,RAPADURA_ASSADA_(PACOTE_X6),6,4.166666666666667,EXPOINTER_2026,1,9,6,11,Manhã
3055,356,14.0,2026-09-06 11:31:56.154000-03:00,0.0,14.0,0,Pix,RAPADURA_DE_MELADO,2,7.0,EXPOINTER_2026,1,9,6,11,Manhã
3056,1105,45.0,2026-09-06 11:46:57.184000-03:00,0.0,45.0,0,Cartão,RAPADURA_ASSADA_(PACOTE_X6),6,4.166666666666667,EXPOINTER_2026,2,9,6,11,Manhã
3057,1105,45.0,2026-09-06 11:46:57.184000-03:00,0.0,45.0,0,Cartão,ALFAJOR_PRETO_(PACOTE_X4),4,5.0,EXPOINTER_2026,2,9,6,11,Manhã
3058,618,20.0,2026-09-06 11:48:41.196000-03:00,0.0,20.0,0,Dinheiro,ALFAJOR_PRETO_(PACOTE_X4),4,5.0,EXPOINTER_2026,1,9,6,11,Manhã
3059,109,20.0,2026-09-06 12:02:02.063000-03:00,0.0,20.0,0,Dinheiro,RAPADURA_DE_MELADO_(PACOTE_X3),3,6.666666666666667,EXPOINTER_2026,1,9,6,12,Tarde
3060,2211,7.0,2026-09-06 12:27:41.335000-03:00,0.0,7.0,0,Cartão,RAPADURA_DE_MELADO,1,7.0,EXPOINTER_2026,1,9,6,12,Tarde
3061,723,10.0,2026-09-06 12:28:00.277000-03:00,2.0,12.0,0,Dinheiro,ALFAJOR,2,6.0,EXPOINTER_2026,1,9,6,12,Tarde
3062,1381,80.0,2026-09-06 12:28:10.262000-03:00,0.0,80.0,0,Cartão,ALFAJOR_PRETO_(DISPLAY_X16),16,5.0,EXPOINTER_2026,1,9,6,12,Tarde
3063,1183,20.0,2026-09-06 12:32:43.283000-03:00,0.0,20.0,0,Dinheiro,RAPADURA_DE_MELADO_GRÃO_MOÍDO_(PACOTE_X1),1,20.0,EXPOINTER_2026,1,9,6,12,Tarde
3064,529,7.0,2026-09-06 12:37:17.938000-03:00,0.0,7.0,0,Dinheiro,RAPADURA_DE_MELADO,1,7.0,EXPOINTER_2026,1,9,6,12,Tarde
3065,248,26.0,2026-09-06 13:10:50.520000-03:00,0.0,26.0,0,Cartão,BOLACHA_DE_MANTEIGA,2,10.0,EXPOINTER_2026,2,9,6,13,Tarde
3066,248,26.0,2026-09-06 13:10:50.520000-03:00,0.0,26.0,0,Cartão,ALFAJOR,1,6.0,EXPOINTER_2026,2,9,6,13,Tarde
3067,700,10.0,2026-09-06 13:11:04.263000-03:00,0.0,10.0,0,Dinheiro,RAPADURA_ASSADA,2,5.0,EXPOINTER_2026,1,9,6,13,Tarde
3068,2133,20.0,2026-09-06 13:29:23.213000-03:00,0.0,20.0,0,Dinheiro,RAPADURA_DE_MELADO_(PACOTE_X3),3,6.666666666666667,EXPOINTER_2026,1,9,6,13,Tarde
3069,157,5.0,2026-09-06 13:30:25.553000-03:00,0.0,5.0,0,Dinheiro,RAPADURA_ASSADA,1,5.0,EXPOINTER_2026,1,9,6,13,Tarde
3070,806,31.0,2026-09-06 13:40:45.853000-03:00,0.0,31.0,0,Cartão,RAPADURA_ASSADA_(PACOTE_X6),6,4.166666666666667,EXPOINTER_2026,2,9,6,13,Tarde
3071,806,31.0,2026-09-06 13:40:45.853000-03:00,0.0,31.0,0,Cartão,ALFAJOR_BRANCO,1,6.0,EXPOINTER_2026,2,9,6,13,Tarde
3072,943,10.0,2026-09-06 13:49:36.950000-03:00,0.0,10.0,0,Dinheiro,RAPADURA_ASSADA,2,5.0,EXPOINTER_2026,1,9,6,13,Tarde
3073,2181,12.0,2026-09-06 14:05:20.247000-03:00,0.0,12.0,0,Dinheiro,RAPADURA_ASSADA,1,5.0,EXPOINTER_2026,2,9,6,14,Tarde
3074,2181,12.0,2026-09-06 14:05:20.247000-03:00,0.0,12.0,0,Dinheiro,RAPADURA_DE_MELADO_GRÃO_MOÍDO,1,7.0,EXPOINTER_2026,2,9,6,14,Tarde
3075,1311,22.0,2026-09-06 14:15:11.648000-03:00,0.0,22.0,0,Cartão,RAPADURA_DE_MELADO,2,7.0,EXPOINTER_2026,2,9,6,14,Tarde
3076,1311,22.0,2026-09-06 14:15:11.648000-03:00,0.0,22.0,0,Cartão,CRI-CRI_200G,1,8.0,EXPOINTER_2026,2,9,6,14,Tarde
3077,729,20.0,2026-09-06 14:15:33.152000-03:00,0.0,20.0,0,Dinheiro,ALFAJOR_PRETO_(PACOTE_X4),4,5.0,EXPOINTER_2026,1,9,6,14,Tarde
3078,2018,100.0,2026-09-06 14:19:01.481000-03:00,5.0,105.0,0,Pix,RAPADURA_ASSADA_(PACOTE_X6),6,4.166666666666667,EXPOINTER_2026,2,9,6,14,Tarde
3079,2018,100.0,2026-09-06 14:19:01.481000-03:00,5.0,105.0,0,Pix,ALFAJOR_PRETO_(DISPLAY_X16),16,5.0,EXPOINTER_2026,2,9,6,14,Tarde
3080,1599,6.0,2026-09-06 14:23:25.230000-03:00,0.0,6.0,0,Cartão,ALFAJOR_BRANCO,1,6.0,EXPOINTER_2026,1,9,6,14,Tarde
3081,2401,45.0,2026-09-06 14:32:17.745000-03:00,0.0,45.0,0,Dinheiro,RAPADURA_ASSADA_(PACOTE_X6),6,4.166666666666667,EXPOINTER_2026,2,9,6,14,Tarde
3082,2401,45.0,2026-09-06 14:32:17.745000-03:00,0.0,45.0,0,Dinheiro,ALFAJOR_PRETO_(PACOTE_X4),4,5.0,EXPOINTER_2026,2,9,6,14,Tarde
3083,1456,100.0,2026-09-06 14:57:18.206000-03:00,0.0,100.0,0,Cartão,RAPADURA_ASSADA_(PACOTE_X6),24,4.166666666666667,EXPOINTER_2026,1,9,6,14,Tarde
3084,839,75.0,2026-09-06 15:04:56.503000-03:00,5.0,80.0,0,Dinheiro,ALFAJOR_PRETO_(DISPLAY_X16),16,5.0,EXPOINTER_2026,1,9,6,15,Tarde
3085,1152,5.0,2026-09-06 15:07:39.481000-03:00,1.0,6.0,0,Dinheiro,ALFAJOR,1,6.0,EXPOINTER_2026,1,9,6,15,Tarde
3086,411,5.0,2026-09-06 15:09:20.591000-03:00,0.0,5.0,0,Dinheiro,RAPADURA_ASSADA,1,5.0,EXPOINTER_2026,1,9,6,15,Tarde
3087,2376,25.0,2026-09-06 15:09:36.172000-03:00,0.0,25.0,0,Dinheiro,RAPADURA_ASSADA_(PACOTE_X6),6,4.166666666666667,EXPOINTER_2026,1,9,6,15,Tarde
3088,1319,20.0,2026-09-06 15:23:49.736000-03:00,0.0,20.0,0,Cartão,RAPADURA_DE_MELADO_GRÃO_MOÍDO_(PACOTE_X1),1,20.0,EXPOINTER_2026,1,9,6,15,Tarde
3089,2228,10.0,2026-09-06 15:28:04.467000-03:00,0.0,10.0,0,Dinheiro,RAPADURA_ASSADA,2,5.0,EXPOINTER_2026,1,9,6,15,Tarde
3090,1236,7.0,2026-09-06 15:28:33.232000-03:00,0.0,7.0,0,Cartão,RAPADURA_DE_MELADO_GRÃO_MOÍDO,1,7.0,EXPOINTER_2026,1,9,6,15,Tarde
3091,2441,10.0,2026-09-06 15:30:14.562000-03:00,0.0,10.0,0,Dinheiro,BOLACHA_DE_MANTEIGA,1,10.0,EXPOINTER_2026,1,9,6,15,Tarde
3092,969,20.0,2026-09-06 15:41:20.649000-03:00,0.0,20.0,0,Dinheiro,ALFAJOR_PRETO_(PACOTE_X4),4,5.0,EXPOINTER_2026,1,9,6,15,Tarde
3093,1397,20.0,2026-09-06 16:27:28.018000-03:00,0.0,20.0,0,Dinheiro,ALFAJOR_PRETO_(PACOTE_X4),4,5.0,EXPOINTER_2026,1,9,6,16,Tarde
3094,880,65.0,2026-09-06 16:39:06.006000-03:00,5.0,70.0,0,Cartão,RAPADURA_ASSADA_(PACOTE_X6),12,4.166666666666667,EXPOINTER_2026,2,9,6,16,Tarde
3095,880,65.0,2026-09-06 16:39:06.006000-03:00,5.0,70.0,0,Cartão,RAPADURA_DE_MELADO_(PACOTE_X3),3,6.666666666666667,EXPOINTER_2026,2,9,6,16,Tarde
3096,711,7.0,2026-09-06 16:39:56.054000-03:00,0.0,7.0,0,Dinheiro,RAPADURA_DE_MELADO_GRÃO_MOÍDO,1,7.0,EXPOINTER_2026,1,9,6,16,Tarde
3097,2187,25.0,2026-09-06 16:46:37.251000-03:00,0.0,25.0,0,Cartão,RAPADURA_ASSADA_(PACOTE_X6),6,4.166666666666667,EXPOINTER_2026,1,9,6,16,Tarde
3098,1991,100.0,2026-09-06 16:55:19.118000-03:00,20.0,120.0,0,Pix,ALFAJOR,14,6.0,EXPOINTER_2026,2,9,6,16,Tarde
3099,1991,100.0,2026-09-06 16:55:19.118000-03:00,20.0,120.0,0,Pix,ALFAJOR_BRANCO,6,6.0,EXPOINTER_2026,2,9,6,16,Tarde
3100,1707,50.0,2026-09-06 16:56:19.497000-03:00,0.0,50.0,0,Dinheiro,ALFAJOR_PRETO_(PACOTE_X4),4,5.0,EXPOINTER_2026,3,9,6,16,Tarde
3101,1707,50.0,2026-09-06 16:56:19.497000-03:00,0.0,50.0,0,Dinheiro,ALFAJOR_BRANCO_(PACOTE_X4),4,5.0,EXPOINTER_2026,3,9,6,16,Tarde
3102,1707,50.0,2026-09-06 16:56:19.497000-03:00,0.0,50.0,0,Dinheiro,RAPADURA_ASSADA,2,5.0,EXPOINTER_2026,3,9,6,16,Tarde
3103,2307,12.0,2026-09-06 17:09:48.949000-03:00,0.0,12.0,0,Dinheiro,ALFAJOR_BRANCO,2,6.0,EXPOINTER_2026,1,9,6,17,Tarde
3104,51,20.0,2026-09-06 17:24:09.319000-03:00,0.0,20.0,0,Cartão,ALFAJOR_BRANCO_(PACOTE_X4),4,5.0,EXPOINTER_2026,1,9,6,17,Tarde
3105,2359,14.0,2026-09-06 17:28:16.646000-03:00,0.0,14.0,0,Cartão,RAPADURA_DE_MELADO,2,7.0,EXPOINTER_2026,1,9,6,17,Tarde
3106,1778,14.0,2026-09-06 17:30:56.795000-03:00,0.0,14.0,0,Cartão,RAPADURA_DE_MELADO,2,7.0,EXPOINTER_2026,1,9,6,17,Tarde
3107,1587,5.0,2026-09-06 17:35:34.030000-03:00,0.0,5.0,0,Cartão,RAPADURA_ASSADA,1,5.0,EXPOINTER_2026,1,9,6,17,Tarde
3108,1369,17.0,2026-09-06 17:35:57.159000-03:00,0.0,17.0,0,Cartão,RAPADURA_ASSADA,2,5.0,EXPOINTER_2026,2,9,6,17,Tarde
3109,1369,17.0,2026-09-06 17:35:57.159000-03:00,0.0,17.0,0,Cartão,RAPADURA_DE_MELADO_GRÃO_MOÍDO,1,7.0,EXPOINTER_2026,2,9,6,17,Tarde
3110,578,35.0,2026-09-06 17:43:34.560000-03:00,2.0,37.0,0,Dinheiro,RAPADURA_ASSADA_(PACOTE_X6),6,4.166666666666667,EXPOINTER_2026,2,9,6,17,Tarde
3111,578,35.0,2026-09-06 17:43:34.560000-03:00,2.0,37.0,0,Dinheiro,ALFAJOR,2,6.0,EXPOINTER_2026,2,9,6,17,Tarde
3112,35,25.0,2026-09-06 17:46:57.180000-03:00,0.0,25.0,0,Dinheiro,RAPADURA_ASSADA_(PACOTE_X6),6,4.166666666666667,EXPOINTER_2026,1,9,6,17,Tarde
3113,1253,10.0,2026-09-06 18:12:51.760000-03:00,15.0,25.0,0,Dinheiro,RAPADURA_ASSADA_(PACOTE_X6),6,4.166666666666667,EXPOINTER_2026,1,9,6,18,Noite
3114,1748,10.0,2026-09-06 18:15:55.440000-03:00,0.0,10.0,0,Cartão,BOLACHA_DE_MANTEIGA,1,10.0,EXPOINTER_2026,1,9,6,18,Noite
