pedido_id,pedido_valor_total,pedido_data,pedido_tipo_desconto,pedido_valor_desconto,pedido_subtotal,pedido_vendedor,pedido_metodo_pagamento,item_pedido_nome_produto,item_pedido_quantidade,item_pedido_preco_unitario,item_pedido_user_id,evento_nome
a231f36f-be88-492c-b719-23830b22fb4b,20,2026-03-09 17:31:54.325-03,%,0,20,aa4d1cfe-c6c1-4fd8-8c4b-2b1b9942884c,Dinheiro,Alfajor Preto (Pacote x4),1,20,aa4d1cfe-c6c1-4fd8-8c4b-2b1b9942884c,ExpoDireto
d47eb20b-e24f-4c70-92f9-9b554eb8f280,15,2026-03-10 10:27:12.241-03,%,0,15,aa4d1cfe-c6c1-4fd8-8c4b-2b1b9942884c,Dinheiro,Cuca Enrolada de Amendoim,1,15,aa4d1cfe-c6c1-4fd8-8c4b-2b1b9942884c,ExpoDireto
d3b5b66d-d9e1-4924-b507-144e0e0b9ef9,15,2026-03-10 11:17:14.665-03,%,0,15,aa4d1cfe-c6c1-4fd8-8c4b-2b1b9942884c,Cartão,Cuca Enrolada de Amendoim,1,15,aa4d1cfe-c6c1-4fd8-8c4b-2b1b9942884c,ExpoDireto
5b4e4307-89b1-4601-bba3-04be3a33a5ea,13,2026-03-10 12:02:08.319-03,%,0,13,aa4d1cfe-c6c1-4fd8-8c4b-2b1b9942884c,Cartão,Alfajor Preto,1,6,aa4d1cfe-c6c1-4fd8-8c4b-2b1b9942884c,ExpoDireto
5b4e4307-89b1-4601-bba3-04be3a33a5ea,13,2026-03-10 12:02:08.319-03,%,0,13,aa4d1cfe-c6c1-4fd8-8c4b-2b1b9942884c,Cartão,Cri-Cri 200g,1,7,aa4d1cfe-c6c1-4fd8-8c4b-2b1b9942884c,ExpoDireto
2c6eb55d-61be-4e82-a7d6-89188f8071f2,15,2026-03-10 12:08:49.804-03,%,0,15,aa4d1cfe-c6c1-4fd8-8c4b-2b1b9942884c,Dinheiro,Cuca Enrolada de Amendoim,1,15,aa4d1cfe-c6c1-4fd8-8c4b-2b1b9942884c,ExpoDireto
ba80ac12-e6ee-4456-a946-497c8dd122e4,5,2026-03-09 09:05:04.177-03,%,0,5,aa4d1cfe-c6c1-4fd8-8c4b-2b1b9942884c,Dinheiro,Pé-de-Moleque,1,5,aa4d1cfe-c6c1-4fd8-8c4b-2b1b9942884c,ExpoDireto
e89d5837-c973-40ef-badf-811eb1a27255,8,2026-03-09 10:24:44.769-03,%,0,8,aa4d1cfe-c6c1-4fd8-8c4b-2b1b9942884c,Dinheiro,"Amendoim salgado e temperado ",1,8,aa4d1cfe-c6c1-4fd8-8c4b-2b1b9942884c,ExpoDireto
afc4a832-50cc-4ddb-b54c-b25028493fe8,20,2026-03-09 11:20:40.221-03,%,0,20,aa4d1cfe-c6c1-4fd8-8c4b-2b1b9942884c,Dinheiro,Cuca Enrolada de Amendoim,1,15,aa4d1cfe-c6c1-4fd8-8c4b-2b1b9942884c,ExpoDireto
afc4a832-50cc-4ddb-b54c-b25028493fe8,20,2026-03-09 11:20:40.221-03,%,0,20,aa4d1cfe-c6c1-4fd8-8c4b-2b1b9942884c,Dinheiro,Rapadura Assada,1,5,aa4d1cfe-c6c1-4fd8-8c4b-2b1b9942884c,ExpoDireto
b001378d-c885-4573-9938-c270475ef750,15,2026-03-09 12:59:15.394-03,%,0,15,aa4d1cfe-c6c1-4fd8-8c4b-2b1b9942884c,Dinheiro,Cuca Enrolada de Amendoim,1,15,aa4d1cfe-c6c1-4fd8-8c4b-2b1b9942884c,ExpoDireto
74e595c9-a413-4040-94ac-efffe6426ab3,15,2026-03-09 13:23:20.932-03,%,0,15,aa4d1cfe-c6c1-4fd8-8c4b-2b1b9942884c,Dinheiro,Cuca Enrolada de Amendoim,1,15,aa4d1cfe-c6c1-4fd8-8c4b-2b1b9942884c,ExpoDireto
67dc9591-f502-47de-a874-b56af2d4c5b6,32,2026-03-09 13:34:10.658-03,%,0,32,aa4d1cfe-c6c1-4fd8-8c4b-2b1b9942884c,Pix,Cri-Cri 200g,1,7,aa4d1cfe-c6c1-4fd8-8c4b-2b1b9942884c,ExpoDireto
67dc9591-f502-47de-a874-b56af2d4c5b6,32,2026-03-09 13:34:10.658-03,%,0,32,aa4d1cfe-c6c1-4fd8-8c4b-2b1b9942884c,Pix,Rapadura Assada (Pacote x6),1,25,aa4d1cfe-c6c1-4fd8-8c4b-2b1b9942884c,ExpoDireto
71e5dcce-c840-4b96-bcf8-8309e6a8a3a5,10,2026-03-27 14:13:56.424-03,%,0,10,aa4d1cfe-c6c1-4fd8-8c4b-2b1b9942884c,Cartão,"Bolacha de manteiga ",1,10,aa4d1cfe-c6c1-4fd8-8c4b-2b1b9942884c,Expo Afubra
a3239ae2-44bc-45ba-8f1e-badbccab0b5d,15,2026-03-10 10:38:08.897-03,%,0,15,aa4d1cfe-c6c1-4fd8-8c4b-2b1b9942884c,Cartão,Cuca Enrolada de Amendoim,1,15,aa4d1cfe-c6c1-4fd8-8c4b-2b1b9942884c,ExpoDireto
e2d35fd0-8054-4278-b94b-f2ddb2a05470,7,2026-03-10 11:44:44.19-03,%,0,7,aa4d1cfe-c6c1-4fd8-8c4b-2b1b9942884c,Dinheiro,Cri-Cri 200g,1,7,aa4d1cfe-c6c1-4fd8-8c4b-2b1b9942884c,ExpoDireto
10257aa7-b014-44c1-954d-a23cc5f95239,15,2026-03-10 12:03:11.046-03,%,0,15,aa4d1cfe-c6c1-4fd8-8c4b-2b1b9942884c,Dinheiro,Cuca Enrolada de Amendoim,1,15,aa4d1cfe-c6c1-4fd8-8c4b-2b1b9942884c,ExpoDireto
d7219882-a500-435d-802e-40713f05f657,31,2026-03-10 12:06:36.238-03,%,0,31,aa4d1cfe-c6c1-4fd8-8c4b-2b1b9942884c,Cartão,Pé-de-Moleque,2,5,aa4d1cfe-c6c1-4fd8-8c4b-2b1b9942884c,ExpoDireto
d7219882-a500-435d-802e-40713f05f657,31,2026-03-10 12:06:36.238-03,%,0,31,aa4d1cfe-c6c1-4fd8-8c4b-2b1b9942884c,Cartão,Rapadura de Melado,3,7,aa4d1cfe-c6c1-4fd8-8c4b-2b1b9942884c,ExpoDireto
71f8dcce-10f2-487d-b7f0-3450ba1ab2d5,10,2026-03-10 13:11:06.195-03,%,0,10,aa4d1cfe-c6c1-4fd8-8c4b-2b1b9942884c,Dinheiro,Bolacha de Milho,1,10,aa4d1cfe-c6c1-4fd8-8c4b-2b1b9942884c,ExpoDireto
fc4a1ebb-c7cb-463d-8ab4-c8a4e195d7d9,7,2026-03-10 13:48:17.908-03,%,0,7,aa4d1cfe-c6c1-4fd8-8c4b-2b1b9942884c,Dinheiro,Rapadura de Melado,1,7,aa4d1cfe-c6c1-4fd8-8c4b-2b1b9942884c,ExpoDireto
e633a701-71c7-43d2-878a-27b8ee0fad46,100,2026-03-10 15:00:46.146-03,%,0,100,aa4d1cfe-c6c1-4fd8-8c4b-2b1b9942884c,Cartão,Rapadura Assada (Pacote x6),24,25,aa4d1cfe-c6c1-4fd8-8c4b-2b1b9942884c,ExpoDireto
ea296f1c-c4fe-47f2-9743-7f6239bcb22b,15,2026-03-10 15:03:32.203-03,%,0,15,aa4d1cfe-c6c1-4fd8-8c4b-2b1b9942884c,Dinheiro,Cuca Enrolada de Amendoim,1,15,aa4d1cfe-c6c1-4fd8-8c4b-2b1b9942884c,ExpoDireto
316c1f92-aa0a-4085-ad4a-c93eb81ce336,12,2026-03-10 15:18:46.78-03,%,0,12,aa4d1cfe-c6c1-4fd8-8c4b-2b1b9942884c,Cartão,Alfajor Preto,2,6,aa4d1cfe-c6c1-4fd8-8c4b-2b1b9942884c,ExpoDireto
67b29c42-c395-4951-9b97-8f3e74657d77,25,2026-03-10 15:42:36.21-03,%,0,25,aa4d1cfe-c6c1-4fd8-8c4b-2b1b9942884c,Dinheiro,Pé-de-Moleque,1,5,aa4d1cfe-c6c1-4fd8-8c4b-2b1b9942884c,ExpoDireto
67b29c42-c395-4951-9b97-8f3e74657d77,25,2026-03-10 15:42:36.21-03,%,0,25,aa4d1cfe-c6c1-4fd8-8c4b-2b1b9942884c,Dinheiro,Rapadura de Melado (Pacote x3),3,20,aa4d1cfe-c6c1-4fd8-8c4b-2b1b9942884c,ExpoDireto
3cf53f32-ec29-45ea-9498-fd9a4aeb1816,20,2026-03-10 16:23:10.475-03,%,0,20,aa4d1cfe-c6c1-4fd8-8c4b-2b1b9942884c,Cartão,Rapadura de Melado (Pacote x3),3,20,aa4d1cfe-c6c1-4fd8-8c4b-2b1b9942884c,ExpoDireto
65ae85dd-86ba-40da-907d-1fdd4d2114c8,10,2026-03-09 09:51:25.901-03,%,0,10,aa4d1cfe-c6c1-4fd8-8c4b-2b1b9942884c,Dinheiro,"Bolacha de manteiga ",1,10,aa4d1cfe-c6c1-4fd8-8c4b-2b1b9942884c,ExpoDireto
7a0e3c5d-1276-4aa5-b6ab-c51d7afd3c9c,20,2026-03-09 10:27:52.518-03,%,0,20,aa4d1cfe-c6c1-4fd8-8c4b-2b1b9942884c,Dinheiro,Alfajor Preto (Pacote x4),1,20,aa4d1cfe-c6c1-4fd8-8c4b-2b1b9942884c,ExpoDireto
def08255-2650-456e-a6ac-8a523354cbab,15,2026-03-09 12:09:08.852-03,%,0,15,aa4d1cfe-c6c1-4fd8-8c4b-2b1b9942884c,Dinheiro,Cuca Enrolada de Amendoim,1,15,aa4d1cfe-c6c1-4fd8-8c4b-2b1b9942884c,ExpoDireto
f3c50e64-1da1-4fa6-a9ab-f5428199b01c,15,2026-03-09 13:21:09.627-03,%,0,15,aa4d1cfe-c6c1-4fd8-8c4b-2b1b9942884c,Dinheiro,Cuca Enrolada de Amendoim,1,15,aa4d1cfe-c6c1-4fd8-8c4b-2b1b9942884c,ExpoDireto
0273ffd8-4ccf-4718-8261-b6fc99d73453,26,2026-03-09 13:32:24.085-03,%,0,26,aa4d1cfe-c6c1-4fd8-8c4b-2b1b9942884c,Dinheiro,Cri-Cri 200g,1,7,aa4d1cfe-c6c1-4fd8-8c4b-2b1b9942884c,ExpoDireto
0273ffd8-4ccf-4718-8261-b6fc99d73453,26,2026-03-09 13:32:24.085-03,%,0,26,aa4d1cfe-c6c1-4fd8-8c4b-2b1b9942884c,Dinheiro,Rapadura de Melado,2,7,aa4d1cfe-c6c1-4fd8-8c4b-2b1b9942884c,ExpoDireto
0273ffd8-4ccf-4718-8261-b6fc99d73453,26,2026-03-09 13:32:24.085-03,%,0,26,aa4d1cfe-c6c1-4fd8-8c4b-2b1b9942884c,Dinheiro,Rapadura Assada,1,5,aa4d1cfe-c6c1-4fd8-8c4b-2b1b9942884c,ExpoDireto
9650566a-9920-4fbd-bde1-c5c7a9cf0a8a,14,2026-03-09 13:36:57.669-03,%,0,14,aa4d1cfe-c6c1-4fd8-8c4b-2b1b9942884c,Dinheiro,Rapadura de Melado,1,7,aa4d1cfe-c6c1-4fd8-8c4b-2b1b9942884c,ExpoDireto
9650566a-9920-4fbd-bde1-c5c7a9cf0a8a,14,2026-03-09 13:36:57.669-03,%,0,14,aa4d1cfe-c6c1-4fd8-8c4b-2b1b9942884c,Dinheiro,Cri-Cri 200g,1,7,aa4d1cfe-c6c1-4fd8-8c4b-2b1b9942884c,ExpoDireto
0b48005f-59d4-4810-b002-d72e16a3883d,10,2026-03-09 14:30:08.703-03,R$,1,11,aa4d1cfe-c6c1-4fd8-8c4b-2b1b9942884c,Dinheiro,Rapadura Assada,1,5,aa4d1cfe-c6c1-4fd8-8c4b-2b1b9942884c,ExpoDireto
0b48005f-59d4-4810-b002-d72e16a3883d,10,2026-03-09 14:30:08.703-03,R$,1,11,aa4d1cfe-c6c1-4fd8-8c4b-2b1b9942884c,Dinheiro,Alfajor Preto,1,6,aa4d1cfe-c6c1-4fd8-8c4b-2b1b9942884c,ExpoDireto
5ba683fe-1e97-4190-bb64-b52207b66309,20,2026-03-10 10:39:12.345-03,%,0,20,aa4d1cfe-c6c1-4fd8-8c4b-2b1b9942884c,Cartão,Cuca Enrolada de Amendoim,1,15,aa4d1cfe-c6c1-4fd8-8c4b-2b1b9942884c,ExpoDireto
5ba683fe-1e97-4190-bb64-b52207b66309,20,2026-03-10 10:39:12.345-03,%,0,20,aa4d1cfe-c6c1-4fd8-8c4b-2b1b9942884c,Cartão,Rapadura Assada,1,5,aa4d1cfe-c6c1-4fd8-8c4b-2b1b9942884c,ExpoDireto
4adfb851-f2a6-47d6-aae4-283466c999f1,15,2026-03-10 11:55:12.167-03,%,0,15,aa4d1cfe-c6c1-4fd8-8c4b-2b1b9942884c,Dinheiro,Cuca Enrolada de Amendoim,1,15,aa4d1cfe-c6c1-4fd8-8c4b-2b1b9942884c,ExpoDireto
7ee950b8-df8c-4071-aa99-d4ddba391d76,20,2026-03-10 12:37:02.898-03,%,0,20,aa4d1cfe-c6c1-4fd8-8c4b-2b1b9942884c,Dinheiro,Cuca Enrolada de Amendoim,1,15,aa4d1cfe-c6c1-4fd8-8c4b-2b1b9942884c,ExpoDireto
7ee950b8-df8c-4071-aa99-d4ddba391d76,20,2026-03-10 12:37:02.898-03,%,0,20,aa4d1cfe-c6c1-4fd8-8c4b-2b1b9942884c,Dinheiro,Rapadura Assada,1,5,aa4d1cfe-c6c1-4fd8-8c4b-2b1b9942884c,ExpoDireto
8567ebc3-0a2f-47c0-9193-069c0205641e,15,2026-03-10 13:15:10.612-03,%,0,15,aa4d1cfe-c6c1-4fd8-8c4b-2b1b9942884c,Cartão,Cuca Enrolada de Amendoim,1,15,aa4d1cfe-c6c1-4fd8-8c4b-2b1b9942884c,ExpoDireto
25634a4f-dbfa-4862-98fb-c150cd604e8f,15,2026-03-10 14:06:54.932-03,%,0,15,aa4d1cfe-c6c1-4fd8-8c4b-2b1b9942884c,Dinheiro,Cuca Enrolada de Amendoim,1,15,aa4d1cfe-c6c1-4fd8-8c4b-2b1b9942884c,ExpoDireto
f483cdaa-49fe-4b71-8a41-c806f9c72f8d,22,2026-03-10 15:01:20.652-03,%,0,22,aa4d1cfe-c6c1-4fd8-8c4b-2b1b9942884c,Dinheiro,Cuca Enrolada de Amendoim,1,15,aa4d1cfe-c6c1-4fd8-8c4b-2b1b9942884c,ExpoDireto
f483cdaa-49fe-4b71-8a41-c806f9c72f8d,22,2026-03-10 15:01:20.652-03,%,0,22,aa4d1cfe-c6c1-4fd8-8c4b-2b1b9942884c,Dinheiro,Rapadura de Melado,1,7,aa4d1cfe-c6c1-4fd8-8c4b-2b1b9942884c,ExpoDireto
ef6a0429-2c55-4098-b9c8-4fd8ba20d189,0,2026-03-10 15:03:59.854-03,R$,6,6,aa4d1cfe-c6c1-4fd8-8c4b-2b1b9942884c,Dinheiro,Alfajor Preto,1,6,aa4d1cfe-c6c1-4fd8-8c4b-2b1b9942884c,ExpoDireto
64d46e63-7b96-44b1-8bea-d73ad735d345,15,2026-03-10 15:23:23.193-03,%,0,15,aa4d1cfe-c6c1-4fd8-8c4b-2b1b9942884c,Dinheiro,Cuca Enrolada de Amendoim,1,15,aa4d1cfe-c6c1-4fd8-8c4b-2b1b9942884c,ExpoDireto
511e5352-13ff-46dc-9f2d-cffd5fe8e5e6,7,2026-03-10 15:53:44.674-03,%,0,7,aa4d1cfe-c6c1-4fd8-8c4b-2b1b9942884c,Dinheiro,Rapadura de Melado,1,7,aa4d1cfe-c6c1-4fd8-8c4b-2b1b9942884c,ExpoDireto
3d7a090e-f122-4ed0-af3a-1391ae997cfd,22,2026-03-10 16:18:47.276-03,%,0,22,aa4d1cfe-c6c1-4fd8-8c4b-2b1b9942884c,Dinheiro,Cuca Enrolada de Amendoim,1,15,aa4d1cfe-c6c1-4fd8-8c4b-2b1b9942884c,ExpoDireto
3d7a090e-f122-4ed0-af3a-1391ae997cfd,22,2026-03-10 16:18:47.276-03,%,0,22,aa4d1cfe-c6c1-4fd8-8c4b-2b1b9942884c,Dinheiro,Rapadura de Melado,1,7,aa4d1cfe-c6c1-4fd8-8c4b-2b1b9942884c,ExpoDireto
3e0e8bf8-a313-4b11-8ab1-48ea524a2ffc,40,2026-03-10 16:21:31.299-03,%,0,40,aa4d1cfe-c6c1-4fd8-8c4b-2b1b9942884c,Cartão,Alfajor Preto (Pacote x4),8,20,aa4d1cfe-c6c1-4fd8-8c4b-2b1b9942884c,ExpoDireto
9ec2e76d-9312-4420-b010-d702ed9c5753,30,2026-03-10 16:37:40.653-03,%,0,30,aa4d1cfe-c6c1-4fd8-8c4b-2b1b9942884c,Dinheiro,Rapadura Assada (Pacote x6),6,25,aa4d1cfe-c6c1-4fd8-8c4b-2b1b9942884c,ExpoDireto
9ec2e76d-9312-4420-b010-d702ed9c5753,30,2026-03-10 16:37:40.653-03,%,0,30,aa4d1cfe-c6c1-4fd8-8c4b-2b1b9942884c,Dinheiro,Rapadura Assada,1,5,aa4d1cfe-c6c1-4fd8-8c4b-2b1b9942884c,ExpoDireto
0e5b506b-2b0d-4de8-b1a9-b35886d7b073,10,2026-03-10 17:04:48.491-03,%,0,10,aa4d1cfe-c6c1-4fd8-8c4b-2b1b9942884c,Dinheiro,"Bolacha de manteiga ",1,10,aa4d1cfe-c6c1-4fd8-8c4b-2b1b9942884c,ExpoDireto
67c34fa0-4fbb-45a4-b812-cb64cff3ef0d,15,2026-03-11 07:53:47.052-03,%,0,15,aa4d1cfe-c6c1-4fd8-8c4b-2b1b9942884c,Dinheiro,Cuca Enrolada de Amendoim,1,15,aa4d1cfe-c6c1-4fd8-8c4b-2b1b9942884c,ExpoDireto
11fb884b-5fe2-4a6f-99b8-1c24c9551898,20,2026-03-11 10:07:43.209-03,%,0,20,aa4d1cfe-c6c1-4fd8-8c4b-2b1b9942884c,Dinheiro,Cuca Enrolada de Amendoim,1,15,aa4d1cfe-c6c1-4fd8-8c4b-2b1b9942884c,ExpoDireto
11fb884b-5fe2-4a6f-99b8-1c24c9551898,20,2026-03-11 10:07:43.209-03,%,0,20,aa4d1cfe-c6c1-4fd8-8c4b-2b1b9942884c,Dinheiro,Rapadura Assada,1,5,aa4d1cfe-c6c1-4fd8-8c4b-2b1b9942884c,ExpoDireto
c3178250-9e11-4546-8d0b-e540c850fa92,20,2026-03-11 10:28:13.958-03,%,0,20,aa4d1cfe-c6c1-4fd8-8c4b-2b1b9942884c,Dinheiro,Rapadura de Melado (Pacote x3),3,20,aa4d1cfe-c6c1-4fd8-8c4b-2b1b9942884c,ExpoDireto
171c3036-e210-4ee1-aaec-358d7bece508,7,2026-03-11 11:15:58.102-03,R$,0,7,aa4d1cfe-c6c1-4fd8-8c4b-2b1b9942884c,Dinheiro,Rapadura de Melado,1,7,aa4d1cfe-c6c1-4fd8-8c4b-2b1b9942884c,ExpoDireto
85020602-a515-4a05-bb98-5ec754b352b9,25,2026-03-11 11:16:59.384-03,R$,0,25,aa4d1cfe-c6c1-4fd8-8c4b-2b1b9942884c,Cartão,Rapadura Assada (Pacote x6),6,25,aa4d1cfe-c6c1-4fd8-8c4b-2b1b9942884c,ExpoDireto
b81252b1-6f5c-444f-a5c8-357a725dc2a1,15,2026-03-11 11:22:42.236-03,R$,0,15,aa4d1cfe-c6c1-4fd8-8c4b-2b1b9942884c,Dinheiro,Rapadura de Melado,1,7,aa4d1cfe-c6c1-4fd8-8c4b-2b1b9942884c,ExpoDireto
b81252b1-6f5c-444f-a5c8-357a725dc2a1,15,2026-03-11 11:22:42.236-03,R$,0,15,aa4d1cfe-c6c1-4fd8-8c4b-2b1b9942884c,Dinheiro,"Amendoim salgado e temperado ",1,8,aa4d1cfe-c6c1-4fd8-8c4b-2b1b9942884c,ExpoDireto
8f6f83cc-6950-4ee8-87a0-6acfefc683ae,15,2026-03-11 11:51:03.917-03,%,0,15,aa4d1cfe-c6c1-4fd8-8c4b-2b1b9942884c,Cartão,Cuca Enrolada de Amendoim,1,15,aa4d1cfe-c6c1-4fd8-8c4b-2b1b9942884c,ExpoDireto
e5d9f41e-6209-40b3-a308-c1485715dee1,15,2026-03-11 12:21:07.862-03,%,0,15,aa4d1cfe-c6c1-4fd8-8c4b-2b1b9942884c,Dinheiro,Cuca Enrolada de Amendoim,1,15,aa4d1cfe-c6c1-4fd8-8c4b-2b1b9942884c,ExpoDireto
e98a95aa-7cda-405e-bf27-56bac4807d97,40,2026-03-11 12:27:46.991-03,%,0,40,aa4d1cfe-c6c1-4fd8-8c4b-2b1b9942884c,Cartão,Alfajor Preto (Pacote x4),8,20,aa4d1cfe-c6c1-4fd8-8c4b-2b1b9942884c,ExpoDireto
d4647d9b-1134-43f9-beca-fee92336832e,7,2026-03-11 13:04:07.335-03,%,0,7,aa4d1cfe-c6c1-4fd8-8c4b-2b1b9942884c,Dinheiro,Rapadura de Melado,1,7,aa4d1cfe-c6c1-4fd8-8c4b-2b1b9942884c,ExpoDireto
7582bd4c-1a3c-49c3-9489-f35850a1a3c5,6,2026-03-11 13:08:23.063-03,%,0,6,aa4d1cfe-c6c1-4fd8-8c4b-2b1b9942884c,Cartão,Alfajor Preto,1,6,aa4d1cfe-c6c1-4fd8-8c4b-2b1b9942884c,ExpoDireto
9c1cb61c-fe42-4218-9d34-1a6bb39d7634,30,2026-03-11 13:25:55.63-03,%,0,30,aa4d1cfe-c6c1-4fd8-8c4b-2b1b9942884c,Cartão,Cuca Enrolada de Amendoim,2,15,aa4d1cfe-c6c1-4fd8-8c4b-2b1b9942884c,ExpoDireto
b4ea8650-8f92-4a55-ae95-5eaff9911740,15,2026-03-11 13:41:10.723-03,R$,0,15,aa4d1cfe-c6c1-4fd8-8c4b-2b1b9942884c,Cartão,Cuca Enrolada de Amendoim,1,15,aa4d1cfe-c6c1-4fd8-8c4b-2b1b9942884c,ExpoDireto
93a432e2-930e-4eae-ba45-0558e5a02082,6,2026-03-11 13:54:01.874-03,R$,0,6,aa4d1cfe-c6c1-4fd8-8c4b-2b1b9942884c,Cartão,Alfajor Preto,1,6,aa4d1cfe-c6c1-4fd8-8c4b-2b1b9942884c,ExpoDireto
54aa47bb-a187-4243-a372-9586569d8151,25,2026-03-11 13:55:10.613-03,R$,0,25,aa4d1cfe-c6c1-4fd8-8c4b-2b1b9942884c,Cartão,Rapadura Assada (Pacote x6),6,25,aa4d1cfe-c6c1-4fd8-8c4b-2b1b9942884c,ExpoDireto
82640c8b-7255-48b7-a9a0-c5b11295537c,7,2026-03-11 13:55:42.576-03,R$,0,7,aa4d1cfe-c6c1-4fd8-8c4b-2b1b9942884c,Dinheiro,Rapadura de Melado,1,7,aa4d1cfe-c6c1-4fd8-8c4b-2b1b9942884c,ExpoDireto
fa3b508d-9a5a-4a91-bc00-3b31c519c6c6,20,2026-03-11 14:01:25.703-03,%,0,20,aa4d1cfe-c6c1-4fd8-8c4b-2b1b9942884c,Cartão,Alfajor Preto (Pacote x4),4,20,aa4d1cfe-c6c1-4fd8-8c4b-2b1b9942884c,ExpoDireto
913ce0ce-859c-481a-812e-19f102e8d51d,15,2026-03-11 14:18:58.986-03,%,0,15,aa4d1cfe-c6c1-4fd8-8c4b-2b1b9942884c,Cartão,Pé-de-Moleque,3,5,aa4d1cfe-c6c1-4fd8-8c4b-2b1b9942884c,ExpoDireto
976454fb-e12f-4bd4-b5b3-3a792fdc1c6f,20,2026-03-11 14:23:41-03,%,0,20,aa4d1cfe-c6c1-4fd8-8c4b-2b1b9942884c,Dinheiro,Pé-de-Moleque,4,5,aa4d1cfe-c6c1-4fd8-8c4b-2b1b9942884c,ExpoDireto
570ed7f4-9d5a-4015-a16a-288618cbd9af,15,2026-03-11 14:26:12.204-03,%,0,15,aa4d1cfe-c6c1-4fd8-8c4b-2b1b9942884c,Cartão,Cuca Enrolada de Amendoim,1,15,aa4d1cfe-c6c1-4fd8-8c4b-2b1b9942884c,ExpoDireto
89ea6ba7-4243-4ac7-a578-d917809d3b7b,15,2026-03-11 14:33:25.126-03,%,0,15,aa4d1cfe-c6c1-4fd8-8c4b-2b1b9942884c,Cartão,Cuca Enrolada de Amendoim,1,15,aa4d1cfe-c6c1-4fd8-8c4b-2b1b9942884c,ExpoDireto
beeb9abc-9cad-4b67-a58b-99cae4665360,8,2026-03-11 14:39:46.687-03,%,0,8,aa4d1cfe-c6c1-4fd8-8c4b-2b1b9942884c,Dinheiro,"Amendoim salgado e temperado ",1,8,aa4d1cfe-c6c1-4fd8-8c4b-2b1b9942884c,ExpoDireto
8545b480-9712-482f-a784-d41f1af5cbd7,20,2026-03-11 14:46:28.18-03,%,0,20,aa4d1cfe-c6c1-4fd8-8c4b-2b1b9942884c,Dinheiro,Rapadura de Melado (Pacote x3),3,20,aa4d1cfe-c6c1-4fd8-8c4b-2b1b9942884c,ExpoDireto
c80418fd-68b2-403a-8137-aefe5d22bb66,20,2026-03-11 14:47:55.874-03,%,0,20,aa4d1cfe-c6c1-4fd8-8c4b-2b1b9942884c,Cartão,Alfajor Preto (Pacote x4),4,20,aa4d1cfe-c6c1-4fd8-8c4b-2b1b9942884c,ExpoDireto
93dd2f98-f26f-49b9-8950-b27c962ed516,5,2026-03-11 14:49:31.57-03,%,0,5,aa4d1cfe-c6c1-4fd8-8c4b-2b1b9942884c,Dinheiro,Pé-de-Moleque,1,5,aa4d1cfe-c6c1-4fd8-8c4b-2b1b9942884c,ExpoDireto
1307adff-3f9c-4a36-8d07-5bfed7357853,37,2026-03-11 15:07:53.491-03,%,0,37,aa4d1cfe-c6c1-4fd8-8c4b-2b1b9942884c,Cartão,Alfajor Preto,2,6,aa4d1cfe-c6c1-4fd8-8c4b-2b1b9942884c,ExpoDireto
1307adff-3f9c-4a36-8d07-5bfed7357853,37,2026-03-11 15:07:53.491-03,%,0,37,aa4d1cfe-c6c1-4fd8-8c4b-2b1b9942884c,Cartão,Rapadura Assada (Pacote x6),6,25,aa4d1cfe-c6c1-4fd8-8c4b-2b1b9942884c,ExpoDireto
d3a275e2-de25-410b-a86d-e85963efc7c6,20,2026-03-11 15:09:32.825-03,%,0,20,aa4d1cfe-c6c1-4fd8-8c4b-2b1b9942884c,Dinheiro,Rapadura de Melado (Pacote x3),3,20,aa4d1cfe-c6c1-4fd8-8c4b-2b1b9942884c,ExpoDireto
dbcde318-a33b-4527-90f0-7e36653cab86,40,2026-03-11 15:20:49.258-03,%,0,40,aa4d1cfe-c6c1-4fd8-8c4b-2b1b9942884c,Cartão,Alfajor Preto (Pacote x4),8,20,aa4d1cfe-c6c1-4fd8-8c4b-2b1b9942884c,ExpoDireto
5c2d2f10-2a8d-4224-bfe6-e2f346844ae2,20,2026-03-11 15:21:22.825-03,%,0,20,aa4d1cfe-c6c1-4fd8-8c4b-2b1b9942884c,Cartão,Alfajor Preto (Pacote x4),4,20,aa4d1cfe-c6c1-4fd8-8c4b-2b1b9942884c,ExpoDireto
e68bd3b5-b01c-4f36-8298-e43799916edf,7,2026-03-11 15:27:02.341-03,%,0,7,aa4d1cfe-c6c1-4fd8-8c4b-2b1b9942884c,Dinheiro,Rapadura de Melado,1,7,aa4d1cfe-c6c1-4fd8-8c4b-2b1b9942884c,ExpoDireto
53ecbba4-a733-42eb-b377-310714f84ea3,20,2026-03-11 15:29:04.694-03,%,0,20,aa4d1cfe-c6c1-4fd8-8c4b-2b1b9942884c,Cartão,Alfajor Preto (Pacote x4),4,20,aa4d1cfe-c6c1-4fd8-8c4b-2b1b9942884c,ExpoDireto
be481745-31da-4bf9-a843-15bebc5fe2ae,7,2026-03-11 15:42:26.567-03,%,0,7,aa4d1cfe-c6c1-4fd8-8c4b-2b1b9942884c,Cartão,Cri-Cri 200g,1,7,aa4d1cfe-c6c1-4fd8-8c4b-2b1b9942884c,ExpoDireto
ef4d6233-8a1e-425a-a9c4-ee39fbcd9388,7,2026-03-27 14:15:36.996-03,%,0,7,aa4d1cfe-c6c1-4fd8-8c4b-2b1b9942884c,Dinheiro,Rapadura de Melado,1,7,aa4d1cfe-c6c1-4fd8-8c4b-2b1b9942884c,Expo Afubra
9a9bf4ba-6984-4349-a770-5bbda54dd46d,20,2026-03-10 10:52:03.24-03,%,0,20,aa4d1cfe-c6c1-4fd8-8c4b-2b1b9942884c,Cartão,Alfajor Preto (Pacote x4),4,20,aa4d1cfe-c6c1-4fd8-8c4b-2b1b9942884c,ExpoDireto
841e4fa7-7ba4-440d-a36f-593c9104028f,5,2026-03-10 12:01:14.496-03,%,0,5,aa4d1cfe-c6c1-4fd8-8c4b-2b1b9942884c,Cartão,Rapadura Assada,1,5,aa4d1cfe-c6c1-4fd8-8c4b-2b1b9942884c,ExpoDireto
1b32962c-1ce5-4f07-ba25-03e578fc4c17,5,2026-03-10 13:09:34.026-03,%,0,5,aa4d1cfe-c6c1-4fd8-8c4b-2b1b9942884c,Dinheiro,Pé-de-Moleque,1,5,aa4d1cfe-c6c1-4fd8-8c4b-2b1b9942884c,ExpoDireto
959f3a27-c0e6-42c4-8133-23a2eae61d85,25,2026-03-09 14:39:52.846-03,%,0,25,aa4d1cfe-c6c1-4fd8-8c4b-2b1b9942884c,Cartão,Rapadura Assada (Pacote x6),1,25,aa4d1cfe-c6c1-4fd8-8c4b-2b1b9942884c,ExpoDireto
b69b4472-f7cf-4733-bdc9-4a7b81daf4ed,14,2026-03-09 15:07:50.619-03,%,0,14,aa4d1cfe-c6c1-4fd8-8c4b-2b1b9942884c,Dinheiro,Rapadura de Melado,2,7,aa4d1cfe-c6c1-4fd8-8c4b-2b1b9942884c,ExpoDireto
7cd8be39-951d-4252-a1f1-840d20383c35,25,2026-03-09 15:38:16.362-03,%,0,25,aa4d1cfe-c6c1-4fd8-8c4b-2b1b9942884c,Cartão,Rapadura Assada (Pacote x6),1,25,aa4d1cfe-c6c1-4fd8-8c4b-2b1b9942884c,ExpoDireto
4728a1ea-f754-4b1d-b37d-6315f8820adf,40,2026-03-09 15:47:41.517-03,%,0,40,aa4d1cfe-c6c1-4fd8-8c4b-2b1b9942884c,Cartão,Alfajor Preto (Pacote x4),2,20,aa4d1cfe-c6c1-4fd8-8c4b-2b1b9942884c,ExpoDireto
9caa566e-19a0-4b9d-beff-534d5f7fb61f,20,2026-03-09 15:49:50.633-03,%,0,20,aa4d1cfe-c6c1-4fd8-8c4b-2b1b9942884c,Dinheiro,Rapadura de Melado (Pacote x3),1,20,aa4d1cfe-c6c1-4fd8-8c4b-2b1b9942884c,ExpoDireto
d28e846c-2086-4f09-8aa5-5b5ae54decbb,7,2026-03-09 16:14:42.847-03,%,0,7,aa4d1cfe-c6c1-4fd8-8c4b-2b1b9942884c,Dinheiro,Rapadura de Melado,1,7,aa4d1cfe-c6c1-4fd8-8c4b-2b1b9942884c,ExpoDireto
d306b873-fdfd-40d3-b7bf-c3ac63f6297a,25,2026-03-09 16:26:55.792-03,%,0,25,aa4d1cfe-c6c1-4fd8-8c4b-2b1b9942884c,Dinheiro,Rapadura Assada (Pacote x6),1,25,aa4d1cfe-c6c1-4fd8-8c4b-2b1b9942884c,ExpoDireto
0a398c83-0603-4b9b-b48c-2fe3a561e85f,20,2026-03-09 16:32:25.213-03,%,0,20,aa4d1cfe-c6c1-4fd8-8c4b-2b1b9942884c,Dinheiro,Alfajor Preto (Pacote x4),1,20,aa4d1cfe-c6c1-4fd8-8c4b-2b1b9942884c,ExpoDireto
9fe99655-2154-4593-af4a-85bb02afe1f8,20,2026-03-10 13:36:27.419-03,%,0,20,aa4d1cfe-c6c1-4fd8-8c4b-2b1b9942884c,Dinheiro,Rapadura de Melado (Pacote x3),3,20,aa4d1cfe-c6c1-4fd8-8c4b-2b1b9942884c,ExpoDireto
35288c7a-7261-46b0-b7b0-03f4d5a7f100,6,2026-03-10 13:46:00.266-03,%,0,6,aa4d1cfe-c6c1-4fd8-8c4b-2b1b9942884c,Cartão,Alfajor Preto,1,6,aa4d1cfe-c6c1-4fd8-8c4b-2b1b9942884c,ExpoDireto
be41c723-2be8-44b8-8e75-68cda9d531c4,12,2026-03-10 14:12:05.579-03,%,0,12,aa4d1cfe-c6c1-4fd8-8c4b-2b1b9942884c,Cartão,Alfajor Preto,2,6,aa4d1cfe-c6c1-4fd8-8c4b-2b1b9942884c,ExpoDireto
72f46fc6-a553-41e5-bf2e-cf3c9f2e8066,12,2026-03-10 15:01:38.846-03,%,0,12,aa4d1cfe-c6c1-4fd8-8c4b-2b1b9942884c,Pix,Rapadura de Melado,1,7,aa4d1cfe-c6c1-4fd8-8c4b-2b1b9942884c,ExpoDireto
72f46fc6-a553-41e5-bf2e-cf3c9f2e8066,12,2026-03-10 15:01:38.846-03,%,0,12,aa4d1cfe-c6c1-4fd8-8c4b-2b1b9942884c,Pix,Pé-de-Moleque,1,5,aa4d1cfe-c6c1-4fd8-8c4b-2b1b9942884c,ExpoDireto
dd11525a-c4a9-4006-88ff-d8274d9b1c69,11,2026-03-10 15:07:14.255-03,%,0,11,aa4d1cfe-c6c1-4fd8-8c4b-2b1b9942884c,Cartão,Alfajor Preto,1,6,aa4d1cfe-c6c1-4fd8-8c4b-2b1b9942884c,ExpoDireto
dd11525a-c4a9-4006-88ff-d8274d9b1c69,11,2026-03-10 15:07:14.255-03,%,0,11,aa4d1cfe-c6c1-4fd8-8c4b-2b1b9942884c,Cartão,Rapadura Assada,1,5,aa4d1cfe-c6c1-4fd8-8c4b-2b1b9942884c,ExpoDireto
e2684b58-60dc-4fab-a105-6efcd10f55f4,32,2026-03-10 15:32:31.101-03,%,0,32,aa4d1cfe-c6c1-4fd8-8c4b-2b1b9942884c,Pix,Rapadura de Melado,1,7,aa4d1cfe-c6c1-4fd8-8c4b-2b1b9942884c,ExpoDireto
e2684b58-60dc-4fab-a105-6efcd10f55f4,32,2026-03-10 15:32:31.101-03,%,0,32,aa4d1cfe-c6c1-4fd8-8c4b-2b1b9942884c,Pix,Rapadura Assada (Pacote x6),6,25,aa4d1cfe-c6c1-4fd8-8c4b-2b1b9942884c,ExpoDireto
40d725fb-18bd-4f58-8277-c2c7b4d3ea96,15,2026-03-10 16:06:24.244-03,%,0,15,aa4d1cfe-c6c1-4fd8-8c4b-2b1b9942884c,Cartão,Cuca Enrolada de Amendoim,1,15,aa4d1cfe-c6c1-4fd8-8c4b-2b1b9942884c,ExpoDireto
44e6cbbf-727a-41de-ad04-4956e534a8de,15,2026-03-10 16:19:59.416-03,%,0,15,aa4d1cfe-c6c1-4fd8-8c4b-2b1b9942884c,Cartão,Cuca Enrolada de Amendoim,1,15,aa4d1cfe-c6c1-4fd8-8c4b-2b1b9942884c,ExpoDireto
df51acae-a17f-4385-bf0c-33bf1f3fe62a,25,2026-03-10 16:45:18.051-03,%,0,25,aa4d1cfe-c6c1-4fd8-8c4b-2b1b9942884c,Dinheiro,Rapadura Assada (Pacote x6),6,25,aa4d1cfe-c6c1-4fd8-8c4b-2b1b9942884c,ExpoDireto
dc2a7694-1e53-49a7-8069-b61a64e78be0,6,2026-03-09 17:15:38.794-03,%,0,6,aa4d1cfe-c6c1-4fd8-8c4b-2b1b9942884c,Cartão,Alfajor Preto,1,6,aa4d1cfe-c6c1-4fd8-8c4b-2b1b9942884c,ExpoDireto
8b6ffc39-e29e-494c-8804-dfbcd9e58470,20,2026-03-09 17:19:21.337-03,%,0,20,aa4d1cfe-c6c1-4fd8-8c4b-2b1b9942884c,Dinheiro,Alfajor Preto (Pacote x4),1,20,aa4d1cfe-c6c1-4fd8-8c4b-2b1b9942884c,ExpoDireto
2113035a-1e7f-46a9-96f9-b2f25fd507b0,20,2026-03-09 17:23:57.081-03,%,0,20,aa4d1cfe-c6c1-4fd8-8c4b-2b1b9942884c,Cartão,Alfajor Preto (Pacote x4),1,20,aa4d1cfe-c6c1-4fd8-8c4b-2b1b9942884c,ExpoDireto
60f1f2ac-fd5b-43dc-9c54-6e937a152c04,10,2026-03-10 17:17:46.495-03,%,0,10,aa4d1cfe-c6c1-4fd8-8c4b-2b1b9942884c,Dinheiro,Pé-de-Moleque,2,5,aa4d1cfe-c6c1-4fd8-8c4b-2b1b9942884c,ExpoDireto
d5ced177-14c2-4582-9e5c-14f9f7cb39c3,40,2026-03-11 09:44:48.729-03,%,0,40,aa4d1cfe-c6c1-4fd8-8c4b-2b1b9942884c,Cartão,Alfajor Preto (Pacote x4),8,20,aa4d1cfe-c6c1-4fd8-8c4b-2b1b9942884c,ExpoDireto
88d717ea-4603-46f5-aa83-c4bf4060eab7,40,2026-03-11 10:15:06.955-03,%,0,40,aa4d1cfe-c6c1-4fd8-8c4b-2b1b9942884c,Cartão,Cuca Enrolada de Amendoim,1,15,aa4d1cfe-c6c1-4fd8-8c4b-2b1b9942884c,ExpoDireto
88d717ea-4603-46f5-aa83-c4bf4060eab7,40,2026-03-11 10:15:06.955-03,%,0,40,aa4d1cfe-c6c1-4fd8-8c4b-2b1b9942884c,Cartão,Rapadura Assada (Pacote x6),6,25,aa4d1cfe-c6c1-4fd8-8c4b-2b1b9942884c,ExpoDireto
b017a568-4dd6-4f9d-a329-b2fd2981684e,7,2026-03-11 10:56:58.342-03,R$,1,8,aa4d1cfe-c6c1-4fd8-8c4b-2b1b9942884c,Dinheiro,"Amendoim salgado e temperado ",1,8,aa4d1cfe-c6c1-4fd8-8c4b-2b1b9942884c,ExpoDireto
10329513-8179-4ed8-9694-37a141ee1922,6,2026-03-11 11:16:43.205-03,R$,0,6,aa4d1cfe-c6c1-4fd8-8c4b-2b1b9942884c,Dinheiro,Alfajor Preto,1,6,aa4d1cfe-c6c1-4fd8-8c4b-2b1b9942884c,ExpoDireto
3a8f5318-5832-434f-b5db-b6f233e4b57a,8,2026-03-11 11:20:45.056-03,R$,0,8,aa4d1cfe-c6c1-4fd8-8c4b-2b1b9942884c,Cartão,"Amendoim salgado e temperado ",1,8,aa4d1cfe-c6c1-4fd8-8c4b-2b1b9942884c,ExpoDireto
7f7f2a5a-6cfb-41d1-ac16-6962adb88a2e,22,2026-03-11 11:32:49.724-03,%,0,22,aa4d1cfe-c6c1-4fd8-8c4b-2b1b9942884c,Dinheiro,Cuca Enrolada de Amendoim,1,15,aa4d1cfe-c6c1-4fd8-8c4b-2b1b9942884c,ExpoDireto
7f7f2a5a-6cfb-41d1-ac16-6962adb88a2e,22,2026-03-11 11:32:49.724-03,%,0,22,aa4d1cfe-c6c1-4fd8-8c4b-2b1b9942884c,Dinheiro,Rapadura de Melado,1,7,aa4d1cfe-c6c1-4fd8-8c4b-2b1b9942884c,ExpoDireto
634c9fc6-80d1-4606-8d48-ef8888b541ef,15,2026-03-11 12:10:40.688-03,%,0,15,aa4d1cfe-c6c1-4fd8-8c4b-2b1b9942884c,Cartão,Cuca Enrolada de Amendoim,1,15,aa4d1cfe-c6c1-4fd8-8c4b-2b1b9942884c,ExpoDireto
5171a67e-8132-44a2-94af-ca2b97957b5d,15,2026-03-11 12:21:41.492-03,%,0,15,aa4d1cfe-c6c1-4fd8-8c4b-2b1b9942884c,Pix,Cuca Enrolada de Amendoim,1,15,aa4d1cfe-c6c1-4fd8-8c4b-2b1b9942884c,ExpoDireto
ec2dbbce-a549-46ad-9f54-352c43a82b4a,6,2026-03-11 12:56:43.783-03,%,0,6,aa4d1cfe-c6c1-4fd8-8c4b-2b1b9942884c,Dinheiro,Alfajor Preto,1,6,aa4d1cfe-c6c1-4fd8-8c4b-2b1b9942884c,ExpoDireto
41954693-d927-44b8-9ff7-a4e5b341304a,15,2026-03-11 13:05:38.634-03,%,0,15,aa4d1cfe-c6c1-4fd8-8c4b-2b1b9942884c,Dinheiro,Cuca Enrolada de Amendoim,1,15,aa4d1cfe-c6c1-4fd8-8c4b-2b1b9942884c,ExpoDireto
06b61c44-bf41-443d-a589-5a2dbf734634,20,2026-03-11 13:15:25.06-03,%,0,20,aa4d1cfe-c6c1-4fd8-8c4b-2b1b9942884c,Dinheiro,Alfajor Preto (Pacote x4),4,20,aa4d1cfe-c6c1-4fd8-8c4b-2b1b9942884c,ExpoDireto
4ac6f7a1-a4d8-479e-ab30-6bec1e52f122,6,2026-03-11 13:33:25.588-03,R$,1,7,aa4d1cfe-c6c1-4fd8-8c4b-2b1b9942884c,Dinheiro,Rapadura de Melado,1,7,aa4d1cfe-c6c1-4fd8-8c4b-2b1b9942884c,ExpoDireto
43e89ddd-7a88-4f1c-b7ed-bc809ebdff51,50,2026-03-11 15:52:13.929-03,R$,5,55,aa4d1cfe-c6c1-4fd8-8c4b-2b1b9942884c,Dinheiro,Rapadura de Melado (Pacote x3),6,20,aa4d1cfe-c6c1-4fd8-8c4b-2b1b9942884c,ExpoDireto
43e89ddd-7a88-4f1c-b7ed-bc809ebdff51,50,2026-03-11 15:52:13.929-03,R$,5,55,aa4d1cfe-c6c1-4fd8-8c4b-2b1b9942884c,Dinheiro,Rapadura Assada,3,5,aa4d1cfe-c6c1-4fd8-8c4b-2b1b9942884c,ExpoDireto
cae63220-b945-41fa-b9e1-aadddc6b3060,21,2026-03-11 15:54:29.162-03,R$,0,21,aa4d1cfe-c6c1-4fd8-8c4b-2b1b9942884c,Dinheiro,Cuca Enrolada de Amendoim,1,15,aa4d1cfe-c6c1-4fd8-8c4b-2b1b9942884c,ExpoDireto
cae63220-b945-41fa-b9e1-aadddc6b3060,21,2026-03-11 15:54:29.162-03,R$,0,21,aa4d1cfe-c6c1-4fd8-8c4b-2b1b9942884c,Dinheiro,Alfajor Preto,1,6,aa4d1cfe-c6c1-4fd8-8c4b-2b1b9942884c,ExpoDireto
a355d8bb-4ec3-41d2-9f60-78cb7225a5c7,7,2026-03-11 16:07:00.025-03,R$,0,7,aa4d1cfe-c6c1-4fd8-8c4b-2b1b9942884c,Cartão,Rapadura de Melado,1,7,aa4d1cfe-c6c1-4fd8-8c4b-2b1b9942884c,ExpoDireto
8746c3f8-1037-4a0b-92c4-3e1f656ed0b8,40,2026-03-11 16:10:38.704-03,R$,0,40,aa4d1cfe-c6c1-4fd8-8c4b-2b1b9942884c,Pix,Cuca Enrolada de Amendoim,1,15,aa4d1cfe-c6c1-4fd8-8c4b-2b1b9942884c,ExpoDireto
8746c3f8-1037-4a0b-92c4-3e1f656ed0b8,40,2026-03-11 16:10:38.704-03,R$,0,40,aa4d1cfe-c6c1-4fd8-8c4b-2b1b9942884c,Pix,Rapadura Assada (Pacote x6),6,25,aa4d1cfe-c6c1-4fd8-8c4b-2b1b9942884c,ExpoDireto
8c88cdab-dff6-4581-b2cb-d347c9926273,8,2026-03-11 16:12:50.954-03,R$,0,8,aa4d1cfe-c6c1-4fd8-8c4b-2b1b9942884c,Dinheiro,"Amendoim salgado e temperado ",1,8,aa4d1cfe-c6c1-4fd8-8c4b-2b1b9942884c,ExpoDireto
b983c2e6-8e5c-4381-b528-b227187d037b,38,2026-03-11 16:19:10.829-03,R$,0,38,aa4d1cfe-c6c1-4fd8-8c4b-2b1b9942884c,Pix,Cuca Enrolada de Amendoim,2,15,aa4d1cfe-c6c1-4fd8-8c4b-2b1b9942884c,ExpoDireto
b983c2e6-8e5c-4381-b528-b227187d037b,38,2026-03-11 16:19:10.829-03,R$,0,38,aa4d1cfe-c6c1-4fd8-8c4b-2b1b9942884c,Pix,Cri-Cri 200g,1,8,aa4d1cfe-c6c1-4fd8-8c4b-2b1b9942884c,ExpoDireto
99e00faa-653a-4676-9ddc-0970ceebc055,15,2026-03-11 16:19:47.992-03,R$,0,15,aa4d1cfe-c6c1-4fd8-8c4b-2b1b9942884c,Cartão,Cuca Enrolada de Amendoim,1,15,aa4d1cfe-c6c1-4fd8-8c4b-2b1b9942884c,ExpoDireto
052f34fa-5837-4b53-993c-f3b6b6becafb,5,2026-03-11 16:25:01.91-03,R$,0,5,aa4d1cfe-c6c1-4fd8-8c4b-2b1b9942884c,Dinheiro,Rapadura Assada,1,5,aa4d1cfe-c6c1-4fd8-8c4b-2b1b9942884c,ExpoDireto
d8183f1d-011a-415c-9ad6-49598ea016cf,7,2026-03-11 16:28:06.793-03,R$,0,7,aa4d1cfe-c6c1-4fd8-8c4b-2b1b9942884c,Dinheiro,Rapadura de Melado,1,7,aa4d1cfe-c6c1-4fd8-8c4b-2b1b9942884c,ExpoDireto
d1b99e2d-d9dc-416f-9771-63883f826ab5,25,2026-03-11 16:32:09.993-03,R$,0,25,aa4d1cfe-c6c1-4fd8-8c4b-2b1b9942884c,Dinheiro,Rapadura Assada (Pacote x6),6,25,aa4d1cfe-c6c1-4fd8-8c4b-2b1b9942884c,ExpoDireto
595cb7de-298b-4926-b441-6ab48fe15bed,20,2026-03-11 16:49:26.122-03,R$,0,20,aa4d1cfe-c6c1-4fd8-8c4b-2b1b9942884c,Dinheiro,Rapadura de Melado (Pacote x3),3,20,aa4d1cfe-c6c1-4fd8-8c4b-2b1b9942884c,ExpoDireto
8740d44b-db3c-4ac1-8fbe-7146e81f7e17,7,2026-03-11 17:35:37.028-03,%,0,7,aa4d1cfe-c6c1-4fd8-8c4b-2b1b9942884c,Cartão,Rapadura de Melado,1,7,aa4d1cfe-c6c1-4fd8-8c4b-2b1b9942884c,ExpoDireto
98bb071e-65c7-4fc5-8366-8201cd46ca1b,12,2026-03-11 17:35:48.154-03,%,0,12,aa4d1cfe-c6c1-4fd8-8c4b-2b1b9942884c,Dinheiro,Alfajor Preto,2,6,aa4d1cfe-c6c1-4fd8-8c4b-2b1b9942884c,ExpoDireto
75de3a74-f410-473b-8583-b12470a61e05,80,2026-03-12 07:43:01.108-03,%,0,80,aa4d1cfe-c6c1-4fd8-8c4b-2b1b9942884c,Cartão,Alfajor Preto (Caixa x16),16,80,aa4d1cfe-c6c1-4fd8-8c4b-2b1b9942884c,ExpoDireto
2581e4d7-e0fb-4d00-9c3d-9434a248bc69,28,2026-03-12 09:30:41.018-03,%,0,28,aa4d1cfe-c6c1-4fd8-8c4b-2b1b9942884c,Cartão,"Bolacha de manteiga ",2,10,aa4d1cfe-c6c1-4fd8-8c4b-2b1b9942884c,ExpoDireto
2581e4d7-e0fb-4d00-9c3d-9434a248bc69,28,2026-03-12 09:30:41.018-03,%,0,28,aa4d1cfe-c6c1-4fd8-8c4b-2b1b9942884c,Cartão,Cri-Cri 200g,1,8,aa4d1cfe-c6c1-4fd8-8c4b-2b1b9942884c,ExpoDireto
4bd3aa44-d704-4973-83f8-81445e2f2f4d,20,2026-03-12 09:40:19.391-03,%,0,20,aa4d1cfe-c6c1-4fd8-8c4b-2b1b9942884c,Cartão,Rapadura de Melado (Pacote x3),3,20,aa4d1cfe-c6c1-4fd8-8c4b-2b1b9942884c,ExpoDireto
b3ead63f-711a-488b-9a41-6eecc8ebc3b1,20,2026-03-12 09:42:14.641-03,%,0,20,aa4d1cfe-c6c1-4fd8-8c4b-2b1b9942884c,Cartão,Rapadura de Melado (Pacote x3),3,20,aa4d1cfe-c6c1-4fd8-8c4b-2b1b9942884c,ExpoDireto
79ce697d-130c-4bb0-b8d6-46d1651c9063,20,2026-03-12 09:54:24.252-03,%,0,20,aa4d1cfe-c6c1-4fd8-8c4b-2b1b9942884c,Dinheiro,Alfajor Preto (Pacote x4),4,20,aa4d1cfe-c6c1-4fd8-8c4b-2b1b9942884c,ExpoDireto
312b8b91-d0ee-42c7-84af-631426c7efee,15,2026-03-12 09:56:48.555-03,%,0,15,aa4d1cfe-c6c1-4fd8-8c4b-2b1b9942884c,Pix,Cuca Enrolada de Amendoim,1,15,aa4d1cfe-c6c1-4fd8-8c4b-2b1b9942884c,ExpoDireto
20afda0c-bf32-4c45-a32d-2155939ae86b,15,2026-03-12 09:58:39.498-03,%,0,15,aa4d1cfe-c6c1-4fd8-8c4b-2b1b9942884c,Dinheiro,Cuca Enrolada de Amendoim,1,15,aa4d1cfe-c6c1-4fd8-8c4b-2b1b9942884c,ExpoDireto
9598836b-7595-44e5-b40e-ecf46c4733b1,15,2026-03-12 10:04:38.988-03,%,0,15,aa4d1cfe-c6c1-4fd8-8c4b-2b1b9942884c,Dinheiro,Cuca Enrolada de Amendoim,1,15,aa4d1cfe-c6c1-4fd8-8c4b-2b1b9942884c,ExpoDireto
c93ac700-3540-4882-9337-48be53bc5452,25,2026-03-12 10:09:04.098-03,%,0,25,aa4d1cfe-c6c1-4fd8-8c4b-2b1b9942884c,Pix,Rapadura Assada (Pacote x6),6,25,aa4d1cfe-c6c1-4fd8-8c4b-2b1b9942884c,ExpoDireto
e41b952c-717f-47ee-94bb-66abbc647c3d,30,2026-03-12 10:14:50.992-03,%,0,30,aa4d1cfe-c6c1-4fd8-8c4b-2b1b9942884c,Dinheiro,Cuca Enrolada de Amendoim,2,15,aa4d1cfe-c6c1-4fd8-8c4b-2b1b9942884c,ExpoDireto
18ad28d0-84cf-4b41-b785-ee424923d185,25,2026-03-12 10:19:19.835-03,%,0,25,aa4d1cfe-c6c1-4fd8-8c4b-2b1b9942884c,Dinheiro,Rapadura Assada (Pacote x6),6,25,aa4d1cfe-c6c1-4fd8-8c4b-2b1b9942884c,ExpoDireto
88929fe6-69df-4269-a06e-128757f21e2d,27,2026-03-12 10:19:55.418-03,%,0,27,aa4d1cfe-c6c1-4fd8-8c4b-2b1b9942884c,Dinheiro,Rapadura de Melado,1,7,aa4d1cfe-c6c1-4fd8-8c4b-2b1b9942884c,ExpoDireto
88929fe6-69df-4269-a06e-128757f21e2d,27,2026-03-12 10:19:55.418-03,%,0,27,aa4d1cfe-c6c1-4fd8-8c4b-2b1b9942884c,Dinheiro,Rapadura de Melado (Pacote x3),3,20,aa4d1cfe-c6c1-4fd8-8c4b-2b1b9942884c,ExpoDireto
78e08cb3-a73d-496e-b607-d16bdb39395f,7,2026-03-12 10:22:53.121-03,%,0,7,aa4d1cfe-c6c1-4fd8-8c4b-2b1b9942884c,Cartão,Rapadura de Melado,1,7,aa4d1cfe-c6c1-4fd8-8c4b-2b1b9942884c,ExpoDireto
edb28198-46ed-4cdc-83e6-577ba98a7e59,5,2026-03-12 10:48:41.001-03,%,0,5,aa4d1cfe-c6c1-4fd8-8c4b-2b1b9942884c,Dinheiro,Rapadura Assada,1,5,aa4d1cfe-c6c1-4fd8-8c4b-2b1b9942884c,ExpoDireto
56dc4cd4-7542-4a4f-8c94-604d641a3c60,10,2026-03-12 10:50:25.323-03,%,0,10,aa4d1cfe-c6c1-4fd8-8c4b-2b1b9942884c,Pix,Rapadura Assada,2,5,aa4d1cfe-c6c1-4fd8-8c4b-2b1b9942884c,ExpoDireto
8f8a1216-dd1e-4837-9a21-df40ee7cd1bf,15,2026-03-12 10:58:16.218-03,%,0,15,aa4d1cfe-c6c1-4fd8-8c4b-2b1b9942884c,Pix,Cuca Enrolada de Amendoim,1,15,aa4d1cfe-c6c1-4fd8-8c4b-2b1b9942884c,ExpoDireto
b160d815-da08-4bcf-b71b-43c84defd08d,25,2026-03-12 11:02:32.218-03,%,0,25,aa4d1cfe-c6c1-4fd8-8c4b-2b1b9942884c,Pix,Rapadura Assada (Pacote x6),6,25,aa4d1cfe-c6c1-4fd8-8c4b-2b1b9942884c,ExpoDireto
6b6753ce-c59b-4768-a7fd-90841b9d4e22,50,2026-03-12 11:19:52.273-03,%,0,50,aa4d1cfe-c6c1-4fd8-8c4b-2b1b9942884c,Dinheiro,Rapadura Assada (Pacote x6),12,25,aa4d1cfe-c6c1-4fd8-8c4b-2b1b9942884c,ExpoDireto
ee51f923-aec5-4ca2-be28-6ec4914edd29,20,2026-03-12 11:20:38.996-03,%,0,20,aa4d1cfe-c6c1-4fd8-8c4b-2b1b9942884c,Dinheiro,Rapadura de Melado (Pacote x3),3,20,aa4d1cfe-c6c1-4fd8-8c4b-2b1b9942884c,ExpoDireto
a201bc4b-4d5d-4be6-a09c-8eb8fc0d6773,5,2026-03-12 11:36:44.831-03,%,0,5,aa4d1cfe-c6c1-4fd8-8c4b-2b1b9942884c,Dinheiro,Pé-de-Moleque,1,5,aa4d1cfe-c6c1-4fd8-8c4b-2b1b9942884c,ExpoDireto
1e203b17-2769-40b5-b2ea-43edb654dc22,5,2026-03-12 11:47:49.202-03,%,0,5,aa4d1cfe-c6c1-4fd8-8c4b-2b1b9942884c,Dinheiro,Rapadura Assada,1,5,aa4d1cfe-c6c1-4fd8-8c4b-2b1b9942884c,ExpoDireto
98253bc3-fc79-4fde-840d-0a988d92f524,20,2026-03-12 11:58:41.851-03,%,0,20,aa4d1cfe-c6c1-4fd8-8c4b-2b1b9942884c,Cartão,Alfajor Preto (Pacote x4),4,20,aa4d1cfe-c6c1-4fd8-8c4b-2b1b9942884c,ExpoDireto
e7b43285-2b48-4389-9722-ebd310d43268,7,2026-03-12 12:04:43.021-03,%,0,7,aa4d1cfe-c6c1-4fd8-8c4b-2b1b9942884c,Dinheiro,Rapadura de Melado,1,7,aa4d1cfe-c6c1-4fd8-8c4b-2b1b9942884c,ExpoDireto
0718ca3e-35d0-4fd1-9ad8-6b7cca88c065,20,2026-03-12 12:06:27.193-03,%,0,20,aa4d1cfe-c6c1-4fd8-8c4b-2b1b9942884c,Dinheiro,Rapadura de Melado (Pacote x3),3,20,aa4d1cfe-c6c1-4fd8-8c4b-2b1b9942884c,ExpoDireto
2f0cfea4-aa6c-43b9-99e2-00de85428747,22,2026-03-12 12:20:21.94-03,%,0,22,aa4d1cfe-c6c1-4fd8-8c4b-2b1b9942884c,Dinheiro,Rapadura de Melado,1,7,aa4d1cfe-c6c1-4fd8-8c4b-2b1b9942884c,ExpoDireto
2f0cfea4-aa6c-43b9-99e2-00de85428747,22,2026-03-12 12:20:21.94-03,%,0,22,aa4d1cfe-c6c1-4fd8-8c4b-2b1b9942884c,Dinheiro,Cuca Enrolada de Amendoim,1,15,aa4d1cfe-c6c1-4fd8-8c4b-2b1b9942884c,ExpoDireto
90f8178d-7d13-4b56-98f0-0d8e22dd98c6,15,2026-03-12 12:29:10.629-03,%,0,15,aa4d1cfe-c6c1-4fd8-8c4b-2b1b9942884c,Cartão,Cuca Enrolada de Amendoim,1,15,aa4d1cfe-c6c1-4fd8-8c4b-2b1b9942884c,ExpoDireto
bf65a70e-864f-4769-9ad2-5ec35bd03843,15,2026-03-12 12:34:07.397-03,%,0,15,aa4d1cfe-c6c1-4fd8-8c4b-2b1b9942884c,Cartão,Cuca Enrolada de Amendoim,1,15,aa4d1cfe-c6c1-4fd8-8c4b-2b1b9942884c,ExpoDireto
6dbc924e-14c9-43b2-bbfb-9e51b949f60d,24,2026-03-12 12:38:32.818-03,%,0,24,aa4d1cfe-c6c1-4fd8-8c4b-2b1b9942884c,Dinheiro,"Amendoim salgado e temperado ",3,8,aa4d1cfe-c6c1-4fd8-8c4b-2b1b9942884c,ExpoDireto
bee5f53d-a530-4d46-ad9f-2d95db8fcc01,15,2026-03-12 12:53:00.15-03,%,0,15,aa4d1cfe-c6c1-4fd8-8c4b-2b1b9942884c,Dinheiro,Cuca Enrolada de Amendoim,1,15,aa4d1cfe-c6c1-4fd8-8c4b-2b1b9942884c,ExpoDireto
aeb6b1c9-886e-4dc2-8635-09b582fa9909,15,2026-03-12 12:54:33.648-03,%,0,15,aa4d1cfe-c6c1-4fd8-8c4b-2b1b9942884c,Pix,Cuca Enrolada de Amendoim,1,15,aa4d1cfe-c6c1-4fd8-8c4b-2b1b9942884c,ExpoDireto
bb589721-f2ca-4237-af3a-04d1db400aef,10,2026-03-12 13:25:06.52-03,%,0,10,aa4d1cfe-c6c1-4fd8-8c4b-2b1b9942884c,Cartão,Pé-de-Moleque,2,5,aa4d1cfe-c6c1-4fd8-8c4b-2b1b9942884c,ExpoDireto
54e0e175-6603-427e-adc5-262d78f198c5,20,2026-03-12 13:25:58.651-03,%,0,20,aa4d1cfe-c6c1-4fd8-8c4b-2b1b9942884c,Cartão,Alfajor Preto (Pacote x4),4,20,aa4d1cfe-c6c1-4fd8-8c4b-2b1b9942884c,ExpoDireto
c7fe431d-22c0-4b41-8d56-1a1d0481c28e,15,2026-03-12 13:26:18.509-03,%,0,15,aa4d1cfe-c6c1-4fd8-8c4b-2b1b9942884c,Dinheiro,Cuca Enrolada de Amendoim,1,15,aa4d1cfe-c6c1-4fd8-8c4b-2b1b9942884c,ExpoDireto
e1e88095-9dae-46ed-ba89-76da59560b8a,25,2026-03-12 13:26:56.254-03,%,0,25,aa4d1cfe-c6c1-4fd8-8c4b-2b1b9942884c,Dinheiro,Rapadura Assada (Pacote x6),6,25,aa4d1cfe-c6c1-4fd8-8c4b-2b1b9942884c,ExpoDireto
8b322412-3ba6-4859-86dc-e32e8b959853,15,2026-03-12 13:30:46.548-03,%,0,15,aa4d1cfe-c6c1-4fd8-8c4b-2b1b9942884c,Dinheiro,Cuca Enrolada de Amendoim,1,15,aa4d1cfe-c6c1-4fd8-8c4b-2b1b9942884c,ExpoDireto
00b6a066-e32d-4704-ab6e-167895bcb7cb,6,2026-03-12 13:33:38.344-03,%,0,6,aa4d1cfe-c6c1-4fd8-8c4b-2b1b9942884c,Cartão,Alfajor Preto,1,6,aa4d1cfe-c6c1-4fd8-8c4b-2b1b9942884c,ExpoDireto
0123f276-2264-46a1-8fed-6f6575fe05b8,20,2026-03-12 14:00:47.729-03,%,0,20,aa4d1cfe-c6c1-4fd8-8c4b-2b1b9942884c,Pix,Alfajor Preto (Pacote x4),4,20,aa4d1cfe-c6c1-4fd8-8c4b-2b1b9942884c,ExpoDireto
b87d2894-8f7f-470f-a885-9b6cb6e77bdd,40,2026-03-12 14:03:32.714-03,%,0,40,aa4d1cfe-c6c1-4fd8-8c4b-2b1b9942884c,Dinheiro,Cuca Enrolada de Amendoim,1,15,aa4d1cfe-c6c1-4fd8-8c4b-2b1b9942884c,ExpoDireto
b87d2894-8f7f-470f-a885-9b6cb6e77bdd,40,2026-03-12 14:03:32.714-03,%,0,40,aa4d1cfe-c6c1-4fd8-8c4b-2b1b9942884c,Dinheiro,Rapadura Assada (Pacote x6),6,25,aa4d1cfe-c6c1-4fd8-8c4b-2b1b9942884c,ExpoDireto
4f95c390-0160-443d-8138-1dd8abaed15c,5,2026-03-12 14:03:46.016-03,%,0,5,aa4d1cfe-c6c1-4fd8-8c4b-2b1b9942884c,Dinheiro,Rapadura Assada,1,5,aa4d1cfe-c6c1-4fd8-8c4b-2b1b9942884c,ExpoDireto
1bccc5af-6fe9-4b10-8011-e14496514767,15,2026-03-12 14:08:08.227-03,%,0,15,aa4d1cfe-c6c1-4fd8-8c4b-2b1b9942884c,Dinheiro,Cuca Enrolada de Amendoim,1,15,aa4d1cfe-c6c1-4fd8-8c4b-2b1b9942884c,ExpoDireto
f1853a93-f97f-4a3b-91ca-6b1b078b7fb5,45,2026-03-12 14:13:14.863-03,%,0,45,aa4d1cfe-c6c1-4fd8-8c4b-2b1b9942884c,Cartão,Rapadura Assada (Pacote x6),6,25,aa4d1cfe-c6c1-4fd8-8c4b-2b1b9942884c,ExpoDireto
f1853a93-f97f-4a3b-91ca-6b1b078b7fb5,45,2026-03-12 14:13:14.863-03,%,0,45,aa4d1cfe-c6c1-4fd8-8c4b-2b1b9942884c,Cartão,Rapadura de Melado (Pacote x3),3,20,aa4d1cfe-c6c1-4fd8-8c4b-2b1b9942884c,ExpoDireto
e04638f3-0603-4cbe-8f3d-12da9c8ceda9,25,2026-03-12 14:13:45.65-03,%,0,25,aa4d1cfe-c6c1-4fd8-8c4b-2b1b9942884c,Pix,Rapadura Assada (Pacote x6),6,25,aa4d1cfe-c6c1-4fd8-8c4b-2b1b9942884c,ExpoDireto
c5c53bfc-f9b4-4d54-ba55-2392f3166f2a,25,2026-03-12 14:27:57.889-03,%,0,25,aa4d1cfe-c6c1-4fd8-8c4b-2b1b9942884c,Cartão,Alfajor Preto (Pacote x4),4,20,aa4d1cfe-c6c1-4fd8-8c4b-2b1b9942884c,ExpoDireto
c5c53bfc-f9b4-4d54-ba55-2392f3166f2a,25,2026-03-12 14:27:57.889-03,%,0,25,aa4d1cfe-c6c1-4fd8-8c4b-2b1b9942884c,Cartão,Rapadura Assada,1,5,aa4d1cfe-c6c1-4fd8-8c4b-2b1b9942884c,ExpoDireto
b8891c49-2ff2-4f2d-845b-98d9f5a080a7,30,2026-03-12 14:28:56.908-03,%,0,30,aa4d1cfe-c6c1-4fd8-8c4b-2b1b9942884c,Cartão,Cuca Enrolada de Amendoim,2,15,aa4d1cfe-c6c1-4fd8-8c4b-2b1b9942884c,ExpoDireto
23fb379e-c0c9-4d7b-86ee-7428b2f3654a,6,2026-03-12 14:29:46.849-03,%,0,6,aa4d1cfe-c6c1-4fd8-8c4b-2b1b9942884c,Dinheiro,Alfajor Preto,1,6,aa4d1cfe-c6c1-4fd8-8c4b-2b1b9942884c,ExpoDireto
11f02ee1-155a-4c95-be1e-0be49f91143c,25,2026-03-12 14:31:03.871-03,%,0,25,aa4d1cfe-c6c1-4fd8-8c4b-2b1b9942884c,Cartão,Rapadura Assada (Pacote x6),6,25,aa4d1cfe-c6c1-4fd8-8c4b-2b1b9942884c,ExpoDireto
419535d7-bfa7-4360-900d-1b71629ada21,20,2026-03-12 14:31:56.194-03,%,0,20,aa4d1cfe-c6c1-4fd8-8c4b-2b1b9942884c,Dinheiro,Alfajor Preto (Pacote x4),4,20,aa4d1cfe-c6c1-4fd8-8c4b-2b1b9942884c,ExpoDireto
90b6511e-05ac-4ad2-93dc-c6b82cb93be2,25,2026-03-12 14:32:57.168-03,%,0,25,aa4d1cfe-c6c1-4fd8-8c4b-2b1b9942884c,Cartão,Rapadura Assada (Pacote x6),6,25,aa4d1cfe-c6c1-4fd8-8c4b-2b1b9942884c,ExpoDireto
5bdf4e39-5692-4b91-9f59-c6349a386ad1,32,2026-03-12 14:41:17.495-03,%,0,32,aa4d1cfe-c6c1-4fd8-8c4b-2b1b9942884c,Cartão,Rapadura de Melado,1,7,aa4d1cfe-c6c1-4fd8-8c4b-2b1b9942884c,ExpoDireto
5bdf4e39-5692-4b91-9f59-c6349a386ad1,32,2026-03-12 14:41:17.495-03,%,0,32,aa4d1cfe-c6c1-4fd8-8c4b-2b1b9942884c,Cartão,Rapadura Assada (Pacote x6),6,25,aa4d1cfe-c6c1-4fd8-8c4b-2b1b9942884c,ExpoDireto
ed727a05-9b54-4cc3-80c0-e74c6c9a93f7,32,2026-03-12 14:41:17.495-03,%,0,32,aa4d1cfe-c6c1-4fd8-8c4b-2b1b9942884c,Cartão,Rapadura de Melado,1,7,aa4d1cfe-c6c1-4fd8-8c4b-2b1b9942884c,ExpoDireto
ed727a05-9b54-4cc3-80c0-e74c6c9a93f7,32,2026-03-12 14:41:17.495-03,%,0,32,aa4d1cfe-c6c1-4fd8-8c4b-2b1b9942884c,Cartão,Rapadura Assada (Pacote x6),6,25,aa4d1cfe-c6c1-4fd8-8c4b-2b1b9942884c,ExpoDireto
e96fea74-58b3-426a-971a-114499da745b,15,2026-03-12 14:42:06.188-03,%,0,15,aa4d1cfe-c6c1-4fd8-8c4b-2b1b9942884c,Cartão,Cuca Enrolada de Amendoim,1,15,aa4d1cfe-c6c1-4fd8-8c4b-2b1b9942884c,ExpoDireto
3579547d-49b4-4daf-84a4-327814bbb4c6,31,2026-03-12 14:44:12.174-03,%,0,31,aa4d1cfe-c6c1-4fd8-8c4b-2b1b9942884c,Cartão,Alfajor Preto,1,6,aa4d1cfe-c6c1-4fd8-8c4b-2b1b9942884c,ExpoDireto
3579547d-49b4-4daf-84a4-327814bbb4c6,31,2026-03-12 14:44:12.174-03,%,0,31,aa4d1cfe-c6c1-4fd8-8c4b-2b1b9942884c,Cartão,Rapadura Assada (Pacote x6),6,25,aa4d1cfe-c6c1-4fd8-8c4b-2b1b9942884c,ExpoDireto
cc7ade75-b87b-4c22-9bc7-cb71b2c401ff,8,2026-03-12 14:46:17.848-03,%,0,8,aa4d1cfe-c6c1-4fd8-8c4b-2b1b9942884c,Cartão,Cri-Cri 200g,1,8,aa4d1cfe-c6c1-4fd8-8c4b-2b1b9942884c,ExpoDireto
3d8ac266-4592-471f-b82d-51a87ac8245f,8,2026-03-12 14:52:00.43-03,%,0,8,aa4d1cfe-c6c1-4fd8-8c4b-2b1b9942884c,Pix,"Amendoim salgado e temperado ",1,8,aa4d1cfe-c6c1-4fd8-8c4b-2b1b9942884c,ExpoDireto
849cd23d-4cd7-4f7c-94df-860c6d087c38,20,2026-03-12 14:52:21.202-03,%,0,20,aa4d1cfe-c6c1-4fd8-8c4b-2b1b9942884c,Cartão,Alfajor Preto (Pacote x4),4,20,aa4d1cfe-c6c1-4fd8-8c4b-2b1b9942884c,ExpoDireto
1e144e49-9261-4914-b8ea-ca7e65a0e3fe,15,2026-03-12 14:52:34.912-03,%,0,15,aa4d1cfe-c6c1-4fd8-8c4b-2b1b9942884c,Dinheiro,Cuca Enrolada de Amendoim,1,15,aa4d1cfe-c6c1-4fd8-8c4b-2b1b9942884c,ExpoDireto
971ff4fd-dd88-4fa8-8a44-8ca2a9c1c4ba,8,2026-03-12 14:55:45.049-03,%,0,8,aa4d1cfe-c6c1-4fd8-8c4b-2b1b9942884c,Dinheiro,Cri-Cri 200g,1,8,aa4d1cfe-c6c1-4fd8-8c4b-2b1b9942884c,ExpoDireto
b3010c05-53b4-4bd7-b8b7-04ab42189274,5,2026-03-12 14:57:10.399-03,%,0,5,aa4d1cfe-c6c1-4fd8-8c4b-2b1b9942884c,Dinheiro,Rapadura Assada,1,5,aa4d1cfe-c6c1-4fd8-8c4b-2b1b9942884c,ExpoDireto
2f367128-8f49-4dbe-ba0c-723aa90b6f4c,6,2026-03-12 14:58:01.703-03,%,0,6,aa4d1cfe-c6c1-4fd8-8c4b-2b1b9942884c,Pix,Alfajor Preto,1,6,aa4d1cfe-c6c1-4fd8-8c4b-2b1b9942884c,ExpoDireto
28cefa79-f48e-419c-866d-bdc38807d3cf,25,2026-03-12 15:00:59.583-03,%,0,25,aa4d1cfe-c6c1-4fd8-8c4b-2b1b9942884c,Pix,Rapadura Assada (Pacote x6),6,25,aa4d1cfe-c6c1-4fd8-8c4b-2b1b9942884c,ExpoDireto
4d53260e-fcff-4c29-a382-3b630db8eae1,25,2026-03-12 15:01:13.833-03,%,0,25,aa4d1cfe-c6c1-4fd8-8c4b-2b1b9942884c,Pix,Rapadura Assada (Pacote x6),6,25,aa4d1cfe-c6c1-4fd8-8c4b-2b1b9942884c,ExpoDireto
6b170f82-fb7f-4720-aa39-af9e0148c3f2,20,2026-03-12 15:04:41.883-03,%,0,20,aa4d1cfe-c6c1-4fd8-8c4b-2b1b9942884c,Cartão,Alfajor Preto (Pacote x4),4,20,aa4d1cfe-c6c1-4fd8-8c4b-2b1b9942884c,ExpoDireto
4f420950-a760-4df3-bf3a-5585aadaed01,20,2026-03-12 15:04:54.541-03,%,0,20,aa4d1cfe-c6c1-4fd8-8c4b-2b1b9942884c,Dinheiro,Rapadura de Melado (Pacote x3),3,20,aa4d1cfe-c6c1-4fd8-8c4b-2b1b9942884c,ExpoDireto
3efcf382-9c52-4332-ba3e-aa1340a8d392,45,2026-03-12 15:06:22.155-03,%,0,45,aa4d1cfe-c6c1-4fd8-8c4b-2b1b9942884c,Dinheiro,Rapadura Assada,1,5,aa4d1cfe-c6c1-4fd8-8c4b-2b1b9942884c,ExpoDireto
3efcf382-9c52-4332-ba3e-aa1340a8d392,45,2026-03-12 15:06:22.155-03,%,0,45,aa4d1cfe-c6c1-4fd8-8c4b-2b1b9942884c,Dinheiro,Rapadura Assada (Pacote x6),6,25,aa4d1cfe-c6c1-4fd8-8c4b-2b1b9942884c,ExpoDireto
3efcf382-9c52-4332-ba3e-aa1340a8d392,45,2026-03-12 15:06:22.155-03,%,0,45,aa4d1cfe-c6c1-4fd8-8c4b-2b1b9942884c,Dinheiro,Cuca Enrolada de Amendoim,1,15,aa4d1cfe-c6c1-4fd8-8c4b-2b1b9942884c,ExpoDireto
bd4cdec1-3208-4f67-9d20-b9cc03433abf,10,2026-03-12 15:21:16.219-03,%,0,10,aa4d1cfe-c6c1-4fd8-8c4b-2b1b9942884c,Dinheiro,"Bolacha de manteiga ",1,10,aa4d1cfe-c6c1-4fd8-8c4b-2b1b9942884c,ExpoDireto
c805b6d9-e045-434c-8b31-6df989f5b93d,20,2026-03-12 15:31:05.371-03,%,0,20,aa4d1cfe-c6c1-4fd8-8c4b-2b1b9942884c,Cartão,Rapadura de Melado (Pacote x3),3,20,aa4d1cfe-c6c1-4fd8-8c4b-2b1b9942884c,ExpoDireto
38122c72-f893-4561-b4d6-5969cd9a1d6d,12,2026-03-12 15:32:32.416-03,%,0,12,aa4d1cfe-c6c1-4fd8-8c4b-2b1b9942884c,Cartão,Alfajor Preto,2,6,aa4d1cfe-c6c1-4fd8-8c4b-2b1b9942884c,ExpoDireto
84da5671-62eb-4130-b3f7-47bcb710d5e5,20,2026-03-12 15:32:57.96-03,%,0,20,aa4d1cfe-c6c1-4fd8-8c4b-2b1b9942884c,Cartão,Alfajor Preto (Pacote x4),4,20,aa4d1cfe-c6c1-4fd8-8c4b-2b1b9942884c,ExpoDireto
f731708f-2935-4f30-8d07-04857482ccfb,20,2026-03-12 15:33:23.943-03,%,0,20,aa4d1cfe-c6c1-4fd8-8c4b-2b1b9942884c,Cartão,Alfajor Preto (Pacote x4),4,20,aa4d1cfe-c6c1-4fd8-8c4b-2b1b9942884c,ExpoDireto
f249c184-685b-44b9-b022-d8ad502fffb4,25,2026-03-12 15:35:10.277-03,%,0,25,aa4d1cfe-c6c1-4fd8-8c4b-2b1b9942884c,Cartão,Rapadura Assada (Pacote x6),6,25,aa4d1cfe-c6c1-4fd8-8c4b-2b1b9942884c,ExpoDireto
85dc6569-8499-4792-8041-c9dbcf7f2d77,11,2026-03-12 15:37:53.524-03,%,0,11,aa4d1cfe-c6c1-4fd8-8c4b-2b1b9942884c,Dinheiro,Alfajor Preto,1,6,aa4d1cfe-c6c1-4fd8-8c4b-2b1b9942884c,ExpoDireto
85dc6569-8499-4792-8041-c9dbcf7f2d77,11,2026-03-12 15:37:53.524-03,%,0,11,aa4d1cfe-c6c1-4fd8-8c4b-2b1b9942884c,Dinheiro,Rapadura Assada,1,5,aa4d1cfe-c6c1-4fd8-8c4b-2b1b9942884c,ExpoDireto
ee298766-ceb2-4bb3-ac41-7bf0b90395b5,20,2026-03-12 15:41:12.918-03,%,0,20,aa4d1cfe-c6c1-4fd8-8c4b-2b1b9942884c,Dinheiro,Rapadura de Melado (Pacote x3),3,20,aa4d1cfe-c6c1-4fd8-8c4b-2b1b9942884c,ExpoDireto
d4496313-2881-4b2b-8faf-4533f44641c6,40,2026-03-12 15:45:02.597-03,%,0,40,aa4d1cfe-c6c1-4fd8-8c4b-2b1b9942884c,Dinheiro,Rapadura de Melado (Pacote x3),6,20,aa4d1cfe-c6c1-4fd8-8c4b-2b1b9942884c,ExpoDireto
4970df96-624b-4aa8-be18-6b161a4be7af,8,2026-03-12 15:49:52.567-03,%,0,8,aa4d1cfe-c6c1-4fd8-8c4b-2b1b9942884c,Pix,Cri-Cri 200g,1,8,aa4d1cfe-c6c1-4fd8-8c4b-2b1b9942884c,ExpoDireto
259c3d47-3a7b-4a0d-a102-f227b8653d72,15,2026-03-12 15:52:42.865-03,%,0,15,aa4d1cfe-c6c1-4fd8-8c4b-2b1b9942884c,Pix,Cuca Enrolada de Amendoim,1,15,aa4d1cfe-c6c1-4fd8-8c4b-2b1b9942884c,ExpoDireto
8cdb70ca-9c33-497e-8228-42f4e00e871a,15,2026-03-12 15:53:06.031-03,%,0,15,aa4d1cfe-c6c1-4fd8-8c4b-2b1b9942884c,Pix,Cuca Enrolada de Amendoim,1,15,aa4d1cfe-c6c1-4fd8-8c4b-2b1b9942884c,ExpoDireto
237f5e6f-761e-4873-b99d-2a8c53cd0d64,20,2026-03-12 15:54:26.039-03,%,0,20,aa4d1cfe-c6c1-4fd8-8c4b-2b1b9942884c,Cartão,Alfajor Preto (Pacote x4),4,20,aa4d1cfe-c6c1-4fd8-8c4b-2b1b9942884c,ExpoDireto
60165d1d-c15c-4ddf-86c8-8f9352269451,6,2026-03-12 15:56:29.381-03,%,0,6,aa4d1cfe-c6c1-4fd8-8c4b-2b1b9942884c,Cartão,Alfajor Preto,1,6,aa4d1cfe-c6c1-4fd8-8c4b-2b1b9942884c,ExpoDireto
23ef94b7-742f-4189-b7e3-aacade77df51,15,2026-03-12 15:58:29.968-03,%,0,15,aa4d1cfe-c6c1-4fd8-8c4b-2b1b9942884c,Dinheiro,Cuca Enrolada de Amendoim,1,15,aa4d1cfe-c6c1-4fd8-8c4b-2b1b9942884c,ExpoDireto
6169f3c5-b3a9-4827-b1b1-7a71e418cbe2,15,2026-03-12 16:03:22.551-03,%,0,15,aa4d1cfe-c6c1-4fd8-8c4b-2b1b9942884c,Cartão,Cuca Enrolada de Amendoim,1,15,aa4d1cfe-c6c1-4fd8-8c4b-2b1b9942884c,ExpoDireto
b22d0e52-e149-4a05-ae3f-63259d4fa79b,30,2026-03-12 16:04:19.451-03,%,0,30,aa4d1cfe-c6c1-4fd8-8c4b-2b1b9942884c,Cartão,"Bolacha de manteiga ",3,10,aa4d1cfe-c6c1-4fd8-8c4b-2b1b9942884c,ExpoDireto
839cb96f-8d31-48e6-a5b9-b0d40a2342ea,15,2026-03-12 16:06:55.845-03,%,0,15,aa4d1cfe-c6c1-4fd8-8c4b-2b1b9942884c,Cartão,Cuca Enrolada de Amendoim,1,15,aa4d1cfe-c6c1-4fd8-8c4b-2b1b9942884c,ExpoDireto
3d63056f-14ad-47a1-b61e-acb1282d12f8,50,2026-03-12 16:08:33.938-03,R$,6,56,aa4d1cfe-c6c1-4fd8-8c4b-2b1b9942884c,Cartão,"Amendoim salgado e temperado ",7,8,aa4d1cfe-c6c1-4fd8-8c4b-2b1b9942884c,ExpoDireto
18325f29-4e0f-4fbe-97bc-4db1a94c78d4,15,2026-03-12 16:10:56.062-03,R$,0,15,aa4d1cfe-c6c1-4fd8-8c4b-2b1b9942884c,Dinheiro,Cuca Enrolada de Amendoim,1,15,aa4d1cfe-c6c1-4fd8-8c4b-2b1b9942884c,ExpoDireto
6ff4c6c8-178a-4dc1-b6cb-af57801e29bc,15,2026-03-12 16:11:19.059-03,R$,0,15,aa4d1cfe-c6c1-4fd8-8c4b-2b1b9942884c,Cartão,Cuca Enrolada de Amendoim,1,15,aa4d1cfe-c6c1-4fd8-8c4b-2b1b9942884c,ExpoDireto
2dbbde3d-6a58-43f4-be1d-d09affc8c72e,55,2026-03-12 16:15:40.696-03,R$,0,55,aa4d1cfe-c6c1-4fd8-8c4b-2b1b9942884c,Dinheiro,Cuca Enrolada de Amendoim,2,15,aa4d1cfe-c6c1-4fd8-8c4b-2b1b9942884c,ExpoDireto
2dbbde3d-6a58-43f4-be1d-d09affc8c72e,55,2026-03-12 16:15:40.696-03,R$,0,55,aa4d1cfe-c6c1-4fd8-8c4b-2b1b9942884c,Dinheiro,Rapadura Assada (Pacote x6),6,25,aa4d1cfe-c6c1-4fd8-8c4b-2b1b9942884c,ExpoDireto
a23ccff9-c949-4912-947c-844506c65799,20,2026-03-12 16:16:58.039-03,R$,0,20,aa4d1cfe-c6c1-4fd8-8c4b-2b1b9942884c,Dinheiro,Rapadura de Melado (Pacote x3),3,20,aa4d1cfe-c6c1-4fd8-8c4b-2b1b9942884c,ExpoDireto
f133d934-5af0-4451-a410-8c362e0572be,40,2026-03-12 16:20:46.481-03,%,0,40,aa4d1cfe-c6c1-4fd8-8c4b-2b1b9942884c,Cartão,Cuca Enrolada de Amendoim,1,15,aa4d1cfe-c6c1-4fd8-8c4b-2b1b9942884c,ExpoDireto
f133d934-5af0-4451-a410-8c362e0572be,40,2026-03-12 16:20:46.481-03,%,0,40,aa4d1cfe-c6c1-4fd8-8c4b-2b1b9942884c,Cartão,Rapadura Assada (Pacote x6),6,25,aa4d1cfe-c6c1-4fd8-8c4b-2b1b9942884c,ExpoDireto
dd00ea25-bf42-4df6-8ac4-d6931e789d15,15,2026-03-12 16:21:48.62-03,%,0,15,aa4d1cfe-c6c1-4fd8-8c4b-2b1b9942884c,Dinheiro,Cuca Enrolada de Amendoim,1,15,aa4d1cfe-c6c1-4fd8-8c4b-2b1b9942884c,ExpoDireto
ae69090d-7612-43cd-8c5d-d15a84c1d65d,15,2026-03-12 16:24:04.468-03,%,0,15,aa4d1cfe-c6c1-4fd8-8c4b-2b1b9942884c,Cartão,Cuca Enrolada de Amendoim,1,15,aa4d1cfe-c6c1-4fd8-8c4b-2b1b9942884c,ExpoDireto
200904ad-59ec-4e40-ae69-62e2180ddb98,15,2026-03-12 16:26:29.19-03,%,0,15,aa4d1cfe-c6c1-4fd8-8c4b-2b1b9942884c,Cartão,Cuca Enrolada de Amendoim,1,15,aa4d1cfe-c6c1-4fd8-8c4b-2b1b9942884c,ExpoDireto
90400ae7-4c4b-44c1-aa76-08ec3c7f3c30,25,2026-03-12 16:31:02.41-03,%,0,25,aa4d1cfe-c6c1-4fd8-8c4b-2b1b9942884c,Pix,Rapadura Assada (Pacote x6),6,25,aa4d1cfe-c6c1-4fd8-8c4b-2b1b9942884c,ExpoDireto
e5cea395-7fcb-4f5d-a45b-ea52a310fa7d,15,2026-03-12 16:35:55.202-03,%,0,15,aa4d1cfe-c6c1-4fd8-8c4b-2b1b9942884c,Pix,Cuca Enrolada de Amendoim,1,15,aa4d1cfe-c6c1-4fd8-8c4b-2b1b9942884c,ExpoDireto
5bb85d90-d49f-46c9-a814-7963b6968459,5,2026-03-12 16:36:25.862-03,%,0,5,aa4d1cfe-c6c1-4fd8-8c4b-2b1b9942884c,Cartão,Rapadura Assada,1,5,aa4d1cfe-c6c1-4fd8-8c4b-2b1b9942884c,ExpoDireto
7e373eab-dd68-42b8-b577-a4c4711cc3ca,15,2026-03-12 16:42:20.583-03,%,0,15,aa4d1cfe-c6c1-4fd8-8c4b-2b1b9942884c,Dinheiro,Cuca Enrolada de Amendoim,1,15,aa4d1cfe-c6c1-4fd8-8c4b-2b1b9942884c,ExpoDireto
a4ca81de-d2f4-4e54-9076-20147a198e4e,7,2026-03-12 16:44:52.232-03,%,0,7,aa4d1cfe-c6c1-4fd8-8c4b-2b1b9942884c,Dinheiro,Rapadura de Melado,1,7,aa4d1cfe-c6c1-4fd8-8c4b-2b1b9942884c,ExpoDireto
e92e3082-8cd7-400d-a0ad-feb906cdf6f4,10,2026-03-12 16:46:37.233-03,%,0,10,aa4d1cfe-c6c1-4fd8-8c4b-2b1b9942884c,Cartão,"Bolacha de manteiga ",1,10,aa4d1cfe-c6c1-4fd8-8c4b-2b1b9942884c,ExpoDireto
25656a07-9b35-40a2-8a37-3928604869ed,10,2026-03-12 16:47:22.435-03,%,0,10,aa4d1cfe-c6c1-4fd8-8c4b-2b1b9942884c,Cartão,"Bolacha de manteiga ",1,10,aa4d1cfe-c6c1-4fd8-8c4b-2b1b9942884c,ExpoDireto
85c70694-5a6b-4b17-996e-468d3a3dba09,5,2026-03-12 16:52:30.833-03,%,0,5,aa4d1cfe-c6c1-4fd8-8c4b-2b1b9942884c,Cartão,Rapadura Assada,1,5,aa4d1cfe-c6c1-4fd8-8c4b-2b1b9942884c,ExpoDireto
db93f6aa-27be-4d72-aedf-6c31f8a2ddd6,5,2026-03-12 16:57:02.798-03,%,0,5,aa4d1cfe-c6c1-4fd8-8c4b-2b1b9942884c,Cartão,Pé-de-Moleque,1,5,aa4d1cfe-c6c1-4fd8-8c4b-2b1b9942884c,ExpoDireto
e3600a0e-93ab-427f-82fe-f766cde9db71,25,2026-03-12 16:59:56.206-03,%,0,25,aa4d1cfe-c6c1-4fd8-8c4b-2b1b9942884c,Cartão,Rapadura Assada (Pacote x6),6,25,aa4d1cfe-c6c1-4fd8-8c4b-2b1b9942884c,ExpoDireto
5ecf70b3-e227-4b3c-83ed-60efffb3d187,112,2026-03-12 17:05:01.185-03,R$,1,113,aa4d1cfe-c6c1-4fd8-8c4b-2b1b9942884c,Cartão,Alfajor Preto (Caixa x16),16,80,aa4d1cfe-c6c1-4fd8-8c4b-2b1b9942884c,ExpoDireto
5ecf70b3-e227-4b3c-83ed-60efffb3d187,112,2026-03-12 17:05:01.185-03,R$,1,113,aa4d1cfe-c6c1-4fd8-8c4b-2b1b9942884c,Cartão,Rapadura Assada (Pacote x6),6,25,aa4d1cfe-c6c1-4fd8-8c4b-2b1b9942884c,ExpoDireto
5ecf70b3-e227-4b3c-83ed-60efffb3d187,112,2026-03-12 17:05:01.185-03,R$,1,113,aa4d1cfe-c6c1-4fd8-8c4b-2b1b9942884c,Cartão,"Amendoim salgado e temperado ",1,8,aa4d1cfe-c6c1-4fd8-8c4b-2b1b9942884c,ExpoDireto
c22419fd-1c8a-48fc-b098-9cbe800e1ba0,10,2026-03-12 17:18:09.784-03,R$,0,10,aa4d1cfe-c6c1-4fd8-8c4b-2b1b9942884c,Cartão,Pé-de-Moleque,1,5,aa4d1cfe-c6c1-4fd8-8c4b-2b1b9942884c,ExpoDireto
c22419fd-1c8a-48fc-b098-9cbe800e1ba0,10,2026-03-12 17:18:09.784-03,R$,0,10,aa4d1cfe-c6c1-4fd8-8c4b-2b1b9942884c,Cartão,Rapadura Assada,1,5,aa4d1cfe-c6c1-4fd8-8c4b-2b1b9942884c,ExpoDireto
4a762a93-dd6f-486b-a5e7-8e81cf18221c,55,2026-03-12 17:18:33.429-03,R$,0,55,aa4d1cfe-c6c1-4fd8-8c4b-2b1b9942884c,Dinheiro,Rapadura Assada (Pacote x6),12,25,aa4d1cfe-c6c1-4fd8-8c4b-2b1b9942884c,ExpoDireto
4a762a93-dd6f-486b-a5e7-8e81cf18221c,55,2026-03-12 17:18:33.429-03,R$,0,55,aa4d1cfe-c6c1-4fd8-8c4b-2b1b9942884c,Dinheiro,Pé-de-Moleque,1,5,aa4d1cfe-c6c1-4fd8-8c4b-2b1b9942884c,ExpoDireto
17adb97e-a8b2-4b91-ac0a-e6cc76fa102b,40,2026-03-12 17:26:14.238-03,R$,0,40,aa4d1cfe-c6c1-4fd8-8c4b-2b1b9942884c,Dinheiro,Alfajor Preto (Pacote x4),4,20,aa4d1cfe-c6c1-4fd8-8c4b-2b1b9942884c,ExpoDireto
17adb97e-a8b2-4b91-ac0a-e6cc76fa102b,40,2026-03-12 17:26:14.238-03,R$,0,40,aa4d1cfe-c6c1-4fd8-8c4b-2b1b9942884c,Dinheiro,Rapadura de Melado (Pacote x3),3,20,aa4d1cfe-c6c1-4fd8-8c4b-2b1b9942884c,ExpoDireto
6b58f26e-70c4-4437-b53a-51f618f527b9,20,2026-03-12 17:34:12.386-03,R$,0,20,aa4d1cfe-c6c1-4fd8-8c4b-2b1b9942884c,Cartão,Rapadura de Melado (Pacote x3),3,20,aa4d1cfe-c6c1-4fd8-8c4b-2b1b9942884c,ExpoDireto
1fcbc168-ac46-43ae-ba1e-49c4ef7341c9,25,2026-03-12 17:55:06.169-03,R$,0,25,aa4d1cfe-c6c1-4fd8-8c4b-2b1b9942884c,Dinheiro,Rapadura Assada (Pacote x6),6,25,aa4d1cfe-c6c1-4fd8-8c4b-2b1b9942884c,ExpoDireto
e30a9bfa-02ca-40e7-a6b7-8f1655a9b32e,25,2026-03-12 17:55:53.923-03,R$,0,25,aa4d1cfe-c6c1-4fd8-8c4b-2b1b9942884c,Cartão,Rapadura Assada (Pacote x6),6,25,aa4d1cfe-c6c1-4fd8-8c4b-2b1b9942884c,ExpoDireto
2cc6a487-9626-4705-8d16-fcc5f9ef5c82,130,2026-03-13 07:41:52.902-03,%,0,130,aa4d1cfe-c6c1-4fd8-8c4b-2b1b9942884c,Dinheiro,Rapadura Assada (Pacote x6),12,25,aa4d1cfe-c6c1-4fd8-8c4b-2b1b9942884c,ExpoDireto
2cc6a487-9626-4705-8d16-fcc5f9ef5c82,130,2026-03-13 07:41:52.902-03,%,0,130,aa4d1cfe-c6c1-4fd8-8c4b-2b1b9942884c,Dinheiro,Alfajor Preto (Caixa x16),16,80,aa4d1cfe-c6c1-4fd8-8c4b-2b1b9942884c,ExpoDireto
8d070c24-0eb7-4306-aeba-495f00aa52bd,50,2026-03-13 07:53:57.78-03,R$,0,50,aa4d1cfe-c6c1-4fd8-8c4b-2b1b9942884c,Dinheiro,Rapadura Assada (Pacote x6),12,25,aa4d1cfe-c6c1-4fd8-8c4b-2b1b9942884c,ExpoDireto
aed400c4-4ac9-4921-a95f-a0c574f618ee,24,2026-03-13 08:07:53.42-03,%,0,24,aa4d1cfe-c6c1-4fd8-8c4b-2b1b9942884c,Pix,"Amendoim salgado e temperado ",3,8,aa4d1cfe-c6c1-4fd8-8c4b-2b1b9942884c,ExpoDireto
0ef7cb75-5de1-4161-bb08-ce05b38b767a,25,2026-03-13 08:19:46.48-03,%,0,25,aa4d1cfe-c6c1-4fd8-8c4b-2b1b9942884c,Dinheiro,Rapadura Assada (Pacote x6),6,25,aa4d1cfe-c6c1-4fd8-8c4b-2b1b9942884c,ExpoDireto
beabc1ae-ff7a-48dc-bd67-b91867f6f2e8,55,2026-03-13 08:28:26.583-03,R$,1,56,aa4d1cfe-c6c1-4fd8-8c4b-2b1b9942884c,Cartão,Rapadura Assada (Pacote x6),12,25,aa4d1cfe-c6c1-4fd8-8c4b-2b1b9942884c,ExpoDireto
beabc1ae-ff7a-48dc-bd67-b91867f6f2e8,55,2026-03-13 08:28:26.583-03,R$,1,56,aa4d1cfe-c6c1-4fd8-8c4b-2b1b9942884c,Cartão,Alfajor Preto,1,6,aa4d1cfe-c6c1-4fd8-8c4b-2b1b9942884c,ExpoDireto
17f36fb4-f85e-4e55-a25d-5f91956464d5,25,2026-03-13 08:28:54.281-03,R$,0,25,aa4d1cfe-c6c1-4fd8-8c4b-2b1b9942884c,Cartão,Rapadura Assada (Pacote x6),6,25,aa4d1cfe-c6c1-4fd8-8c4b-2b1b9942884c,ExpoDireto
f981b7b2-8f81-4eab-96af-00e55875cff8,10,2026-03-13 08:51:37.356-03,%,0,10,aa4d1cfe-c6c1-4fd8-8c4b-2b1b9942884c,Dinheiro,"Bolacha de manteiga ",1,10,aa4d1cfe-c6c1-4fd8-8c4b-2b1b9942884c,ExpoDireto
8ebefa3f-c3ba-4f8f-899b-0a0fc64ae96c,32,2026-03-13 08:59:29.629-03,%,0,32,aa4d1cfe-c6c1-4fd8-8c4b-2b1b9942884c,Pix,Rapadura de Melado,1,7,aa4d1cfe-c6c1-4fd8-8c4b-2b1b9942884c,ExpoDireto
8ebefa3f-c3ba-4f8f-899b-0a0fc64ae96c,32,2026-03-13 08:59:29.629-03,%,0,32,aa4d1cfe-c6c1-4fd8-8c4b-2b1b9942884c,Pix,Rapadura Assada (Pacote x6),6,25,aa4d1cfe-c6c1-4fd8-8c4b-2b1b9942884c,ExpoDireto
6397d347-889e-4c46-bf2c-b8b7d71d1aa0,32,2026-03-13 09:12:02.369-03,%,0,32,aa4d1cfe-c6c1-4fd8-8c4b-2b1b9942884c,Cartão,Rapadura de Melado,1,7,aa4d1cfe-c6c1-4fd8-8c4b-2b1b9942884c,ExpoDireto
6397d347-889e-4c46-bf2c-b8b7d71d1aa0,32,2026-03-13 09:12:02.369-03,%,0,32,aa4d1cfe-c6c1-4fd8-8c4b-2b1b9942884c,Cartão,Rapadura Assada,1,5,aa4d1cfe-c6c1-4fd8-8c4b-2b1b9942884c,ExpoDireto
6397d347-889e-4c46-bf2c-b8b7d71d1aa0,32,2026-03-13 09:12:02.369-03,%,0,32,aa4d1cfe-c6c1-4fd8-8c4b-2b1b9942884c,Cartão,Alfajor Preto (Pacote x4),4,20,aa4d1cfe-c6c1-4fd8-8c4b-2b1b9942884c,ExpoDireto
aca58c82-dab8-4352-bb40-0e5754d3d689,7,2026-03-13 09:12:44.592-03,%,0,7,aa4d1cfe-c6c1-4fd8-8c4b-2b1b9942884c,Dinheiro,Rapadura de Melado,1,7,aa4d1cfe-c6c1-4fd8-8c4b-2b1b9942884c,ExpoDireto
390536fe-b1c4-496f-9312-5a7ab5b7d5fc,25,2026-03-13 09:17:51.091-03,%,0,25,aa4d1cfe-c6c1-4fd8-8c4b-2b1b9942884c,Dinheiro,Rapadura Assada (Pacote x6),6,25,aa4d1cfe-c6c1-4fd8-8c4b-2b1b9942884c,ExpoDireto
26986c1e-eeb7-499e-acf1-e1d550a54e5b,20,2026-03-13 09:36:32.886-03,%,0,20,aa4d1cfe-c6c1-4fd8-8c4b-2b1b9942884c,Cartão,Alfajor Preto (Pacote x4),4,20,aa4d1cfe-c6c1-4fd8-8c4b-2b1b9942884c,ExpoDireto
6ad66d8a-5d74-4ade-be8c-668184af824a,80,2026-03-13 09:49:43.821-03,%,0,80,aa4d1cfe-c6c1-4fd8-8c4b-2b1b9942884c,Cartão,Alfajor Preto (Caixa x16),16,80,aa4d1cfe-c6c1-4fd8-8c4b-2b1b9942884c,ExpoDireto
57015c67-be5d-472e-92e1-545d62564a25,7,2026-03-13 09:52:58.131-03,%,0,7,aa4d1cfe-c6c1-4fd8-8c4b-2b1b9942884c,Dinheiro,Rapadura de Melado,1,7,aa4d1cfe-c6c1-4fd8-8c4b-2b1b9942884c,ExpoDireto
fc3cc076-f874-4836-8fad-2d5c875b3619,32,2026-03-13 09:53:52.377-03,%,0,32,aa4d1cfe-c6c1-4fd8-8c4b-2b1b9942884c,Cartão,Rapadura Assada (Pacote x6),6,25,aa4d1cfe-c6c1-4fd8-8c4b-2b1b9942884c,ExpoDireto
fc3cc076-f874-4836-8fad-2d5c875b3619,32,2026-03-13 09:53:52.377-03,%,0,32,aa4d1cfe-c6c1-4fd8-8c4b-2b1b9942884c,Cartão,Rapadura de Melado,1,7,aa4d1cfe-c6c1-4fd8-8c4b-2b1b9942884c,ExpoDireto
871bf63b-4b1d-4578-9702-bad475ef0796,20,2026-03-13 09:54:30.451-03,%,0,20,aa4d1cfe-c6c1-4fd8-8c4b-2b1b9942884c,Cartão,"Bolacha de manteiga ",2,10,aa4d1cfe-c6c1-4fd8-8c4b-2b1b9942884c,ExpoDireto
97b62f03-35a7-4c70-9122-47f3d8fe85f8,20,2026-03-13 09:55:55.331-03,%,0,20,aa4d1cfe-c6c1-4fd8-8c4b-2b1b9942884c,Dinheiro,Alfajor Preto (Pacote x4),4,20,aa4d1cfe-c6c1-4fd8-8c4b-2b1b9942884c,ExpoDireto
47deddb7-8aeb-4e75-9482-d45122ad673d,5,2026-03-13 09:58:22.539-03,%,0,5,aa4d1cfe-c6c1-4fd8-8c4b-2b1b9942884c,Cartão,Rapadura Assada,1,5,aa4d1cfe-c6c1-4fd8-8c4b-2b1b9942884c,ExpoDireto
b718f2e9-02de-477a-9a3a-63cfe0cff8ab,8,2026-03-13 10:00:48.022-03,%,0,8,aa4d1cfe-c6c1-4fd8-8c4b-2b1b9942884c,Pix,Cri-Cri 200g,1,8,aa4d1cfe-c6c1-4fd8-8c4b-2b1b9942884c,ExpoDireto
03239939-8db0-44f2-a1c0-8631040d6cbb,80,2026-03-13 10:24:03.269-03,%,0,80,aa4d1cfe-c6c1-4fd8-8c4b-2b1b9942884c,Cartão,Alfajor Preto (Caixa x16),16,80,aa4d1cfe-c6c1-4fd8-8c4b-2b1b9942884c,ExpoDireto
e6833136-89b2-4bf1-ad40-c3a742e63761,31,2026-03-13 10:37:58.842-03,%,0,31,aa4d1cfe-c6c1-4fd8-8c4b-2b1b9942884c,Cartão,Rapadura Assada (Pacote x6),6,25,aa4d1cfe-c6c1-4fd8-8c4b-2b1b9942884c,ExpoDireto
e6833136-89b2-4bf1-ad40-c3a742e63761,31,2026-03-13 10:37:58.842-03,%,0,31,aa4d1cfe-c6c1-4fd8-8c4b-2b1b9942884c,Cartão,Alfajor Preto,1,6,aa4d1cfe-c6c1-4fd8-8c4b-2b1b9942884c,ExpoDireto
b2f4715b-0e12-4257-8b7d-c5d7a953a407,20,2026-03-13 10:47:45.042-03,%,0,20,aa4d1cfe-c6c1-4fd8-8c4b-2b1b9942884c,Pix,Rapadura de Melado (Pacote x3),3,20,aa4d1cfe-c6c1-4fd8-8c4b-2b1b9942884c,ExpoDireto
09bd0314-6430-459b-a5aa-9f49a6079047,10,2026-03-13 10:47:59.922-03,%,0,10,aa4d1cfe-c6c1-4fd8-8c4b-2b1b9942884c,Dinheiro,Bolacha de Milho,1,10,aa4d1cfe-c6c1-4fd8-8c4b-2b1b9942884c,ExpoDireto
9e72d653-e6cb-4a29-be33-bb539132dee5,20,2026-03-13 11:00:32.277-03,%,0,20,aa4d1cfe-c6c1-4fd8-8c4b-2b1b9942884c,Cartão,Alfajor Preto (Pacote x4),4,20,aa4d1cfe-c6c1-4fd8-8c4b-2b1b9942884c,ExpoDireto
7592b84c-9847-4105-b8d8-35afc5157573,7,2026-03-13 11:07:02.334-03,%,0,7,aa4d1cfe-c6c1-4fd8-8c4b-2b1b9942884c,Pix,Rapadura de Melado,1,7,aa4d1cfe-c6c1-4fd8-8c4b-2b1b9942884c,ExpoDireto
42a28b35-8d26-4e70-a9c4-33d14c6a2522,40,2026-03-13 11:59:28.316-03,%,0,40,aa4d1cfe-c6c1-4fd8-8c4b-2b1b9942884c,Cartão,Alfajor Preto (Pacote x4),8,20,aa4d1cfe-c6c1-4fd8-8c4b-2b1b9942884c,ExpoDireto
4c9efade-315b-4f38-8b6a-f389477ee4f9,20,2026-03-13 12:22:26.381-03,%,0,20,aa4d1cfe-c6c1-4fd8-8c4b-2b1b9942884c,Dinheiro,Bolacha de Milho,1,10,aa4d1cfe-c6c1-4fd8-8c4b-2b1b9942884c,ExpoDireto
4c9efade-315b-4f38-8b6a-f389477ee4f9,20,2026-03-13 12:22:26.381-03,%,0,20,aa4d1cfe-c6c1-4fd8-8c4b-2b1b9942884c,Dinheiro,"Bolacha de manteiga ",1,10,aa4d1cfe-c6c1-4fd8-8c4b-2b1b9942884c,ExpoDireto
58c9facb-08f2-4508-aa5b-5d3c388a772f,5,2026-03-13 12:25:50.369-03,%,0,5,aa4d1cfe-c6c1-4fd8-8c4b-2b1b9942884c,Dinheiro,Pé-de-Moleque,1,5,aa4d1cfe-c6c1-4fd8-8c4b-2b1b9942884c,ExpoDireto
1598059d-00ec-47ba-ab69-6c8c06c977d1,20,2026-03-13 12:46:54.279-03,%,0,20,aa4d1cfe-c6c1-4fd8-8c4b-2b1b9942884c,Pix,Alfajor Preto (Pacote x4),4,20,aa4d1cfe-c6c1-4fd8-8c4b-2b1b9942884c,ExpoDireto
53142ea5-f95b-4fcb-854a-f897722d3681,20,2026-03-13 12:50:52.509-03,%,0,20,aa4d1cfe-c6c1-4fd8-8c4b-2b1b9942884c,Dinheiro,Alfajor Preto (Pacote x4),4,20,aa4d1cfe-c6c1-4fd8-8c4b-2b1b9942884c,ExpoDireto
0b119a0f-0dc9-4303-9a6d-a79a14be3d46,20,2026-03-13 12:52:20.188-03,%,0,20,aa4d1cfe-c6c1-4fd8-8c4b-2b1b9942884c,Dinheiro,Rapadura de Melado (Pacote x3),3,20,aa4d1cfe-c6c1-4fd8-8c4b-2b1b9942884c,ExpoDireto
4e888fc4-6751-41b7-adb9-eccb7e838d77,20,2026-03-13 12:55:49.804-03,%,0,20,aa4d1cfe-c6c1-4fd8-8c4b-2b1b9942884c,Pix,Alfajor Preto (Pacote x4),4,20,aa4d1cfe-c6c1-4fd8-8c4b-2b1b9942884c,ExpoDireto
37067ab5-9c34-49c1-b445-d0fd5734346b,25,2026-03-13 13:07:24.963-03,%,0,25,aa4d1cfe-c6c1-4fd8-8c4b-2b1b9942884c,Cartão,Alfajor Preto (Pacote x4),4,20,aa4d1cfe-c6c1-4fd8-8c4b-2b1b9942884c,ExpoDireto
37067ab5-9c34-49c1-b445-d0fd5734346b,25,2026-03-13 13:07:24.963-03,%,0,25,aa4d1cfe-c6c1-4fd8-8c4b-2b1b9942884c,Cartão,Rapadura Assada,1,5,aa4d1cfe-c6c1-4fd8-8c4b-2b1b9942884c,ExpoDireto
95e8bcb1-9d82-42f0-b310-5924fb67f9ea,45,2026-03-13 13:10:56.552-03,%,0,45,aa4d1cfe-c6c1-4fd8-8c4b-2b1b9942884c,Cartão,Rapadura de Melado (Pacote x3),3,20,aa4d1cfe-c6c1-4fd8-8c4b-2b1b9942884c,ExpoDireto
95e8bcb1-9d82-42f0-b310-5924fb67f9ea,45,2026-03-13 13:10:56.552-03,%,0,45,aa4d1cfe-c6c1-4fd8-8c4b-2b1b9942884c,Cartão,Rapadura Assada (Pacote x6),6,25,aa4d1cfe-c6c1-4fd8-8c4b-2b1b9942884c,ExpoDireto
834dc5b5-611f-4c30-9efc-39d4891d733a,25,2026-03-13 13:17:42.958-03,%,0,25,aa4d1cfe-c6c1-4fd8-8c4b-2b1b9942884c,Pix,Rapadura Assada (Pacote x6),6,25,aa4d1cfe-c6c1-4fd8-8c4b-2b1b9942884c,ExpoDireto
d35dd588-25f3-4dfa-9f14-c9d36f84d1f3,25,2026-03-13 13:18:38.488-03,%,0,25,aa4d1cfe-c6c1-4fd8-8c4b-2b1b9942884c,Pix,Rapadura Assada (Pacote x6),6,25,aa4d1cfe-c6c1-4fd8-8c4b-2b1b9942884c,ExpoDireto
86c5da51-c59b-4daa-a0ba-824e0363532f,20,2026-03-13 13:29:11.425-03,%,0,20,aa4d1cfe-c6c1-4fd8-8c4b-2b1b9942884c,Cartão,Rapadura de Melado (Pacote x3),3,20,aa4d1cfe-c6c1-4fd8-8c4b-2b1b9942884c,ExpoDireto
7032b425-513f-408c-92d9-16075ab6a74b,20,2026-03-13 13:31:44.85-03,%,0,20,aa4d1cfe-c6c1-4fd8-8c4b-2b1b9942884c,Cartão,Alfajor Preto (Pacote x4),4,20,aa4d1cfe-c6c1-4fd8-8c4b-2b1b9942884c,ExpoDireto
f5a55d0a-3ecc-424a-a822-021a2fcc698e,20,2026-03-13 13:38:06.067-03,%,0,20,aa4d1cfe-c6c1-4fd8-8c4b-2b1b9942884c,Dinheiro,Alfajor Preto (Pacote x4),4,20,aa4d1cfe-c6c1-4fd8-8c4b-2b1b9942884c,ExpoDireto
5de5e74a-52c7-4cb1-8901-14259bd9def6,20,2026-03-13 13:38:26.578-03,%,0,20,aa4d1cfe-c6c1-4fd8-8c4b-2b1b9942884c,Dinheiro,Alfajor Preto (Pacote x4),4,20,aa4d1cfe-c6c1-4fd8-8c4b-2b1b9942884c,ExpoDireto
795b68d4-a5bf-4bee-9e63-bbbbe615e73a,12,2026-03-13 13:39:39.934-03,%,0,12,aa4d1cfe-c6c1-4fd8-8c4b-2b1b9942884c,Cartão,Pé-de-Moleque,1,5,aa4d1cfe-c6c1-4fd8-8c4b-2b1b9942884c,ExpoDireto
795b68d4-a5bf-4bee-9e63-bbbbe615e73a,12,2026-03-13 13:39:39.934-03,%,0,12,aa4d1cfe-c6c1-4fd8-8c4b-2b1b9942884c,Cartão,Rapadura de Melado,1,7,aa4d1cfe-c6c1-4fd8-8c4b-2b1b9942884c,ExpoDireto
3212fc57-4b1f-4fa2-8232-0cd55d35aecc,53,2026-03-13 13:50:07.32-03,%,0,53,aa4d1cfe-c6c1-4fd8-8c4b-2b1b9942884c,Dinheiro,Rapadura de Melado (Pacote x3),3,20,aa4d1cfe-c6c1-4fd8-8c4b-2b1b9942884c,ExpoDireto
3212fc57-4b1f-4fa2-8232-0cd55d35aecc,53,2026-03-13 13:50:07.32-03,%,0,53,aa4d1cfe-c6c1-4fd8-8c4b-2b1b9942884c,Dinheiro,"Amendoim salgado e temperado ",1,8,aa4d1cfe-c6c1-4fd8-8c4b-2b1b9942884c,ExpoDireto
3212fc57-4b1f-4fa2-8232-0cd55d35aecc,53,2026-03-13 13:50:07.32-03,%,0,53,aa4d1cfe-c6c1-4fd8-8c4b-2b1b9942884c,Dinheiro,Rapadura Assada (Pacote x6),6,25,aa4d1cfe-c6c1-4fd8-8c4b-2b1b9942884c,ExpoDireto
f62898f5-f1dd-4bea-a913-d478d702a2bc,35,2026-03-13 13:55:25.159-03,%,0,35,aa4d1cfe-c6c1-4fd8-8c4b-2b1b9942884c,Dinheiro,Rapadura Assada (Pacote x6),6,25,aa4d1cfe-c6c1-4fd8-8c4b-2b1b9942884c,ExpoDireto
f62898f5-f1dd-4bea-a913-d478d702a2bc,35,2026-03-13 13:55:25.159-03,%,0,35,aa4d1cfe-c6c1-4fd8-8c4b-2b1b9942884c,Dinheiro,Pé-de-Moleque,2,5,aa4d1cfe-c6c1-4fd8-8c4b-2b1b9942884c,ExpoDireto
d85b55f7-0a14-4d57-a619-39bbacb05126,25,2026-03-13 13:57:20.979-03,%,0,25,aa4d1cfe-c6c1-4fd8-8c4b-2b1b9942884c,Cartão,Rapadura Assada (Pacote x6),6,25,aa4d1cfe-c6c1-4fd8-8c4b-2b1b9942884c,ExpoDireto
d8d6ce1e-ecb5-4c5d-a594-eccb70cf7e03,53,2026-03-13 13:58:29.507-03,%,0,53,aa4d1cfe-c6c1-4fd8-8c4b-2b1b9942884c,Cartão,Rapadura Assada (Pacote x6),6,25,aa4d1cfe-c6c1-4fd8-8c4b-2b1b9942884c,ExpoDireto
d8d6ce1e-ecb5-4c5d-a594-eccb70cf7e03,53,2026-03-13 13:58:29.507-03,%,0,53,aa4d1cfe-c6c1-4fd8-8c4b-2b1b9942884c,Cartão,Rapadura de Melado (Pacote x3),3,20,aa4d1cfe-c6c1-4fd8-8c4b-2b1b9942884c,ExpoDireto
d8d6ce1e-ecb5-4c5d-a594-eccb70cf7e03,53,2026-03-13 13:58:29.507-03,%,0,53,aa4d1cfe-c6c1-4fd8-8c4b-2b1b9942884c,Cartão,Cri-Cri 200g,1,8,aa4d1cfe-c6c1-4fd8-8c4b-2b1b9942884c,ExpoDireto
f294e8ee-8abe-4bae-9de1-739080f54bf2,5,2026-03-27 14:21:52.013-03,%,0,5,aa4d1cfe-c6c1-4fd8-8c4b-2b1b9942884c,Dinheiro,Pé-de-Moleque,1,5,aa4d1cfe-c6c1-4fd8-8c4b-2b1b9942884c,Expo Afubra
95370f32-de83-4f53-8b4f-6b6a4bb7f0fc,25,2026-03-27 14:44:11.463-03,%,0,25,aa4d1cfe-c6c1-4fd8-8c4b-2b1b9942884c,Pix,Rapadura Assada (Pacote x6),6,4.166666666666667,aa4d1cfe-c6c1-4fd8-8c4b-2b1b9942884c,Expo Afubra
8e552cf6-b1db-44d3-8854-b7f5e7ca2b81,20,2026-03-27 14:57:26.171-03,%,0,20,aa4d1cfe-c6c1-4fd8-8c4b-2b1b9942884c,Dinheiro,Rapadura de Melado (Pacote x3),3,6.666666666666667,aa4d1cfe-c6c1-4fd8-8c4b-2b1b9942884c,Expo Afubra
a2c3f426-f256-4364-a60d-ad74ce083097,7,2026-03-27 14:59:12.679-03,%,0,7,aa4d1cfe-c6c1-4fd8-8c4b-2b1b9942884c,Dinheiro,Rapadura de Melado,1,7,aa4d1cfe-c6c1-4fd8-8c4b-2b1b9942884c,Expo Afubra
ce1abd43-216f-4de3-825d-3c9335d6a600,8,2026-03-27 15:06:02.527-03,%,0,8,aa4d1cfe-c6c1-4fd8-8c4b-2b1b9942884c,Dinheiro,Cri-Cri 200g,1,8,aa4d1cfe-c6c1-4fd8-8c4b-2b1b9942884c,Expo Afubra
53138805-d840-4767-92cc-336578227110,8,2026-03-27 15:06:41.999-03,%,0,8,aa4d1cfe-c6c1-4fd8-8c4b-2b1b9942884c,Dinheiro,Cri-Cri 200g,1,8,aa4d1cfe-c6c1-4fd8-8c4b-2b1b9942884c,Expo Afubra
f6839689-98f4-45b5-ab7e-034df603f5bf,20,2026-03-27 15:12:51.819-03,%,0,20,aa4d1cfe-c6c1-4fd8-8c4b-2b1b9942884c,Dinheiro,Rapadura de Melado (Pacote x3),3,6.666666666666667,aa4d1cfe-c6c1-4fd8-8c4b-2b1b9942884c,Expo Afubra
8d162c7d-72dd-4a61-95c4-51e00c25d31d,20,2026-03-27 15:21:39.051-03,%,0,20,aa4d1cfe-c6c1-4fd8-8c4b-2b1b9942884c,Pix,Rapadura de Melado (Pacote x3),3,6.666666666666667,aa4d1cfe-c6c1-4fd8-8c4b-2b1b9942884c,Expo Afubra
80aa3263-be61-4a88-aa16-eefb3e27f209,20,2026-03-27 15:28:40.653-03,%,0,20,aa4d1cfe-c6c1-4fd8-8c4b-2b1b9942884c,Cartão,Rapadura de Melado (Pacote x3),3,6.666666666666667,aa4d1cfe-c6c1-4fd8-8c4b-2b1b9942884c,Expo Afubra
ad9c4971-7bbc-40e7-b1a2-739491adee65,13,2026-03-27 15:31:53.106-03,%,0,13,aa4d1cfe-c6c1-4fd8-8c4b-2b1b9942884c,Dinheiro,Cri-Cri 200g,1,8,aa4d1cfe-c6c1-4fd8-8c4b-2b1b9942884c,Expo Afubra
ad9c4971-7bbc-40e7-b1a2-739491adee65,13,2026-03-27 15:31:53.106-03,%,0,13,aa4d1cfe-c6c1-4fd8-8c4b-2b1b9942884c,Dinheiro,Rapadura Assada,1,5,aa4d1cfe-c6c1-4fd8-8c4b-2b1b9942884c,Expo Afubra
46470a86-ad98-436f-95f6-5cbc61fe26a7,5,2026-03-27 15:38:35.783-03,%,0,5,aa4d1cfe-c6c1-4fd8-8c4b-2b1b9942884c,Pix,Rapadura Assada,1,5,aa4d1cfe-c6c1-4fd8-8c4b-2b1b9942884c,Expo Afubra
4e593001-78be-4244-8114-35fea6372979,20,2026-03-27 15:41:54.927-03,%,0,20,aa4d1cfe-c6c1-4fd8-8c4b-2b1b9942884c,Cartão,Rapadura de Melado (Pacote x3),3,6.666666666666667,aa4d1cfe-c6c1-4fd8-8c4b-2b1b9942884c,Expo Afubra
64b6721b-a167-478d-957a-5d84f9bdc229,7,2026-03-27 15:49:35.491-03,%,0,7,aa4d1cfe-c6c1-4fd8-8c4b-2b1b9942884c,Pix,Rapadura de Melado,1,7,aa4d1cfe-c6c1-4fd8-8c4b-2b1b9942884c,Expo Afubra
a22fa783-57d8-4028-99ba-a5e3b60bbb3b,20,2026-03-27 15:58:18.276-03,%,0,20,aa4d1cfe-c6c1-4fd8-8c4b-2b1b9942884c,Dinheiro,Rapadura de Melado (Pacote x3),3,6.666666666666667,aa4d1cfe-c6c1-4fd8-8c4b-2b1b9942884c,Expo Afubra
a518b836-2779-4dc1-94cc-3be1b8f35fbb,17,2026-03-27 15:58:44.937-03,%,0,17,aa4d1cfe-c6c1-4fd8-8c4b-2b1b9942884c,Pix,"Bolacha de manteiga ",1,10,aa4d1cfe-c6c1-4fd8-8c4b-2b1b9942884c,Expo Afubra
a518b836-2779-4dc1-94cc-3be1b8f35fbb,17,2026-03-27 15:58:44.937-03,%,0,17,aa4d1cfe-c6c1-4fd8-8c4b-2b1b9942884c,Pix,Rapadura de Melado,1,7,aa4d1cfe-c6c1-4fd8-8c4b-2b1b9942884c,Expo Afubra
82f9b429-c297-46f4-87ea-b1e073dd1c00,25,2026-03-27 16:10:04.306-03,%,0,25,aa4d1cfe-c6c1-4fd8-8c4b-2b1b9942884c,Dinheiro,Rapadura Assada (Pacote x6),6,4.166666666666667,aa4d1cfe-c6c1-4fd8-8c4b-2b1b9942884c,Expo Afubra
2f11e66d-c2e4-4f86-9d59-af2a74b0ba14,5,2026-03-27 16:12:00.206-03,%,0,5,aa4d1cfe-c6c1-4fd8-8c4b-2b1b9942884c,Dinheiro,Rapadura Assada,1,5,aa4d1cfe-c6c1-4fd8-8c4b-2b1b9942884c,Expo Afubra
c658c04b-470a-4407-a43d-9882596aedb3,20,2026-03-27 16:33:20.963-03,%,0,20,aa4d1cfe-c6c1-4fd8-8c4b-2b1b9942884c,Dinheiro,Rapadura Assada,4,5,aa4d1cfe-c6c1-4fd8-8c4b-2b1b9942884c,Expo Afubra
59ab6f64-9ec8-476d-bce8-3ef38a8cb110,7,2026-03-27 16:35:42.558-03,%,0,7,aa4d1cfe-c6c1-4fd8-8c4b-2b1b9942884c,Cartão,Rapadura de Melado,1,7,aa4d1cfe-c6c1-4fd8-8c4b-2b1b9942884c,Expo Afubra
fbb0f449-75bd-4db4-8785-eacda7ebd600,7,2026-03-27 16:38:01.133-03,%,0,7,aa4d1cfe-c6c1-4fd8-8c4b-2b1b9942884c,Dinheiro,Rapadura de Melado,1,7,aa4d1cfe-c6c1-4fd8-8c4b-2b1b9942884c,Expo Afubra
7d6dad11-a79b-4899-8234-5a7eb983c611,5,2026-03-27 16:39:28.6-03,R$,2,7,aa4d1cfe-c6c1-4fd8-8c4b-2b1b9942884c,Dinheiro,Rapadura de Melado,1,7,aa4d1cfe-c6c1-4fd8-8c4b-2b1b9942884c,Expo Afubra
e98c3889-5206-41f6-a400-2ac6dd59b230,7,2026-03-27 16:50:30.852-03,R$,0,7,aa4d1cfe-c6c1-4fd8-8c4b-2b1b9942884c,Dinheiro,Rapadura de Melado,1,7,aa4d1cfe-c6c1-4fd8-8c4b-2b1b9942884c,Expo Afubra
ba7f1cdb-0529-44a8-85fa-17fe796083a5,25,2026-03-27 16:58:08.617-03,%,0,25,aa4d1cfe-c6c1-4fd8-8c4b-2b1b9942884c,Dinheiro,Rapadura Assada (Pacote x6),6,4.166666666666667,aa4d1cfe-c6c1-4fd8-8c4b-2b1b9942884c,Expo Afubra
4174716a-ee03-4790-a97d-2b67bc19e6be,7,2026-03-27 17:06:28.474-03,%,0,7,aa4d1cfe-c6c1-4fd8-8c4b-2b1b9942884c,Dinheiro,Rapadura de Melado,1,7,aa4d1cfe-c6c1-4fd8-8c4b-2b1b9942884c,Expo Afubra
fac69e8a-be2e-4bcc-a103-e5019a78be6f,10,2026-03-27 17:11:18.785-03,%,0,10,aa4d1cfe-c6c1-4fd8-8c4b-2b1b9942884c,Pix,Rapadura Assada,2,5,aa4d1cfe-c6c1-4fd8-8c4b-2b1b9942884c,Expo Afubra
3419f4ae-5628-450c-8b4e-638e6cef2b86,20,2026-03-27 17:40:04.955-03,%,0,20,aa4d1cfe-c6c1-4fd8-8c4b-2b1b9942884c,Dinheiro,Rapadura de Melado (Pacote x3),3,6.666666666666667,aa4d1cfe-c6c1-4fd8-8c4b-2b1b9942884c,Expo Afubra
fea0aaad-9e95-4756-807a-7371dc6aa161,25,2026-03-27 17:49:25.604-03,%,0,25,aa4d1cfe-c6c1-4fd8-8c4b-2b1b9942884c,Cartão,Rapadura Assada (Pacote x6),6,4.166666666666667,aa4d1cfe-c6c1-4fd8-8c4b-2b1b9942884c,Expo Afubra
46fbfba1-1713-4431-a6c7-29e927aa04fe,6,2026-03-13 14:03:10.294-03,%,0,6,aa4d1cfe-c6c1-4fd8-8c4b-2b1b9942884c,Cartão,Alfajor Preto,1,6,aa4d1cfe-c6c1-4fd8-8c4b-2b1b9942884c,ExpoDireto
f5e12467-45a4-44ca-bbb0-b27fa73fcdc0,20,2026-03-13 14:10:32.44-03,%,0,20,aa4d1cfe-c6c1-4fd8-8c4b-2b1b9942884c,Dinheiro,Rapadura de Melado (Pacote x3),3,20,aa4d1cfe-c6c1-4fd8-8c4b-2b1b9942884c,ExpoDireto
5f02379f-69a1-4089-ad66-6407045214e8,20,2026-03-13 14:13:04.64-03,%,0,20,aa4d1cfe-c6c1-4fd8-8c4b-2b1b9942884c,Pix,Alfajor Preto (Pacote x4),4,20,aa4d1cfe-c6c1-4fd8-8c4b-2b1b9942884c,ExpoDireto
8c7be2ea-e72d-47bc-93de-20ea83984e8e,10,2026-03-13 14:16:32.063-03,%,0,10,aa4d1cfe-c6c1-4fd8-8c4b-2b1b9942884c,Dinheiro,"Bolacha de manteiga ",1,10,aa4d1cfe-c6c1-4fd8-8c4b-2b1b9942884c,ExpoDireto
7f7a1781-8dbd-47c4-a3fd-c470a813c36d,25,2026-03-13 14:20:36.694-03,%,0,25,aa4d1cfe-c6c1-4fd8-8c4b-2b1b9942884c,Cartão,Rapadura Assada (Pacote x6),6,25,aa4d1cfe-c6c1-4fd8-8c4b-2b1b9942884c,ExpoDireto
48eed4dd-3afe-4853-bb13-720c71000381,40,2026-03-13 14:23:30.066-03,%,0,40,aa4d1cfe-c6c1-4fd8-8c4b-2b1b9942884c,Pix,Alfajor Preto (Pacote x4),8,20,aa4d1cfe-c6c1-4fd8-8c4b-2b1b9942884c,ExpoDireto
9c8bfc8f-cb82-4328-a2af-95a924a28c24,25,2026-03-13 14:24:22.12-03,%,0,25,aa4d1cfe-c6c1-4fd8-8c4b-2b1b9942884c,Cartão,Rapadura Assada (Pacote x6),6,25,aa4d1cfe-c6c1-4fd8-8c4b-2b1b9942884c,ExpoDireto
cdedc8ef-4112-4689-b0ba-6c5e8ac02583,20,2026-03-13 14:27:50.485-03,%,0,20,aa4d1cfe-c6c1-4fd8-8c4b-2b1b9942884c,Dinheiro,Alfajor Preto (Pacote x4),4,20,aa4d1cfe-c6c1-4fd8-8c4b-2b1b9942884c,ExpoDireto
75490662-96e9-49a5-815e-79e23c8e4b03,7,2026-03-13 14:40:30.71-03,%,0,7,aa4d1cfe-c6c1-4fd8-8c4b-2b1b9942884c,Dinheiro,Rapadura de Melado,1,7,aa4d1cfe-c6c1-4fd8-8c4b-2b1b9942884c,ExpoDireto
45ca66d3-8bbd-4ed6-80ac-af2df71038ad,35,2026-03-13 14:50:01.966-03,R$,2,37,aa4d1cfe-c6c1-4fd8-8c4b-2b1b9942884c,Dinheiro,Alfajor Preto,2,6,aa4d1cfe-c6c1-4fd8-8c4b-2b1b9942884c,ExpoDireto
45ca66d3-8bbd-4ed6-80ac-af2df71038ad,35,2026-03-13 14:50:01.966-03,R$,2,37,aa4d1cfe-c6c1-4fd8-8c4b-2b1b9942884c,Dinheiro,Alfajor Preto (Pacote x4),4,20,aa4d1cfe-c6c1-4fd8-8c4b-2b1b9942884c,ExpoDireto
45ca66d3-8bbd-4ed6-80ac-af2df71038ad,35,2026-03-13 14:50:01.966-03,R$,2,37,aa4d1cfe-c6c1-4fd8-8c4b-2b1b9942884c,Dinheiro,Rapadura Assada,1,5,aa4d1cfe-c6c1-4fd8-8c4b-2b1b9942884c,ExpoDireto
ad985035-05c7-485c-990c-79fa832a4867,20,2026-03-13 14:55:37.146-03,R$,0,20,aa4d1cfe-c6c1-4fd8-8c4b-2b1b9942884c,Dinheiro,Alfajor Preto (Pacote x4),4,20,aa4d1cfe-c6c1-4fd8-8c4b-2b1b9942884c,ExpoDireto
4111afc7-6028-4141-9552-f9ce8f1b448e,30,2026-03-13 15:21:15.783-03,R$,0,30,aa4d1cfe-c6c1-4fd8-8c4b-2b1b9942884c,Dinheiro,"Bolacha de manteiga ",1,10,aa4d1cfe-c6c1-4fd8-8c4b-2b1b9942884c,ExpoDireto
4111afc7-6028-4141-9552-f9ce8f1b448e,30,2026-03-13 15:21:15.783-03,R$,0,30,aa4d1cfe-c6c1-4fd8-8c4b-2b1b9942884c,Dinheiro,Rapadura de Melado (Pacote x3),3,20,aa4d1cfe-c6c1-4fd8-8c4b-2b1b9942884c,ExpoDireto
869caf68-320f-49b4-8a0c-6a3fea88dd33,6,2026-03-13 15:31:02.16-03,R$,0,6,aa4d1cfe-c6c1-4fd8-8c4b-2b1b9942884c,Cartão,Alfajor Preto,1,6,aa4d1cfe-c6c1-4fd8-8c4b-2b1b9942884c,ExpoDireto
1bf6b30e-ae89-443d-b6db-28d0c8328cfe,72,2026-03-13 15:32:14.65-03,R$,0,72,aa4d1cfe-c6c1-4fd8-8c4b-2b1b9942884c,Dinheiro,Rapadura Assada (Pacote x6),12,25,aa4d1cfe-c6c1-4fd8-8c4b-2b1b9942884c,ExpoDireto
1bf6b30e-ae89-443d-b6db-28d0c8328cfe,72,2026-03-13 15:32:14.65-03,R$,0,72,aa4d1cfe-c6c1-4fd8-8c4b-2b1b9942884c,Dinheiro,"Amendoim salgado e temperado ",1,8,aa4d1cfe-c6c1-4fd8-8c4b-2b1b9942884c,ExpoDireto
1bf6b30e-ae89-443d-b6db-28d0c8328cfe,72,2026-03-13 15:32:14.65-03,R$,0,72,aa4d1cfe-c6c1-4fd8-8c4b-2b1b9942884c,Dinheiro,Rapadura de Melado,2,7,aa4d1cfe-c6c1-4fd8-8c4b-2b1b9942884c,ExpoDireto
ab29aa73-c0e3-4b5e-90cb-b95b7bf5dab3,25,2026-03-13 15:34:58.334-03,R$,0,25,aa4d1cfe-c6c1-4fd8-8c4b-2b1b9942884c,Cartão,Rapadura Assada (Pacote x6),6,25,aa4d1cfe-c6c1-4fd8-8c4b-2b1b9942884c,ExpoDireto
862a67cc-8861-4eff-ad9c-155417ae7572,25,2026-03-13 15:39:29.145-03,R$,0,25,aa4d1cfe-c6c1-4fd8-8c4b-2b1b9942884c,Cartão,Rapadura Assada (Pacote x6),6,25,aa4d1cfe-c6c1-4fd8-8c4b-2b1b9942884c,ExpoDireto
d801140b-12c6-451d-bad0-a2fe85bfe48a,6,2026-03-13 15:39:45.607-03,R$,0,6,aa4d1cfe-c6c1-4fd8-8c4b-2b1b9942884c,Cartão,Alfajor Preto,1,6,aa4d1cfe-c6c1-4fd8-8c4b-2b1b9942884c,ExpoDireto
ab20e86d-307d-408f-933b-16f8ce1cdf31,20,2026-03-13 15:42:04.131-03,R$,0,20,aa4d1cfe-c6c1-4fd8-8c4b-2b1b9942884c,Cartão,Alfajor Preto (Pacote x4),4,20,aa4d1cfe-c6c1-4fd8-8c4b-2b1b9942884c,ExpoDireto
a290ce12-318c-4aa3-80d1-6b0a8c3196b1,20,2026-03-13 15:43:06.447-03,%,0,20,aa4d1cfe-c6c1-4fd8-8c4b-2b1b9942884c,Dinheiro,Pé-de-Moleque,4,5,aa4d1cfe-c6c1-4fd8-8c4b-2b1b9942884c,ExpoDireto
65ce9468-49f9-4856-b4d1-37b615dba631,31,2026-03-13 15:43:13.669-03,R$,0,31,aa4d1cfe-c6c1-4fd8-8c4b-2b1b9942884c,Pix,Alfajor Preto,1,6,aa4d1cfe-c6c1-4fd8-8c4b-2b1b9942884c,ExpoDireto
65ce9468-49f9-4856-b4d1-37b615dba631,31,2026-03-13 15:43:13.669-03,R$,0,31,aa4d1cfe-c6c1-4fd8-8c4b-2b1b9942884c,Pix,Rapadura Assada (Pacote x6),6,25,aa4d1cfe-c6c1-4fd8-8c4b-2b1b9942884c,ExpoDireto
d25812af-e2fa-489b-b7cf-82a75e80042b,10,2026-03-13 15:49:54.059-03,R$,0,10,aa4d1cfe-c6c1-4fd8-8c4b-2b1b9942884c,Dinheiro,Bolacha de Milho,1,10,aa4d1cfe-c6c1-4fd8-8c4b-2b1b9942884c,ExpoDireto
d33160ba-2906-4677-9d9e-fa7cdbece5fc,10,2026-03-13 15:50:05.19-03,R$,0,10,aa4d1cfe-c6c1-4fd8-8c4b-2b1b9942884c,Cartão,Bolacha de Milho,1,10,aa4d1cfe-c6c1-4fd8-8c4b-2b1b9942884c,ExpoDireto
e78c1ea7-c95d-4cbc-9438-aabb609f27c9,15,2026-03-13 15:51:23.05-03,%,0,15,aa4d1cfe-c6c1-4fd8-8c4b-2b1b9942884c,Dinheiro,Rapadura Assada,3,5,aa4d1cfe-c6c1-4fd8-8c4b-2b1b9942884c,ExpoDireto
f0faef5c-a0f8-4d59-9aca-82f9ebbed2c3,20,2026-03-13 16:10:01.215-03,%,0,20,aa4d1cfe-c6c1-4fd8-8c4b-2b1b9942884c,Cartão,Alfajor Preto (Pacote x4),4,20,aa4d1cfe-c6c1-4fd8-8c4b-2b1b9942884c,ExpoDireto
a3c26fe3-6d72-4ab0-8c4e-b14308952adc,15,2026-03-13 16:11:27.718-03,%,0,15,aa4d1cfe-c6c1-4fd8-8c4b-2b1b9942884c,Dinheiro,Rapadura Assada,3,5,aa4d1cfe-c6c1-4fd8-8c4b-2b1b9942884c,ExpoDireto
8a80b048-e93f-453c-9f53-f9ed3d8dfdd6,27,2026-03-13 16:14:54.778-03,%,0,27,aa4d1cfe-c6c1-4fd8-8c4b-2b1b9942884c,Cartão,Alfajor Preto (Pacote x4),4,20,aa4d1cfe-c6c1-4fd8-8c4b-2b1b9942884c,ExpoDireto
8a80b048-e93f-453c-9f53-f9ed3d8dfdd6,27,2026-03-13 16:14:54.778-03,%,0,27,aa4d1cfe-c6c1-4fd8-8c4b-2b1b9942884c,Cartão,Rapadura de Melado,1,7,aa4d1cfe-c6c1-4fd8-8c4b-2b1b9942884c,ExpoDireto
f7e4ef1d-abf8-468d-867a-8a08cf65cf47,10,2026-03-13 16:24:02.049-03,%,0,10,aa4d1cfe-c6c1-4fd8-8c4b-2b1b9942884c,Dinheiro,Pé-de-Moleque,1,5,aa4d1cfe-c6c1-4fd8-8c4b-2b1b9942884c,ExpoDireto
f7e4ef1d-abf8-468d-867a-8a08cf65cf47,10,2026-03-13 16:24:02.049-03,%,0,10,aa4d1cfe-c6c1-4fd8-8c4b-2b1b9942884c,Dinheiro,Rapadura Assada,1,5,aa4d1cfe-c6c1-4fd8-8c4b-2b1b9942884c,ExpoDireto
00d1ef1f-84fd-4b4f-9b15-9e3161a56052,12,2026-03-13 16:28:21.201-03,%,0,12,aa4d1cfe-c6c1-4fd8-8c4b-2b1b9942884c,Dinheiro,Alfajor Preto,2,6,aa4d1cfe-c6c1-4fd8-8c4b-2b1b9942884c,ExpoDireto
6da465e2-9963-499e-89ae-9ab3debadfef,5,2026-03-13 16:31:20.11-03,%,0,5,aa4d1cfe-c6c1-4fd8-8c4b-2b1b9942884c,Cartão,Rapadura Assada,1,5,aa4d1cfe-c6c1-4fd8-8c4b-2b1b9942884c,ExpoDireto
5b9a0a19-46fb-4a69-9690-715e2f64bc05,26,2026-03-13 16:35:15.45-03,%,0,26,aa4d1cfe-c6c1-4fd8-8c4b-2b1b9942884c,Cartão,"Bolacha de manteiga ",1,10,aa4d1cfe-c6c1-4fd8-8c4b-2b1b9942884c,ExpoDireto
5b9a0a19-46fb-4a69-9690-715e2f64bc05,26,2026-03-13 16:35:15.45-03,%,0,26,aa4d1cfe-c6c1-4fd8-8c4b-2b1b9942884c,Cartão,Bolacha de Milho,1,10,aa4d1cfe-c6c1-4fd8-8c4b-2b1b9942884c,ExpoDireto
5b9a0a19-46fb-4a69-9690-715e2f64bc05,26,2026-03-13 16:35:15.45-03,%,0,26,aa4d1cfe-c6c1-4fd8-8c4b-2b1b9942884c,Cartão,Alfajor Preto,1,6,aa4d1cfe-c6c1-4fd8-8c4b-2b1b9942884c,ExpoDireto
a55de522-628e-4011-a1c2-697f76f788c4,13,2026-03-13 16:36:51.294-03,R$,2,15,aa4d1cfe-c6c1-4fd8-8c4b-2b1b9942884c,Pix,Pé-de-Moleque,3,5,aa4d1cfe-c6c1-4fd8-8c4b-2b1b9942884c,ExpoDireto
b0da8fbe-9602-4518-b792-0426c62708a5,6,2026-03-13 16:38:24.002-03,R$,0,6,aa4d1cfe-c6c1-4fd8-8c4b-2b1b9942884c,Pix,Alfajor Preto,1,6,aa4d1cfe-c6c1-4fd8-8c4b-2b1b9942884c,ExpoDireto
bd680ff3-4391-489f-bb5c-803e5d0d4cb7,20,2026-03-13 16:42:33.34-03,R$,0,20,aa4d1cfe-c6c1-4fd8-8c4b-2b1b9942884c,Dinheiro,Rapadura de Melado (Pacote x3),3,20,aa4d1cfe-c6c1-4fd8-8c4b-2b1b9942884c,ExpoDireto
a60dfbdf-bca0-4e55-823f-9be02b9e65e6,20,2026-03-13 16:43:45.402-03,R$,0,20,aa4d1cfe-c6c1-4fd8-8c4b-2b1b9942884c,Dinheiro,Rapadura de Melado (Pacote x3),3,20,aa4d1cfe-c6c1-4fd8-8c4b-2b1b9942884c,ExpoDireto
185b8678-a4a5-4889-9332-7a58745c7313,55,2026-03-13 16:45:14.903-03,R$,2,57,aa4d1cfe-c6c1-4fd8-8c4b-2b1b9942884c,Pix,Rapadura Assada (Pacote x6),6,25,aa4d1cfe-c6c1-4fd8-8c4b-2b1b9942884c,ExpoDireto
185b8678-a4a5-4889-9332-7a58745c7313,55,2026-03-13 16:45:14.903-03,R$,2,57,aa4d1cfe-c6c1-4fd8-8c4b-2b1b9942884c,Pix,Alfajor Preto (Pacote x4),4,20,aa4d1cfe-c6c1-4fd8-8c4b-2b1b9942884c,ExpoDireto
185b8678-a4a5-4889-9332-7a58745c7313,55,2026-03-13 16:45:14.903-03,R$,2,57,aa4d1cfe-c6c1-4fd8-8c4b-2b1b9942884c,Pix,Alfajor Preto,2,6,aa4d1cfe-c6c1-4fd8-8c4b-2b1b9942884c,ExpoDireto
d517626e-7f08-40ed-a3f0-a558b1f48cb3,8,2026-03-13 16:46:34.043-03,R$,0,8,aa4d1cfe-c6c1-4fd8-8c4b-2b1b9942884c,Dinheiro,Cri-Cri 200g,1,8,aa4d1cfe-c6c1-4fd8-8c4b-2b1b9942884c,ExpoDireto
16829428-1a78-4abc-b557-901c1185625e,10,2026-03-13 16:53:57.447-03,R$,0,10,aa4d1cfe-c6c1-4fd8-8c4b-2b1b9942884c,Dinheiro,Pé-de-Moleque,2,5,aa4d1cfe-c6c1-4fd8-8c4b-2b1b9942884c,ExpoDireto
bbfd1c64-10e8-46cc-bae1-c5b2daf3d160,20,2026-03-13 16:55:53.527-03,R$,0,20,aa4d1cfe-c6c1-4fd8-8c4b-2b1b9942884c,Cartão,Alfajor Preto (Pacote x4),4,20,aa4d1cfe-c6c1-4fd8-8c4b-2b1b9942884c,ExpoDireto
388f3786-1f6d-44e5-9c46-217d64914d9a,25,2026-03-13 16:57:36.023-03,R$,0,25,aa4d1cfe-c6c1-4fd8-8c4b-2b1b9942884c,Dinheiro,Rapadura Assada (Pacote x6),6,25,aa4d1cfe-c6c1-4fd8-8c4b-2b1b9942884c,ExpoDireto
e7d8a20a-cf50-4d5b-972f-928d5678891b,10,2026-03-13 16:58:09.624-03,R$,0,10,aa4d1cfe-c6c1-4fd8-8c4b-2b1b9942884c,Dinheiro,"Bolacha de manteiga ",1,10,aa4d1cfe-c6c1-4fd8-8c4b-2b1b9942884c,ExpoDireto
31f80bf0-4aac-4cc8-96bb-53e204c34fb4,20,2026-03-13 16:58:54.801-03,R$,0,20,aa4d1cfe-c6c1-4fd8-8c4b-2b1b9942884c,Dinheiro,Rapadura de Melado (Pacote x3),3,20,aa4d1cfe-c6c1-4fd8-8c4b-2b1b9942884c,ExpoDireto
1d08a141-db66-4528-88c2-789455c4febd,20,2026-03-13 17:03:37.284-03,R$,0,20,aa4d1cfe-c6c1-4fd8-8c4b-2b1b9942884c,Dinheiro,Rapadura de Melado (Pacote x3),3,20,aa4d1cfe-c6c1-4fd8-8c4b-2b1b9942884c,ExpoDireto
f4ac49c3-f010-46b8-b2fb-51acf2acee26,70,2026-03-13 17:12:23.402-03,R$,0,70,aa4d1cfe-c6c1-4fd8-8c4b-2b1b9942884c,Pix,Alfajor Preto (Pacote x4),4,20,aa4d1cfe-c6c1-4fd8-8c4b-2b1b9942884c,ExpoDireto
f4ac49c3-f010-46b8-b2fb-51acf2acee26,70,2026-03-13 17:12:23.402-03,R$,0,70,aa4d1cfe-c6c1-4fd8-8c4b-2b1b9942884c,Pix,Rapadura Assada (Pacote x6),12,25,aa4d1cfe-c6c1-4fd8-8c4b-2b1b9942884c,ExpoDireto
b4385691-7ef9-4ae7-811d-5fc9f0d26fb7,8,2026-03-13 17:12:37.882-03,R$,0,8,aa4d1cfe-c6c1-4fd8-8c4b-2b1b9942884c,Dinheiro,Cri-Cri 200g,1,8,aa4d1cfe-c6c1-4fd8-8c4b-2b1b9942884c,ExpoDireto
b65cb3fe-3dd9-4820-912c-69ddb9ba9b6d,8,2026-03-13 17:13:36.359-03,R$,0,8,aa4d1cfe-c6c1-4fd8-8c4b-2b1b9942884c,Cartão,Cri-Cri 200g,1,8,aa4d1cfe-c6c1-4fd8-8c4b-2b1b9942884c,ExpoDireto
03f453a6-2425-4372-9192-a95dc0d8c686,10,2026-03-13 17:14:50.313-03,R$,0,10,aa4d1cfe-c6c1-4fd8-8c4b-2b1b9942884c,Dinheiro,"Bolacha de manteiga ",1,10,aa4d1cfe-c6c1-4fd8-8c4b-2b1b9942884c,ExpoDireto
e0684afa-056e-428b-9582-6a0a42c24429,25,2026-03-13 17:15:15.656-03,R$,0,25,aa4d1cfe-c6c1-4fd8-8c4b-2b1b9942884c,Cartão,Rapadura Assada (Pacote x6),6,25,aa4d1cfe-c6c1-4fd8-8c4b-2b1b9942884c,ExpoDireto
19e720b3-0e35-4f29-82b1-f5107e4948b9,20,2026-03-13 17:18:11.233-03,R$,0,20,aa4d1cfe-c6c1-4fd8-8c4b-2b1b9942884c,Pix,Rapadura de Melado (Pacote x3),3,20,aa4d1cfe-c6c1-4fd8-8c4b-2b1b9942884c,ExpoDireto
60479b83-ef9f-42b8-b1d9-da6d1d884e2c,12,2026-03-13 17:20:02.399-03,R$,0,12,aa4d1cfe-c6c1-4fd8-8c4b-2b1b9942884c,Dinheiro,Rapadura Assada,1,5,aa4d1cfe-c6c1-4fd8-8c4b-2b1b9942884c,ExpoDireto
60479b83-ef9f-42b8-b1d9-da6d1d884e2c,12,2026-03-13 17:20:02.399-03,R$,0,12,aa4d1cfe-c6c1-4fd8-8c4b-2b1b9942884c,Dinheiro,Rapadura de Melado,1,7,aa4d1cfe-c6c1-4fd8-8c4b-2b1b9942884c,ExpoDireto
9c030428-da99-4229-9286-9db020aa2154,20,2026-03-13 17:23:16.121-03,R$,0,20,aa4d1cfe-c6c1-4fd8-8c4b-2b1b9942884c,Dinheiro,Rapadura de Melado (Pacote x3),3,20,aa4d1cfe-c6c1-4fd8-8c4b-2b1b9942884c,ExpoDireto
e91b9df2-f428-48f9-be68-3662d2a0243a,20,2026-03-13 17:25:10.71-03,R$,0,20,aa4d1cfe-c6c1-4fd8-8c4b-2b1b9942884c,Dinheiro,Rapadura de Melado (Pacote x3),3,20,aa4d1cfe-c6c1-4fd8-8c4b-2b1b9942884c,ExpoDireto
76f7ee75-c391-4abb-a059-b0fcc95e03f0,15,2026-03-13 17:27:00.894-03,R$,0,15,aa4d1cfe-c6c1-4fd8-8c4b-2b1b9942884c,Pix,Rapadura de Melado,1,7,aa4d1cfe-c6c1-4fd8-8c4b-2b1b9942884c,ExpoDireto
76f7ee75-c391-4abb-a059-b0fcc95e03f0,15,2026-03-13 17:27:00.894-03,R$,0,15,aa4d1cfe-c6c1-4fd8-8c4b-2b1b9942884c,Pix,Cri-Cri 200g,1,8,aa4d1cfe-c6c1-4fd8-8c4b-2b1b9942884c,ExpoDireto
ce58d88e-9b59-4192-ad54-c48104a3a95e,25,2026-03-13 17:53:27.713-03,%,0,25,aa4d1cfe-c6c1-4fd8-8c4b-2b1b9942884c,Dinheiro,Rapadura Assada (Pacote x6),6,25,aa4d1cfe-c6c1-4fd8-8c4b-2b1b9942884c,ExpoDireto
47a18594-1b11-405b-96e0-bc7ab12e9616,20,2026-03-19 15:07:58.232-03,%,0,20,aa4d1cfe-c6c1-4fd8-8c4b-2b1b9942884c,Dinheiro,Alfajor Preto (Pacote x4),4,5,aa4d1cfe-c6c1-4fd8-8c4b-2b1b9942884c,ExpoRestinga
8ec04447-c881-4133-9979-5e699e53d660,20,2026-03-19 16:42:58.102-03,%,0,20,aa4d1cfe-c6c1-4fd8-8c4b-2b1b9942884c,Dinheiro,Alfajor Preto (Pacote x4),4,5,aa4d1cfe-c6c1-4fd8-8c4b-2b1b9942884c,ExpoRestinga
5923229c-eeb0-4e5c-aaaa-6c8e5e974eeb,6,2026-03-19 17:14:56.807-03,%,0,6,aa4d1cfe-c6c1-4fd8-8c4b-2b1b9942884c,Pix,Alfajor Preto,1,6,aa4d1cfe-c6c1-4fd8-8c4b-2b1b9942884c,ExpoRestinga
caab102c-97c8-4aeb-a6e4-98e662eaf3d2,7,2026-03-19 17:45:03.14-03,%,0,7,aa4d1cfe-c6c1-4fd8-8c4b-2b1b9942884c,Dinheiro,Rapadura de Melado,1,7,aa4d1cfe-c6c1-4fd8-8c4b-2b1b9942884c,ExpoRestinga
a2afc418-9088-4d1d-9cfc-3f7a5eaf34f9,5,2026-03-19 18:01:36.832-03,%,0,5,aa4d1cfe-c6c1-4fd8-8c4b-2b1b9942884c,Pix,Pé-de-Moleque,1,5,aa4d1cfe-c6c1-4fd8-8c4b-2b1b9942884c,ExpoRestinga
0f23e0a7-cee6-4e9a-b8be-6e591b3a014c,20,2026-03-19 18:15:04.981-03,%,0,20,aa4d1cfe-c6c1-4fd8-8c4b-2b1b9942884c,Dinheiro,Rapadura de Melado (Pacote x3),3,6.666666666666667,aa4d1cfe-c6c1-4fd8-8c4b-2b1b9942884c,ExpoRestinga
420908cf-a75a-4eb8-9d12-6e6a5f474672,6,2026-03-19 19:48:11.861-03,%,0,6,aa4d1cfe-c6c1-4fd8-8c4b-2b1b9942884c,Dinheiro,Alfajor Preto,1,6,aa4d1cfe-c6c1-4fd8-8c4b-2b1b9942884c,ExpoRestinga
d920a03e-5c16-4335-bb29-f75cb1a1f618,7,2026-03-19 19:50:14.917-03,%,0,7,aa4d1cfe-c6c1-4fd8-8c4b-2b1b9942884c,Dinheiro,Rapadura de Melado,1,7,aa4d1cfe-c6c1-4fd8-8c4b-2b1b9942884c,ExpoRestinga
5f8ba0cd-88ea-4e62-82f8-0bc53c2ce520,8,2026-03-19 20:03:17.877-03,%,0,8,aa4d1cfe-c6c1-4fd8-8c4b-2b1b9942884c,Pix,"Amendoim salgado e temperado ",1,8,aa4d1cfe-c6c1-4fd8-8c4b-2b1b9942884c,ExpoRestinga
29e7e171-43d3-4a69-b6c3-375a601853ce,75,2026-03-19 20:13:04.435-03,R$,5,80,aa4d1cfe-c6c1-4fd8-8c4b-2b1b9942884c,Cartão,Alfajor Preto (Caixa x16),16,5,aa4d1cfe-c6c1-4fd8-8c4b-2b1b9942884c,ExpoRestinga
bb0826e0-ce83-4dfd-acb0-ae688e6ff5f8,5,2026-03-19 21:02:04.068-03,%,0,5,aa4d1cfe-c6c1-4fd8-8c4b-2b1b9942884c,Dinheiro,Rapadura Assada,1,5,aa4d1cfe-c6c1-4fd8-8c4b-2b1b9942884c,ExpoRestinga
068f9339-1b8a-46d4-b657-62c0114f50ce,20,2026-03-19 21:35:05.481-03,%,0,20,aa4d1cfe-c6c1-4fd8-8c4b-2b1b9942884c,Dinheiro,Rapadura de Melado (Pacote x3),3,6.666666666666667,aa4d1cfe-c6c1-4fd8-8c4b-2b1b9942884c,ExpoRestinga
a3a95611-c1ae-4b29-8648-264995c84ad8,7,2026-03-20 11:09:08.399-03,%,0,7,aa4d1cfe-c6c1-4fd8-8c4b-2b1b9942884c,Dinheiro,Rapadura de Melado,1,7,aa4d1cfe-c6c1-4fd8-8c4b-2b1b9942884c,ExpoRestinga
155d2cba-6245-4abd-9ef2-03a02f2ea046,5,2026-03-20 11:18:41.008-03,R$,2,7,aa4d1cfe-c6c1-4fd8-8c4b-2b1b9942884c,Dinheiro,Rapadura de Melado,1,7,aa4d1cfe-c6c1-4fd8-8c4b-2b1b9942884c,ExpoRestinga
350d57fa-45ae-4638-88e4-aedc9f723224,5,2026-03-20 11:25:58.055-03,R$,0,5,aa4d1cfe-c6c1-4fd8-8c4b-2b1b9942884c,Dinheiro,Rapadura Assada,1,5,aa4d1cfe-c6c1-4fd8-8c4b-2b1b9942884c,ExpoRestinga
88ff7d4a-0682-43ed-829a-4b6a9b712668,16,2026-03-20 12:16:27.701-03,%,0,16,aa4d1cfe-c6c1-4fd8-8c4b-2b1b9942884c,Cartão,"Amendoim salgado e temperado ",1,8,aa4d1cfe-c6c1-4fd8-8c4b-2b1b9942884c,ExpoRestinga
88ff7d4a-0682-43ed-829a-4b6a9b712668,16,2026-03-20 12:16:27.701-03,%,0,16,aa4d1cfe-c6c1-4fd8-8c4b-2b1b9942884c,Cartão,Cri-Cri 200g,1,8,aa4d1cfe-c6c1-4fd8-8c4b-2b1b9942884c,ExpoRestinga
802b7396-2783-428b-8b57-c214fc26bd6a,8,2026-03-20 12:53:22.182-03,%,0,8,aa4d1cfe-c6c1-4fd8-8c4b-2b1b9942884c,Dinheiro,"Amendoim salgado e temperado ",1,8,aa4d1cfe-c6c1-4fd8-8c4b-2b1b9942884c,ExpoRestinga
cb0c3c8b-af71-4f65-b5a5-da86617e7515,8,2026-03-20 12:59:25.163-03,%,0,8,aa4d1cfe-c6c1-4fd8-8c4b-2b1b9942884c,Dinheiro,"Amendoim salgado e temperado ",1,8,aa4d1cfe-c6c1-4fd8-8c4b-2b1b9942884c,ExpoRestinga
68f0ee00-d643-4c25-b37f-a97c5e55f627,25,2026-03-20 13:55:13.981-03,%,0,25,aa4d1cfe-c6c1-4fd8-8c4b-2b1b9942884c,Dinheiro,Cuca Alemã,1,25,aa4d1cfe-c6c1-4fd8-8c4b-2b1b9942884c,ExpoRestinga
40b81d4a-022e-4239-90bd-bb3e36a41269,5,2026-03-20 14:19:31.525-03,%,0,5,aa4d1cfe-c6c1-4fd8-8c4b-2b1b9942884c,Pix,Rapadura Assada,1,5,aa4d1cfe-c6c1-4fd8-8c4b-2b1b9942884c,ExpoRestinga
b562432b-3f3d-48d4-94bf-24c06307bd8e,15,2026-03-20 14:28:10.953-03,%,0,15,aa4d1cfe-c6c1-4fd8-8c4b-2b1b9942884c,Dinheiro,Cuca Enrolada de Amendoim,1,15,aa4d1cfe-c6c1-4fd8-8c4b-2b1b9942884c,ExpoRestinga
7b9ffc67-6c33-4595-b2dd-4370f7dce0c9,28,2026-03-20 14:36:33.252-03,%,0,28,aa4d1cfe-c6c1-4fd8-8c4b-2b1b9942884c,Cartão,Rapadura de Melado (Pacote x3),3,6.666666666666667,aa4d1cfe-c6c1-4fd8-8c4b-2b1b9942884c,ExpoRestinga
7b9ffc67-6c33-4595-b2dd-4370f7dce0c9,28,2026-03-20 14:36:33.252-03,%,0,28,aa4d1cfe-c6c1-4fd8-8c4b-2b1b9942884c,Cartão,"Amendoim salgado e temperado ",1,8,aa4d1cfe-c6c1-4fd8-8c4b-2b1b9942884c,ExpoRestinga
e2d54ae8-a2ee-4b0b-a2db-463d28dc66e8,8,2026-03-20 14:36:50.922-03,%,0,8,aa4d1cfe-c6c1-4fd8-8c4b-2b1b9942884c,Dinheiro,"Amendoim salgado e temperado ",1,8,aa4d1cfe-c6c1-4fd8-8c4b-2b1b9942884c,ExpoRestinga
5d52a28b-4c38-4ffb-80ee-102d469352ce,25,2026-03-20 14:43:33.866-03,%,0,25,aa4d1cfe-c6c1-4fd8-8c4b-2b1b9942884c,Dinheiro,Cuca Alemã,1,25,aa4d1cfe-c6c1-4fd8-8c4b-2b1b9942884c,ExpoRestinga
b765f634-a80e-4795-b5d4-3cb59e5b9383,22,2026-03-20 14:48:06.802-03,%,0,22,aa4d1cfe-c6c1-4fd8-8c4b-2b1b9942884c,Dinheiro,Alfajor Preto,2,6,aa4d1cfe-c6c1-4fd8-8c4b-2b1b9942884c,ExpoRestinga
b765f634-a80e-4795-b5d4-3cb59e5b9383,22,2026-03-20 14:48:06.802-03,%,0,22,aa4d1cfe-c6c1-4fd8-8c4b-2b1b9942884c,Dinheiro,"Bolacha de manteiga ",1,10,aa4d1cfe-c6c1-4fd8-8c4b-2b1b9942884c,ExpoRestinga
5858c4d2-f597-4b1f-92de-9adba53c4115,40,2026-03-20 15:30:09.696-03,%,0,40,aa4d1cfe-c6c1-4fd8-8c4b-2b1b9942884c,Dinheiro,Cuca Enrolada de Amendoim,1,15,aa4d1cfe-c6c1-4fd8-8c4b-2b1b9942884c,ExpoRestinga
5858c4d2-f597-4b1f-92de-9adba53c4115,40,2026-03-20 15:30:09.696-03,%,0,40,aa4d1cfe-c6c1-4fd8-8c4b-2b1b9942884c,Dinheiro,Cuca Alemã,1,25,aa4d1cfe-c6c1-4fd8-8c4b-2b1b9942884c,ExpoRestinga
f32a31d7-5844-4513-b399-aba98891aaf6,25,2026-03-20 16:12:25.326-03,%,0,25,aa4d1cfe-c6c1-4fd8-8c4b-2b1b9942884c,Cartão,Cuca Alemã,1,25,aa4d1cfe-c6c1-4fd8-8c4b-2b1b9942884c,ExpoRestinga
8c961d84-6479-41af-bd6f-e627de240e5f,7,2026-03-20 16:27:39.949-03,%,0,7,aa4d1cfe-c6c1-4fd8-8c4b-2b1b9942884c,Dinheiro,Rapadura de Melado,1,7,aa4d1cfe-c6c1-4fd8-8c4b-2b1b9942884c,ExpoRestinga
6fec9c72-4517-4859-a872-24ab71f5b85f,25,2026-03-20 17:17:02.754-03,%,0,25,aa4d1cfe-c6c1-4fd8-8c4b-2b1b9942884c,Dinheiro,Cuca Alemã,1,25,aa4d1cfe-c6c1-4fd8-8c4b-2b1b9942884c,ExpoRestinga
880461dd-4285-4d27-a5ee-09cab0bc8ba1,15,2026-03-20 17:30:14.849-03,%,0,15,aa4d1cfe-c6c1-4fd8-8c4b-2b1b9942884c,Dinheiro,Cuca Enrolada de Amendoim,1,15,aa4d1cfe-c6c1-4fd8-8c4b-2b1b9942884c,ExpoRestinga
8df0d225-87ba-4f9a-ab62-f774ef1b77bf,25,2026-03-20 17:33:26.684-03,%,0,25,aa4d1cfe-c6c1-4fd8-8c4b-2b1b9942884c,Pix,Cuca Alemã,1,25,aa4d1cfe-c6c1-4fd8-8c4b-2b1b9942884c,ExpoRestinga
fddc6da2-cd93-4bfd-94f0-ac2353c96cc6,25,2026-03-20 17:36:22.348-03,%,0,25,aa4d1cfe-c6c1-4fd8-8c4b-2b1b9942884c,Dinheiro,Cuca Alemã,1,25,aa4d1cfe-c6c1-4fd8-8c4b-2b1b9942884c,ExpoRestinga
bb9186e5-631e-40b8-9134-a836d9167498,33,2026-03-20 17:49:16.655-03,%,0,33,aa4d1cfe-c6c1-4fd8-8c4b-2b1b9942884c,Cartão,Alfajor Preto,3,6,aa4d1cfe-c6c1-4fd8-8c4b-2b1b9942884c,ExpoRestinga
bb9186e5-631e-40b8-9134-a836d9167498,33,2026-03-20 17:49:16.655-03,%,0,33,aa4d1cfe-c6c1-4fd8-8c4b-2b1b9942884c,Cartão,Rapadura Assada,3,5,aa4d1cfe-c6c1-4fd8-8c4b-2b1b9942884c,ExpoRestinga
5db113b3-b8a8-4217-8d06-bdb25ec4a425,25,2026-03-20 17:49:30.244-03,%,0,25,aa4d1cfe-c6c1-4fd8-8c4b-2b1b9942884c,Cartão,Cuca Alemã,1,25,aa4d1cfe-c6c1-4fd8-8c4b-2b1b9942884c,ExpoRestinga
301a7878-ff98-4ce7-af83-9b38e003e3de,45,2026-03-20 17:52:02.987-03,%,0,45,aa4d1cfe-c6c1-4fd8-8c4b-2b1b9942884c,Pix,Alfajor Preto (Pacote x4),4,5,aa4d1cfe-c6c1-4fd8-8c4b-2b1b9942884c,ExpoRestinga
301a7878-ff98-4ce7-af83-9b38e003e3de,45,2026-03-20 17:52:02.987-03,%,0,45,aa4d1cfe-c6c1-4fd8-8c4b-2b1b9942884c,Pix,Rapadura Assada (Pacote x6),6,4.166666666666667,aa4d1cfe-c6c1-4fd8-8c4b-2b1b9942884c,ExpoRestinga
126ab290-8868-447a-a83b-2e496d09afea,25,2026-03-20 18:00:08.902-03,%,0,25,aa4d1cfe-c6c1-4fd8-8c4b-2b1b9942884c,Pix,Cuca Alemã,1,25,aa4d1cfe-c6c1-4fd8-8c4b-2b1b9942884c,ExpoRestinga
c1214f72-ced9-492a-9ab7-eae5b06b12ec,7,2026-03-20 18:28:15.996-03,%,0,7,aa4d1cfe-c6c1-4fd8-8c4b-2b1b9942884c,Dinheiro,Rapadura de Melado,1,7,aa4d1cfe-c6c1-4fd8-8c4b-2b1b9942884c,ExpoRestinga
fcd9a1d7-bcee-428a-b871-5d380af1624b,1,2026-03-20 18:35:26.519-03,R$,4,5,aa4d1cfe-c6c1-4fd8-8c4b-2b1b9942884c,Pix,Pé-de-Moleque,1,5,aa4d1cfe-c6c1-4fd8-8c4b-2b1b9942884c,ExpoRestinga
44244dac-9f02-4b7c-b273-fbcd5f0a0cc3,25,2026-03-20 19:05:38.224-03,%,0,25,aa4d1cfe-c6c1-4fd8-8c4b-2b1b9942884c,Cartão,Cuca Alemã,1,25,aa4d1cfe-c6c1-4fd8-8c4b-2b1b9942884c,ExpoRestinga
30c1c67a-34c8-42a4-835c-10a886540c16,48,2026-03-20 19:40:37.207-03,%,0,48,aa4d1cfe-c6c1-4fd8-8c4b-2b1b9942884c,Dinheiro,Rapadura Assada (Pacote x6),6,4.166666666666667,aa4d1cfe-c6c1-4fd8-8c4b-2b1b9942884c,ExpoRestinga
30c1c67a-34c8-42a4-835c-10a886540c16,48,2026-03-20 19:40:37.207-03,%,0,48,aa4d1cfe-c6c1-4fd8-8c4b-2b1b9942884c,Dinheiro,Cri-Cri 200g,1,8,aa4d1cfe-c6c1-4fd8-8c4b-2b1b9942884c,ExpoRestinga
30c1c67a-34c8-42a4-835c-10a886540c16,48,2026-03-20 19:40:37.207-03,%,0,48,aa4d1cfe-c6c1-4fd8-8c4b-2b1b9942884c,Dinheiro,Cuca Enrolada de Amendoim,1,15,aa4d1cfe-c6c1-4fd8-8c4b-2b1b9942884c,ExpoRestinga
ec4ee524-0e95-4779-9e85-77316f6629e4,60,2026-03-20 19:50:52.529-03,%,0,60,aa4d1cfe-c6c1-4fd8-8c4b-2b1b9942884c,Pix,Rapadura de Melado (Pacote x3),9,6.666666666666667,aa4d1cfe-c6c1-4fd8-8c4b-2b1b9942884c,ExpoRestinga
f6db7786-8eba-4f52-9043-70cd137ddbc0,75,2026-03-20 19:56:14.21-03,%,0,75,aa4d1cfe-c6c1-4fd8-8c4b-2b1b9942884c,Pix,Cuca Alemã,2,25,aa4d1cfe-c6c1-4fd8-8c4b-2b1b9942884c,ExpoRestinga
f6db7786-8eba-4f52-9043-70cd137ddbc0,75,2026-03-20 19:56:14.21-03,%,0,75,aa4d1cfe-c6c1-4fd8-8c4b-2b1b9942884c,Pix,Rapadura Assada (Pacote x6),6,4.166666666666667,aa4d1cfe-c6c1-4fd8-8c4b-2b1b9942884c,ExpoRestinga
e2808ed3-f445-4c8b-9e6a-8ee836e6f686,10,2026-03-20 20:36:58.564-03,%,0,10,aa4d1cfe-c6c1-4fd8-8c4b-2b1b9942884c,Dinheiro,"Bolacha de manteiga ",1,10,aa4d1cfe-c6c1-4fd8-8c4b-2b1b9942884c,ExpoRestinga
ee1ea5e5-58ce-4bf9-8da6-c69e9fe51825,40,2026-03-20 20:54:07.448-03,%,0,40,aa4d1cfe-c6c1-4fd8-8c4b-2b1b9942884c,Dinheiro,Cuca Enrolada de Amendoim,1,15,aa4d1cfe-c6c1-4fd8-8c4b-2b1b9942884c,ExpoRestinga
ee1ea5e5-58ce-4bf9-8da6-c69e9fe51825,40,2026-03-20 20:54:07.448-03,%,0,40,aa4d1cfe-c6c1-4fd8-8c4b-2b1b9942884c,Dinheiro,Cuca Alemã,1,25,aa4d1cfe-c6c1-4fd8-8c4b-2b1b9942884c,ExpoRestinga
1e032a1d-f0e4-4da6-9ea1-8005af5e06cf,25,2026-03-20 21:07:35.711-03,%,0,25,aa4d1cfe-c6c1-4fd8-8c4b-2b1b9942884c,Cartão,Cuca Alemã,1,25,aa4d1cfe-c6c1-4fd8-8c4b-2b1b9942884c,ExpoRestinga
265c7852-b829-407a-8d03-95cca2b9bf67,6,2026-03-20 21:14:18.279-03,%,0,6,aa4d1cfe-c6c1-4fd8-8c4b-2b1b9942884c,Dinheiro,Alfajor Preto,1,6,aa4d1cfe-c6c1-4fd8-8c4b-2b1b9942884c,ExpoRestinga
55602e4e-e1d6-4b00-9bda-3994d0745ea2,25,2026-03-20 21:16:10.847-03,%,0,25,aa4d1cfe-c6c1-4fd8-8c4b-2b1b9942884c,Dinheiro,Cuca Alemã,1,25,aa4d1cfe-c6c1-4fd8-8c4b-2b1b9942884c,ExpoRestinga
2335e0e6-e109-41bb-afe3-781800c1904e,25,2026-03-20 21:52:36.418-03,%,0,25,aa4d1cfe-c6c1-4fd8-8c4b-2b1b9942884c,Dinheiro,Cuca Alemã,1,25,aa4d1cfe-c6c1-4fd8-8c4b-2b1b9942884c,ExpoRestinga
b966e60e-7ac5-4e87-b505-3684cca48438,32,2026-03-21 11:08:21.633-03,R$,1,33,aa4d1cfe-c6c1-4fd8-8c4b-2b1b9942884c,Dinheiro,Cuca Alemã,1,25,aa4d1cfe-c6c1-4fd8-8c4b-2b1b9942884c,ExpoRestinga
b966e60e-7ac5-4e87-b505-3684cca48438,32,2026-03-21 11:08:21.633-03,R$,1,33,aa4d1cfe-c6c1-4fd8-8c4b-2b1b9942884c,Dinheiro,Cri-Cri 200g,1,8,aa4d1cfe-c6c1-4fd8-8c4b-2b1b9942884c,ExpoRestinga
60a61919-fbab-4127-97cc-af37763faf89,15,2026-03-21 11:11:11.544-03,R$,0,15,aa4d1cfe-c6c1-4fd8-8c4b-2b1b9942884c,Dinheiro,"Amendoim salgado e temperado ",1,8,aa4d1cfe-c6c1-4fd8-8c4b-2b1b9942884c,ExpoRestinga
60a61919-fbab-4127-97cc-af37763faf89,15,2026-03-21 11:11:11.544-03,R$,0,15,aa4d1cfe-c6c1-4fd8-8c4b-2b1b9942884c,Dinheiro,Rapadura de Melado,1,7,aa4d1cfe-c6c1-4fd8-8c4b-2b1b9942884c,ExpoRestinga
faf92e83-175a-4cae-b963-0c8dceeb5d0e,30,2026-03-21 11:11:27.216-03,R$,0,30,aa4d1cfe-c6c1-4fd8-8c4b-2b1b9942884c,Cartão,Cuca Enrolada de Amendoim,2,15,aa4d1cfe-c6c1-4fd8-8c4b-2b1b9942884c,ExpoRestinga
c49fa1bf-0164-487b-91d8-9d8ee300ed97,15,2026-03-21 11:38:24.242-03,%,0,15,aa4d1cfe-c6c1-4fd8-8c4b-2b1b9942884c,Dinheiro,Cuca Enrolada de Amendoim,1,15,aa4d1cfe-c6c1-4fd8-8c4b-2b1b9942884c,ExpoRestinga
e3f14ad7-7e11-413e-a17d-63fa3866e45c,5,2026-03-21 12:12:52.331-03,%,0,5,aa4d1cfe-c6c1-4fd8-8c4b-2b1b9942884c,Dinheiro,Rapadura Assada,1,5,aa4d1cfe-c6c1-4fd8-8c4b-2b1b9942884c,ExpoRestinga
9147ad54-4e04-455c-84d1-1a0a1bc53e94,25,2026-03-21 12:38:50.697-03,%,0,25,aa4d1cfe-c6c1-4fd8-8c4b-2b1b9942884c,Cartão,Cuca Alemã,1,25,aa4d1cfe-c6c1-4fd8-8c4b-2b1b9942884c,ExpoRestinga
2fc90cd8-f4d2-4452-b736-2b992034046b,30,2026-03-21 14:09:29.574-03,%,0,30,aa4d1cfe-c6c1-4fd8-8c4b-2b1b9942884c,Cartão,Cuca Alemã,1,25,aa4d1cfe-c6c1-4fd8-8c4b-2b1b9942884c,ExpoRestinga
2fc90cd8-f4d2-4452-b736-2b992034046b,30,2026-03-21 14:09:29.574-03,%,0,30,aa4d1cfe-c6c1-4fd8-8c4b-2b1b9942884c,Cartão,Rapadura Assada,1,5,aa4d1cfe-c6c1-4fd8-8c4b-2b1b9942884c,ExpoRestinga
0fed62ed-6f9b-4a23-bdfb-85a9aca1eec1,15,2026-03-21 14:11:59.923-03,%,0,15,aa4d1cfe-c6c1-4fd8-8c4b-2b1b9942884c,Pix,Rapadura de Melado,1,7,aa4d1cfe-c6c1-4fd8-8c4b-2b1b9942884c,ExpoRestinga
0fed62ed-6f9b-4a23-bdfb-85a9aca1eec1,15,2026-03-21 14:11:59.923-03,%,0,15,aa4d1cfe-c6c1-4fd8-8c4b-2b1b9942884c,Pix,"Amendoim salgado e temperado ",1,8,aa4d1cfe-c6c1-4fd8-8c4b-2b1b9942884c,ExpoRestinga
caf51f6e-01cf-4c68-aac6-700e552c58da,6,2026-03-21 14:12:08.564-03,%,0,6,aa4d1cfe-c6c1-4fd8-8c4b-2b1b9942884c,Dinheiro,Alfajor Preto,1,6,aa4d1cfe-c6c1-4fd8-8c4b-2b1b9942884c,ExpoRestinga
6754870f-e65b-4979-aab0-0ae941b8c232,32,2026-03-21 14:28:38.063-03,%,0,32,aa4d1cfe-c6c1-4fd8-8c4b-2b1b9942884c,Dinheiro,Rapadura de Melado,1,7,aa4d1cfe-c6c1-4fd8-8c4b-2b1b9942884c,ExpoRestinga
6754870f-e65b-4979-aab0-0ae941b8c232,32,2026-03-21 14:28:38.063-03,%,0,32,aa4d1cfe-c6c1-4fd8-8c4b-2b1b9942884c,Dinheiro,Rapadura Assada (Pacote x6),6,4.166666666666667,aa4d1cfe-c6c1-4fd8-8c4b-2b1b9942884c,ExpoRestinga
1fd4ac20-20a7-4d5e-8173-fed81f3fb478,6,2026-03-21 15:34:49.962-03,%,0,6,aa4d1cfe-c6c1-4fd8-8c4b-2b1b9942884c,Dinheiro,Alfajor Preto,1,6,aa4d1cfe-c6c1-4fd8-8c4b-2b1b9942884c,ExpoRestinga
77cb7d80-649e-4318-bd21-adbd8fbfcc5f,25,2026-03-21 15:35:00.629-03,%,0,25,aa4d1cfe-c6c1-4fd8-8c4b-2b1b9942884c,Cartão,Cuca Alemã,1,25,aa4d1cfe-c6c1-4fd8-8c4b-2b1b9942884c,ExpoRestinga
ab878b62-dcd6-4170-b5ed-11dcb7b7fe3f,10,2026-03-21 15:35:21.346-03,%,0,10,aa4d1cfe-c6c1-4fd8-8c4b-2b1b9942884c,Dinheiro,"Bolacha de manteiga ",1,10,aa4d1cfe-c6c1-4fd8-8c4b-2b1b9942884c,ExpoRestinga
43254f0b-98db-4e2f-ad74-65433d837390,25,2026-03-21 15:35:41.949-03,%,0,25,aa4d1cfe-c6c1-4fd8-8c4b-2b1b9942884c,Dinheiro,Cuca Alemã,1,25,aa4d1cfe-c6c1-4fd8-8c4b-2b1b9942884c,ExpoRestinga
c3102276-94c7-4715-9c5d-bc38cd85136a,37,2026-03-21 15:50:20.212-03,%,0,37,aa4d1cfe-c6c1-4fd8-8c4b-2b1b9942884c,Dinheiro,Cuca Alemã,1,25,aa4d1cfe-c6c1-4fd8-8c4b-2b1b9942884c,ExpoRestinga
c3102276-94c7-4715-9c5d-bc38cd85136a,37,2026-03-21 15:50:20.212-03,%,0,37,aa4d1cfe-c6c1-4fd8-8c4b-2b1b9942884c,Dinheiro,Rapadura Assada,1,5,aa4d1cfe-c6c1-4fd8-8c4b-2b1b9942884c,ExpoRestinga
c3102276-94c7-4715-9c5d-bc38cd85136a,37,2026-03-21 15:50:20.212-03,%,0,37,aa4d1cfe-c6c1-4fd8-8c4b-2b1b9942884c,Dinheiro,Rapadura de Melado,1,7,aa4d1cfe-c6c1-4fd8-8c4b-2b1b9942884c,ExpoRestinga
793f4f0a-aabe-4172-83d0-683f19fea8fc,22,2026-03-21 15:52:51.755-03,%,0,22,aa4d1cfe-c6c1-4fd8-8c4b-2b1b9942884c,Dinheiro,Rapadura de Melado,1,7,aa4d1cfe-c6c1-4fd8-8c4b-2b1b9942884c,ExpoRestinga
793f4f0a-aabe-4172-83d0-683f19fea8fc,22,2026-03-21 15:52:51.755-03,%,0,22,aa4d1cfe-c6c1-4fd8-8c4b-2b1b9942884c,Dinheiro,Cuca Enrolada de Amendoim,1,15,aa4d1cfe-c6c1-4fd8-8c4b-2b1b9942884c,ExpoRestinga
166a8e8b-256b-415e-879a-8e14f595e473,50,2026-03-21 15:56:26.091-03,%,0,50,aa4d1cfe-c6c1-4fd8-8c4b-2b1b9942884c,Dinheiro,Cuca Alemã,2,25,aa4d1cfe-c6c1-4fd8-8c4b-2b1b9942884c,ExpoRestinga
9cf9ead7-4e2b-4b08-87d1-f76d9a4d9ceb,15,2026-03-21 15:57:41.813-03,%,0,15,aa4d1cfe-c6c1-4fd8-8c4b-2b1b9942884c,Dinheiro,Cuca Enrolada de Amendoim,1,15,aa4d1cfe-c6c1-4fd8-8c4b-2b1b9942884c,ExpoRestinga
4e4aa0b1-e26a-41e4-a0c0-15b7e0179327,25,2026-03-21 16:02:32.481-03,%,0,25,aa4d1cfe-c6c1-4fd8-8c4b-2b1b9942884c,Dinheiro,Cuca Alemã,1,25,aa4d1cfe-c6c1-4fd8-8c4b-2b1b9942884c,ExpoRestinga
c0e9cb1b-18ae-4b44-9550-a6e02cf43ecc,25,2026-03-21 16:06:58.131-03,%,0,25,aa4d1cfe-c6c1-4fd8-8c4b-2b1b9942884c,Pix,Cuca Alemã,1,25,aa4d1cfe-c6c1-4fd8-8c4b-2b1b9942884c,ExpoRestinga
13ea0ea0-32b1-49ae-b8ab-e75fd6c0720b,40,2026-03-21 16:07:55.315-03,%,0,40,aa4d1cfe-c6c1-4fd8-8c4b-2b1b9942884c,Dinheiro,Cuca Alemã,1,25,aa4d1cfe-c6c1-4fd8-8c4b-2b1b9942884c,ExpoRestinga
13ea0ea0-32b1-49ae-b8ab-e75fd6c0720b,40,2026-03-21 16:07:55.315-03,%,0,40,aa4d1cfe-c6c1-4fd8-8c4b-2b1b9942884c,Dinheiro,Cuca Enrolada de Amendoim,1,15,aa4d1cfe-c6c1-4fd8-8c4b-2b1b9942884c,ExpoRestinga
44d2969f-0e9a-43bf-ab41-f9aa81e81669,5,2026-03-21 16:10:30.261-03,%,0,5,aa4d1cfe-c6c1-4fd8-8c4b-2b1b9942884c,Dinheiro,Rapadura Assada,1,5,aa4d1cfe-c6c1-4fd8-8c4b-2b1b9942884c,ExpoRestinga
e796095c-7840-4018-b33d-5e2962f7c7c0,25,2026-03-21 16:14:19.456-03,%,0,25,aa4d1cfe-c6c1-4fd8-8c4b-2b1b9942884c,Cartão,Cuca Alemã,1,25,aa4d1cfe-c6c1-4fd8-8c4b-2b1b9942884c,ExpoRestinga
bd2cc61f-4c66-41c1-a273-2000c0adb813,5,2026-03-21 16:14:35.059-03,%,0,5,aa4d1cfe-c6c1-4fd8-8c4b-2b1b9942884c,Dinheiro,Rapadura Assada,1,5,aa4d1cfe-c6c1-4fd8-8c4b-2b1b9942884c,ExpoRestinga
228072a5-a6a8-4bff-a1f4-3d96c6c40511,7,2026-03-21 16:23:55.395-03,%,0,7,aa4d1cfe-c6c1-4fd8-8c4b-2b1b9942884c,Dinheiro,Rapadura de Melado,1,7,aa4d1cfe-c6c1-4fd8-8c4b-2b1b9942884c,ExpoRestinga
91aaaef9-b685-4f0f-bfd7-35f7534e5865,15,2026-03-21 16:27:20.77-03,%,0,15,aa4d1cfe-c6c1-4fd8-8c4b-2b1b9942884c,Cartão,Cuca Enrolada de Amendoim,1,15,aa4d1cfe-c6c1-4fd8-8c4b-2b1b9942884c,ExpoRestinga
b9ad8008-9387-47e0-b7e2-3363fcb72e86,30,2026-03-21 16:28:45.145-03,%,0,30,aa4d1cfe-c6c1-4fd8-8c4b-2b1b9942884c,Dinheiro,Cuca Enrolada de Amendoim,2,15,aa4d1cfe-c6c1-4fd8-8c4b-2b1b9942884c,ExpoRestinga
8b9430ea-5aca-4d25-b0d3-922344dba1f7,25,2026-03-21 16:29:54.465-03,%,0,25,aa4d1cfe-c6c1-4fd8-8c4b-2b1b9942884c,Cartão,Cuca Alemã,1,25,aa4d1cfe-c6c1-4fd8-8c4b-2b1b9942884c,ExpoRestinga
25e1bfb3-6c42-4b4f-874a-1f9f6e9900ba,50,2026-03-21 16:40:03.659-03,%,0,50,aa4d1cfe-c6c1-4fd8-8c4b-2b1b9942884c,Dinheiro,Cuca Alemã,2,25,aa4d1cfe-c6c1-4fd8-8c4b-2b1b9942884c,ExpoRestinga
43084584-634b-411f-b6d3-360155f07860,50,2026-03-21 16:52:21.647-03,%,0,50,aa4d1cfe-c6c1-4fd8-8c4b-2b1b9942884c,Dinheiro,Cuca Alemã,2,25,aa4d1cfe-c6c1-4fd8-8c4b-2b1b9942884c,ExpoRestinga
90967b50-3b79-4a3f-b2cb-a96b30039a30,40,2026-03-21 16:57:42.94-03,%,0,40,aa4d1cfe-c6c1-4fd8-8c4b-2b1b9942884c,Dinheiro,Cuca Enrolada de Amendoim,1,15,aa4d1cfe-c6c1-4fd8-8c4b-2b1b9942884c,ExpoRestinga
90967b50-3b79-4a3f-b2cb-a96b30039a30,40,2026-03-21 16:57:42.94-03,%,0,40,aa4d1cfe-c6c1-4fd8-8c4b-2b1b9942884c,Dinheiro,Cuca Alemã,1,25,aa4d1cfe-c6c1-4fd8-8c4b-2b1b9942884c,ExpoRestinga
a1ca0488-d8d2-493b-a314-6cf315c0a3a3,25,2026-03-21 17:03:09.028-03,%,0,25,aa4d1cfe-c6c1-4fd8-8c4b-2b1b9942884c,Cartão,Cuca Alemã,1,25,aa4d1cfe-c6c1-4fd8-8c4b-2b1b9942884c,ExpoRestinga
9b6b9abb-34ec-4d48-85c6-e09346dbe2cd,25,2026-03-21 17:15:47.18-03,%,0,25,aa4d1cfe-c6c1-4fd8-8c4b-2b1b9942884c,Dinheiro,Cuca Alemã,1,25,aa4d1cfe-c6c1-4fd8-8c4b-2b1b9942884c,ExpoRestinga
0976340f-ac76-4ecc-8c3e-165e4c0a3834,10,2026-03-21 17:18:53.96-03,%,0,10,aa4d1cfe-c6c1-4fd8-8c4b-2b1b9942884c,Dinheiro,"Bolacha de manteiga ",1,10,aa4d1cfe-c6c1-4fd8-8c4b-2b1b9942884c,ExpoRestinga
cf4ad558-7e6f-4d09-84fd-60b5daf8735e,30,2026-03-21 17:24:29.625-03,%,0,30,aa4d1cfe-c6c1-4fd8-8c4b-2b1b9942884c,Dinheiro,Cuca Enrolada de Amendoim,2,15,aa4d1cfe-c6c1-4fd8-8c4b-2b1b9942884c,ExpoRestinga
e7eec8aa-af7b-4a57-a240-a1d66888667f,7,2026-03-21 17:24:45.669-03,%,0,7,aa4d1cfe-c6c1-4fd8-8c4b-2b1b9942884c,Dinheiro,Rapadura de Melado,1,7,aa4d1cfe-c6c1-4fd8-8c4b-2b1b9942884c,ExpoRestinga
982ccdc5-a9b9-452d-81e8-adf1ea95ea81,30,2026-03-21 17:28:08.622-03,%,0,30,aa4d1cfe-c6c1-4fd8-8c4b-2b1b9942884c,Dinheiro,Cuca Enrolada de Amendoim,2,15,aa4d1cfe-c6c1-4fd8-8c4b-2b1b9942884c,ExpoRestinga
65801717-f90c-4bf3-89e5-7d9bb4846757,5,2026-03-21 17:28:48.329-03,%,0,5,aa4d1cfe-c6c1-4fd8-8c4b-2b1b9942884c,Dinheiro,Rapadura Assada,1,5,aa4d1cfe-c6c1-4fd8-8c4b-2b1b9942884c,ExpoRestinga
444e7257-559f-4ed0-baa6-22a0531af3c5,25,2026-03-21 17:32:45.231-03,%,0,25,aa4d1cfe-c6c1-4fd8-8c4b-2b1b9942884c,Dinheiro,Cuca Alemã,1,25,aa4d1cfe-c6c1-4fd8-8c4b-2b1b9942884c,ExpoRestinga
8680d87c-5ab1-41ae-9e6e-c8c0c950cd36,25,2026-03-21 17:32:57.71-03,%,0,25,aa4d1cfe-c6c1-4fd8-8c4b-2b1b9942884c,Dinheiro,Cuca Alemã,1,25,aa4d1cfe-c6c1-4fd8-8c4b-2b1b9942884c,ExpoRestinga
dd0b7092-051f-4858-b8ca-8b82afdb6a4d,25,2026-03-21 17:47:12.544-03,%,0,25,aa4d1cfe-c6c1-4fd8-8c4b-2b1b9942884c,Cartão,Cuca Alemã,1,25,aa4d1cfe-c6c1-4fd8-8c4b-2b1b9942884c,ExpoRestinga
cad8df84-99ac-443d-8890-9807ec41722f,25,2026-03-21 17:56:17.961-03,%,0,25,aa4d1cfe-c6c1-4fd8-8c4b-2b1b9942884c,Cartão,Cuca Alemã,1,25,aa4d1cfe-c6c1-4fd8-8c4b-2b1b9942884c,ExpoRestinga
f3769d70-8d77-41af-bc50-9ef52ced876e,23,2026-03-21 17:59:51.304-03,R$,2,25,aa4d1cfe-c6c1-4fd8-8c4b-2b1b9942884c,Dinheiro,Cuca Alemã,1,25,aa4d1cfe-c6c1-4fd8-8c4b-2b1b9942884c,ExpoRestinga
a041de77-696e-4b3e-8cec-7c48f2ac5195,10,2026-03-21 18:00:00.763-03,R$,0,10,aa4d1cfe-c6c1-4fd8-8c4b-2b1b9942884c,Dinheiro,"Bolacha de manteiga ",1,10,aa4d1cfe-c6c1-4fd8-8c4b-2b1b9942884c,ExpoRestinga
04609673-36c5-4b87-88f4-a1d80cbd85f3,25,2026-03-21 18:29:38.807-03,R$,0,25,aa4d1cfe-c6c1-4fd8-8c4b-2b1b9942884c,Cartão,Rapadura Assada (Pacote x6),6,4.166666666666667,aa4d1cfe-c6c1-4fd8-8c4b-2b1b9942884c,ExpoRestinga
5424e3a1-717d-4b27-baae-937bcbd47bd6,10,2026-03-21 18:54:27.632-03,R$,0,10,aa4d1cfe-c6c1-4fd8-8c4b-2b1b9942884c,Pix,Rapadura Assada,2,5,aa4d1cfe-c6c1-4fd8-8c4b-2b1b9942884c,ExpoRestinga
0471e422-ec81-4f28-a3c3-54187a6f40a5,25,2026-03-21 18:55:56.792-03,R$,0,25,aa4d1cfe-c6c1-4fd8-8c4b-2b1b9942884c,Dinheiro,Cuca Alemã,1,25,aa4d1cfe-c6c1-4fd8-8c4b-2b1b9942884c,ExpoRestinga
cb7d4dcd-331c-4ef1-8035-2cc2ce736ebd,10,2026-03-21 19:39:13.084-03,%,0,10,aa4d1cfe-c6c1-4fd8-8c4b-2b1b9942884c,Dinheiro,Rapadura Assada,2,5,aa4d1cfe-c6c1-4fd8-8c4b-2b1b9942884c,ExpoRestinga
8617c4bf-0850-4169-8fe5-ebe4b0a5701b,17,2026-03-21 19:45:17.354-03,%,0,17,aa4d1cfe-c6c1-4fd8-8c4b-2b1b9942884c,Dinheiro,Rapadura de Melado,1,7,aa4d1cfe-c6c1-4fd8-8c4b-2b1b9942884c,ExpoRestinga
8617c4bf-0850-4169-8fe5-ebe4b0a5701b,17,2026-03-21 19:45:17.354-03,%,0,17,aa4d1cfe-c6c1-4fd8-8c4b-2b1b9942884c,Dinheiro,Pé-de-Moleque,1,5,aa4d1cfe-c6c1-4fd8-8c4b-2b1b9942884c,ExpoRestinga
8617c4bf-0850-4169-8fe5-ebe4b0a5701b,17,2026-03-21 19:45:17.354-03,%,0,17,aa4d1cfe-c6c1-4fd8-8c4b-2b1b9942884c,Dinheiro,Rapadura Assada,1,5,aa4d1cfe-c6c1-4fd8-8c4b-2b1b9942884c,ExpoRestinga
f9072037-f0ec-4a9d-a8ff-e2c22e1c08c7,25,2026-03-21 19:46:25.77-03,%,0,25,aa4d1cfe-c6c1-4fd8-8c4b-2b1b9942884c,Dinheiro,Rapadura Assada (Pacote x6),6,4.166666666666667,aa4d1cfe-c6c1-4fd8-8c4b-2b1b9942884c,ExpoRestinga
e572f084-be98-43b8-bb6b-4cadef451ec8,25,2026-03-21 19:51:07.212-03,%,0,25,aa4d1cfe-c6c1-4fd8-8c4b-2b1b9942884c,Cartão,Cuca Alemã,1,25,aa4d1cfe-c6c1-4fd8-8c4b-2b1b9942884c,ExpoRestinga
df395224-49e4-4a19-8f5e-f7209e0a2c6c,25,2026-03-21 20:00:55.359-03,%,0,25,aa4d1cfe-c6c1-4fd8-8c4b-2b1b9942884c,Dinheiro,Cuca Alemã,1,25,aa4d1cfe-c6c1-4fd8-8c4b-2b1b9942884c,ExpoRestinga
606413d0-772b-4c26-ac11-74e653bb066f,65,2026-03-21 20:05:15.081-03,%,0,65,aa4d1cfe-c6c1-4fd8-8c4b-2b1b9942884c,Dinheiro,Rapadura de Melado (Pacote x3),6,6.666666666666667,aa4d1cfe-c6c1-4fd8-8c4b-2b1b9942884c,ExpoRestinga
606413d0-772b-4c26-ac11-74e653bb066f,65,2026-03-21 20:05:15.081-03,%,0,65,aa4d1cfe-c6c1-4fd8-8c4b-2b1b9942884c,Dinheiro,Cuca Alemã,1,25,aa4d1cfe-c6c1-4fd8-8c4b-2b1b9942884c,ExpoRestinga
63fe9be9-9e1b-435b-a6b4-daf67fdbbc48,25,2026-03-21 20:16:39.628-03,%,0,25,aa4d1cfe-c6c1-4fd8-8c4b-2b1b9942884c,Cartão,Cuca Alemã,1,25,aa4d1cfe-c6c1-4fd8-8c4b-2b1b9942884c,ExpoRestinga
1a4c6efa-1b55-4988-ab97-964d7119607d,25,2026-03-21 20:34:24.411-03,%,0,25,aa4d1cfe-c6c1-4fd8-8c4b-2b1b9942884c,Dinheiro,Rapadura Assada (Pacote x6),6,4.166666666666667,aa4d1cfe-c6c1-4fd8-8c4b-2b1b9942884c,ExpoRestinga
c4b28fdf-bee9-4b95-97cb-ee6e46511a2e,25,2026-03-21 21:04:36.229-03,%,0,25,aa4d1cfe-c6c1-4fd8-8c4b-2b1b9942884c,Cartão,Rapadura Assada (Pacote x6),6,4.166666666666667,aa4d1cfe-c6c1-4fd8-8c4b-2b1b9942884c,ExpoRestinga
88d98783-7e58-43b3-a13a-3e9080b6a18b,25,2026-03-21 21:29:19.699-03,%,0,25,aa4d1cfe-c6c1-4fd8-8c4b-2b1b9942884c,Cartão,Cuca Alemã,1,25,aa4d1cfe-c6c1-4fd8-8c4b-2b1b9942884c,ExpoRestinga
49cdbac6-9606-4d53-8518-594105d1c53d,25,2026-03-21 21:29:51.054-03,%,0,25,aa4d1cfe-c6c1-4fd8-8c4b-2b1b9942884c,Dinheiro,Rapadura Assada (Pacote x6),6,4.166666666666667,aa4d1cfe-c6c1-4fd8-8c4b-2b1b9942884c,ExpoRestinga
f94636ca-d3a9-44d0-8342-b83ee3a02c2d,20,2026-03-21 21:30:23.789-03,%,0,20,aa4d1cfe-c6c1-4fd8-8c4b-2b1b9942884c,Dinheiro,Rapadura de Melado (Pacote x3),3,6.666666666666667,aa4d1cfe-c6c1-4fd8-8c4b-2b1b9942884c,ExpoRestinga
8ade875b-32c1-452f-9e6c-fd0e7a4705a7,70,2026-03-21 21:43:58.148-03,%,0,70,aa4d1cfe-c6c1-4fd8-8c4b-2b1b9942884c,Dinheiro,Cuca Alemã,1,25,aa4d1cfe-c6c1-4fd8-8c4b-2b1b9942884c,ExpoRestinga
8ade875b-32c1-452f-9e6c-fd0e7a4705a7,70,2026-03-21 21:43:58.148-03,%,0,70,aa4d1cfe-c6c1-4fd8-8c4b-2b1b9942884c,Dinheiro,Rapadura Assada (Pacote x6),6,4.166666666666667,aa4d1cfe-c6c1-4fd8-8c4b-2b1b9942884c,ExpoRestinga
8ade875b-32c1-452f-9e6c-fd0e7a4705a7,70,2026-03-21 21:43:58.148-03,%,0,70,aa4d1cfe-c6c1-4fd8-8c4b-2b1b9942884c,Dinheiro,Rapadura de Melado (Pacote x3),3,6.666666666666667,aa4d1cfe-c6c1-4fd8-8c4b-2b1b9942884c,ExpoRestinga
c0b64bda-aaa1-463b-bea5-60873011e8fc,35,2026-03-21 21:54:24.949-03,%,0,35,aa4d1cfe-c6c1-4fd8-8c4b-2b1b9942884c,Dinheiro,Rapadura Assada (Pacote x6),6,4.166666666666667,aa4d1cfe-c6c1-4fd8-8c4b-2b1b9942884c,ExpoRestinga
c0b64bda-aaa1-463b-bea5-60873011e8fc,35,2026-03-21 21:54:24.949-03,%,0,35,aa4d1cfe-c6c1-4fd8-8c4b-2b1b9942884c,Dinheiro,"Bolacha de manteiga ",1,10,aa4d1cfe-c6c1-4fd8-8c4b-2b1b9942884c,ExpoRestinga
a8a09f32-1beb-4e7f-af8b-364d00cace93,5,2026-03-21 21:59:35.262-03,%,0,5,aa4d1cfe-c6c1-4fd8-8c4b-2b1b9942884c,Dinheiro,Rapadura Assada,1,5,aa4d1cfe-c6c1-4fd8-8c4b-2b1b9942884c,ExpoRestinga
77f8b685-7d1c-4f39-acc2-54852a09c8bd,14,2026-03-22 10:42:45.164-03,%,0,14,aa4d1cfe-c6c1-4fd8-8c4b-2b1b9942884c,Dinheiro,Rapadura de Melado,2,7,aa4d1cfe-c6c1-4fd8-8c4b-2b1b9942884c,ExpoRestinga
e4f1f323-eda9-4c00-ac48-1aaf53fc64b3,15,2026-03-22 10:44:26.815-03,%,0,15,aa4d1cfe-c6c1-4fd8-8c4b-2b1b9942884c,Pix,Cuca Enrolada de Amendoim,1,15,aa4d1cfe-c6c1-4fd8-8c4b-2b1b9942884c,ExpoRestinga
7a1198f4-5103-420f-b32b-57a52cf2ff1d,25,2026-03-22 10:55:52.454-03,%,0,25,aa4d1cfe-c6c1-4fd8-8c4b-2b1b9942884c,Dinheiro,Cuca Alemã,1,25,aa4d1cfe-c6c1-4fd8-8c4b-2b1b9942884c,ExpoRestinga
5f59f507-908a-4520-9b3d-22cd248127f8,72,2026-03-22 11:07:19.676-03,%,0,72,aa4d1cfe-c6c1-4fd8-8c4b-2b1b9942884c,Cartão,Cuca Alemã,2,25,aa4d1cfe-c6c1-4fd8-8c4b-2b1b9942884c,ExpoRestinga
5f59f507-908a-4520-9b3d-22cd248127f8,72,2026-03-22 11:07:19.676-03,%,0,72,aa4d1cfe-c6c1-4fd8-8c4b-2b1b9942884c,Cartão,Rapadura Assada,2,5,aa4d1cfe-c6c1-4fd8-8c4b-2b1b9942884c,ExpoRestinga
5f59f507-908a-4520-9b3d-22cd248127f8,72,2026-03-22 11:07:19.676-03,%,0,72,aa4d1cfe-c6c1-4fd8-8c4b-2b1b9942884c,Cartão,Alfajor Preto,2,6,aa4d1cfe-c6c1-4fd8-8c4b-2b1b9942884c,ExpoRestinga
d96399c0-b3cf-4b5b-89df-83d89cfde2a9,15,2026-03-22 11:07:54.568-03,%,0,15,aa4d1cfe-c6c1-4fd8-8c4b-2b1b9942884c,Cartão,Cuca Enrolada de Amendoim,1,15,aa4d1cfe-c6c1-4fd8-8c4b-2b1b9942884c,ExpoRestinga
58529e07-c3fc-45dd-a209-d823c69552b6,22,2026-03-22 11:08:13.461-03,R$,3,25,aa4d1cfe-c6c1-4fd8-8c4b-2b1b9942884c,Dinheiro,Cuca Alemã,1,25,aa4d1cfe-c6c1-4fd8-8c4b-2b1b9942884c,ExpoRestinga
3c5e11ac-c8c3-421d-90fd-1a6484f3e9f8,25,2026-03-22 11:20:04.091-03,%,0,25,aa4d1cfe-c6c1-4fd8-8c4b-2b1b9942884c,Dinheiro,Cuca Alemã,1,25,aa4d1cfe-c6c1-4fd8-8c4b-2b1b9942884c,ExpoRestinga
ab65345e-e7c6-4c3b-b6a0-c87619ba5326,30,2026-03-22 11:20:18.87-03,%,0,30,aa4d1cfe-c6c1-4fd8-8c4b-2b1b9942884c,Dinheiro,Cuca Enrolada de Amendoim,2,15,aa4d1cfe-c6c1-4fd8-8c4b-2b1b9942884c,ExpoRestinga
9ddacd2e-e8d6-4a75-8a2f-cb1eeec3cbdf,25,2026-03-22 11:30:16.14-03,%,0,25,aa4d1cfe-c6c1-4fd8-8c4b-2b1b9942884c,Cartão,Cuca Alemã,1,25,aa4d1cfe-c6c1-4fd8-8c4b-2b1b9942884c,ExpoRestinga
5aebf8a3-d8c7-4dd3-832a-e1190e137d93,25,2026-03-22 11:30:36.219-03,%,0,25,aa4d1cfe-c6c1-4fd8-8c4b-2b1b9942884c,Cartão,Cuca Alemã,1,25,aa4d1cfe-c6c1-4fd8-8c4b-2b1b9942884c,ExpoRestinga
e0f19b11-47fd-4f4e-a7eb-4e206b58fb29,50,2026-03-22 11:32:04.622-03,%,0,50,aa4d1cfe-c6c1-4fd8-8c4b-2b1b9942884c,Dinheiro,Cuca Alemã,1,25,aa4d1cfe-c6c1-4fd8-8c4b-2b1b9942884c,ExpoRestinga
e0f19b11-47fd-4f4e-a7eb-4e206b58fb29,50,2026-03-22 11:32:04.622-03,%,0,50,aa4d1cfe-c6c1-4fd8-8c4b-2b1b9942884c,Dinheiro,Rapadura Assada (Pacote x6),6,4.166666666666667,aa4d1cfe-c6c1-4fd8-8c4b-2b1b9942884c,ExpoRestinga
7947b0f1-4a2f-412d-b11d-252cfed49041,25,2026-03-22 11:32:44.714-03,%,0,25,aa4d1cfe-c6c1-4fd8-8c4b-2b1b9942884c,Cartão,Cuca Alemã,1,25,aa4d1cfe-c6c1-4fd8-8c4b-2b1b9942884c,ExpoRestinga
62a8b4e1-1bdd-43e6-88ef-98d8c3b2ac34,25,2026-03-22 11:39:27.622-03,%,0,25,aa4d1cfe-c6c1-4fd8-8c4b-2b1b9942884c,Dinheiro,Cuca Alemã,1,25,aa4d1cfe-c6c1-4fd8-8c4b-2b1b9942884c,ExpoRestinga
d129749a-f866-4d81-9537-e3502ec34aff,25,2026-03-22 11:42:55.6-03,%,0,25,aa4d1cfe-c6c1-4fd8-8c4b-2b1b9942884c,Dinheiro,Cuca Alemã,1,25,aa4d1cfe-c6c1-4fd8-8c4b-2b1b9942884c,ExpoRestinga
ead1c52a-aa4f-4c9b-b9b5-ed3e8e12dc18,25,2026-03-22 11:47:05.303-03,%,0,25,aa4d1cfe-c6c1-4fd8-8c4b-2b1b9942884c,Dinheiro,Rapadura Assada (Pacote x6),6,4.166666666666667,aa4d1cfe-c6c1-4fd8-8c4b-2b1b9942884c,ExpoRestinga
366f73e5-7286-41ac-8e4a-576dfd342798,50,2026-03-22 11:54:58.163-03,%,0,50,aa4d1cfe-c6c1-4fd8-8c4b-2b1b9942884c,Cartão,Cuca Alemã,1,25,aa4d1cfe-c6c1-4fd8-8c4b-2b1b9942884c,ExpoRestinga
366f73e5-7286-41ac-8e4a-576dfd342798,50,2026-03-22 11:54:58.163-03,%,0,50,aa4d1cfe-c6c1-4fd8-8c4b-2b1b9942884c,Cartão,Rapadura Assada (Pacote x6),6,4.166666666666667,aa4d1cfe-c6c1-4fd8-8c4b-2b1b9942884c,ExpoRestinga
6fc6af67-b5fd-42ba-ba8f-aa2fe7515be9,50,2026-03-22 12:01:56.435-03,%,0,50,aa4d1cfe-c6c1-4fd8-8c4b-2b1b9942884c,Dinheiro,Cuca Alemã,2,25,aa4d1cfe-c6c1-4fd8-8c4b-2b1b9942884c,ExpoRestinga
6de2af90-bd95-4a9d-b3a4-2a62696a5229,50,2026-03-22 12:02:15.69-03,%,0,50,aa4d1cfe-c6c1-4fd8-8c4b-2b1b9942884c,Cartão,Cuca Alemã,2,25,aa4d1cfe-c6c1-4fd8-8c4b-2b1b9942884c,ExpoRestinga
9e7302d9-22d5-47c9-8dce-90cd6bcf995b,25,2026-03-22 12:03:05.796-03,%,0,25,aa4d1cfe-c6c1-4fd8-8c4b-2b1b9942884c,Cartão,Cuca Alemã,1,25,aa4d1cfe-c6c1-4fd8-8c4b-2b1b9942884c,ExpoRestinga
b946d47e-ec52-4fec-ad2f-3d63ab7c4edd,25,2026-03-22 12:23:29.288-03,%,0,25,aa4d1cfe-c6c1-4fd8-8c4b-2b1b9942884c,Cartão,Cuca Alemã,1,25,aa4d1cfe-c6c1-4fd8-8c4b-2b1b9942884c,ExpoRestinga
b954cb2c-2853-4af7-bdda-ad0ad6319a7b,25,2026-03-22 12:27:49.369-03,%,0,25,aa4d1cfe-c6c1-4fd8-8c4b-2b1b9942884c,Cartão,Cuca Alemã,1,25,aa4d1cfe-c6c1-4fd8-8c4b-2b1b9942884c,ExpoRestinga
6e5040b9-6bf5-4a06-8c20-d32e62b07642,7,2026-03-22 12:28:42.55-03,%,0,7,aa4d1cfe-c6c1-4fd8-8c4b-2b1b9942884c,Cartão,Rapadura de Melado,1,7,aa4d1cfe-c6c1-4fd8-8c4b-2b1b9942884c,ExpoRestinga
1b39ef36-be10-406c-a5e6-22f25da530d0,25,2026-03-22 12:30:13.533-03,%,0,25,aa4d1cfe-c6c1-4fd8-8c4b-2b1b9942884c,Pix,Cuca Alemã,1,25,aa4d1cfe-c6c1-4fd8-8c4b-2b1b9942884c,ExpoRestinga
c22fe30c-d001-4b25-9b60-53f9f3981bfb,20,2026-03-22 12:42:48.952-03,%,0,20,aa4d1cfe-c6c1-4fd8-8c4b-2b1b9942884c,Dinheiro,Alfajor Preto (Pacote x4),4,5,aa4d1cfe-c6c1-4fd8-8c4b-2b1b9942884c,ExpoRestinga
5f6068dd-80c5-4df1-9a10-c4fd17163be7,55,2026-03-22 12:48:56.021-03,%,0,55,aa4d1cfe-c6c1-4fd8-8c4b-2b1b9942884c,Cartão,Cuca Alemã,1,25,aa4d1cfe-c6c1-4fd8-8c4b-2b1b9942884c,ExpoRestinga
5f6068dd-80c5-4df1-9a10-c4fd17163be7,55,2026-03-22 12:48:56.021-03,%,0,55,aa4d1cfe-c6c1-4fd8-8c4b-2b1b9942884c,Cartão,Rapadura Assada (Pacote x6),6,4.166666666666667,aa4d1cfe-c6c1-4fd8-8c4b-2b1b9942884c,ExpoRestinga
5f6068dd-80c5-4df1-9a10-c4fd17163be7,55,2026-03-22 12:48:56.021-03,%,0,55,aa4d1cfe-c6c1-4fd8-8c4b-2b1b9942884c,Cartão,Rapadura Assada,1,5,aa4d1cfe-c6c1-4fd8-8c4b-2b1b9942884c,ExpoRestinga
c7961fc2-171b-4a7e-9cd3-1ce05ae0eebd,31,2026-03-22 13:03:18.265-03,%,0,31,aa4d1cfe-c6c1-4fd8-8c4b-2b1b9942884c,Dinheiro,"Amendoim salgado e temperado ",2,8,aa4d1cfe-c6c1-4fd8-8c4b-2b1b9942884c,ExpoRestinga
c7961fc2-171b-4a7e-9cd3-1ce05ae0eebd,31,2026-03-22 13:03:18.265-03,%,0,31,aa4d1cfe-c6c1-4fd8-8c4b-2b1b9942884c,Dinheiro,Cuca Enrolada de Amendoim,1,15,aa4d1cfe-c6c1-4fd8-8c4b-2b1b9942884c,ExpoRestinga
8a57ddd8-5fb4-41b6-bce2-e2712329a1d6,45,2026-03-22 13:19:52.602-03,%,0,45,aa4d1cfe-c6c1-4fd8-8c4b-2b1b9942884c,Cartão,Cuca Alemã,1,25,aa4d1cfe-c6c1-4fd8-8c4b-2b1b9942884c,ExpoRestinga
8a57ddd8-5fb4-41b6-bce2-e2712329a1d6,45,2026-03-22 13:19:52.602-03,%,0,45,aa4d1cfe-c6c1-4fd8-8c4b-2b1b9942884c,Cartão,Rapadura de Melado (Pacote x3),3,6.666666666666667,aa4d1cfe-c6c1-4fd8-8c4b-2b1b9942884c,ExpoRestinga
e9d8d945-979b-433b-8719-9d7ef32c40bf,25,2026-03-22 13:32:57.835-03,%,0,25,aa4d1cfe-c6c1-4fd8-8c4b-2b1b9942884c,Dinheiro,Cuca Alemã,1,25,aa4d1cfe-c6c1-4fd8-8c4b-2b1b9942884c,ExpoRestinga
73a87cf1-4956-41cf-b2a6-9b5458f1e9be,30,2026-03-22 13:57:26.008-03,%,0,30,aa4d1cfe-c6c1-4fd8-8c4b-2b1b9942884c,Dinheiro,Cuca Alemã,1,25,aa4d1cfe-c6c1-4fd8-8c4b-2b1b9942884c,ExpoRestinga
73a87cf1-4956-41cf-b2a6-9b5458f1e9be,30,2026-03-22 13:57:26.008-03,%,0,30,aa4d1cfe-c6c1-4fd8-8c4b-2b1b9942884c,Dinheiro,Rapadura Assada,1,5,aa4d1cfe-c6c1-4fd8-8c4b-2b1b9942884c,ExpoRestinga
b5b8943b-da91-41aa-892f-f4c49e17e153,15,2026-03-22 14:03:32.025-03,%,0,15,aa4d1cfe-c6c1-4fd8-8c4b-2b1b9942884c,Cartão,Cuca Enrolada de Amendoim,1,15,aa4d1cfe-c6c1-4fd8-8c4b-2b1b9942884c,ExpoRestinga
2c30455a-f3d1-49fd-bcbe-3ea8742f683d,15,2026-03-22 14:15:51.471-03,%,0,15,aa4d1cfe-c6c1-4fd8-8c4b-2b1b9942884c,Dinheiro,Rapadura de Melado,1,7,aa4d1cfe-c6c1-4fd8-8c4b-2b1b9942884c,ExpoRestinga
2c30455a-f3d1-49fd-bcbe-3ea8742f683d,15,2026-03-22 14:15:51.471-03,%,0,15,aa4d1cfe-c6c1-4fd8-8c4b-2b1b9942884c,Dinheiro,"Amendoim salgado e temperado ",1,8,aa4d1cfe-c6c1-4fd8-8c4b-2b1b9942884c,ExpoRestinga
4d742fcd-47ca-43a1-9a6c-e4d2cfd56f0f,25,2026-03-22 14:24:29.207-03,%,0,25,aa4d1cfe-c6c1-4fd8-8c4b-2b1b9942884c,Dinheiro,Cuca Alemã,1,25,aa4d1cfe-c6c1-4fd8-8c4b-2b1b9942884c,ExpoRestinga
a942ff67-1e13-4b25-884a-6a29ff9c8e2f,7,2026-03-22 14:33:50.474-03,%,0,7,aa4d1cfe-c6c1-4fd8-8c4b-2b1b9942884c,Dinheiro,Rapadura de Melado,1,7,aa4d1cfe-c6c1-4fd8-8c4b-2b1b9942884c,ExpoRestinga
4c591527-4ce7-417f-b286-a13bd668ca36,50,2026-03-22 14:42:56.991-03,%,0,50,aa4d1cfe-c6c1-4fd8-8c4b-2b1b9942884c,Cartão,Cuca Alemã,2,25,aa4d1cfe-c6c1-4fd8-8c4b-2b1b9942884c,ExpoRestinga
d402819a-e763-4500-bdb1-f4bff46e2a3a,25,2026-03-22 14:57:33.06-03,%,0,25,aa4d1cfe-c6c1-4fd8-8c4b-2b1b9942884c,Dinheiro,Cuca Alemã,1,25,aa4d1cfe-c6c1-4fd8-8c4b-2b1b9942884c,ExpoRestinga
12a8c4d7-2a06-494d-bc54-429b8d16637b,8,2026-03-22 15:03:31.635-03,%,0,8,aa4d1cfe-c6c1-4fd8-8c4b-2b1b9942884c,Dinheiro,"Amendoim salgado e temperado ",1,8,aa4d1cfe-c6c1-4fd8-8c4b-2b1b9942884c,ExpoRestinga
ce83d2c1-adfc-4d7c-9ba6-286f1f51020a,25,2026-03-22 15:21:40.687-03,%,0,25,aa4d1cfe-c6c1-4fd8-8c4b-2b1b9942884c,Pix,Cuca Alemã,1,25,aa4d1cfe-c6c1-4fd8-8c4b-2b1b9942884c,ExpoRestinga
9aa958d6-8f19-4c10-9667-6f7436e1f0ad,25,2026-03-22 15:31:49.737-03,%,0,25,aa4d1cfe-c6c1-4fd8-8c4b-2b1b9942884c,Dinheiro,Cuca Alemã,1,25,aa4d1cfe-c6c1-4fd8-8c4b-2b1b9942884c,ExpoRestinga
ee9b55c0-0286-4ab3-a507-6242d52895ac,25,2026-03-22 15:32:36.985-03,%,0,25,aa4d1cfe-c6c1-4fd8-8c4b-2b1b9942884c,Pix,Cuca Alemã,1,25,aa4d1cfe-c6c1-4fd8-8c4b-2b1b9942884c,ExpoRestinga
ce925de4-fa1d-49a3-a983-c5831be60c14,25,2026-03-22 15:41:21.619-03,%,0,25,aa4d1cfe-c6c1-4fd8-8c4b-2b1b9942884c,Dinheiro,Cuca Alemã,1,25,aa4d1cfe-c6c1-4fd8-8c4b-2b1b9942884c,ExpoRestinga
03e2c322-c942-4679-9835-0b1753fe28af,25,2026-03-22 15:42:49.251-03,%,0,25,aa4d1cfe-c6c1-4fd8-8c4b-2b1b9942884c,Dinheiro,Cuca Alemã,1,25,aa4d1cfe-c6c1-4fd8-8c4b-2b1b9942884c,ExpoRestinga
3f17b213-56dc-4b82-b7b3-bd44bd6225a0,15,2026-03-22 15:45:17.718-03,%,0,15,aa4d1cfe-c6c1-4fd8-8c4b-2b1b9942884c,Dinheiro,Cuca Enrolada de Amendoim,1,15,aa4d1cfe-c6c1-4fd8-8c4b-2b1b9942884c,ExpoRestinga
d1e3751c-e629-4edb-b716-0eea7fbaa316,16,2026-03-22 15:52:20.076-03,%,0,16,aa4d1cfe-c6c1-4fd8-8c4b-2b1b9942884c,Dinheiro,Cri-Cri 200g,2,8,aa4d1cfe-c6c1-4fd8-8c4b-2b1b9942884c,ExpoRestinga
3c394947-8a1f-442c-be32-f6d9a73a1210,20,2026-03-22 15:53:44.695-03,%,0,20,aa4d1cfe-c6c1-4fd8-8c4b-2b1b9942884c,Cartão,Alfajor Preto (Pacote x4),4,5,aa4d1cfe-c6c1-4fd8-8c4b-2b1b9942884c,ExpoRestinga
44148870-db34-4c94-9b7f-a20c9a8d3754,25,2026-03-22 15:55:42.816-03,%,0,25,aa4d1cfe-c6c1-4fd8-8c4b-2b1b9942884c,Dinheiro,Cuca Alemã,1,25,aa4d1cfe-c6c1-4fd8-8c4b-2b1b9942884c,ExpoRestinga
dcd3ba32-17a9-4fc5-a930-6d6a8c267292,50,2026-03-22 15:56:07.172-03,%,0,50,aa4d1cfe-c6c1-4fd8-8c4b-2b1b9942884c,Dinheiro,Cuca Alemã,2,25,aa4d1cfe-c6c1-4fd8-8c4b-2b1b9942884c,ExpoRestinga
f30c2894-3b83-479b-9357-101d0ea2952a,12,2026-03-22 15:58:38.707-03,%,0,12,aa4d1cfe-c6c1-4fd8-8c4b-2b1b9942884c,Dinheiro,Rapadura de Melado,1,7,aa4d1cfe-c6c1-4fd8-8c4b-2b1b9942884c,ExpoRestinga
f30c2894-3b83-479b-9357-101d0ea2952a,12,2026-03-22 15:58:38.707-03,%,0,12,aa4d1cfe-c6c1-4fd8-8c4b-2b1b9942884c,Dinheiro,Pé-de-Moleque,1,5,aa4d1cfe-c6c1-4fd8-8c4b-2b1b9942884c,ExpoRestinga
35a84939-a752-46b1-9135-9cc98c0f6735,16,2026-03-22 16:23:16.73-03,%,0,16,aa4d1cfe-c6c1-4fd8-8c4b-2b1b9942884c,Cartão,Cri-Cri 200g,2,8,aa4d1cfe-c6c1-4fd8-8c4b-2b1b9942884c,ExpoRestinga
a5b153f0-2d59-40ed-ad37-aa6d93d0884d,53,2026-03-22 16:31:42.9-03,%,0,53,aa4d1cfe-c6c1-4fd8-8c4b-2b1b9942884c,Dinheiro,Rapadura Assada (Pacote x6),6,4.166666666666667,aa4d1cfe-c6c1-4fd8-8c4b-2b1b9942884c,ExpoRestinga
a5b153f0-2d59-40ed-ad37-aa6d93d0884d,53,2026-03-22 16:31:42.9-03,%,0,53,aa4d1cfe-c6c1-4fd8-8c4b-2b1b9942884c,Dinheiro,Alfajor Preto (Pacote x4),4,5,aa4d1cfe-c6c1-4fd8-8c4b-2b1b9942884c,ExpoRestinga
a5b153f0-2d59-40ed-ad37-aa6d93d0884d,53,2026-03-22 16:31:42.9-03,%,0,53,aa4d1cfe-c6c1-4fd8-8c4b-2b1b9942884c,Dinheiro,"Amendoim salgado e temperado ",1,8,aa4d1cfe-c6c1-4fd8-8c4b-2b1b9942884c,ExpoRestinga
b8fedd6e-b396-44d7-baaa-5bcd25e5456c,30,2026-03-22 16:32:28.543-03,%,0,30,aa4d1cfe-c6c1-4fd8-8c4b-2b1b9942884c,Dinheiro,Rapadura Assada (Pacote x6),6,4.166666666666667,aa4d1cfe-c6c1-4fd8-8c4b-2b1b9942884c,ExpoRestinga
b8fedd6e-b396-44d7-baaa-5bcd25e5456c,30,2026-03-22 16:32:28.543-03,%,0,30,aa4d1cfe-c6c1-4fd8-8c4b-2b1b9942884c,Dinheiro,Pé-de-Moleque,1,5,aa4d1cfe-c6c1-4fd8-8c4b-2b1b9942884c,ExpoRestinga
5fa0f75e-2b1d-43c2-b808-1c90a52b0414,10,2026-03-22 16:33:54.832-03,%,0,10,aa4d1cfe-c6c1-4fd8-8c4b-2b1b9942884c,Dinheiro,Rapadura Assada,2,5,aa4d1cfe-c6c1-4fd8-8c4b-2b1b9942884c,ExpoRestinga
eca0b7ef-973b-4b34-bdb6-fd24e343dbdd,20,2026-03-22 16:35:44.469-03,%,0,20,aa4d1cfe-c6c1-4fd8-8c4b-2b1b9942884c,Cartão,"Amendoim salgado e temperado ",1,8,aa4d1cfe-c6c1-4fd8-8c4b-2b1b9942884c,ExpoRestinga
eca0b7ef-973b-4b34-bdb6-fd24e343dbdd,20,2026-03-22 16:35:44.469-03,%,0,20,aa4d1cfe-c6c1-4fd8-8c4b-2b1b9942884c,Cartão,Rapadura de Melado,1,7,aa4d1cfe-c6c1-4fd8-8c4b-2b1b9942884c,ExpoRestinga
eca0b7ef-973b-4b34-bdb6-fd24e343dbdd,20,2026-03-22 16:35:44.469-03,%,0,20,aa4d1cfe-c6c1-4fd8-8c4b-2b1b9942884c,Cartão,Rapadura Assada,1,5,aa4d1cfe-c6c1-4fd8-8c4b-2b1b9942884c,ExpoRestinga
826cc24b-e19d-454d-b9c8-29123e6e9db0,5,2026-03-22 16:39:32.791-03,%,0,5,aa4d1cfe-c6c1-4fd8-8c4b-2b1b9942884c,Dinheiro,Rapadura Assada,1,5,aa4d1cfe-c6c1-4fd8-8c4b-2b1b9942884c,ExpoRestinga
21895ad4-197c-4d08-b1dc-8729ebaa5e65,20,2026-03-22 16:45:24.151-03,%,0,20,aa4d1cfe-c6c1-4fd8-8c4b-2b1b9942884c,Pix,Rapadura de Melado (Pacote x3),3,6.666666666666667,aa4d1cfe-c6c1-4fd8-8c4b-2b1b9942884c,ExpoRestinga
dba63745-bdd5-4579-aa42-c2872df03df0,12,2026-03-22 16:48:42.357-03,%,0,12,aa4d1cfe-c6c1-4fd8-8c4b-2b1b9942884c,Dinheiro,Rapadura de Melado,1,7,aa4d1cfe-c6c1-4fd8-8c4b-2b1b9942884c,ExpoRestinga
dba63745-bdd5-4579-aa42-c2872df03df0,12,2026-03-22 16:48:42.357-03,%,0,12,aa4d1cfe-c6c1-4fd8-8c4b-2b1b9942884c,Dinheiro,Rapadura Assada,1,5,aa4d1cfe-c6c1-4fd8-8c4b-2b1b9942884c,ExpoRestinga
d41fcc7d-4d80-41f5-a291-ea8a2caa11a1,22,2026-03-22 16:56:28.853-03,%,0,22,aa4d1cfe-c6c1-4fd8-8c4b-2b1b9942884c,Dinheiro,Rapadura Assada,2,5,aa4d1cfe-c6c1-4fd8-8c4b-2b1b9942884c,ExpoRestinga
d41fcc7d-4d80-41f5-a291-ea8a2caa11a1,22,2026-03-22 16:56:28.853-03,%,0,22,aa4d1cfe-c6c1-4fd8-8c4b-2b1b9942884c,Dinheiro,Alfajor Preto,2,6,aa4d1cfe-c6c1-4fd8-8c4b-2b1b9942884c,ExpoRestinga
80657014-5a6f-4b44-91c9-309a8dd04b9d,70,2026-03-22 17:01:42.749-03,%,0,70,aa4d1cfe-c6c1-4fd8-8c4b-2b1b9942884c,Dinheiro,Rapadura de Melado (Pacote x3),6,6.666666666666667,aa4d1cfe-c6c1-4fd8-8c4b-2b1b9942884c,ExpoRestinga
80657014-5a6f-4b44-91c9-309a8dd04b9d,70,2026-03-22 17:01:42.749-03,%,0,70,aa4d1cfe-c6c1-4fd8-8c4b-2b1b9942884c,Dinheiro,Rapadura Assada (Pacote x6),6,4.166666666666667,aa4d1cfe-c6c1-4fd8-8c4b-2b1b9942884c,ExpoRestinga
80657014-5a6f-4b44-91c9-309a8dd04b9d,70,2026-03-22 17:01:42.749-03,%,0,70,aa4d1cfe-c6c1-4fd8-8c4b-2b1b9942884c,Dinheiro,Rapadura Assada,1,5,aa4d1cfe-c6c1-4fd8-8c4b-2b1b9942884c,ExpoRestinga
b63d810b-7e3b-4e3c-882c-cac4411a0a9d,20,2026-03-22 17:09:41.728-03,%,0,20,aa4d1cfe-c6c1-4fd8-8c4b-2b1b9942884c,Dinheiro,Alfajor Preto (Pacote x4),4,5,aa4d1cfe-c6c1-4fd8-8c4b-2b1b9942884c,ExpoRestinga
3062fe56-c663-47b7-b4bb-20620157256c,20,2026-03-22 17:20:47.817-03,%,0,20,aa4d1cfe-c6c1-4fd8-8c4b-2b1b9942884c,Cartão,Rapadura de Melado (Pacote x3),3,6.666666666666667,aa4d1cfe-c6c1-4fd8-8c4b-2b1b9942884c,ExpoRestinga
d60c3aa0-896e-4293-9aa5-e725ca3efcd1,25,2026-03-22 17:22:22.829-03,%,0,25,aa4d1cfe-c6c1-4fd8-8c4b-2b1b9942884c,Dinheiro,Rapadura Assada (Pacote x6),6,4.166666666666667,aa4d1cfe-c6c1-4fd8-8c4b-2b1b9942884c,ExpoRestinga
b0b15460-695a-4b7e-a663-2c458059d163,25,2026-03-22 17:24:29.296-03,%,0,25,aa4d1cfe-c6c1-4fd8-8c4b-2b1b9942884c,Dinheiro,Rapadura Assada (Pacote x6),6,4.166666666666667,aa4d1cfe-c6c1-4fd8-8c4b-2b1b9942884c,ExpoRestinga
e5d23ef8-e2b6-4097-a6d2-ffe74b461fc2,7,2026-03-22 17:32:23.247-03,%,0,7,aa4d1cfe-c6c1-4fd8-8c4b-2b1b9942884c,Pix,Rapadura de Melado,1,7,aa4d1cfe-c6c1-4fd8-8c4b-2b1b9942884c,ExpoRestinga
4cf83143-9518-4976-89cf-7b964954a87a,34,2026-03-22 17:40:34.443-03,%,0,34,aa4d1cfe-c6c1-4fd8-8c4b-2b1b9942884c,Dinheiro,Pé-de-Moleque,1,5,aa4d1cfe-c6c1-4fd8-8c4b-2b1b9942884c,ExpoRestinga
4cf83143-9518-4976-89cf-7b964954a87a,34,2026-03-22 17:40:34.443-03,%,0,34,aa4d1cfe-c6c1-4fd8-8c4b-2b1b9942884c,Dinheiro,"Amendoim salgado e temperado ",2,8,aa4d1cfe-c6c1-4fd8-8c4b-2b1b9942884c,ExpoRestinga
4cf83143-9518-4976-89cf-7b964954a87a,34,2026-03-22 17:40:34.443-03,%,0,34,aa4d1cfe-c6c1-4fd8-8c4b-2b1b9942884c,Dinheiro,Cri-Cri 200g,1,8,aa4d1cfe-c6c1-4fd8-8c4b-2b1b9942884c,ExpoRestinga
4cf83143-9518-4976-89cf-7b964954a87a,34,2026-03-22 17:40:34.443-03,%,0,34,aa4d1cfe-c6c1-4fd8-8c4b-2b1b9942884c,Dinheiro,Rapadura Assada,1,5,aa4d1cfe-c6c1-4fd8-8c4b-2b1b9942884c,ExpoRestinga
14c4b0ef-281e-41c6-994e-d902254e44dd,7,2026-03-22 17:49:27.692-03,%,0,7,aa4d1cfe-c6c1-4fd8-8c4b-2b1b9942884c,Dinheiro,Rapadura de Melado,1,7,aa4d1cfe-c6c1-4fd8-8c4b-2b1b9942884c,ExpoRestinga
363d8572-d2b2-4d90-9405-8839eebed122,25,2026-03-22 17:49:57.613-03,%,0,25,aa4d1cfe-c6c1-4fd8-8c4b-2b1b9942884c,Cartão,Rapadura Assada (Pacote x6),6,4.166666666666667,aa4d1cfe-c6c1-4fd8-8c4b-2b1b9942884c,ExpoRestinga
61bb6be0-7e57-452a-96e1-06d04683f2f2,17,2026-03-22 18:15:54.033-03,%,0,17,aa4d1cfe-c6c1-4fd8-8c4b-2b1b9942884c,Cartão,Rapadura Assada,2,5,aa4d1cfe-c6c1-4fd8-8c4b-2b1b9942884c,ExpoRestinga
61bb6be0-7e57-452a-96e1-06d04683f2f2,17,2026-03-22 18:15:54.033-03,%,0,17,aa4d1cfe-c6c1-4fd8-8c4b-2b1b9942884c,Cartão,Rapadura de Melado,1,7,aa4d1cfe-c6c1-4fd8-8c4b-2b1b9942884c,ExpoRestinga
6e96a261-dadf-4ab0-b94b-27937f0be6a0,25,2026-03-22 18:20:39.416-03,%,0,25,aa4d1cfe-c6c1-4fd8-8c4b-2b1b9942884c,Pix,Cuca Alemã,1,25,aa4d1cfe-c6c1-4fd8-8c4b-2b1b9942884c,ExpoRestinga
335f2124-7119-4f7e-99f9-2a98441d2186,45,2026-03-22 18:22:07.802-03,%,0,45,aa4d1cfe-c6c1-4fd8-8c4b-2b1b9942884c,Cartão,Rapadura de Melado (Pacote x3),3,6.666666666666667,aa4d1cfe-c6c1-4fd8-8c4b-2b1b9942884c,ExpoRestinga
335f2124-7119-4f7e-99f9-2a98441d2186,45,2026-03-22 18:22:07.802-03,%,0,45,aa4d1cfe-c6c1-4fd8-8c4b-2b1b9942884c,Cartão,Rapadura Assada (Pacote x6),6,4.166666666666667,aa4d1cfe-c6c1-4fd8-8c4b-2b1b9942884c,ExpoRestinga
9b6204d8-0e6b-41ba-8207-cdf04e4368fe,8,2026-03-22 18:48:18.693-03,%,0,8,aa4d1cfe-c6c1-4fd8-8c4b-2b1b9942884c,Dinheiro,"Amendoim salgado e temperado ",1,8,aa4d1cfe-c6c1-4fd8-8c4b-2b1b9942884c,ExpoRestinga
ed7ef985-8023-44b2-a742-f8e349aa3e56,25,2026-03-22 19:00:27.145-03,%,0,25,aa4d1cfe-c6c1-4fd8-8c4b-2b1b9942884c,Dinheiro,Rapadura de Melado (Pacote x3),3,6.666666666666667,aa4d1cfe-c6c1-4fd8-8c4b-2b1b9942884c,ExpoRestinga
ed7ef985-8023-44b2-a742-f8e349aa3e56,25,2026-03-22 19:00:27.145-03,%,0,25,aa4d1cfe-c6c1-4fd8-8c4b-2b1b9942884c,Dinheiro,Rapadura Assada,1,5,aa4d1cfe-c6c1-4fd8-8c4b-2b1b9942884c,ExpoRestinga
79a76cda-2dc4-4c10-b9d8-a01c7aa0ae43,10,2026-03-22 19:00:35.211-03,%,0,10,aa4d1cfe-c6c1-4fd8-8c4b-2b1b9942884c,Dinheiro,Rapadura Assada,2,5,aa4d1cfe-c6c1-4fd8-8c4b-2b1b9942884c,ExpoRestinga
ef6a695f-aa6b-44d9-9f09-77d1ac155413,25,2026-03-22 19:31:27.952-03,%,0,25,aa4d1cfe-c6c1-4fd8-8c4b-2b1b9942884c,Cartão,Rapadura Assada (Pacote x6),6,4.166666666666667,aa4d1cfe-c6c1-4fd8-8c4b-2b1b9942884c,ExpoRestinga
4d106693-82f6-42a6-a167-0012abe4d395,8,2026-03-22 19:36:19.083-03,%,0,8,aa4d1cfe-c6c1-4fd8-8c4b-2b1b9942884c,Dinheiro,Cri-Cri 200g,1,8,aa4d1cfe-c6c1-4fd8-8c4b-2b1b9942884c,ExpoRestinga
4cb34ce4-34ad-4350-95ff-da7f921e9939,6,2026-03-22 19:45:05.452-03,%,0,6,aa4d1cfe-c6c1-4fd8-8c4b-2b1b9942884c,Dinheiro,Alfajor Preto,1,6,aa4d1cfe-c6c1-4fd8-8c4b-2b1b9942884c,ExpoRestinga
5a6d9940-a168-4af0-98c6-b1c9559a2ca9,15,2026-03-24 08:14:19.451-03,%,0,15,aa4d1cfe-c6c1-4fd8-8c4b-2b1b9942884c,Dinheiro,Cuca Enrolada de Amendoim,1,15,aa4d1cfe-c6c1-4fd8-8c4b-2b1b9942884c,Expo Afubra
f1bef21c-b780-455e-9607-291cafe236c7,40,2026-03-24 08:45:46.195-03,%,0,40,aa4d1cfe-c6c1-4fd8-8c4b-2b1b9942884c,Dinheiro,Cuca Enrolada de Amendoim,1,15,aa4d1cfe-c6c1-4fd8-8c4b-2b1b9942884c,Expo Afubra
f1bef21c-b780-455e-9607-291cafe236c7,40,2026-03-24 08:45:46.195-03,%,0,40,aa4d1cfe-c6c1-4fd8-8c4b-2b1b9942884c,Dinheiro,Cuca Alemã,1,25,aa4d1cfe-c6c1-4fd8-8c4b-2b1b9942884c,Expo Afubra
c1a84ae3-a7c9-45be-a2e9-62d79a13931a,6,2026-03-24 09:32:59.835-03,%,0,6,aa4d1cfe-c6c1-4fd8-8c4b-2b1b9942884c,Dinheiro,Alfajor Preto,1,6,aa4d1cfe-c6c1-4fd8-8c4b-2b1b9942884c,Expo Afubra
23382874-3b49-4dc7-b121-9f36403bdea5,15,2026-03-24 10:06:23.236-03,%,0,15,aa4d1cfe-c6c1-4fd8-8c4b-2b1b9942884c,Dinheiro,"Amendoim salgado e temperado ",1,8,aa4d1cfe-c6c1-4fd8-8c4b-2b1b9942884c,Expo Afubra
23382874-3b49-4dc7-b121-9f36403bdea5,15,2026-03-24 10:06:23.236-03,%,0,15,aa4d1cfe-c6c1-4fd8-8c4b-2b1b9942884c,Dinheiro,Rapadura de Melado,1,7,aa4d1cfe-c6c1-4fd8-8c4b-2b1b9942884c,Expo Afubra
0a216072-2661-4a9e-be89-589ca340414b,15,2026-03-24 10:43:48.591-03,%,0,15,aa4d1cfe-c6c1-4fd8-8c4b-2b1b9942884c,Dinheiro,Cuca Enrolada de Amendoim,1,15,aa4d1cfe-c6c1-4fd8-8c4b-2b1b9942884c,Expo Afubra
00febc08-681b-427b-8d40-c52a249d7127,6,2026-03-24 10:45:31.259-03,%,0,6,aa4d1cfe-c6c1-4fd8-8c4b-2b1b9942884c,Dinheiro,Alfajor Preto,1,6,aa4d1cfe-c6c1-4fd8-8c4b-2b1b9942884c,Expo Afubra
0e8e61d4-3af5-40b7-9367-effdc5f3b182,25,2026-03-24 11:10:24.379-03,%,0,25,aa4d1cfe-c6c1-4fd8-8c4b-2b1b9942884c,Pix,Cuca Alemã,1,25,aa4d1cfe-c6c1-4fd8-8c4b-2b1b9942884c,Expo Afubra
230e4eda-a5a4-4504-8d0b-28eb5a8a4613,25,2026-03-24 11:13:09.119-03,%,0,25,aa4d1cfe-c6c1-4fd8-8c4b-2b1b9942884c,Dinheiro,Cuca Alemã,1,25,aa4d1cfe-c6c1-4fd8-8c4b-2b1b9942884c,Expo Afubra
0aec41d7-c136-4999-b6e6-c62ade4bffe3,28,2026-03-24 11:15:20.699-03,%,0,28,aa4d1cfe-c6c1-4fd8-8c4b-2b1b9942884c,Cartão,Alfajor Preto (Pacote x4),4,5,aa4d1cfe-c6c1-4fd8-8c4b-2b1b9942884c,Expo Afubra
0aec41d7-c136-4999-b6e6-c62ade4bffe3,28,2026-03-24 11:15:20.699-03,%,0,28,aa4d1cfe-c6c1-4fd8-8c4b-2b1b9942884c,Cartão,"Amendoim salgado e temperado ",1,8,aa4d1cfe-c6c1-4fd8-8c4b-2b1b9942884c,Expo Afubra
9b7b704a-84e5-437d-8672-60a05a497c4a,25,2026-03-24 11:21:30.987-03,%,0,25,aa4d1cfe-c6c1-4fd8-8c4b-2b1b9942884c,Dinheiro,Rapadura Assada (Pacote x6),6,4.166666666666667,aa4d1cfe-c6c1-4fd8-8c4b-2b1b9942884c,Expo Afubra
e21c750f-9e62-48cf-a812-0d5d31257a56,75,2026-03-24 11:24:08.556-03,%,0,75,aa4d1cfe-c6c1-4fd8-8c4b-2b1b9942884c,Dinheiro,Cuca Alemã,3,25,aa4d1cfe-c6c1-4fd8-8c4b-2b1b9942884c,Expo Afubra
20d738e0-1b22-461d-8674-08dc71cbcf54,20,2026-03-24 11:30:48.581-03,%,0,20,aa4d1cfe-c6c1-4fd8-8c4b-2b1b9942884c,Dinheiro,Alfajor Preto (Pacote x4),4,5,aa4d1cfe-c6c1-4fd8-8c4b-2b1b9942884c,Expo Afubra
4ad8bede-ae2e-491c-9e51-a87fafd820c4,25,2026-03-24 11:37:49.359-03,%,0,25,aa4d1cfe-c6c1-4fd8-8c4b-2b1b9942884c,Dinheiro,Rapadura Assada (Pacote x6),6,4.166666666666667,aa4d1cfe-c6c1-4fd8-8c4b-2b1b9942884c,Expo Afubra
5087a6e4-b12e-4b9b-8d5d-0283a9c7a0bd,25,2026-03-24 11:39:44.95-03,%,0,25,aa4d1cfe-c6c1-4fd8-8c4b-2b1b9942884c,Cartão,Cuca Alemã,1,25,aa4d1cfe-c6c1-4fd8-8c4b-2b1b9942884c,Expo Afubra
203945b1-214f-42ea-b1a5-835ba109223b,20,2026-03-24 11:40:34.144-03,%,0,20,aa4d1cfe-c6c1-4fd8-8c4b-2b1b9942884c,Dinheiro,Rapadura de Melado (Pacote x3),3,6.666666666666667,aa4d1cfe-c6c1-4fd8-8c4b-2b1b9942884c,Expo Afubra
989539fc-4d62-45f5-9d73-3a0ecbba72c1,20,2026-03-24 11:41:08.695-03,%,0,20,aa4d1cfe-c6c1-4fd8-8c4b-2b1b9942884c,Dinheiro,Rapadura de Melado (Pacote x3),3,6.666666666666667,aa4d1cfe-c6c1-4fd8-8c4b-2b1b9942884c,Expo Afubra
7039dbfa-35e3-40e9-85e8-1efe01cb9ec6,50,2026-03-24 11:55:28.394-03,%,0,50,aa4d1cfe-c6c1-4fd8-8c4b-2b1b9942884c,Dinheiro,Cuca Alemã,2,25,aa4d1cfe-c6c1-4fd8-8c4b-2b1b9942884c,Expo Afubra
307fdb07-a91b-4519-9b7d-f71c3d586fff,25,2026-03-24 11:57:40.41-03,%,0,25,aa4d1cfe-c6c1-4fd8-8c4b-2b1b9942884c,Dinheiro,Cuca Alemã,1,25,aa4d1cfe-c6c1-4fd8-8c4b-2b1b9942884c,Expo Afubra
aabb393f-9699-4329-b427-f39fa905df3a,25,2026-03-24 12:02:46.992-03,%,0,25,aa4d1cfe-c6c1-4fd8-8c4b-2b1b9942884c,Cartão,Cuca Alemã,1,25,aa4d1cfe-c6c1-4fd8-8c4b-2b1b9942884c,Expo Afubra
44ec92de-dcba-499f-b30c-a7c8bc95bce2,20,2026-03-24 12:03:33.85-03,%,0,20,aa4d1cfe-c6c1-4fd8-8c4b-2b1b9942884c,Dinheiro,Alfajor Preto (Pacote x4),4,5,aa4d1cfe-c6c1-4fd8-8c4b-2b1b9942884c,Expo Afubra
1feffe42-2492-4717-b57c-e907dfdbdaa1,25,2026-03-24 12:04:29.235-03,%,0,25,aa4d1cfe-c6c1-4fd8-8c4b-2b1b9942884c,Cartão,Cuca Alemã,1,25,aa4d1cfe-c6c1-4fd8-8c4b-2b1b9942884c,Expo Afubra
e0a35b05-c040-43bd-b80d-3639b54f0067,25,2026-03-24 12:09:35.988-03,%,0,25,aa4d1cfe-c6c1-4fd8-8c4b-2b1b9942884c,Cartão,Cuca Alemã,1,25,aa4d1cfe-c6c1-4fd8-8c4b-2b1b9942884c,Expo Afubra
ed683ff9-0fa2-4346-af77-52bb356095b2,20,2026-03-24 12:26:10.879-03,%,0,20,aa4d1cfe-c6c1-4fd8-8c4b-2b1b9942884c,Cartão,Alfajor Preto (Pacote x4),4,5,aa4d1cfe-c6c1-4fd8-8c4b-2b1b9942884c,Expo Afubra
b6dbcfe6-98c3-4fa1-a858-43d58a7de01c,20,2026-03-24 12:39:16.285-03,%,0,20,aa4d1cfe-c6c1-4fd8-8c4b-2b1b9942884c,Dinheiro,Alfajor Preto (Pacote x4),4,5,aa4d1cfe-c6c1-4fd8-8c4b-2b1b9942884c,Expo Afubra
9167122b-5080-40f9-a425-533d105842de,13,2026-03-24 12:39:45.047-03,%,0,13,aa4d1cfe-c6c1-4fd8-8c4b-2b1b9942884c,Cartão,Cri-Cri 200g,1,8,aa4d1cfe-c6c1-4fd8-8c4b-2b1b9942884c,Expo Afubra
9167122b-5080-40f9-a425-533d105842de,13,2026-03-24 12:39:45.047-03,%,0,13,aa4d1cfe-c6c1-4fd8-8c4b-2b1b9942884c,Cartão,Rapadura Assada,1,5,aa4d1cfe-c6c1-4fd8-8c4b-2b1b9942884c,Expo Afubra
ab780dd1-60f6-4fe8-b044-b95b19406f61,6,2026-03-24 12:40:29.813-03,%,0,6,aa4d1cfe-c6c1-4fd8-8c4b-2b1b9942884c,Dinheiro,Alfajor Preto,1,6,aa4d1cfe-c6c1-4fd8-8c4b-2b1b9942884c,Expo Afubra
4075e859-58df-4f56-aab5-79dac8bc94b8,35,2026-03-24 12:45:08.909-03,%,0,35,aa4d1cfe-c6c1-4fd8-8c4b-2b1b9942884c,Pix,Cuca Enrolada de Amendoim,1,15,aa4d1cfe-c6c1-4fd8-8c4b-2b1b9942884c,Expo Afubra
4075e859-58df-4f56-aab5-79dac8bc94b8,35,2026-03-24 12:45:08.909-03,%,0,35,aa4d1cfe-c6c1-4fd8-8c4b-2b1b9942884c,Pix,Alfajor Preto (Pacote x4),4,5,aa4d1cfe-c6c1-4fd8-8c4b-2b1b9942884c,Expo Afubra
724b72b2-c2f0-4d83-b3df-2de378d5d460,25,2026-03-24 12:46:04.548-03,%,0,25,aa4d1cfe-c6c1-4fd8-8c4b-2b1b9942884c,Dinheiro,Cuca Alemã,1,25,aa4d1cfe-c6c1-4fd8-8c4b-2b1b9942884c,Expo Afubra
5bb17a75-e2b0-4fd8-ab0b-45b167c42be3,50,2026-03-24 12:46:25.283-03,%,0,50,aa4d1cfe-c6c1-4fd8-8c4b-2b1b9942884c,Dinheiro,Cuca Alemã,2,25,aa4d1cfe-c6c1-4fd8-8c4b-2b1b9942884c,Expo Afubra
64e4741e-4e98-47ed-8a55-1f93d37125a1,25,2026-03-24 12:49:26.4-03,%,0,25,aa4d1cfe-c6c1-4fd8-8c4b-2b1b9942884c,Dinheiro,Cuca Alemã,1,25,aa4d1cfe-c6c1-4fd8-8c4b-2b1b9942884c,Expo Afubra
13561dc2-bcfb-494e-918d-48a17e040c78,25,2026-03-24 12:51:46.035-03,%,0,25,aa4d1cfe-c6c1-4fd8-8c4b-2b1b9942884c,Dinheiro,Cuca Alemã,1,25,aa4d1cfe-c6c1-4fd8-8c4b-2b1b9942884c,Expo Afubra
5b38bc7d-9ed7-490c-a9ea-5a560beb5dbd,10,2026-03-24 12:52:13.175-03,%,0,10,aa4d1cfe-c6c1-4fd8-8c4b-2b1b9942884c,Dinheiro,Rapadura Assada,2,5,aa4d1cfe-c6c1-4fd8-8c4b-2b1b9942884c,Expo Afubra
c2e5f959-2a1e-4446-b7c1-e5cd5b749223,25,2026-03-24 12:53:52.984-03,%,0,25,aa4d1cfe-c6c1-4fd8-8c4b-2b1b9942884c,Dinheiro,Cuca Alemã,1,25,aa4d1cfe-c6c1-4fd8-8c4b-2b1b9942884c,Expo Afubra
82585ce0-194d-4f97-a388-55c98d1b3a44,15,2026-03-24 12:57:23.747-03,%,0,15,aa4d1cfe-c6c1-4fd8-8c4b-2b1b9942884c,Dinheiro,Cuca Enrolada de Amendoim,1,15,aa4d1cfe-c6c1-4fd8-8c4b-2b1b9942884c,Expo Afubra
eb083285-4eff-4969-be73-f8d706db04a0,25,2026-03-24 12:59:46.02-03,%,0,25,aa4d1cfe-c6c1-4fd8-8c4b-2b1b9942884c,Pix,Rapadura Assada (Pacote x6),6,4.166666666666667,aa4d1cfe-c6c1-4fd8-8c4b-2b1b9942884c,Expo Afubra
ccbba880-717f-4b61-8903-686f4a4bebc3,51,2026-03-24 13:01:44.6-03,%,0,51,aa4d1cfe-c6c1-4fd8-8c4b-2b1b9942884c,Cartão,Rapadura de Melado (Pacote x3),3,6.666666666666667,aa4d1cfe-c6c1-4fd8-8c4b-2b1b9942884c,Expo Afubra
ccbba880-717f-4b61-8903-686f4a4bebc3,51,2026-03-24 13:01:44.6-03,%,0,51,aa4d1cfe-c6c1-4fd8-8c4b-2b1b9942884c,Cartão,Rapadura Assada (Pacote x6),6,4.166666666666667,aa4d1cfe-c6c1-4fd8-8c4b-2b1b9942884c,Expo Afubra
ccbba880-717f-4b61-8903-686f4a4bebc3,51,2026-03-24 13:01:44.6-03,%,0,51,aa4d1cfe-c6c1-4fd8-8c4b-2b1b9942884c,Cartão,Alfajor Preto,1,6,aa4d1cfe-c6c1-4fd8-8c4b-2b1b9942884c,Expo Afubra
78bd793b-7501-45bd-be25-5bb6f1139728,14,2026-03-24 13:04:08.195-03,%,0,14,aa4d1cfe-c6c1-4fd8-8c4b-2b1b9942884c,Cartão,Rapadura de Melado,2,7,aa4d1cfe-c6c1-4fd8-8c4b-2b1b9942884c,Expo Afubra
9ece74d4-1999-4893-9cca-99784e2c2db2,8,2026-03-24 13:06:48.56-03,%,0,8,aa4d1cfe-c6c1-4fd8-8c4b-2b1b9942884c,Dinheiro,Cri-Cri 200g,1,8,aa4d1cfe-c6c1-4fd8-8c4b-2b1b9942884c,Expo Afubra
eb63fa05-acaa-427a-89df-d0842faabf8c,6,2026-03-24 13:07:40.533-03,%,0,6,aa4d1cfe-c6c1-4fd8-8c4b-2b1b9942884c,Dinheiro,Alfajor Preto,1,6,aa4d1cfe-c6c1-4fd8-8c4b-2b1b9942884c,Expo Afubra
f411b974-bf5f-4945-8067-3f8780a95eb4,25,2026-03-24 13:07:55.377-03,%,0,25,aa4d1cfe-c6c1-4fd8-8c4b-2b1b9942884c,Pix,Cuca Alemã,1,25,aa4d1cfe-c6c1-4fd8-8c4b-2b1b9942884c,Expo Afubra
c40f49e8-7580-4fa2-99b2-7591b65d0d03,25,2026-03-24 13:09:52.979-03,%,0,25,aa4d1cfe-c6c1-4fd8-8c4b-2b1b9942884c,Dinheiro,Rapadura Assada (Pacote x6),6,4.166666666666667,aa4d1cfe-c6c1-4fd8-8c4b-2b1b9942884c,Expo Afubra
b5e31504-6df4-4a9d-a04d-d4c8d1989ac7,20,2026-03-24 13:17:32.702-03,%,0,20,aa4d1cfe-c6c1-4fd8-8c4b-2b1b9942884c,Dinheiro,Rapadura de Melado (Pacote x3),3,6.666666666666667,aa4d1cfe-c6c1-4fd8-8c4b-2b1b9942884c,Expo Afubra
02dc58d2-fd95-4702-83a1-bce648dfa7b6,15,2026-03-24 13:17:39.986-03,%,0,15,aa4d1cfe-c6c1-4fd8-8c4b-2b1b9942884c,Dinheiro,Cuca Enrolada de Amendoim,1,15,aa4d1cfe-c6c1-4fd8-8c4b-2b1b9942884c,Expo Afubra
2f8520ef-b587-4a9b-a14d-5b8d0500e9f3,25,2026-03-24 13:25:56.892-03,%,0,25,aa4d1cfe-c6c1-4fd8-8c4b-2b1b9942884c,Dinheiro,Cuca Alemã,1,25,aa4d1cfe-c6c1-4fd8-8c4b-2b1b9942884c,Expo Afubra
f062ab14-fb5b-44ad-b44e-c9c5fcce01b4,25,2026-03-24 13:27:36.667-03,%,0,25,aa4d1cfe-c6c1-4fd8-8c4b-2b1b9942884c,Cartão,Cuca Alemã,1,25,aa4d1cfe-c6c1-4fd8-8c4b-2b1b9942884c,Expo Afubra
7b2d9b8c-8223-42f9-a421-2c8ee2287cc8,30,2026-03-24 13:28:48.313-03,%,0,30,aa4d1cfe-c6c1-4fd8-8c4b-2b1b9942884c,Dinheiro,Cuca Enrolada de Amendoim,2,15,aa4d1cfe-c6c1-4fd8-8c4b-2b1b9942884c,Expo Afubra
7cb145de-300f-41ed-9119-ec0720e3f6d9,35,2026-03-24 13:38:55.083-03,%,0,35,aa4d1cfe-c6c1-4fd8-8c4b-2b1b9942884c,Cartão,Alfajor Preto (Pacote x4),4,5,aa4d1cfe-c6c1-4fd8-8c4b-2b1b9942884c,Expo Afubra
7cb145de-300f-41ed-9119-ec0720e3f6d9,35,2026-03-24 13:38:55.083-03,%,0,35,aa4d1cfe-c6c1-4fd8-8c4b-2b1b9942884c,Cartão,Cuca Enrolada de Amendoim,1,15,aa4d1cfe-c6c1-4fd8-8c4b-2b1b9942884c,Expo Afubra
1aaca6ad-a3db-47e1-a5d2-5eb7a5be45b0,25,2026-03-24 13:48:26.831-03,R$,1,26,aa4d1cfe-c6c1-4fd8-8c4b-2b1b9942884c,Dinheiro,Rapadura de Melado (Pacote x3),3,6.666666666666667,aa4d1cfe-c6c1-4fd8-8c4b-2b1b9942884c,Expo Afubra
1aaca6ad-a3db-47e1-a5d2-5eb7a5be45b0,25,2026-03-24 13:48:26.831-03,R$,1,26,aa4d1cfe-c6c1-4fd8-8c4b-2b1b9942884c,Dinheiro,Alfajor Preto,1,6,aa4d1cfe-c6c1-4fd8-8c4b-2b1b9942884c,Expo Afubra
4d66c68c-c31d-424b-bf4b-0ccccdd133bb,16,2026-03-24 13:54:29.628-03,R$,0,16,aa4d1cfe-c6c1-4fd8-8c4b-2b1b9942884c,Cartão,"Amendoim salgado e temperado ",2,8,aa4d1cfe-c6c1-4fd8-8c4b-2b1b9942884c,Expo Afubra
d0acebca-7631-445a-8c9b-006ad3ecb7e0,25,2026-03-24 13:54:48.129-03,R$,0,25,aa4d1cfe-c6c1-4fd8-8c4b-2b1b9942884c,Dinheiro,Cuca Alemã,1,25,aa4d1cfe-c6c1-4fd8-8c4b-2b1b9942884c,Expo Afubra
ebb4696a-728f-45ad-a812-e43cdfe51733,15,2026-03-24 14:02:01.855-03,R$,0,15,aa4d1cfe-c6c1-4fd8-8c4b-2b1b9942884c,Cartão,Cri-Cri 200g,1,8,aa4d1cfe-c6c1-4fd8-8c4b-2b1b9942884c,Expo Afubra
ebb4696a-728f-45ad-a812-e43cdfe51733,15,2026-03-24 14:02:01.855-03,R$,0,15,aa4d1cfe-c6c1-4fd8-8c4b-2b1b9942884c,Cartão,Rapadura de Melado,1,7,aa4d1cfe-c6c1-4fd8-8c4b-2b1b9942884c,Expo Afubra
d2a8e6e0-ac6d-4ddd-87c8-da12d5f562b8,25,2026-03-24 14:02:17.95-03,R$,0,25,aa4d1cfe-c6c1-4fd8-8c4b-2b1b9942884c,Dinheiro,Cuca Alemã,1,25,aa4d1cfe-c6c1-4fd8-8c4b-2b1b9942884c,Expo Afubra
917ae2bf-ff7f-4e2d-80d2-48d28b840167,15,2026-03-24 14:11:55.512-03,%,0,15,aa4d1cfe-c6c1-4fd8-8c4b-2b1b9942884c,Cartão,Cuca Enrolada de Amendoim,1,15,aa4d1cfe-c6c1-4fd8-8c4b-2b1b9942884c,Expo Afubra
612c38cc-e53f-4498-a557-0f3b317310d1,25,2026-03-24 14:12:41.894-03,R$,1,26,aa4d1cfe-c6c1-4fd8-8c4b-2b1b9942884c,Pix,Alfajor Preto (Pacote x4),4,5,aa4d1cfe-c6c1-4fd8-8c4b-2b1b9942884c,Expo Afubra
612c38cc-e53f-4498-a557-0f3b317310d1,25,2026-03-24 14:12:41.894-03,R$,1,26,aa4d1cfe-c6c1-4fd8-8c4b-2b1b9942884c,Pix,Alfajor Preto,1,6,aa4d1cfe-c6c1-4fd8-8c4b-2b1b9942884c,Expo Afubra
4bda25ee-ff62-4832-9ef0-8a56d28a1158,10,2026-03-24 14:13:03.057-03,R$,0,10,aa4d1cfe-c6c1-4fd8-8c4b-2b1b9942884c,Cartão,"Bolacha de manteiga ",1,10,aa4d1cfe-c6c1-4fd8-8c4b-2b1b9942884c,Expo Afubra
6b619f0b-d9ce-4f47-827b-bcfd716e3821,43,2026-03-24 14:17:23.331-03,R$,0,43,aa4d1cfe-c6c1-4fd8-8c4b-2b1b9942884c,Dinheiro,Cuca Alemã,1,25,aa4d1cfe-c6c1-4fd8-8c4b-2b1b9942884c,Expo Afubra
6b619f0b-d9ce-4f47-827b-bcfd716e3821,43,2026-03-24 14:17:23.331-03,R$,0,43,aa4d1cfe-c6c1-4fd8-8c4b-2b1b9942884c,Dinheiro,Rapadura Assada,2,5,aa4d1cfe-c6c1-4fd8-8c4b-2b1b9942884c,Expo Afubra
6b619f0b-d9ce-4f47-827b-bcfd716e3821,43,2026-03-24 14:17:23.331-03,R$,0,43,aa4d1cfe-c6c1-4fd8-8c4b-2b1b9942884c,Dinheiro,"Amendoim salgado e temperado ",1,8,aa4d1cfe-c6c1-4fd8-8c4b-2b1b9942884c,Expo Afubra
0745c87e-a9cf-4f30-9644-3fffeffe119e,15,2026-03-24 14:18:31.493-03,R$,0,15,aa4d1cfe-c6c1-4fd8-8c4b-2b1b9942884c,Dinheiro,Cuca Enrolada de Amendoim,1,15,aa4d1cfe-c6c1-4fd8-8c4b-2b1b9942884c,Expo Afubra
e74b2613-1eed-444a-933c-88d18b238885,29,2026-03-24 14:22:43.758-03,R$,0,29,aa4d1cfe-c6c1-4fd8-8c4b-2b1b9942884c,Dinheiro,Cuca Enrolada de Amendoim,1,15,aa4d1cfe-c6c1-4fd8-8c4b-2b1b9942884c,Expo Afubra
e74b2613-1eed-444a-933c-88d18b238885,29,2026-03-24 14:22:43.758-03,R$,0,29,aa4d1cfe-c6c1-4fd8-8c4b-2b1b9942884c,Dinheiro,Rapadura de Melado,2,7,aa4d1cfe-c6c1-4fd8-8c4b-2b1b9942884c,Expo Afubra
e24ec751-cf6e-46d5-bc94-4fd55bffdf97,25,2026-03-24 14:34:54.757-03,%,0,25,aa4d1cfe-c6c1-4fd8-8c4b-2b1b9942884c,Dinheiro,Cuca Alemã,1,25,aa4d1cfe-c6c1-4fd8-8c4b-2b1b9942884c,Expo Afubra
a1268979-d502-4e87-9199-1c7a9543db9c,25,2026-03-24 14:35:07.178-03,%,0,25,aa4d1cfe-c6c1-4fd8-8c4b-2b1b9942884c,Cartão,Cuca Alemã,1,25,aa4d1cfe-c6c1-4fd8-8c4b-2b1b9942884c,Expo Afubra
d4b7e8ed-1b01-45fd-942f-17180a845166,15,2026-03-24 14:40:44.83-03,%,0,15,aa4d1cfe-c6c1-4fd8-8c4b-2b1b9942884c,Dinheiro,Cuca Enrolada de Amendoim,1,15,aa4d1cfe-c6c1-4fd8-8c4b-2b1b9942884c,Expo Afubra
2fd01875-c236-495b-8f86-285e69cfed72,6,2026-03-24 14:50:08.444-03,%,0,6,aa4d1cfe-c6c1-4fd8-8c4b-2b1b9942884c,Dinheiro,Alfajor Preto,1,6,aa4d1cfe-c6c1-4fd8-8c4b-2b1b9942884c,Expo Afubra
e0d305bb-29c1-43c9-a6b0-787d9b27a121,15,2026-03-24 14:53:39.343-03,%,0,15,aa4d1cfe-c6c1-4fd8-8c4b-2b1b9942884c,Dinheiro,Cuca Enrolada de Amendoim,1,15,aa4d1cfe-c6c1-4fd8-8c4b-2b1b9942884c,Expo Afubra
5071312f-7d42-4b1b-9a08-be8846521e1c,15,2026-03-24 14:55:46.171-03,%,0,15,aa4d1cfe-c6c1-4fd8-8c4b-2b1b9942884c,Cartão,Cuca Enrolada de Amendoim,1,15,aa4d1cfe-c6c1-4fd8-8c4b-2b1b9942884c,Expo Afubra
4b8c29de-83e8-4bae-a83d-e5d80803bcce,25,2026-03-24 14:56:56.537-03,%,0,25,aa4d1cfe-c6c1-4fd8-8c4b-2b1b9942884c,Cartão,Cuca Alemã,1,25,aa4d1cfe-c6c1-4fd8-8c4b-2b1b9942884c,Expo Afubra
510c8dcf-51b2-4a1f-8e6a-44a26d457200,7,2026-03-24 15:00:57.005-03,%,0,7,aa4d1cfe-c6c1-4fd8-8c4b-2b1b9942884c,Dinheiro,Rapadura de Melado,1,7,aa4d1cfe-c6c1-4fd8-8c4b-2b1b9942884c,Expo Afubra
b3a50c34-7a5c-4ac7-bc75-08e01b7247d7,50,2026-03-24 15:05:48.872-03,%,0,50,aa4d1cfe-c6c1-4fd8-8c4b-2b1b9942884c,Cartão,Cuca Alemã,1,25,aa4d1cfe-c6c1-4fd8-8c4b-2b1b9942884c,Expo Afubra
b3a50c34-7a5c-4ac7-bc75-08e01b7247d7,50,2026-03-24 15:05:48.872-03,%,0,50,aa4d1cfe-c6c1-4fd8-8c4b-2b1b9942884c,Cartão,Rapadura Assada (Pacote x6),6,4.166666666666667,aa4d1cfe-c6c1-4fd8-8c4b-2b1b9942884c,Expo Afubra
39c3de67-dddd-484a-9727-31b7eb661b12,30,2026-03-24 15:08:12.302-03,%,0,30,aa4d1cfe-c6c1-4fd8-8c4b-2b1b9942884c,Dinheiro,Cuca Enrolada de Amendoim,2,15,aa4d1cfe-c6c1-4fd8-8c4b-2b1b9942884c,Expo Afubra
63f6c77c-eccd-41a5-a10c-9a0874f53432,25,2026-03-24 15:13:17.109-03,%,0,25,aa4d1cfe-c6c1-4fd8-8c4b-2b1b9942884c,Pix,Cuca Alemã,1,25,aa4d1cfe-c6c1-4fd8-8c4b-2b1b9942884c,Expo Afubra
f1caf8ab-8da3-4aa5-88c6-f0d8562a22c9,45,2026-03-24 15:22:52.481-03,%,0,45,aa4d1cfe-c6c1-4fd8-8c4b-2b1b9942884c,Cartão,Alfajor Preto (Pacote x4),4,5,aa4d1cfe-c6c1-4fd8-8c4b-2b1b9942884c,Expo Afubra
f1caf8ab-8da3-4aa5-88c6-f0d8562a22c9,45,2026-03-24 15:22:52.481-03,%,0,45,aa4d1cfe-c6c1-4fd8-8c4b-2b1b9942884c,Cartão,Cuca Alemã,1,25,aa4d1cfe-c6c1-4fd8-8c4b-2b1b9942884c,Expo Afubra
b077322e-b0a8-4094-b45c-84a197f5f319,30,2026-03-24 15:23:09.178-03,%,0,30,aa4d1cfe-c6c1-4fd8-8c4b-2b1b9942884c,Dinheiro,Cuca Enrolada de Amendoim,2,15,aa4d1cfe-c6c1-4fd8-8c4b-2b1b9942884c,Expo Afubra
afe904cd-96cc-4680-b94e-7fe4c977b041,25,2026-03-24 15:27:42.826-03,%,0,25,aa4d1cfe-c6c1-4fd8-8c4b-2b1b9942884c,Dinheiro,Rapadura Assada (Pacote x6),6,4.166666666666667,aa4d1cfe-c6c1-4fd8-8c4b-2b1b9942884c,Expo Afubra
03507c1d-e626-4ae6-b20e-497abef0e570,50,2026-03-24 15:30:14.47-03,%,0,50,aa4d1cfe-c6c1-4fd8-8c4b-2b1b9942884c,Dinheiro,Cuca Alemã,2,25,aa4d1cfe-c6c1-4fd8-8c4b-2b1b9942884c,Expo Afubra
72498b95-2e25-4279-8701-2c4ec66c8fbc,7,2026-03-24 15:34:05.927-03,%,0,7,aa4d1cfe-c6c1-4fd8-8c4b-2b1b9942884c,Dinheiro,Rapadura de Melado,1,7,aa4d1cfe-c6c1-4fd8-8c4b-2b1b9942884c,Expo Afubra
ca20da40-974e-4fc1-8c5b-49764534a57f,100,2026-03-24 15:34:19.562-03,%,0,100,aa4d1cfe-c6c1-4fd8-8c4b-2b1b9942884c,Dinheiro,Cuca Alemã,4,25,aa4d1cfe-c6c1-4fd8-8c4b-2b1b9942884c,Expo Afubra
10d917fc-f2ff-4653-b7d8-a319eb1f10f4,20,2026-03-24 15:36:34.581-03,%,0,20,aa4d1cfe-c6c1-4fd8-8c4b-2b1b9942884c,Dinheiro,Alfajor Preto (Pacote x4),4,5,aa4d1cfe-c6c1-4fd8-8c4b-2b1b9942884c,Expo Afubra
0cfa29a1-71d0-44f6-a818-86bcc8235aba,25,2026-03-24 15:38:12.043-03,%,0,25,aa4d1cfe-c6c1-4fd8-8c4b-2b1b9942884c,Dinheiro,Cuca Alemã,1,25,aa4d1cfe-c6c1-4fd8-8c4b-2b1b9942884c,Expo Afubra
3e2a333d-6d0c-4b6d-af27-08ffb6792e3c,50,2026-03-24 15:39:36.306-03,%,0,50,aa4d1cfe-c6c1-4fd8-8c4b-2b1b9942884c,Dinheiro,Cuca Alemã,2,25,aa4d1cfe-c6c1-4fd8-8c4b-2b1b9942884c,Expo Afubra
1c71a7f3-c0cd-43d4-9bb1-427d8fecf9c7,10,2026-03-24 15:40:33.15-03,%,0,10,aa4d1cfe-c6c1-4fd8-8c4b-2b1b9942884c,Dinheiro,"Bolacha de manteiga ",1,10,aa4d1cfe-c6c1-4fd8-8c4b-2b1b9942884c,Expo Afubra
34f0e341-03c3-4113-bf0a-81df2ed0a6ee,25,2026-03-24 15:42:12.334-03,%,0,25,aa4d1cfe-c6c1-4fd8-8c4b-2b1b9942884c,Cartão,Cuca Alemã,1,25,aa4d1cfe-c6c1-4fd8-8c4b-2b1b9942884c,Expo Afubra
ee6d177f-30b0-442b-97c9-73cb8e1ef8c6,25,2026-03-24 15:46:01.525-03,%,0,25,aa4d1cfe-c6c1-4fd8-8c4b-2b1b9942884c,Dinheiro,Cuca Alemã,1,25,aa4d1cfe-c6c1-4fd8-8c4b-2b1b9942884c,Expo Afubra
7373540a-2355-46c7-89c3-0b56f941f113,50,2026-03-24 15:49:14.117-03,%,0,50,aa4d1cfe-c6c1-4fd8-8c4b-2b1b9942884c,Dinheiro,Cuca Alemã,2,25,aa4d1cfe-c6c1-4fd8-8c4b-2b1b9942884c,Expo Afubra
dee3451f-7484-4940-9319-721fdfab31cd,25,2026-03-24 15:52:02.55-03,%,0,25,aa4d1cfe-c6c1-4fd8-8c4b-2b1b9942884c,Dinheiro,Cuca Alemã,1,25,aa4d1cfe-c6c1-4fd8-8c4b-2b1b9942884c,Expo Afubra
c46ec70c-f39d-4cd5-a125-622088ee2ea5,25,2026-03-24 15:58:09.869-03,%,0,25,aa4d1cfe-c6c1-4fd8-8c4b-2b1b9942884c,Dinheiro,Cuca Alemã,1,25,aa4d1cfe-c6c1-4fd8-8c4b-2b1b9942884c,Expo Afubra
ec5f910b-b4c1-494b-af30-3c6f2bc882a2,40,2026-03-24 15:58:30.725-03,%,0,40,aa4d1cfe-c6c1-4fd8-8c4b-2b1b9942884c,Dinheiro,Cuca Alemã,1,25,aa4d1cfe-c6c1-4fd8-8c4b-2b1b9942884c,Expo Afubra
ec5f910b-b4c1-494b-af30-3c6f2bc882a2,40,2026-03-24 15:58:30.725-03,%,0,40,aa4d1cfe-c6c1-4fd8-8c4b-2b1b9942884c,Dinheiro,Cuca Enrolada de Amendoim,1,15,aa4d1cfe-c6c1-4fd8-8c4b-2b1b9942884c,Expo Afubra
43dc1ea6-7b40-479d-8ba6-b97acc686ba0,40,2026-03-24 16:00:37.094-03,%,0,40,aa4d1cfe-c6c1-4fd8-8c4b-2b1b9942884c,Cartão,Cuca Alemã,1,25,aa4d1cfe-c6c1-4fd8-8c4b-2b1b9942884c,Expo Afubra
43dc1ea6-7b40-479d-8ba6-b97acc686ba0,40,2026-03-24 16:00:37.094-03,%,0,40,aa4d1cfe-c6c1-4fd8-8c4b-2b1b9942884c,Cartão,Cuca Enrolada de Amendoim,1,15,aa4d1cfe-c6c1-4fd8-8c4b-2b1b9942884c,Expo Afubra
e4e13c2f-97b9-402c-8312-4bdc57df6aac,40,2026-03-24 16:00:44.621-03,%,0,40,aa4d1cfe-c6c1-4fd8-8c4b-2b1b9942884c,Dinheiro,Cuca Alemã,1,25,aa4d1cfe-c6c1-4fd8-8c4b-2b1b9942884c,Expo Afubra
e4e13c2f-97b9-402c-8312-4bdc57df6aac,40,2026-03-24 16:00:44.621-03,%,0,40,aa4d1cfe-c6c1-4fd8-8c4b-2b1b9942884c,Dinheiro,Cuca Enrolada de Amendoim,1,15,aa4d1cfe-c6c1-4fd8-8c4b-2b1b9942884c,Expo Afubra
3bd72bc0-5203-4931-a006-9bbca7f511f8,25,2026-03-24 16:02:55.221-03,%,0,25,aa4d1cfe-c6c1-4fd8-8c4b-2b1b9942884c,Cartão,Cuca Alemã,1,25,aa4d1cfe-c6c1-4fd8-8c4b-2b1b9942884c,Expo Afubra
bcbe6d35-0898-44f7-aa91-2248fb3483f4,7,2026-03-24 16:08:23.481-03,%,0,7,aa4d1cfe-c6c1-4fd8-8c4b-2b1b9942884c,Dinheiro,Rapadura de Melado,1,7,aa4d1cfe-c6c1-4fd8-8c4b-2b1b9942884c,Expo Afubra
a061f54f-5509-4206-88b1-c6cb25c68905,40,2026-03-24 16:15:07.349-03,%,0,40,aa4d1cfe-c6c1-4fd8-8c4b-2b1b9942884c,Cartão,Cuca Alemã,1,25,aa4d1cfe-c6c1-4fd8-8c4b-2b1b9942884c,Expo Afubra
a061f54f-5509-4206-88b1-c6cb25c68905,40,2026-03-24 16:15:07.349-03,%,0,40,aa4d1cfe-c6c1-4fd8-8c4b-2b1b9942884c,Cartão,Cuca Enrolada de Amendoim,1,15,aa4d1cfe-c6c1-4fd8-8c4b-2b1b9942884c,Expo Afubra
81735fc4-cfd8-4544-95c6-7c264a8ff853,15,2026-03-24 16:18:58.425-03,%,0,15,aa4d1cfe-c6c1-4fd8-8c4b-2b1b9942884c,Dinheiro,Cuca Enrolada de Amendoim,1,15,aa4d1cfe-c6c1-4fd8-8c4b-2b1b9942884c,Expo Afubra
c972588b-3a5b-4cf3-90b1-0d5b15c46afe,25,2026-03-24 16:20:50.927-03,%,0,25,aa4d1cfe-c6c1-4fd8-8c4b-2b1b9942884c,Cartão,Cuca Alemã,1,25,aa4d1cfe-c6c1-4fd8-8c4b-2b1b9942884c,Expo Afubra
85bca062-1e0c-4cbc-960c-342f3bfd3774,25,2026-03-24 16:22:36.747-03,%,0,25,aa4d1cfe-c6c1-4fd8-8c4b-2b1b9942884c,Dinheiro,Rapadura Assada (Pacote x6),6,4.166666666666667,aa4d1cfe-c6c1-4fd8-8c4b-2b1b9942884c,Expo Afubra
45ce50b3-6a12-497a-b1e8-c8fd50489901,25,2026-03-24 16:22:52.443-03,%,0,25,aa4d1cfe-c6c1-4fd8-8c4b-2b1b9942884c,Dinheiro,Cuca Alemã,1,25,aa4d1cfe-c6c1-4fd8-8c4b-2b1b9942884c,Expo Afubra
65666941-dd90-4c0e-b8de-6d70afe6de88,45,2026-03-24 16:27:52.933-03,%,0,45,aa4d1cfe-c6c1-4fd8-8c4b-2b1b9942884c,Dinheiro,Cuca Alemã,1,25,aa4d1cfe-c6c1-4fd8-8c4b-2b1b9942884c,Expo Afubra
65666941-dd90-4c0e-b8de-6d70afe6de88,45,2026-03-24 16:27:52.933-03,%,0,45,aa4d1cfe-c6c1-4fd8-8c4b-2b1b9942884c,Dinheiro,Cuca Enrolada de Amendoim,1,15,aa4d1cfe-c6c1-4fd8-8c4b-2b1b9942884c,Expo Afubra
65666941-dd90-4c0e-b8de-6d70afe6de88,45,2026-03-24 16:27:52.933-03,%,0,45,aa4d1cfe-c6c1-4fd8-8c4b-2b1b9942884c,Dinheiro,Rapadura Assada,1,5,aa4d1cfe-c6c1-4fd8-8c4b-2b1b9942884c,Expo Afubra
a9a18ad0-b91b-4817-b44b-b0c372a93305,25,2026-03-24 16:30:51.964-03,%,0,25,aa4d1cfe-c6c1-4fd8-8c4b-2b1b9942884c,Dinheiro,Cuca Alemã,1,25,aa4d1cfe-c6c1-4fd8-8c4b-2b1b9942884c,Expo Afubra
4ed56903-e5b4-45c3-aea0-e2fbf88efc01,5,2026-03-24 16:31:52.698-03,%,0,5,aa4d1cfe-c6c1-4fd8-8c4b-2b1b9942884c,Dinheiro,Pé-de-Moleque,1,5,aa4d1cfe-c6c1-4fd8-8c4b-2b1b9942884c,Expo Afubra
eb7845e6-3a61-4a3f-82b2-ddc832d9921a,65,2026-03-24 16:33:59.693-03,%,0,65,aa4d1cfe-c6c1-4fd8-8c4b-2b1b9942884c,Cartão,Alfajor Preto (Pacote x4),4,5,aa4d1cfe-c6c1-4fd8-8c4b-2b1b9942884c,Expo Afubra
eb7845e6-3a61-4a3f-82b2-ddc832d9921a,65,2026-03-24 16:33:59.693-03,%,0,65,aa4d1cfe-c6c1-4fd8-8c4b-2b1b9942884c,Cartão,Rapadura de Melado (Pacote x3),3,6.666666666666667,aa4d1cfe-c6c1-4fd8-8c4b-2b1b9942884c,Expo Afubra
eb7845e6-3a61-4a3f-82b2-ddc832d9921a,65,2026-03-24 16:33:59.693-03,%,0,65,aa4d1cfe-c6c1-4fd8-8c4b-2b1b9942884c,Cartão,Rapadura Assada (Pacote x6),6,4.166666666666667,aa4d1cfe-c6c1-4fd8-8c4b-2b1b9942884c,Expo Afubra
6b05137f-6d1b-4921-9c1c-8c43bcd996ef,25,2026-03-24 16:34:37.292-03,%,0,25,aa4d1cfe-c6c1-4fd8-8c4b-2b1b9942884c,Cartão,Cuca Alemã,1,25,aa4d1cfe-c6c1-4fd8-8c4b-2b1b9942884c,Expo Afubra
dec7a1d9-2e8c-423c-9a74-c46796261141,25,2026-03-24 16:38:01.667-03,%,0,25,aa4d1cfe-c6c1-4fd8-8c4b-2b1b9942884c,Cartão,Cuca Alemã,1,25,aa4d1cfe-c6c1-4fd8-8c4b-2b1b9942884c,Expo Afubra
784ff8bd-71d3-4971-92ff-9a47161c1815,22,2026-03-24 16:42:05.804-03,%,0,22,aa4d1cfe-c6c1-4fd8-8c4b-2b1b9942884c,Dinheiro,Rapadura Assada,2,5,aa4d1cfe-c6c1-4fd8-8c4b-2b1b9942884c,Expo Afubra
784ff8bd-71d3-4971-92ff-9a47161c1815,22,2026-03-24 16:42:05.804-03,%,0,22,aa4d1cfe-c6c1-4fd8-8c4b-2b1b9942884c,Dinheiro,Alfajor Preto,2,6,aa4d1cfe-c6c1-4fd8-8c4b-2b1b9942884c,Expo Afubra
5a2e75cc-3a29-460d-9db1-13907f70f8f2,25,2026-03-24 16:44:27.019-03,%,0,25,aa4d1cfe-c6c1-4fd8-8c4b-2b1b9942884c,Pix,Cuca Alemã,1,25,aa4d1cfe-c6c1-4fd8-8c4b-2b1b9942884c,Expo Afubra
ce581937-cec8-405e-9114-df5572976857,25,2026-03-24 16:44:32.875-03,%,0,25,aa4d1cfe-c6c1-4fd8-8c4b-2b1b9942884c,Dinheiro,Cuca Alemã,1,25,aa4d1cfe-c6c1-4fd8-8c4b-2b1b9942884c,Expo Afubra
a7e937e0-30fe-49c4-9a48-0afcd3f51865,25,2026-03-24 16:46:24.904-03,%,0,25,aa4d1cfe-c6c1-4fd8-8c4b-2b1b9942884c,Dinheiro,Cuca Alemã,1,25,aa4d1cfe-c6c1-4fd8-8c4b-2b1b9942884c,Expo Afubra
caf43c90-47cf-4e6a-85cb-a5aa5f7c5bce,50,2026-03-24 16:51:37.592-03,%,0,50,aa4d1cfe-c6c1-4fd8-8c4b-2b1b9942884c,Dinheiro,Cuca Alemã,2,25,aa4d1cfe-c6c1-4fd8-8c4b-2b1b9942884c,Expo Afubra
98a1a530-c504-46ea-b91e-3656cc6116e5,65,2026-03-24 16:54:47.527-03,%,0,65,aa4d1cfe-c6c1-4fd8-8c4b-2b1b9942884c,Cartão,Alfajor Preto (Pacote x4),4,5,aa4d1cfe-c6c1-4fd8-8c4b-2b1b9942884c,Expo Afubra
98a1a530-c504-46ea-b91e-3656cc6116e5,65,2026-03-24 16:54:47.527-03,%,0,65,aa4d1cfe-c6c1-4fd8-8c4b-2b1b9942884c,Cartão,Rapadura de Melado (Pacote x3),3,6.666666666666667,aa4d1cfe-c6c1-4fd8-8c4b-2b1b9942884c,Expo Afubra
98a1a530-c504-46ea-b91e-3656cc6116e5,65,2026-03-24 16:54:47.527-03,%,0,65,aa4d1cfe-c6c1-4fd8-8c4b-2b1b9942884c,Cartão,Rapadura Assada (Pacote x6),6,4.166666666666667,aa4d1cfe-c6c1-4fd8-8c4b-2b1b9942884c,Expo Afubra
6aaa842c-54ee-446b-864b-5b4b63f52289,25,2026-03-24 16:55:56.984-03,%,0,25,aa4d1cfe-c6c1-4fd8-8c4b-2b1b9942884c,Dinheiro,Cuca Alemã,1,25,aa4d1cfe-c6c1-4fd8-8c4b-2b1b9942884c,Expo Afubra
f10cd774-efe2-4e96-b051-c2ef0763e561,25,2026-03-24 16:59:25.289-03,%,0,25,aa4d1cfe-c6c1-4fd8-8c4b-2b1b9942884c,Cartão,Cuca Alemã,1,25,aa4d1cfe-c6c1-4fd8-8c4b-2b1b9942884c,Expo Afubra
6179b017-195f-468d-b24d-707c4bd68cea,15,2026-03-24 16:59:35.394-03,%,0,15,aa4d1cfe-c6c1-4fd8-8c4b-2b1b9942884c,Dinheiro,Cuca Enrolada de Amendoim,1,15,aa4d1cfe-c6c1-4fd8-8c4b-2b1b9942884c,Expo Afubra
8bf82d40-c60b-4ecc-83d4-38c3b79b6d64,25,2026-03-24 17:01:33.406-03,%,0,25,aa4d1cfe-c6c1-4fd8-8c4b-2b1b9942884c,Dinheiro,Cuca Alemã,1,25,aa4d1cfe-c6c1-4fd8-8c4b-2b1b9942884c,Expo Afubra
5df8848e-d9d8-4f00-b42d-33aa92641fa8,25,2026-03-24 17:04:15.765-03,%,0,25,aa4d1cfe-c6c1-4fd8-8c4b-2b1b9942884c,Pix,Cuca Alemã,1,25,aa4d1cfe-c6c1-4fd8-8c4b-2b1b9942884c,Expo Afubra
57ed07ac-11ce-4bde-a133-df5a72334867,15,2026-03-24 17:06:35.505-03,%,0,15,aa4d1cfe-c6c1-4fd8-8c4b-2b1b9942884c,Cartão,Cuca Enrolada de Amendoim,1,15,aa4d1cfe-c6c1-4fd8-8c4b-2b1b9942884c,Expo Afubra
eb73a357-3d1f-4747-b687-955097b9f658,25,2026-03-24 17:09:54.832-03,%,0,25,aa4d1cfe-c6c1-4fd8-8c4b-2b1b9942884c,Dinheiro,Cuca Alemã,1,25,aa4d1cfe-c6c1-4fd8-8c4b-2b1b9942884c,Expo Afubra
8194deab-e4da-4fc9-8345-183ffa340767,22,2026-03-24 17:16:45.539-03,%,0,22,aa4d1cfe-c6c1-4fd8-8c4b-2b1b9942884c,Cartão,Rapadura de Melado,1,7,aa4d1cfe-c6c1-4fd8-8c4b-2b1b9942884c,Expo Afubra
8194deab-e4da-4fc9-8345-183ffa340767,22,2026-03-24 17:16:45.539-03,%,0,22,aa4d1cfe-c6c1-4fd8-8c4b-2b1b9942884c,Cartão,Cuca Enrolada de Amendoim,1,15,aa4d1cfe-c6c1-4fd8-8c4b-2b1b9942884c,Expo Afubra
37951143-f18b-483b-a62a-c1591e8e0c1b,25,2026-03-24 17:18:49.939-03,%,0,25,aa4d1cfe-c6c1-4fd8-8c4b-2b1b9942884c,Dinheiro,Cuca Alemã,1,25,aa4d1cfe-c6c1-4fd8-8c4b-2b1b9942884c,Expo Afubra
1452edab-68f6-4b8c-9cb4-1e3cde89a4a5,25,2026-03-24 17:20:40.966-03,%,0,25,aa4d1cfe-c6c1-4fd8-8c4b-2b1b9942884c,Dinheiro,Cuca Alemã,1,25,aa4d1cfe-c6c1-4fd8-8c4b-2b1b9942884c,Expo Afubra
76d60384-934b-458b-b4f6-c7b31d3ea25a,24,2026-03-24 17:21:16.765-03,R$,1,25,aa4d1cfe-c6c1-4fd8-8c4b-2b1b9942884c,Dinheiro,Cuca Alemã,1,25,aa4d1cfe-c6c1-4fd8-8c4b-2b1b9942884c,Expo Afubra
af83c54b-2314-4e66-85ac-3850ffd58eb6,25,2026-03-24 17:21:30.112-03,R$,0,25,aa4d1cfe-c6c1-4fd8-8c4b-2b1b9942884c,Dinheiro,Cuca Alemã,1,25,aa4d1cfe-c6c1-4fd8-8c4b-2b1b9942884c,Expo Afubra
8d20c594-64e9-44f4-ae2b-007c36bb55a7,5,2026-03-24 17:21:51.682-03,R$,0,5,aa4d1cfe-c6c1-4fd8-8c4b-2b1b9942884c,Dinheiro,Rapadura Assada,1,5,aa4d1cfe-c6c1-4fd8-8c4b-2b1b9942884c,Expo Afubra
91ab819d-9e81-4577-b524-45c389151da3,25,2026-03-24 17:28:14.126-03,R$,0,25,aa4d1cfe-c6c1-4fd8-8c4b-2b1b9942884c,Dinheiro,Cuca Alemã,1,25,aa4d1cfe-c6c1-4fd8-8c4b-2b1b9942884c,Expo Afubra
1dfc582c-4d5f-4e9d-9c70-4a2c18557a6c,15,2026-03-24 17:29:30.208-03,R$,0,15,aa4d1cfe-c6c1-4fd8-8c4b-2b1b9942884c,Pix,Cuca Enrolada de Amendoim,1,15,aa4d1cfe-c6c1-4fd8-8c4b-2b1b9942884c,Expo Afubra
8343efe3-9f2c-4a07-b142-fb940ab87cda,15,2026-03-24 17:29:41.393-03,R$,0,15,aa4d1cfe-c6c1-4fd8-8c4b-2b1b9942884c,Dinheiro,Cuca Enrolada de Amendoim,1,15,aa4d1cfe-c6c1-4fd8-8c4b-2b1b9942884c,Expo Afubra
f94cc945-27e3-4b98-b8d8-241b14ce31a1,15,2026-03-24 17:33:08.808-03,R$,0,15,aa4d1cfe-c6c1-4fd8-8c4b-2b1b9942884c,Dinheiro,Cuca Enrolada de Amendoim,1,15,aa4d1cfe-c6c1-4fd8-8c4b-2b1b9942884c,Expo Afubra
d22eac7a-21ba-4eb8-bb60-352d8f4627b0,20,2026-03-24 17:37:06.676-03,R$,1,21,aa4d1cfe-c6c1-4fd8-8c4b-2b1b9942884c,Dinheiro,Cuca Enrolada de Amendoim,1,15,aa4d1cfe-c6c1-4fd8-8c4b-2b1b9942884c,Expo Afubra
d22eac7a-21ba-4eb8-bb60-352d8f4627b0,20,2026-03-24 17:37:06.676-03,R$,1,21,aa4d1cfe-c6c1-4fd8-8c4b-2b1b9942884c,Dinheiro,Alfajor Preto,1,6,aa4d1cfe-c6c1-4fd8-8c4b-2b1b9942884c,Expo Afubra
0419ebcf-9267-4051-a733-d24ed8d752c2,25,2026-03-24 17:39:22.77-03,R$,0,25,aa4d1cfe-c6c1-4fd8-8c4b-2b1b9942884c,Dinheiro,Cuca Alemã,1,25,aa4d1cfe-c6c1-4fd8-8c4b-2b1b9942884c,Expo Afubra
55236769-92da-491c-ba55-7350772818e0,60,2026-03-24 17:43:41.422-03,R$,0,60,aa4d1cfe-c6c1-4fd8-8c4b-2b1b9942884c,Cartão,Cuca Alemã,1,25,aa4d1cfe-c6c1-4fd8-8c4b-2b1b9942884c,Expo Afubra
55236769-92da-491c-ba55-7350772818e0,60,2026-03-24 17:43:41.422-03,R$,0,60,aa4d1cfe-c6c1-4fd8-8c4b-2b1b9942884c,Cartão,Cuca Enrolada de Amendoim,1,15,aa4d1cfe-c6c1-4fd8-8c4b-2b1b9942884c,Expo Afubra
55236769-92da-491c-ba55-7350772818e0,60,2026-03-24 17:43:41.422-03,R$,0,60,aa4d1cfe-c6c1-4fd8-8c4b-2b1b9942884c,Cartão,Alfajor Preto (Pacote x4),4,5,aa4d1cfe-c6c1-4fd8-8c4b-2b1b9942884c,Expo Afubra
5dbf1011-88df-4dca-bd44-1655390597c6,15,2026-03-24 17:45:01.606-03,R$,0,15,aa4d1cfe-c6c1-4fd8-8c4b-2b1b9942884c,Dinheiro,Cuca Enrolada de Amendoim,1,15,aa4d1cfe-c6c1-4fd8-8c4b-2b1b9942884c,Expo Afubra
976b983b-3bc4-4956-9cb9-f9ab12229cd3,50,2026-03-24 17:49:49.828-03,%,0,50,aa4d1cfe-c6c1-4fd8-8c4b-2b1b9942884c,Cartão,Cuca Alemã,2,25,aa4d1cfe-c6c1-4fd8-8c4b-2b1b9942884c,Expo Afubra
89a547cc-305c-4418-91c6-7d8fb515c2f5,75,2026-03-24 21:38:35.885-03,%,0,75,aa4d1cfe-c6c1-4fd8-8c4b-2b1b9942884c,Dinheiro,Cuca Alemã,3,25,aa4d1cfe-c6c1-4fd8-8c4b-2b1b9942884c,Expo Afubra
ebe9a3e5-1d7a-46cf-ad9d-b32f954f4ba5,7,2026-03-25 09:19:10.184-03,%,0,7,aa4d1cfe-c6c1-4fd8-8c4b-2b1b9942884c,Dinheiro,Rapadura de Melado,1,7,aa4d1cfe-c6c1-4fd8-8c4b-2b1b9942884c,Expo Afubra
fd9e40a5-303e-4553-a534-6d93adcc6a14,5,2026-03-25 09:33:51.635-03,%,0,5,aa4d1cfe-c6c1-4fd8-8c4b-2b1b9942884c,Dinheiro,Rapadura Assada,1,5,aa4d1cfe-c6c1-4fd8-8c4b-2b1b9942884c,Expo Afubra
6c588351-57fd-4dfd-bbdd-2899f8943409,5,2026-03-25 09:37:40.484-03,%,0,5,aa4d1cfe-c6c1-4fd8-8c4b-2b1b9942884c,Dinheiro,Pé-de-Moleque,1,5,aa4d1cfe-c6c1-4fd8-8c4b-2b1b9942884c,Expo Afubra
b08854cb-5ee4-4da7-922f-8d3a268c9eec,35,2026-03-25 09:38:32.79-03,%,0,35,aa4d1cfe-c6c1-4fd8-8c4b-2b1b9942884c,Dinheiro,Rapadura de Melado (Pacote x3),3,6.666666666666667,aa4d1cfe-c6c1-4fd8-8c4b-2b1b9942884c,Expo Afubra
b08854cb-5ee4-4da7-922f-8d3a268c9eec,35,2026-03-25 09:38:32.79-03,%,0,35,aa4d1cfe-c6c1-4fd8-8c4b-2b1b9942884c,Dinheiro,Cuca Enrolada de Amendoim,1,15,aa4d1cfe-c6c1-4fd8-8c4b-2b1b9942884c,Expo Afubra
cffcc5b3-6a4c-4af3-98aa-7eaf4b24cbab,40,2026-03-25 09:40:11.092-03,%,0,40,aa4d1cfe-c6c1-4fd8-8c4b-2b1b9942884c,Dinheiro,Alfajor Preto (Pacote x4),8,5,aa4d1cfe-c6c1-4fd8-8c4b-2b1b9942884c,Expo Afubra
0e7cf799-a962-4cf7-b375-06c6b37b7d57,6,2026-03-25 09:52:45.142-03,%,0,6,aa4d1cfe-c6c1-4fd8-8c4b-2b1b9942884c,Pix,Alfajor Preto,1,6,aa4d1cfe-c6c1-4fd8-8c4b-2b1b9942884c,Expo Afubra
8760da42-8df1-4310-b746-caec3de1e0aa,15,2026-03-25 09:53:34.971-03,%,0,15,aa4d1cfe-c6c1-4fd8-8c4b-2b1b9942884c,Dinheiro,Rapadura Assada,2,5,aa4d1cfe-c6c1-4fd8-8c4b-2b1b9942884c,Expo Afubra
8760da42-8df1-4310-b746-caec3de1e0aa,15,2026-03-25 09:53:34.971-03,%,0,15,aa4d1cfe-c6c1-4fd8-8c4b-2b1b9942884c,Dinheiro,Pé-de-Moleque,1,5,aa4d1cfe-c6c1-4fd8-8c4b-2b1b9942884c,Expo Afubra
10fc1867-f60e-47f1-9532-a41319ea1db1,6,2026-03-25 09:57:44.038-03,%,0,6,aa4d1cfe-c6c1-4fd8-8c4b-2b1b9942884c,Dinheiro,Alfajor Preto,1,6,aa4d1cfe-c6c1-4fd8-8c4b-2b1b9942884c,Expo Afubra
165937a0-12cb-4403-b568-8035d268deff,15,2026-03-25 10:01:02.655-03,%,0,15,aa4d1cfe-c6c1-4fd8-8c4b-2b1b9942884c,Dinheiro,Cuca Enrolada de Amendoim,1,15,aa4d1cfe-c6c1-4fd8-8c4b-2b1b9942884c,Expo Afubra
e112cdca-5baa-404a-bd1b-7f51de5b1692,17,2026-03-25 10:12:32.993-03,%,0,17,aa4d1cfe-c6c1-4fd8-8c4b-2b1b9942884c,Cartão,"Bolacha de manteiga ",1,10,aa4d1cfe-c6c1-4fd8-8c4b-2b1b9942884c,Expo Afubra
e112cdca-5baa-404a-bd1b-7f51de5b1692,17,2026-03-25 10:12:32.993-03,%,0,17,aa4d1cfe-c6c1-4fd8-8c4b-2b1b9942884c,Cartão,Rapadura de Melado,1,7,aa4d1cfe-c6c1-4fd8-8c4b-2b1b9942884c,Expo Afubra
d9b966de-0a05-4eb7-9f2c-82f6f3a37e13,25,2026-03-25 10:17:48.533-03,%,0,25,aa4d1cfe-c6c1-4fd8-8c4b-2b1b9942884c,Dinheiro,Rapadura Assada (Pacote x6),6,4.166666666666667,aa4d1cfe-c6c1-4fd8-8c4b-2b1b9942884c,Expo Afubra
51404469-e51d-4714-9c55-f50000e2b4c3,8,2026-03-25 10:20:13.015-03,%,0,8,aa4d1cfe-c6c1-4fd8-8c4b-2b1b9942884c,Dinheiro,Cri-Cri 200g,1,8,aa4d1cfe-c6c1-4fd8-8c4b-2b1b9942884c,Expo Afubra
6ee704c4-1f89-44ac-b972-e34a00989f86,14,2026-03-25 10:26:05.053-03,%,0,14,aa4d1cfe-c6c1-4fd8-8c4b-2b1b9942884c,Dinheiro,Rapadura de Melado,2,7,aa4d1cfe-c6c1-4fd8-8c4b-2b1b9942884c,Expo Afubra
87ad7958-9455-4cc5-863c-0736f3f118f3,7,2026-03-25 10:26:52.073-03,%,0,7,aa4d1cfe-c6c1-4fd8-8c4b-2b1b9942884c,Dinheiro,Rapadura de Melado,1,7,aa4d1cfe-c6c1-4fd8-8c4b-2b1b9942884c,Expo Afubra
81f634ab-979d-4cce-8893-58a9c8eb606e,25,2026-03-25 10:27:14.652-03,%,0,25,aa4d1cfe-c6c1-4fd8-8c4b-2b1b9942884c,Dinheiro,Cuca Alemã,1,25,aa4d1cfe-c6c1-4fd8-8c4b-2b1b9942884c,Expo Afubra
aa09260e-17b7-42b3-a9bc-e269c6cf43e5,20,2026-03-25 10:29:27.278-03,%,0,20,aa4d1cfe-c6c1-4fd8-8c4b-2b1b9942884c,Dinheiro,Rapadura de Melado (Pacote x3),3,6.666666666666667,aa4d1cfe-c6c1-4fd8-8c4b-2b1b9942884c,Expo Afubra
cbe8d6df-939b-4811-a0a4-1a40b491b925,5,2026-03-25 10:35:10.296-03,%,0,5,aa4d1cfe-c6c1-4fd8-8c4b-2b1b9942884c,Dinheiro,Rapadura Assada,1,5,aa4d1cfe-c6c1-4fd8-8c4b-2b1b9942884c,Expo Afubra
2a4d77d8-cbba-4720-914c-253f4074af3a,30,2026-03-25 10:37:38.368-03,%,0,30,aa4d1cfe-c6c1-4fd8-8c4b-2b1b9942884c,Dinheiro,Cuca Enrolada de Amendoim,2,15,aa4d1cfe-c6c1-4fd8-8c4b-2b1b9942884c,Expo Afubra
448a9047-ab8d-4730-b6ec-e069a287d432,25,2026-03-25 10:39:40.087-03,%,0,25,aa4d1cfe-c6c1-4fd8-8c4b-2b1b9942884c,Dinheiro,Cuca Alemã,1,25,aa4d1cfe-c6c1-4fd8-8c4b-2b1b9942884c,Expo Afubra
c28827ec-6f67-473d-a7a7-35d1f72ed854,15,2026-03-25 10:41:49.774-03,%,0,15,aa4d1cfe-c6c1-4fd8-8c4b-2b1b9942884c,Dinheiro,Cuca Enrolada de Amendoim,1,15,aa4d1cfe-c6c1-4fd8-8c4b-2b1b9942884c,Expo Afubra
ef2fc2a8-9ac4-448e-8b30-031eae94f0a4,25,2026-03-25 10:47:38.733-03,%,0,25,aa4d1cfe-c6c1-4fd8-8c4b-2b1b9942884c,Dinheiro,Cuca Alemã,1,25,aa4d1cfe-c6c1-4fd8-8c4b-2b1b9942884c,Expo Afubra
dd038e54-c58f-4c90-a6b6-3a37b0a9da5d,25,2026-03-25 10:50:01.807-03,%,0,25,aa4d1cfe-c6c1-4fd8-8c4b-2b1b9942884c,Dinheiro,Cuca Alemã,1,25,aa4d1cfe-c6c1-4fd8-8c4b-2b1b9942884c,Expo Afubra
ea58b22f-733a-4102-9491-fcf126457717,6,2026-03-25 10:52:59.336-03,%,0,6,aa4d1cfe-c6c1-4fd8-8c4b-2b1b9942884c,Dinheiro,Alfajor Preto,1,6,aa4d1cfe-c6c1-4fd8-8c4b-2b1b9942884c,Expo Afubra
7616d023-10f1-498d-8204-d19096ddead0,5,2026-03-25 10:55:31.96-03,R$,1,6,aa4d1cfe-c6c1-4fd8-8c4b-2b1b9942884c,Dinheiro,Alfajor Preto,1,6,aa4d1cfe-c6c1-4fd8-8c4b-2b1b9942884c,Expo Afubra
6e4c6928-e6cf-46de-b2e1-de5737c3e943,20,2026-03-25 10:59:09.617-03,R$,0,20,aa4d1cfe-c6c1-4fd8-8c4b-2b1b9942884c,Cartão,Rapadura Assada,1,5,aa4d1cfe-c6c1-4fd8-8c4b-2b1b9942884c,Expo Afubra
6e4c6928-e6cf-46de-b2e1-de5737c3e943,20,2026-03-25 10:59:09.617-03,R$,0,20,aa4d1cfe-c6c1-4fd8-8c4b-2b1b9942884c,Cartão,Cuca Enrolada de Amendoim,1,15,aa4d1cfe-c6c1-4fd8-8c4b-2b1b9942884c,Expo Afubra
315d0aa9-8b12-4c3b-acb6-b15cc0f503ad,25,2026-03-25 11:01:12.717-03,R$,0,25,aa4d1cfe-c6c1-4fd8-8c4b-2b1b9942884c,Dinheiro,Cuca Alemã,1,25,aa4d1cfe-c6c1-4fd8-8c4b-2b1b9942884c,Expo Afubra
3011a69f-8d58-484c-8c52-c215e8e6053c,25,2026-03-25 11:12:20.877-03,R$,0,25,aa4d1cfe-c6c1-4fd8-8c4b-2b1b9942884c,Cartão,Cuca Alemã,1,25,aa4d1cfe-c6c1-4fd8-8c4b-2b1b9942884c,Expo Afubra
20322471-12d7-42de-8d94-5ba1c69da951,20,2026-03-25 11:13:01.725-03,R$,0,20,aa4d1cfe-c6c1-4fd8-8c4b-2b1b9942884c,Cartão,Alfajor Preto (Pacote x4),4,5,aa4d1cfe-c6c1-4fd8-8c4b-2b1b9942884c,Expo Afubra
d36a7b7d-25f8-45ed-a8e2-6bf7bcca0142,15,2026-03-25 11:14:25.521-03,R$,0,15,aa4d1cfe-c6c1-4fd8-8c4b-2b1b9942884c,Dinheiro,Cuca Enrolada de Amendoim,1,15,aa4d1cfe-c6c1-4fd8-8c4b-2b1b9942884c,Expo Afubra
b599fd6f-bc24-4fa9-acbe-50e81bb10638,31,2026-03-25 11:19:35.39-03,R$,0,31,aa4d1cfe-c6c1-4fd8-8c4b-2b1b9942884c,Dinheiro,Alfajor Preto,1,6,aa4d1cfe-c6c1-4fd8-8c4b-2b1b9942884c,Expo Afubra
b599fd6f-bc24-4fa9-acbe-50e81bb10638,31,2026-03-25 11:19:35.39-03,R$,0,31,aa4d1cfe-c6c1-4fd8-8c4b-2b1b9942884c,Dinheiro,Cuca Alemã,1,25,aa4d1cfe-c6c1-4fd8-8c4b-2b1b9942884c,Expo Afubra
a1c74046-3b3d-47d5-8231-8b82331fc79f,25,2026-03-25 11:26:38.929-03,R$,0,25,aa4d1cfe-c6c1-4fd8-8c4b-2b1b9942884c,Dinheiro,Cuca Alemã,1,25,aa4d1cfe-c6c1-4fd8-8c4b-2b1b9942884c,Expo Afubra
3130e68d-167f-4191-bc9e-754041f6b33c,25,2026-03-25 11:39:15.113-03,%,0,25,aa4d1cfe-c6c1-4fd8-8c4b-2b1b9942884c,Dinheiro,Cuca Alemã,1,25,aa4d1cfe-c6c1-4fd8-8c4b-2b1b9942884c,Expo Afubra
b30703e2-c0f5-4236-97b5-3663adbbef21,10,2026-03-25 11:42:35.089-03,%,0,10,aa4d1cfe-c6c1-4fd8-8c4b-2b1b9942884c,Dinheiro,Rapadura Assada,2,5,aa4d1cfe-c6c1-4fd8-8c4b-2b1b9942884c,Expo Afubra
a94e98e1-61ed-4965-8f87-989169152eb3,8,2026-03-25 11:44:15.268-03,%,0,8,aa4d1cfe-c6c1-4fd8-8c4b-2b1b9942884c,Dinheiro,Cri-Cri 200g,1,8,aa4d1cfe-c6c1-4fd8-8c4b-2b1b9942884c,Expo Afubra
937ce1dc-ce21-4e58-bedd-f753e2e6de5c,15,2026-03-25 11:44:40.075-03,%,0,15,aa4d1cfe-c6c1-4fd8-8c4b-2b1b9942884c,Dinheiro,Cuca Enrolada de Amendoim,1,15,aa4d1cfe-c6c1-4fd8-8c4b-2b1b9942884c,Expo Afubra
fe6393e5-18bc-4900-9213-6bd2137591df,7,2026-03-25 11:57:37.531-03,%,0,7,aa4d1cfe-c6c1-4fd8-8c4b-2b1b9942884c,Dinheiro,Rapadura de Melado,1,7,aa4d1cfe-c6c1-4fd8-8c4b-2b1b9942884c,Expo Afubra
2012a240-7c17-450e-936c-27077ad3527e,15,2026-03-25 12:02:15.58-03,%,0,15,aa4d1cfe-c6c1-4fd8-8c4b-2b1b9942884c,Dinheiro,Cuca Enrolada de Amendoim,1,15,aa4d1cfe-c6c1-4fd8-8c4b-2b1b9942884c,Expo Afubra
2d06aa70-a4d0-4580-adfc-d8f87060df67,20,2026-03-25 12:16:02.9-03,%,0,20,aa4d1cfe-c6c1-4fd8-8c4b-2b1b9942884c,Dinheiro,Rapadura de Melado (Pacote x3),3,6.666666666666667,aa4d1cfe-c6c1-4fd8-8c4b-2b1b9942884c,Expo Afubra
4eb41c5b-04cd-4583-bc54-c7b88de86def,15,2026-03-25 12:24:58.49-03,%,0,15,aa4d1cfe-c6c1-4fd8-8c4b-2b1b9942884c,Cartão,"Amendoim salgado e temperado ",1,8,aa4d1cfe-c6c1-4fd8-8c4b-2b1b9942884c,Expo Afubra
4eb41c5b-04cd-4583-bc54-c7b88de86def,15,2026-03-25 12:24:58.49-03,%,0,15,aa4d1cfe-c6c1-4fd8-8c4b-2b1b9942884c,Cartão,Rapadura de Melado,1,7,aa4d1cfe-c6c1-4fd8-8c4b-2b1b9942884c,Expo Afubra
631a0b0f-a0c2-405b-8edb-4c225ae1325b,20,2026-03-25 12:28:10.441-03,%,0,20,aa4d1cfe-c6c1-4fd8-8c4b-2b1b9942884c,Dinheiro,Alfajor Preto (Pacote x4),4,5,aa4d1cfe-c6c1-4fd8-8c4b-2b1b9942884c,Expo Afubra
5107de0e-e1f4-48a0-bf83-46d6dafebe5b,30,2026-03-25 12:36:39.528-03,%,0,30,aa4d1cfe-c6c1-4fd8-8c4b-2b1b9942884c,Dinheiro,Cuca Enrolada de Amendoim,2,15,aa4d1cfe-c6c1-4fd8-8c4b-2b1b9942884c,Expo Afubra
b3a4929d-ad3e-40fb-8610-cb26c5716938,25,2026-03-25 12:41:47.19-03,%,0,25,aa4d1cfe-c6c1-4fd8-8c4b-2b1b9942884c,Dinheiro,Cuca Alemã,1,25,aa4d1cfe-c6c1-4fd8-8c4b-2b1b9942884c,Expo Afubra
80cf36cb-e6c5-45c8-9578-361a84b931aa,12,2026-03-25 12:42:33.452-03,%,0,12,aa4d1cfe-c6c1-4fd8-8c4b-2b1b9942884c,Dinheiro,Alfajor Preto,2,6,aa4d1cfe-c6c1-4fd8-8c4b-2b1b9942884c,Expo Afubra
ae7c0753-1776-4ac2-893e-d8416d6a4489,7,2026-03-25 12:46:33.837-03,%,0,7,aa4d1cfe-c6c1-4fd8-8c4b-2b1b9942884c,Dinheiro,Rapadura de Melado,1,7,aa4d1cfe-c6c1-4fd8-8c4b-2b1b9942884c,Expo Afubra
ebeeb9e5-6425-447a-bba6-c224491453be,15,2026-03-25 12:47:18.525-03,%,0,15,aa4d1cfe-c6c1-4fd8-8c4b-2b1b9942884c,Dinheiro,Cuca Enrolada de Amendoim,1,15,aa4d1cfe-c6c1-4fd8-8c4b-2b1b9942884c,Expo Afubra
56c3e826-a940-4d2a-b330-0117fe5468b2,5,2026-03-25 12:50:52.091-03,%,0,5,aa4d1cfe-c6c1-4fd8-8c4b-2b1b9942884c,Cartão,Pé-de-Moleque,1,5,aa4d1cfe-c6c1-4fd8-8c4b-2b1b9942884c,Expo Afubra
54831efd-04d9-4669-b6ed-521cb3b92a24,25,2026-03-25 12:53:56.835-03,%,0,25,aa4d1cfe-c6c1-4fd8-8c4b-2b1b9942884c,Dinheiro,Cuca Alemã,1,25,aa4d1cfe-c6c1-4fd8-8c4b-2b1b9942884c,Expo Afubra
18c06d10-3081-47d9-a11d-4039722ba946,7,2026-03-25 12:57:56.5-03,%,0,7,aa4d1cfe-c6c1-4fd8-8c4b-2b1b9942884c,Dinheiro,Rapadura de Melado,1,7,aa4d1cfe-c6c1-4fd8-8c4b-2b1b9942884c,Expo Afubra
2e4c8676-a1ad-4999-bca5-5958130bb058,40,2026-03-25 12:58:29.96-03,%,0,40,aa4d1cfe-c6c1-4fd8-8c4b-2b1b9942884c,Dinheiro,Cuca Alemã,1,25,aa4d1cfe-c6c1-4fd8-8c4b-2b1b9942884c,Expo Afubra
2e4c8676-a1ad-4999-bca5-5958130bb058,40,2026-03-25 12:58:29.96-03,%,0,40,aa4d1cfe-c6c1-4fd8-8c4b-2b1b9942884c,Dinheiro,Cuca Enrolada de Amendoim,1,15,aa4d1cfe-c6c1-4fd8-8c4b-2b1b9942884c,Expo Afubra
8d1b6b95-fdb9-4c22-abec-543e57a7e01a,7,2026-03-25 13:04:09.106-03,%,0,7,aa4d1cfe-c6c1-4fd8-8c4b-2b1b9942884c,Dinheiro,Rapadura de Melado,1,7,aa4d1cfe-c6c1-4fd8-8c4b-2b1b9942884c,Expo Afubra
009fd014-f883-44bc-a444-c134345e91b3,15,2026-03-25 13:08:12.365-03,%,0,15,aa4d1cfe-c6c1-4fd8-8c4b-2b1b9942884c,Cartão,Cuca Enrolada de Amendoim,1,15,aa4d1cfe-c6c1-4fd8-8c4b-2b1b9942884c,Expo Afubra
fb2578e9-bb63-4a7e-99ab-0522ffa8b6e8,13,2026-03-25 13:21:09.626-03,%,0,13,aa4d1cfe-c6c1-4fd8-8c4b-2b1b9942884c,Cartão,Rapadura de Melado,1,7,aa4d1cfe-c6c1-4fd8-8c4b-2b1b9942884c,Expo Afubra
fb2578e9-bb63-4a7e-99ab-0522ffa8b6e8,13,2026-03-25 13:21:09.626-03,%,0,13,aa4d1cfe-c6c1-4fd8-8c4b-2b1b9942884c,Cartão,Alfajor Preto,1,6,aa4d1cfe-c6c1-4fd8-8c4b-2b1b9942884c,Expo Afubra
4bdb3099-b4bc-445d-8a9b-abd571e61674,75,2026-03-25 13:21:19.85-03,%,0,75,aa4d1cfe-c6c1-4fd8-8c4b-2b1b9942884c,Dinheiro,Rapadura Assada (Pacote x6),18,4.166666666666667,aa4d1cfe-c6c1-4fd8-8c4b-2b1b9942884c,Expo Afubra
8e5908ba-2ea0-40a5-9152-3b02a1e31db2,40,2026-03-25 13:26:29.181-03,%,0,40,aa4d1cfe-c6c1-4fd8-8c4b-2b1b9942884c,Dinheiro,Cuca Alemã,1,25,aa4d1cfe-c6c1-4fd8-8c4b-2b1b9942884c,Expo Afubra
8e5908ba-2ea0-40a5-9152-3b02a1e31db2,40,2026-03-25 13:26:29.181-03,%,0,40,aa4d1cfe-c6c1-4fd8-8c4b-2b1b9942884c,Dinheiro,Cuca Enrolada de Amendoim,1,15,aa4d1cfe-c6c1-4fd8-8c4b-2b1b9942884c,Expo Afubra
fa03d762-31ec-49cc-97e1-e4cf478ab65b,7,2026-03-25 13:27:44.833-03,%,0,7,aa4d1cfe-c6c1-4fd8-8c4b-2b1b9942884c,Pix,Rapadura de Melado,1,7,aa4d1cfe-c6c1-4fd8-8c4b-2b1b9942884c,Expo Afubra
65811847-1b42-4385-b67d-321cf9b71043,20,2026-03-25 13:32:52.319-03,%,0,20,aa4d1cfe-c6c1-4fd8-8c4b-2b1b9942884c,Dinheiro,Alfajor Preto (Pacote x4),4,5,aa4d1cfe-c6c1-4fd8-8c4b-2b1b9942884c,Expo Afubra
1d7d1346-7ab6-44ca-8d1c-5f177307146e,12,2026-03-25 13:34:38.552-03,%,0,12,aa4d1cfe-c6c1-4fd8-8c4b-2b1b9942884c,Dinheiro,Alfajor Preto,2,6,aa4d1cfe-c6c1-4fd8-8c4b-2b1b9942884c,Expo Afubra
ebbed809-e6f4-4b4a-9850-60eaa218e98b,20,2026-03-25 13:34:55.647-03,%,0,20,aa4d1cfe-c6c1-4fd8-8c4b-2b1b9942884c,Dinheiro,Alfajor Preto (Caixa x16),0,5,aa4d1cfe-c6c1-4fd8-8c4b-2b1b9942884c,Expo Afubra
ebbed809-e6f4-4b4a-9850-60eaa218e98b,20,2026-03-25 13:34:55.647-03,%,0,20,aa4d1cfe-c6c1-4fd8-8c4b-2b1b9942884c,Dinheiro,Alfajor Preto (Pacote x4),4,5,aa4d1cfe-c6c1-4fd8-8c4b-2b1b9942884c,Expo Afubra
646449e4-fab5-4689-8448-09f69dcfccfd,50,2026-03-25 13:45:01.202-03,%,0,50,aa4d1cfe-c6c1-4fd8-8c4b-2b1b9942884c,Cartão,Cuca Alemã,1,25,aa4d1cfe-c6c1-4fd8-8c4b-2b1b9942884c,Expo Afubra
646449e4-fab5-4689-8448-09f69dcfccfd,50,2026-03-25 13:45:01.202-03,%,0,50,aa4d1cfe-c6c1-4fd8-8c4b-2b1b9942884c,Cartão,Rapadura Assada (Pacote x6),6,4.166666666666667,aa4d1cfe-c6c1-4fd8-8c4b-2b1b9942884c,Expo Afubra
3d5df007-7f25-4599-8bb5-06594c4a872d,40,2026-03-25 13:49:22.116-03,%,0,40,aa4d1cfe-c6c1-4fd8-8c4b-2b1b9942884c,Dinheiro,Rapadura de Melado (Pacote x3),6,6.666666666666667,aa4d1cfe-c6c1-4fd8-8c4b-2b1b9942884c,Expo Afubra
f55295cd-861d-4378-9b8a-b4b3d33e5733,15,2026-03-25 13:53:14.802-03,%,0,15,aa4d1cfe-c6c1-4fd8-8c4b-2b1b9942884c,Dinheiro,Cuca Enrolada de Amendoim,1,15,aa4d1cfe-c6c1-4fd8-8c4b-2b1b9942884c,Expo Afubra
cf4dc5e6-b21e-4cb9-a033-d90754e8315d,15,2026-03-25 13:54:40.292-03,%,0,15,aa4d1cfe-c6c1-4fd8-8c4b-2b1b9942884c,Dinheiro,Cuca Enrolada de Amendoim,1,15,aa4d1cfe-c6c1-4fd8-8c4b-2b1b9942884c,Expo Afubra
a4a65963-d01d-47dc-a160-e2568ee77145,40,2026-03-25 13:55:23.233-03,%,0,40,aa4d1cfe-c6c1-4fd8-8c4b-2b1b9942884c,Pix,Cuca Alemã,1,25,aa4d1cfe-c6c1-4fd8-8c4b-2b1b9942884c,Expo Afubra
a4a65963-d01d-47dc-a160-e2568ee77145,40,2026-03-25 13:55:23.233-03,%,0,40,aa4d1cfe-c6c1-4fd8-8c4b-2b1b9942884c,Pix,"Amendoim salgado e temperado ",1,8,aa4d1cfe-c6c1-4fd8-8c4b-2b1b9942884c,Expo Afubra
a4a65963-d01d-47dc-a160-e2568ee77145,40,2026-03-25 13:55:23.233-03,%,0,40,aa4d1cfe-c6c1-4fd8-8c4b-2b1b9942884c,Pix,Rapadura de Melado,1,7,aa4d1cfe-c6c1-4fd8-8c4b-2b1b9942884c,Expo Afubra
f6f3bf4e-93c3-4365-a549-18e9fc5af933,20,2026-03-25 13:55:52.502-03,%,0,20,aa4d1cfe-c6c1-4fd8-8c4b-2b1b9942884c,Cartão,Alfajor Preto (Pacote x4),4,5,aa4d1cfe-c6c1-4fd8-8c4b-2b1b9942884c,Expo Afubra
ef71a6b5-38ff-4dd4-846d-2b185f7d87c5,25,2026-03-25 13:58:27.562-03,%,0,25,aa4d1cfe-c6c1-4fd8-8c4b-2b1b9942884c,Dinheiro,Rapadura Assada (Pacote x6),6,4.166666666666667,aa4d1cfe-c6c1-4fd8-8c4b-2b1b9942884c,Expo Afubra
592fb317-19d9-42bb-a141-a2f36d203aae,32,2026-03-25 13:59:07.359-03,%,0,32,aa4d1cfe-c6c1-4fd8-8c4b-2b1b9942884c,Pix,Rapadura Assada (Pacote x6),6,4.166666666666667,aa4d1cfe-c6c1-4fd8-8c4b-2b1b9942884c,Expo Afubra
592fb317-19d9-42bb-a141-a2f36d203aae,32,2026-03-25 13:59:07.359-03,%,0,32,aa4d1cfe-c6c1-4fd8-8c4b-2b1b9942884c,Pix,Rapadura de Melado,1,7,aa4d1cfe-c6c1-4fd8-8c4b-2b1b9942884c,Expo Afubra
41b43dbc-4b6d-496f-bdcf-0ed7df4b931c,25,2026-03-25 13:59:20.189-03,%,0,25,aa4d1cfe-c6c1-4fd8-8c4b-2b1b9942884c,Cartão,Rapadura Assada (Pacote x6),6,4.166666666666667,aa4d1cfe-c6c1-4fd8-8c4b-2b1b9942884c,Expo Afubra
28a12b24-bc51-4acb-aea1-91804871fe57,10,2026-03-25 14:01:24.504-03,%,0,10,aa4d1cfe-c6c1-4fd8-8c4b-2b1b9942884c,Dinheiro,Rapadura Assada,2,5,aa4d1cfe-c6c1-4fd8-8c4b-2b1b9942884c,Expo Afubra
049011b5-aa97-43f8-aa93-2e2a991e0d3b,15,2026-03-25 14:02:37.658-03,%,0,15,aa4d1cfe-c6c1-4fd8-8c4b-2b1b9942884c,Dinheiro,"Amendoim salgado e temperado ",1,8,aa4d1cfe-c6c1-4fd8-8c4b-2b1b9942884c,Expo Afubra
049011b5-aa97-43f8-aa93-2e2a991e0d3b,15,2026-03-25 14:02:37.658-03,%,0,15,aa4d1cfe-c6c1-4fd8-8c4b-2b1b9942884c,Dinheiro,Rapadura de Melado,1,7,aa4d1cfe-c6c1-4fd8-8c4b-2b1b9942884c,Expo Afubra
e9cd5480-8305-45a4-9043-b16214bab092,45,2026-03-25 14:06:02.406-03,%,0,45,aa4d1cfe-c6c1-4fd8-8c4b-2b1b9942884c,Cartão,Cuca Alemã,1,25,aa4d1cfe-c6c1-4fd8-8c4b-2b1b9942884c,Expo Afubra
e9cd5480-8305-45a4-9043-b16214bab092,45,2026-03-25 14:06:02.406-03,%,0,45,aa4d1cfe-c6c1-4fd8-8c4b-2b1b9942884c,Cartão,Rapadura de Melado (Pacote x3),3,6.666666666666667,aa4d1cfe-c6c1-4fd8-8c4b-2b1b9942884c,Expo Afubra
3b14ce5b-fa2c-48c6-a7c9-abee28113406,15,2026-03-25 14:06:12.123-03,%,0,15,aa4d1cfe-c6c1-4fd8-8c4b-2b1b9942884c,Dinheiro,Cuca Enrolada de Amendoim,1,15,aa4d1cfe-c6c1-4fd8-8c4b-2b1b9942884c,Expo Afubra
a3d53ca4-b121-4ca1-89a2-6ab791772ed3,5,2026-03-25 14:06:24.16-03,%,0,5,aa4d1cfe-c6c1-4fd8-8c4b-2b1b9942884c,Dinheiro,Rapadura Assada,1,5,aa4d1cfe-c6c1-4fd8-8c4b-2b1b9942884c,Expo Afubra
d5b0c690-2f5b-468e-940a-7b2215ddbcf7,25,2026-03-25 14:07:19.162-03,%,0,25,aa4d1cfe-c6c1-4fd8-8c4b-2b1b9942884c,Dinheiro,Cuca Enrolada de Amendoim,1,15,aa4d1cfe-c6c1-4fd8-8c4b-2b1b9942884c,Expo Afubra
d5b0c690-2f5b-468e-940a-7b2215ddbcf7,25,2026-03-25 14:07:19.162-03,%,0,25,aa4d1cfe-c6c1-4fd8-8c4b-2b1b9942884c,Dinheiro,"Bolacha de manteiga ",1,10,aa4d1cfe-c6c1-4fd8-8c4b-2b1b9942884c,Expo Afubra
61442952-4f14-44a3-89e6-7106129d2963,15,2026-03-25 14:07:38.538-03,%,0,15,aa4d1cfe-c6c1-4fd8-8c4b-2b1b9942884c,Dinheiro,Cuca Enrolada de Amendoim,1,15,aa4d1cfe-c6c1-4fd8-8c4b-2b1b9942884c,Expo Afubra
4b9568de-e56c-4cdd-854d-2835b1be83f8,7,2026-03-25 14:09:10.82-03,%,0,7,aa4d1cfe-c6c1-4fd8-8c4b-2b1b9942884c,Dinheiro,Rapadura de Melado,1,7,aa4d1cfe-c6c1-4fd8-8c4b-2b1b9942884c,Expo Afubra
84278bfc-a35b-4c25-8c30-230ad8c453ad,20,2026-03-25 14:11:39.958-03,%,0,20,aa4d1cfe-c6c1-4fd8-8c4b-2b1b9942884c,Dinheiro,Rapadura de Melado (Pacote x3),3,6.666666666666667,aa4d1cfe-c6c1-4fd8-8c4b-2b1b9942884c,Expo Afubra
3a9c86d6-fdf0-46be-b522-0818856a1951,7,2026-03-25 14:13:37.504-03,%,0,7,aa4d1cfe-c6c1-4fd8-8c4b-2b1b9942884c,Dinheiro,Rapadura de Melado,1,7,aa4d1cfe-c6c1-4fd8-8c4b-2b1b9942884c,Expo Afubra
6fbc125d-1357-4b47-bccb-e93b4a12a2d0,15,2026-03-25 14:15:51.384-03,%,0,15,aa4d1cfe-c6c1-4fd8-8c4b-2b1b9942884c,Dinheiro,Cuca Enrolada de Amendoim,1,15,aa4d1cfe-c6c1-4fd8-8c4b-2b1b9942884c,Expo Afubra
99d19ea5-bf2e-4d4a-b6f4-e791c9c8f68a,37,2026-03-25 14:17:28.495-03,%,0,37,aa4d1cfe-c6c1-4fd8-8c4b-2b1b9942884c,Dinheiro,Cuca Enrolada de Amendoim,2,15,aa4d1cfe-c6c1-4fd8-8c4b-2b1b9942884c,Expo Afubra
99d19ea5-bf2e-4d4a-b6f4-e791c9c8f68a,37,2026-03-25 14:17:28.495-03,%,0,37,aa4d1cfe-c6c1-4fd8-8c4b-2b1b9942884c,Dinheiro,Rapadura de Melado,1,7,aa4d1cfe-c6c1-4fd8-8c4b-2b1b9942884c,Expo Afubra
d5b555cd-46e2-4771-ab0f-1010b25572dd,22,2026-03-25 14:18:33.6-03,%,0,22,aa4d1cfe-c6c1-4fd8-8c4b-2b1b9942884c,Dinheiro,Rapadura de Melado,1,7,aa4d1cfe-c6c1-4fd8-8c4b-2b1b9942884c,Expo Afubra
d5b555cd-46e2-4771-ab0f-1010b25572dd,22,2026-03-25 14:18:33.6-03,%,0,22,aa4d1cfe-c6c1-4fd8-8c4b-2b1b9942884c,Dinheiro,Cuca Enrolada de Amendoim,1,15,aa4d1cfe-c6c1-4fd8-8c4b-2b1b9942884c,Expo Afubra
f3296ade-ce94-4706-a45c-31419b50c090,7,2026-03-25 14:18:44.86-03,%,0,7,aa4d1cfe-c6c1-4fd8-8c4b-2b1b9942884c,Dinheiro,Rapadura de Melado,1,7,aa4d1cfe-c6c1-4fd8-8c4b-2b1b9942884c,Expo Afubra
6097c93c-a3ea-483e-a415-1049e558901d,25,2026-03-25 14:19:50.851-03,%,0,25,aa4d1cfe-c6c1-4fd8-8c4b-2b1b9942884c,Dinheiro,Cuca Alemã,1,25,aa4d1cfe-c6c1-4fd8-8c4b-2b1b9942884c,Expo Afubra
dc6709d6-13ae-4636-945a-cd2cf110e3a2,7,2026-03-25 14:24:02.488-03,%,0,7,aa4d1cfe-c6c1-4fd8-8c4b-2b1b9942884c,Cartão,Rapadura de Melado,1,7,aa4d1cfe-c6c1-4fd8-8c4b-2b1b9942884c,Expo Afubra
ed4d34a7-a17c-4b99-af2c-b1af5c769a4f,20,2026-03-25 14:24:17.558-03,%,0,20,aa4d1cfe-c6c1-4fd8-8c4b-2b1b9942884c,Dinheiro,Rapadura de Melado (Pacote x3),3,6.666666666666667,aa4d1cfe-c6c1-4fd8-8c4b-2b1b9942884c,Expo Afubra
c5110d2c-8c2a-4cee-9d88-f58e67b5a9f9,40,2026-03-25 14:25:05.775-03,%,0,40,aa4d1cfe-c6c1-4fd8-8c4b-2b1b9942884c,Dinheiro,Cuca Enrolada de Amendoim,1,15,aa4d1cfe-c6c1-4fd8-8c4b-2b1b9942884c,Expo Afubra
c5110d2c-8c2a-4cee-9d88-f58e67b5a9f9,40,2026-03-25 14:25:05.775-03,%,0,40,aa4d1cfe-c6c1-4fd8-8c4b-2b1b9942884c,Dinheiro,Cuca Alemã,1,25,aa4d1cfe-c6c1-4fd8-8c4b-2b1b9942884c,Expo Afubra
a3712d99-2aaa-4997-9741-dd4f14f94218,20,2026-03-25 14:25:23.849-03,%,0,20,aa4d1cfe-c6c1-4fd8-8c4b-2b1b9942884c,Dinheiro,Alfajor Preto (Pacote x4),4,5,aa4d1cfe-c6c1-4fd8-8c4b-2b1b9942884c,Expo Afubra
dfe43f42-0909-43f1-8f3b-af4cc59086f4,12,2026-03-25 14:27:59.845-03,%,0,12,aa4d1cfe-c6c1-4fd8-8c4b-2b1b9942884c,Pix,Alfajor Preto,2,6,aa4d1cfe-c6c1-4fd8-8c4b-2b1b9942884c,Expo Afubra
8606c7fa-a18b-453e-8186-76646764d736,20,2026-03-25 14:31:24.929-03,%,0,20,aa4d1cfe-c6c1-4fd8-8c4b-2b1b9942884c,Dinheiro,Rapadura de Melado (Pacote x3),3,6.666666666666667,aa4d1cfe-c6c1-4fd8-8c4b-2b1b9942884c,Expo Afubra
696da86d-09a8-4301-8e7d-3114c516b57a,7,2026-03-25 14:33:48.107-03,%,0,7,aa4d1cfe-c6c1-4fd8-8c4b-2b1b9942884c,Dinheiro,Rapadura de Melado,1,7,aa4d1cfe-c6c1-4fd8-8c4b-2b1b9942884c,Expo Afubra
f530bd6e-f9a6-430b-8a75-a66b5d39dc70,15,2026-03-25 14:34:37.907-03,%,0,15,aa4d1cfe-c6c1-4fd8-8c4b-2b1b9942884c,Cartão,Cuca Enrolada de Amendoim,1,15,aa4d1cfe-c6c1-4fd8-8c4b-2b1b9942884c,Expo Afubra
60c78007-b087-4c4e-b77c-277a09ea20cf,50,2026-03-25 14:35:56.319-03,%,0,50,aa4d1cfe-c6c1-4fd8-8c4b-2b1b9942884c,Dinheiro,Rapadura de Melado (Pacote x3),3,6.666666666666667,aa4d1cfe-c6c1-4fd8-8c4b-2b1b9942884c,Expo Afubra
60c78007-b087-4c4e-b77c-277a09ea20cf,50,2026-03-25 14:35:56.319-03,%,0,50,aa4d1cfe-c6c1-4fd8-8c4b-2b1b9942884c,Dinheiro,Cuca Enrolada de Amendoim,2,15,aa4d1cfe-c6c1-4fd8-8c4b-2b1b9942884c,Expo Afubra
1ea75103-4a28-447a-b4a5-e9d1e2ae346b,55,2026-03-25 14:39:53.21-03,R$,2,57,aa4d1cfe-c6c1-4fd8-8c4b-2b1b9942884c,Cartão,Alfajor Preto (Pacote x4),4,5,aa4d1cfe-c6c1-4fd8-8c4b-2b1b9942884c,Expo Afubra
1ea75103-4a28-447a-b4a5-e9d1e2ae346b,55,2026-03-25 14:39:53.21-03,R$,2,57,aa4d1cfe-c6c1-4fd8-8c4b-2b1b9942884c,Cartão,Alfajor Preto,2,6,aa4d1cfe-c6c1-4fd8-8c4b-2b1b9942884c,Expo Afubra
1ea75103-4a28-447a-b4a5-e9d1e2ae346b,55,2026-03-25 14:39:53.21-03,R$,2,57,aa4d1cfe-c6c1-4fd8-8c4b-2b1b9942884c,Cartão,Rapadura Assada (Pacote x6),6,4.166666666666667,aa4d1cfe-c6c1-4fd8-8c4b-2b1b9942884c,Expo Afubra
6d53e9fd-bb1b-4331-8302-ddff9eab7e06,30,2026-03-25 14:41:22.027-03,R$,0,30,aa4d1cfe-c6c1-4fd8-8c4b-2b1b9942884c,Cartão,Cuca Enrolada de Amendoim,2,15,aa4d1cfe-c6c1-4fd8-8c4b-2b1b9942884c,Expo Afubra
e4546655-35db-42ac-bc9f-5beb4d21eab1,14,2026-03-25 14:43:04.894-03,R$,0,14,aa4d1cfe-c6c1-4fd8-8c4b-2b1b9942884c,Dinheiro,Rapadura de Melado,2,7,aa4d1cfe-c6c1-4fd8-8c4b-2b1b9942884c,Expo Afubra
3322b944-1ee3-484c-9daa-87cbb2b0d9f0,7,2026-03-25 14:47:00.982-03,R$,0,7,aa4d1cfe-c6c1-4fd8-8c4b-2b1b9942884c,Dinheiro,Rapadura de Melado,1,7,aa4d1cfe-c6c1-4fd8-8c4b-2b1b9942884c,Expo Afubra
5841e6b3-40be-4d63-8007-6e2f461f06e3,10,2026-03-25 14:51:14.174-03,R$,0,10,aa4d1cfe-c6c1-4fd8-8c4b-2b1b9942884c,Dinheiro,Rapadura Assada,2,5,aa4d1cfe-c6c1-4fd8-8c4b-2b1b9942884c,Expo Afubra
0a1abd47-ca3d-4309-a4ce-bde074564f9c,7,2026-03-25 14:57:13.719-03,R$,0,7,aa4d1cfe-c6c1-4fd8-8c4b-2b1b9942884c,Cartão,Rapadura de Melado,1,7,aa4d1cfe-c6c1-4fd8-8c4b-2b1b9942884c,Expo Afubra
18979872-b36a-4d7c-bbe1-44789bcdf939,14,2026-03-25 14:57:26.694-03,R$,0,14,aa4d1cfe-c6c1-4fd8-8c4b-2b1b9942884c,Dinheiro,Rapadura de Melado,2,7,aa4d1cfe-c6c1-4fd8-8c4b-2b1b9942884c,Expo Afubra
cb79fe8f-1efd-4f95-952e-f2c00e28fcf7,20,2026-03-25 15:05:50.537-03,R$,0,20,aa4d1cfe-c6c1-4fd8-8c4b-2b1b9942884c,Cartão,Rapadura Assada,1,5,aa4d1cfe-c6c1-4fd8-8c4b-2b1b9942884c,Expo Afubra
cb79fe8f-1efd-4f95-952e-f2c00e28fcf7,20,2026-03-25 15:05:50.537-03,R$,0,20,aa4d1cfe-c6c1-4fd8-8c4b-2b1b9942884c,Cartão,Cuca Enrolada de Amendoim,1,15,aa4d1cfe-c6c1-4fd8-8c4b-2b1b9942884c,Expo Afubra
73b06e9b-6bf3-42b3-858e-bbb33e3756f7,12,2026-03-25 15:17:31.974-03,R$,0,12,aa4d1cfe-c6c1-4fd8-8c4b-2b1b9942884c,Dinheiro,Alfajor Preto,2,6,aa4d1cfe-c6c1-4fd8-8c4b-2b1b9942884c,Expo Afubra
df641d86-18e5-4252-ab24-f2bde0f0b0ab,20,2026-03-25 15:21:09.746-03,R$,0,20,aa4d1cfe-c6c1-4fd8-8c4b-2b1b9942884c,Dinheiro,Rapadura de Melado (Pacote x3),3,6.666666666666667,aa4d1cfe-c6c1-4fd8-8c4b-2b1b9942884c,Expo Afubra
b6ca164c-98c4-4969-adac-28dfa6bd2c5b,25,2026-03-25 15:26:16.708-03,R$,0,25,aa4d1cfe-c6c1-4fd8-8c4b-2b1b9942884c,Dinheiro,Cuca Alemã,1,25,aa4d1cfe-c6c1-4fd8-8c4b-2b1b9942884c,Expo Afubra
e63ec61c-0e4d-4f78-8c73-29a937b3f9ee,10,2026-03-25 15:27:14.479-03,%,0,10,aa4d1cfe-c6c1-4fd8-8c4b-2b1b9942884c,Dinheiro,"Bolacha de manteiga ",1,10,aa4d1cfe-c6c1-4fd8-8c4b-2b1b9942884c,Expo Afubra
c02c7362-e9f0-4cf3-ae46-3e0842deda33,15,2026-03-25 15:31:59.572-03,%,0,15,aa4d1cfe-c6c1-4fd8-8c4b-2b1b9942884c,Dinheiro,Cuca Enrolada de Amendoim,1,15,aa4d1cfe-c6c1-4fd8-8c4b-2b1b9942884c,Expo Afubra
7f19f8ba-0a7d-4972-ad68-254dd42c636a,55,2026-03-25 15:37:43.379-03,%,0,55,aa4d1cfe-c6c1-4fd8-8c4b-2b1b9942884c,Dinheiro,Rapadura Assada (Pacote x6),6,4.166666666666667,aa4d1cfe-c6c1-4fd8-8c4b-2b1b9942884c,Expo Afubra
7f19f8ba-0a7d-4972-ad68-254dd42c636a,55,2026-03-25 15:37:43.379-03,%,0,55,aa4d1cfe-c6c1-4fd8-8c4b-2b1b9942884c,Dinheiro,Cuca Enrolada de Amendoim,2,15,aa4d1cfe-c6c1-4fd8-8c4b-2b1b9942884c,Expo Afubra
617359af-4806-48f4-a404-d256a7e491da,27,2026-03-25 15:40:51.232-03,%,0,27,aa4d1cfe-c6c1-4fd8-8c4b-2b1b9942884c,Dinheiro,Alfajor Preto (Pacote x4),4,5,aa4d1cfe-c6c1-4fd8-8c4b-2b1b9942884c,Expo Afubra
617359af-4806-48f4-a404-d256a7e491da,27,2026-03-25 15:40:51.232-03,%,0,27,aa4d1cfe-c6c1-4fd8-8c4b-2b1b9942884c,Dinheiro,Rapadura de Melado,1,7,aa4d1cfe-c6c1-4fd8-8c4b-2b1b9942884c,Expo Afubra
fc8871f4-bb45-4cc3-97da-6f2e8f4133a4,6,2026-03-25 15:41:19.168-03,%,0,6,aa4d1cfe-c6c1-4fd8-8c4b-2b1b9942884c,Dinheiro,Alfajor Preto,1,6,aa4d1cfe-c6c1-4fd8-8c4b-2b1b9942884c,Expo Afubra
6a2a0795-29b7-419f-a6dc-1f4c9d4489ff,50,2026-03-25 15:44:19.859-03,%,0,50,aa4d1cfe-c6c1-4fd8-8c4b-2b1b9942884c,Dinheiro,Cuca Enrolada de Amendoim,2,15,aa4d1cfe-c6c1-4fd8-8c4b-2b1b9942884c,Expo Afubra
6a2a0795-29b7-419f-a6dc-1f4c9d4489ff,50,2026-03-25 15:44:19.859-03,%,0,50,aa4d1cfe-c6c1-4fd8-8c4b-2b1b9942884c,Dinheiro,Alfajor Preto (Pacote x4),4,5,aa4d1cfe-c6c1-4fd8-8c4b-2b1b9942884c,Expo Afubra
35d24b21-e288-4847-b662-2083e7166d92,15,2026-03-25 15:47:28.163-03,%,0,15,aa4d1cfe-c6c1-4fd8-8c4b-2b1b9942884c,Dinheiro,Cuca Enrolada de Amendoim,1,15,aa4d1cfe-c6c1-4fd8-8c4b-2b1b9942884c,Expo Afubra
fd424d96-252f-4281-b495-f86eee0e5369,45,2026-03-25 15:48:20.788-03,%,0,45,aa4d1cfe-c6c1-4fd8-8c4b-2b1b9942884c,Dinheiro,Cuca Enrolada de Amendoim,3,15,aa4d1cfe-c6c1-4fd8-8c4b-2b1b9942884c,Expo Afubra
983ab014-af8b-4253-bb34-70a679e00f50,35,2026-03-25 15:50:37.224-03,%,0,35,aa4d1cfe-c6c1-4fd8-8c4b-2b1b9942884c,Cartão,Alfajor Preto (Pacote x4),4,5,aa4d1cfe-c6c1-4fd8-8c4b-2b1b9942884c,Expo Afubra
983ab014-af8b-4253-bb34-70a679e00f50,35,2026-03-25 15:50:37.224-03,%,0,35,aa4d1cfe-c6c1-4fd8-8c4b-2b1b9942884c,Cartão,Cuca Enrolada de Amendoim,1,15,aa4d1cfe-c6c1-4fd8-8c4b-2b1b9942884c,Expo Afubra
b5fc718a-1007-42e1-9a3b-a7ce1e6b48dc,15,2026-03-25 15:53:26.589-03,%,0,15,aa4d1cfe-c6c1-4fd8-8c4b-2b1b9942884c,Dinheiro,Cuca Enrolada de Amendoim,1,15,aa4d1cfe-c6c1-4fd8-8c4b-2b1b9942884c,Expo Afubra
28e32e8f-8f2d-40f4-b1f5-f6948780cb09,15,2026-03-25 15:58:45.689-03,%,0,15,aa4d1cfe-c6c1-4fd8-8c4b-2b1b9942884c,Dinheiro,Cuca Enrolada de Amendoim,1,15,aa4d1cfe-c6c1-4fd8-8c4b-2b1b9942884c,Expo Afubra
365dd418-b01e-42b9-8a03-c6f8e15b6b50,20,2026-03-25 16:08:38.672-03,%,0,20,aa4d1cfe-c6c1-4fd8-8c4b-2b1b9942884c,Dinheiro,Alfajor Preto (Pacote x4),4,5,aa4d1cfe-c6c1-4fd8-8c4b-2b1b9942884c,Expo Afubra
421d0f63-4b3a-4915-84b3-80fdbfe27359,40,2026-03-25 16:09:58.491-03,%,0,40,aa4d1cfe-c6c1-4fd8-8c4b-2b1b9942884c,Dinheiro,Alfajor Preto (Pacote x4),8,5,aa4d1cfe-c6c1-4fd8-8c4b-2b1b9942884c,Expo Afubra
61e7abd6-d814-4f0e-bf22-e3dbca76a9d9,30,2026-03-25 16:33:40.912-03,%,0,30,aa4d1cfe-c6c1-4fd8-8c4b-2b1b9942884c,Dinheiro,Cuca Enrolada de Amendoim,2,15,aa4d1cfe-c6c1-4fd8-8c4b-2b1b9942884c,Expo Afubra
9cd1de37-f7c2-40b7-ba69-e9f529534142,6,2026-03-25 16:34:51.058-03,%,0,6,aa4d1cfe-c6c1-4fd8-8c4b-2b1b9942884c,Dinheiro,Alfajor Preto,1,6,aa4d1cfe-c6c1-4fd8-8c4b-2b1b9942884c,Expo Afubra
d83c2f84-e677-4926-8007-baafc8be09af,25,2026-03-25 16:40:14.391-03,%,0,25,aa4d1cfe-c6c1-4fd8-8c4b-2b1b9942884c,Pix,Rapadura Assada (Pacote x6),6,4.166666666666667,aa4d1cfe-c6c1-4fd8-8c4b-2b1b9942884c,Expo Afubra
c4dfb457-d3d7-4848-8bbd-b9c98acdb73c,8,2026-03-25 16:40:46.848-03,%,0,8,aa4d1cfe-c6c1-4fd8-8c4b-2b1b9942884c,Cartão,Cri-Cri 200g,1,8,aa4d1cfe-c6c1-4fd8-8c4b-2b1b9942884c,Expo Afubra
a28a51ef-9727-4eb2-b4a8-55ff00d6d428,6,2026-03-25 16:40:53.936-03,%,0,6,aa4d1cfe-c6c1-4fd8-8c4b-2b1b9942884c,Dinheiro,Alfajor Preto,1,6,aa4d1cfe-c6c1-4fd8-8c4b-2b1b9942884c,Expo Afubra
0875538f-f71c-4210-9524-814319e39221,11,2026-03-25 16:52:01.167-03,%,0,11,aa4d1cfe-c6c1-4fd8-8c4b-2b1b9942884c,Cartão,Alfajor Preto,1,6,aa4d1cfe-c6c1-4fd8-8c4b-2b1b9942884c,Expo Afubra
0875538f-f71c-4210-9524-814319e39221,11,2026-03-25 16:52:01.167-03,%,0,11,aa4d1cfe-c6c1-4fd8-8c4b-2b1b9942884c,Cartão,Rapadura Assada,1,5,aa4d1cfe-c6c1-4fd8-8c4b-2b1b9942884c,Expo Afubra
396227de-07ce-480c-ac4d-1e6c958b491c,20,2026-03-25 17:00:09.76-03,%,0,20,aa4d1cfe-c6c1-4fd8-8c4b-2b1b9942884c,Dinheiro,Alfajor Preto (Pacote x4),4,5,aa4d1cfe-c6c1-4fd8-8c4b-2b1b9942884c,Expo Afubra
415c48f2-6d80-45a5-9072-df2410e849fb,20,2026-03-25 17:13:48.906-03,%,0,20,aa4d1cfe-c6c1-4fd8-8c4b-2b1b9942884c,Dinheiro,Rapadura de Melado (Pacote x3),3,6.666666666666667,aa4d1cfe-c6c1-4fd8-8c4b-2b1b9942884c,Expo Afubra
bdca082f-0a83-4504-a23e-c27c7d698390,20,2026-03-25 17:16:04.532-03,%,0,20,aa4d1cfe-c6c1-4fd8-8c4b-2b1b9942884c,Dinheiro,Rapadura de Melado (Pacote x3),3,6.666666666666667,aa4d1cfe-c6c1-4fd8-8c4b-2b1b9942884c,Expo Afubra
633f729a-f6c4-4166-9eb9-b985ab75df2d,20,2026-03-25 17:19:04.268-03,%,0,20,aa4d1cfe-c6c1-4fd8-8c4b-2b1b9942884c,Dinheiro,Alfajor Preto (Pacote x4),4,5,aa4d1cfe-c6c1-4fd8-8c4b-2b1b9942884c,Expo Afubra
5bbc2ae4-5910-478c-8aee-c73c08f6be74,25,2026-03-25 17:20:24.681-03,%,0,25,aa4d1cfe-c6c1-4fd8-8c4b-2b1b9942884c,Dinheiro,Rapadura Assada (Pacote x6),6,4.166666666666667,aa4d1cfe-c6c1-4fd8-8c4b-2b1b9942884c,Expo Afubra
e2b37e03-f297-4f1f-96ea-5724cfee234a,25,2026-03-25 17:29:39.439-03,%,0,25,aa4d1cfe-c6c1-4fd8-8c4b-2b1b9942884c,Dinheiro,Rapadura Assada (Pacote x6),6,4.166666666666667,aa4d1cfe-c6c1-4fd8-8c4b-2b1b9942884c,Expo Afubra
b8e5d51b-c0c3-4530-9a69-89b4dd15ec20,20,2026-03-25 17:31:08.956-03,%,0,20,aa4d1cfe-c6c1-4fd8-8c4b-2b1b9942884c,Pix,Alfajor Preto (Pacote x4),4,5,aa4d1cfe-c6c1-4fd8-8c4b-2b1b9942884c,Expo Afubra
f0ef90a3-03f0-41b8-b9d6-73fce92d1d77,19,2026-03-25 17:34:50.729-03,%,0,19,aa4d1cfe-c6c1-4fd8-8c4b-2b1b9942884c,Cartão,Alfajor Preto,2,6,aa4d1cfe-c6c1-4fd8-8c4b-2b1b9942884c,Expo Afubra
f0ef90a3-03f0-41b8-b9d6-73fce92d1d77,19,2026-03-25 17:34:50.729-03,%,0,19,aa4d1cfe-c6c1-4fd8-8c4b-2b1b9942884c,Cartão,Rapadura de Melado,1,7,aa4d1cfe-c6c1-4fd8-8c4b-2b1b9942884c,Expo Afubra
96a18def-43e1-4146-9408-2ebc4fe69120,11,2026-03-25 17:47:17.355-03,%,0,11,aa4d1cfe-c6c1-4fd8-8c4b-2b1b9942884c,Dinheiro,Alfajor Preto,1,6,aa4d1cfe-c6c1-4fd8-8c4b-2b1b9942884c,Expo Afubra
96a18def-43e1-4146-9408-2ebc4fe69120,11,2026-03-25 17:47:17.355-03,%,0,11,aa4d1cfe-c6c1-4fd8-8c4b-2b1b9942884c,Dinheiro,Rapadura Assada,1,5,aa4d1cfe-c6c1-4fd8-8c4b-2b1b9942884c,Expo Afubra
fb60a33f-89e6-4b96-93cb-411f7ee4b106,25,2026-03-26 08:22:21.386-03,%,0,25,aa4d1cfe-c6c1-4fd8-8c4b-2b1b9942884c,Dinheiro,Cuca Alemã,1,25,aa4d1cfe-c6c1-4fd8-8c4b-2b1b9942884c,Expo Afubra
3a22a0cf-fa4a-4f31-990b-0232d3c2459f,12,2026-03-26 08:28:58.145-03,%,0,12,aa4d1cfe-c6c1-4fd8-8c4b-2b1b9942884c,Dinheiro,Rapadura Assada,1,5,aa4d1cfe-c6c1-4fd8-8c4b-2b1b9942884c,Expo Afubra
3a22a0cf-fa4a-4f31-990b-0232d3c2459f,12,2026-03-26 08:28:58.145-03,%,0,12,aa4d1cfe-c6c1-4fd8-8c4b-2b1b9942884c,Dinheiro,Rapadura de Melado,1,7,aa4d1cfe-c6c1-4fd8-8c4b-2b1b9942884c,Expo Afubra
3df11a94-7581-4a17-ba53-e2d18c676388,17,2026-03-26 08:30:20.755-03,%,0,17,aa4d1cfe-c6c1-4fd8-8c4b-2b1b9942884c,Dinheiro,Alfajor Preto,2,6,aa4d1cfe-c6c1-4fd8-8c4b-2b1b9942884c,Expo Afubra
3df11a94-7581-4a17-ba53-e2d18c676388,17,2026-03-26 08:30:20.755-03,%,0,17,aa4d1cfe-c6c1-4fd8-8c4b-2b1b9942884c,Dinheiro,Rapadura Assada,1,5,aa4d1cfe-c6c1-4fd8-8c4b-2b1b9942884c,Expo Afubra
4e19dfeb-da14-49be-917a-f90a08b503dc,40,2026-03-26 08:49:24.207-03,%,0,40,aa4d1cfe-c6c1-4fd8-8c4b-2b1b9942884c,Dinheiro,Rapadura de Melado (Pacote x3),3,6.666666666666667,aa4d1cfe-c6c1-4fd8-8c4b-2b1b9942884c,Expo Afubra
4e19dfeb-da14-49be-917a-f90a08b503dc,40,2026-03-26 08:49:24.207-03,%,0,40,aa4d1cfe-c6c1-4fd8-8c4b-2b1b9942884c,Dinheiro,Alfajor Preto (Pacote x4),4,5,aa4d1cfe-c6c1-4fd8-8c4b-2b1b9942884c,Expo Afubra
623d933f-358c-4d9e-9c72-c4cb55b061e3,20,2026-03-26 08:56:44.272-03,%,0,20,aa4d1cfe-c6c1-4fd8-8c4b-2b1b9942884c,Cartão,Alfajor Preto (Pacote x4),4,5,aa4d1cfe-c6c1-4fd8-8c4b-2b1b9942884c,Expo Afubra
97d52fad-6316-4cf9-871e-c4a2a9a48b3d,25,2026-03-26 09:03:03.016-03,%,0,25,aa4d1cfe-c6c1-4fd8-8c4b-2b1b9942884c,Pix,Cuca Alemã,1,25,aa4d1cfe-c6c1-4fd8-8c4b-2b1b9942884c,Expo Afubra
d75a9a31-ee05-4fae-83dd-dfb5762d1458,45,2026-03-26 09:06:38.119-03,%,0,45,aa4d1cfe-c6c1-4fd8-8c4b-2b1b9942884c,Dinheiro,Rapadura Assada (Pacote x6),6,4.166666666666667,aa4d1cfe-c6c1-4fd8-8c4b-2b1b9942884c,Expo Afubra
d75a9a31-ee05-4fae-83dd-dfb5762d1458,45,2026-03-26 09:06:38.119-03,%,0,45,aa4d1cfe-c6c1-4fd8-8c4b-2b1b9942884c,Dinheiro,Alfajor Preto (Pacote x4),4,5,aa4d1cfe-c6c1-4fd8-8c4b-2b1b9942884c,Expo Afubra
c29994e7-6fe9-4a53-a4a3-e5c460681477,40,2026-03-26 09:15:12.687-03,%,0,40,aa4d1cfe-c6c1-4fd8-8c4b-2b1b9942884c,Cartão,Cuca Alemã,1,25,aa4d1cfe-c6c1-4fd8-8c4b-2b1b9942884c,Expo Afubra
c29994e7-6fe9-4a53-a4a3-e5c460681477,40,2026-03-26 09:15:12.687-03,%,0,40,aa4d1cfe-c6c1-4fd8-8c4b-2b1b9942884c,Cartão,Cuca Enrolada de Amendoim,1,15,aa4d1cfe-c6c1-4fd8-8c4b-2b1b9942884c,Expo Afubra
8ef0cb75-1b2c-4836-a33e-1cf53087baae,10,2026-03-26 09:15:54.083-03,%,0,10,aa4d1cfe-c6c1-4fd8-8c4b-2b1b9942884c,Dinheiro,"Bolacha de manteiga ",1,10,aa4d1cfe-c6c1-4fd8-8c4b-2b1b9942884c,Expo Afubra
c99066cc-b430-4379-9173-3725e928f7b5,40,2026-03-26 09:17:03.598-03,%,0,40,aa4d1cfe-c6c1-4fd8-8c4b-2b1b9942884c,Cartão,Cuca Alemã,1,25,aa4d1cfe-c6c1-4fd8-8c4b-2b1b9942884c,Expo Afubra
c99066cc-b430-4379-9173-3725e928f7b5,40,2026-03-26 09:17:03.598-03,%,0,40,aa4d1cfe-c6c1-4fd8-8c4b-2b1b9942884c,Cartão,Cuca Enrolada de Amendoim,1,15,aa4d1cfe-c6c1-4fd8-8c4b-2b1b9942884c,Expo Afubra
c7c7fede-bae6-4330-ace8-a4f1b7e7d6c1,40,2026-03-26 09:17:18.646-03,%,0,40,aa4d1cfe-c6c1-4fd8-8c4b-2b1b9942884c,Dinheiro,Cuca Alemã,1,25,aa4d1cfe-c6c1-4fd8-8c4b-2b1b9942884c,Expo Afubra
c7c7fede-bae6-4330-ace8-a4f1b7e7d6c1,40,2026-03-26 09:17:18.646-03,%,0,40,aa4d1cfe-c6c1-4fd8-8c4b-2b1b9942884c,Dinheiro,Cuca Enrolada de Amendoim,1,15,aa4d1cfe-c6c1-4fd8-8c4b-2b1b9942884c,Expo Afubra
b52dbe35-0db1-412c-9c5f-31d1c08bd2ec,7,2026-03-26 09:18:14.028-03,%,0,7,aa4d1cfe-c6c1-4fd8-8c4b-2b1b9942884c,Cartão,Rapadura de Melado,1,7,aa4d1cfe-c6c1-4fd8-8c4b-2b1b9942884c,Expo Afubra
89629080-4357-4e92-8358-95f459bbec74,15,2026-03-26 09:19:20.804-03,%,0,15,aa4d1cfe-c6c1-4fd8-8c4b-2b1b9942884c,Cartão,Cuca Enrolada de Amendoim,1,15,aa4d1cfe-c6c1-4fd8-8c4b-2b1b9942884c,Expo Afubra
f5e456ad-cbbe-45c3-9c23-ef047c721699,25,2026-03-26 09:23:18.615-03,%,0,25,aa4d1cfe-c6c1-4fd8-8c4b-2b1b9942884c,Dinheiro,Cuca Alemã,1,25,aa4d1cfe-c6c1-4fd8-8c4b-2b1b9942884c,Expo Afubra
71f29416-fab8-4c6e-9eff-bba8c20c0c1d,15,2026-03-26 09:46:58.518-03,%,0,15,aa4d1cfe-c6c1-4fd8-8c4b-2b1b9942884c,Dinheiro,Cuca Enrolada de Amendoim,1,15,aa4d1cfe-c6c1-4fd8-8c4b-2b1b9942884c,Expo Afubra
46f5a752-a201-4714-bc5c-ff943ecd3396,15,2026-03-26 10:01:27.148-03,%,0,15,aa4d1cfe-c6c1-4fd8-8c4b-2b1b9942884c,Dinheiro,Cuca Enrolada de Amendoim,1,15,aa4d1cfe-c6c1-4fd8-8c4b-2b1b9942884c,Expo Afubra
c535fc29-44a4-4ce9-95c5-78bf0af0470c,75,2026-03-26 10:02:42.018-03,R$,5,80,aa4d1cfe-c6c1-4fd8-8c4b-2b1b9942884c,Pix,Alfajor Preto (Caixa x16),16,5,aa4d1cfe-c6c1-4fd8-8c4b-2b1b9942884c,Expo Afubra
b7c00d7d-361e-478c-a178-0b6d778e11e6,50,2026-03-26 10:16:08.603-03,R$,0,50,aa4d1cfe-c6c1-4fd8-8c4b-2b1b9942884c,Cartão,Cuca Alemã,2,25,aa4d1cfe-c6c1-4fd8-8c4b-2b1b9942884c,Expo Afubra
a4b7bb31-d9af-4b51-bbe4-3e78df429ec3,25,2026-03-26 10:20:02.355-03,R$,0,25,aa4d1cfe-c6c1-4fd8-8c4b-2b1b9942884c,Dinheiro,Cuca Alemã,1,25,aa4d1cfe-c6c1-4fd8-8c4b-2b1b9942884c,Expo Afubra
c7ceb2de-88b0-4bfe-84e4-823b5431d77a,25,2026-03-26 10:23:36.617-03,R$,0,25,aa4d1cfe-c6c1-4fd8-8c4b-2b1b9942884c,Cartão,Cuca Alemã,1,25,aa4d1cfe-c6c1-4fd8-8c4b-2b1b9942884c,Expo Afubra
0d050913-e0db-45b0-acc6-37badb1fdf82,12,2026-03-26 10:29:11.213-03,R$,0,12,aa4d1cfe-c6c1-4fd8-8c4b-2b1b9942884c,Dinheiro,Rapadura de Melado,1,7,aa4d1cfe-c6c1-4fd8-8c4b-2b1b9942884c,Expo Afubra
0d050913-e0db-45b0-acc6-37badb1fdf82,12,2026-03-26 10:29:11.213-03,R$,0,12,aa4d1cfe-c6c1-4fd8-8c4b-2b1b9942884c,Dinheiro,Rapadura Assada,1,5,aa4d1cfe-c6c1-4fd8-8c4b-2b1b9942884c,Expo Afubra
8b427a42-08b9-4573-a896-20ef8b8e0e27,25,2026-03-26 10:35:04.048-03,R$,0,25,aa4d1cfe-c6c1-4fd8-8c4b-2b1b9942884c,Dinheiro,Cuca Alemã,1,25,aa4d1cfe-c6c1-4fd8-8c4b-2b1b9942884c,Expo Afubra
9b3fdff9-1632-4589-a582-a32d653274eb,6,2026-03-26 10:54:55.889-03,%,0,6,aa4d1cfe-c6c1-4fd8-8c4b-2b1b9942884c,Pix,Alfajor Preto,1,6,aa4d1cfe-c6c1-4fd8-8c4b-2b1b9942884c,Expo Afubra
f0fe0b9e-b40c-4c58-a9ae-faa64aed888f,8,2026-03-26 10:55:12.576-03,%,0,8,aa4d1cfe-c6c1-4fd8-8c4b-2b1b9942884c,Dinheiro,Cri-Cri 200g,1,8,aa4d1cfe-c6c1-4fd8-8c4b-2b1b9942884c,Expo Afubra
9868fe1a-8937-4ab4-8197-02156b97f6b2,50,2026-03-26 11:01:35.898-03,%,0,50,aa4d1cfe-c6c1-4fd8-8c4b-2b1b9942884c,Cartão,Cuca Alemã,2,25,aa4d1cfe-c6c1-4fd8-8c4b-2b1b9942884c,Expo Afubra
3377546b-a3d6-4029-89fb-3c126990bd05,16,2026-03-26 11:05:28.464-03,%,0,16,aa4d1cfe-c6c1-4fd8-8c4b-2b1b9942884c,Dinheiro,"Amendoim salgado e temperado ",1,8,aa4d1cfe-c6c1-4fd8-8c4b-2b1b9942884c,Expo Afubra
3377546b-a3d6-4029-89fb-3c126990bd05,16,2026-03-26 11:05:28.464-03,%,0,16,aa4d1cfe-c6c1-4fd8-8c4b-2b1b9942884c,Dinheiro,Cri-Cri 200g,1,8,aa4d1cfe-c6c1-4fd8-8c4b-2b1b9942884c,Expo Afubra
f1a306e3-f81d-48c2-9bb2-f572a9808d30,45,2026-03-26 11:08:56.471-03,%,0,45,aa4d1cfe-c6c1-4fd8-8c4b-2b1b9942884c,Dinheiro,Cuca Alemã,1,25,aa4d1cfe-c6c1-4fd8-8c4b-2b1b9942884c,Expo Afubra
f1a306e3-f81d-48c2-9bb2-f572a9808d30,45,2026-03-26 11:08:56.471-03,%,0,45,aa4d1cfe-c6c1-4fd8-8c4b-2b1b9942884c,Dinheiro,Alfajor Preto (Pacote x4),4,5,aa4d1cfe-c6c1-4fd8-8c4b-2b1b9942884c,Expo Afubra
b394f4a1-19c4-44f7-bf25-0bcceaff3ece,25,2026-03-26 11:11:42.869-03,%,0,25,aa4d1cfe-c6c1-4fd8-8c4b-2b1b9942884c,Cartão,Rapadura Assada (Pacote x6),6,4.166666666666667,aa4d1cfe-c6c1-4fd8-8c4b-2b1b9942884c,Expo Afubra
d256c157-34f1-48ff-8c95-1cd8545f8d5f,8,2026-03-26 11:12:13.045-03,%,0,8,aa4d1cfe-c6c1-4fd8-8c4b-2b1b9942884c,Dinheiro,Cri-Cri 200g,1,8,aa4d1cfe-c6c1-4fd8-8c4b-2b1b9942884c,Expo Afubra
320ee98d-67e2-4954-a1d9-6bf3cf55937e,21,2026-03-26 11:15:23.073-03,%,0,21,aa4d1cfe-c6c1-4fd8-8c4b-2b1b9942884c,Dinheiro,Alfajor Preto,1,6,aa4d1cfe-c6c1-4fd8-8c4b-2b1b9942884c,Expo Afubra
320ee98d-67e2-4954-a1d9-6bf3cf55937e,21,2026-03-26 11:15:23.073-03,%,0,21,aa4d1cfe-c6c1-4fd8-8c4b-2b1b9942884c,Dinheiro,Rapadura Assada,3,5,aa4d1cfe-c6c1-4fd8-8c4b-2b1b9942884c,Expo Afubra
1b1cfbda-77ef-46f9-b895-1b4255d0d27e,25,2026-03-26 11:20:29.558-03,%,0,25,aa4d1cfe-c6c1-4fd8-8c4b-2b1b9942884c,Dinheiro,Cuca Alemã,1,25,aa4d1cfe-c6c1-4fd8-8c4b-2b1b9942884c,Expo Afubra
8c14a8ea-5b46-4257-b757-861ee26d4359,25,2026-03-26 11:26:14.827-03,%,0,25,aa4d1cfe-c6c1-4fd8-8c4b-2b1b9942884c,Cartão,Cuca Alemã,1,25,aa4d1cfe-c6c1-4fd8-8c4b-2b1b9942884c,Expo Afubra
568a5678-3341-4dfd-83ce-cb11a1eb8891,25,2026-03-26 11:27:03.147-03,%,0,25,aa4d1cfe-c6c1-4fd8-8c4b-2b1b9942884c,Dinheiro,Cuca Alemã,1,25,aa4d1cfe-c6c1-4fd8-8c4b-2b1b9942884c,Expo Afubra
9ef98bd2-4cf2-4bc8-91a5-a5db4f9e1dee,25,2026-03-26 11:27:57.706-03,%,0,25,aa4d1cfe-c6c1-4fd8-8c4b-2b1b9942884c,Dinheiro,Cuca Alemã,1,25,aa4d1cfe-c6c1-4fd8-8c4b-2b1b9942884c,Expo Afubra
00ebfcab-b190-47ee-8a7e-5802708ce49a,25,2026-03-26 11:28:24.902-03,%,0,25,aa4d1cfe-c6c1-4fd8-8c4b-2b1b9942884c,Dinheiro,Cuca Alemã,1,25,aa4d1cfe-c6c1-4fd8-8c4b-2b1b9942884c,Expo Afubra
086f3b08-a924-4e8b-8ab1-1846aaec0a1b,25,2026-03-26 11:29:16.629-03,%,0,25,aa4d1cfe-c6c1-4fd8-8c4b-2b1b9942884c,Dinheiro,Cuca Alemã,1,25,aa4d1cfe-c6c1-4fd8-8c4b-2b1b9942884c,Expo Afubra
58eef24d-e225-4e22-beb8-d3e0532c4e55,15,2026-03-26 11:36:55.696-03,%,0,15,aa4d1cfe-c6c1-4fd8-8c4b-2b1b9942884c,Cartão,Cuca Enrolada de Amendoim,1,15,aa4d1cfe-c6c1-4fd8-8c4b-2b1b9942884c,Expo Afubra
8d682069-2f6b-4939-a5cb-9339f6a1abcc,40,2026-03-26 11:47:15.44-03,%,0,40,aa4d1cfe-c6c1-4fd8-8c4b-2b1b9942884c,Dinheiro,Cuca Enrolada de Amendoim,1,15,aa4d1cfe-c6c1-4fd8-8c4b-2b1b9942884c,Expo Afubra
8d682069-2f6b-4939-a5cb-9339f6a1abcc,40,2026-03-26 11:47:15.44-03,%,0,40,aa4d1cfe-c6c1-4fd8-8c4b-2b1b9942884c,Dinheiro,Cuca Alemã,1,25,aa4d1cfe-c6c1-4fd8-8c4b-2b1b9942884c,Expo Afubra
53a6fd61-1f81-4135-ac1f-e4092c99ea69,50,2026-03-26 11:51:55.378-03,%,0,50,aa4d1cfe-c6c1-4fd8-8c4b-2b1b9942884c,Dinheiro,Cuca Alemã,2,25,aa4d1cfe-c6c1-4fd8-8c4b-2b1b9942884c,Expo Afubra
2a7cb1d4-3bd8-4e37-866e-dd925747e7ab,6,2026-03-26 11:55:27.669-03,%,0,6,aa4d1cfe-c6c1-4fd8-8c4b-2b1b9942884c,Cartão,Alfajor Preto,1,6,aa4d1cfe-c6c1-4fd8-8c4b-2b1b9942884c,Expo Afubra
695e49be-7eda-4b61-81a0-d20becf3fbbf,45,2026-03-26 12:03:04.024-03,R$,5,50,aa4d1cfe-c6c1-4fd8-8c4b-2b1b9942884c,Dinheiro,Cuca Alemã,2,25,aa4d1cfe-c6c1-4fd8-8c4b-2b1b9942884c,Expo Afubra
f5090758-fe7a-4c93-8cec-67c6931fee73,6,2026-03-26 12:09:19.916-03,R$,0,6,aa4d1cfe-c6c1-4fd8-8c4b-2b1b9942884c,Dinheiro,Alfajor Preto,1,6,aa4d1cfe-c6c1-4fd8-8c4b-2b1b9942884c,Expo Afubra
f9ad47e9-ceb3-4e01-86a8-f7a6a6d6b206,50,2026-03-26 12:09:42.257-03,R$,0,50,aa4d1cfe-c6c1-4fd8-8c4b-2b1b9942884c,Dinheiro,Cuca Alemã,2,25,aa4d1cfe-c6c1-4fd8-8c4b-2b1b9942884c,Expo Afubra
cd12cc16-7499-4347-ac4c-8789347af333,25,2026-03-26 12:20:35.369-03,R$,0,25,aa4d1cfe-c6c1-4fd8-8c4b-2b1b9942884c,Dinheiro,Cuca Alemã,1,25,aa4d1cfe-c6c1-4fd8-8c4b-2b1b9942884c,Expo Afubra
831bcc43-b891-432d-9608-b4147dbb70ec,8,2026-03-26 12:23:13.199-03,R$,0,8,aa4d1cfe-c6c1-4fd8-8c4b-2b1b9942884c,Dinheiro,Cri-Cri 200g,1,8,aa4d1cfe-c6c1-4fd8-8c4b-2b1b9942884c,Expo Afubra
f356bc8a-9ef1-4124-985f-f438e24eb41f,8,2026-03-26 12:28:07.497-03,R$,0,8,aa4d1cfe-c6c1-4fd8-8c4b-2b1b9942884c,Dinheiro,Cri-Cri 200g,1,8,aa4d1cfe-c6c1-4fd8-8c4b-2b1b9942884c,Expo Afubra
030cf0f1-4415-4b61-9c0a-441d16599a67,75,2026-03-26 12:28:34.976-03,R$,0,75,aa4d1cfe-c6c1-4fd8-8c4b-2b1b9942884c,Dinheiro,Cuca Alemã,3,25,aa4d1cfe-c6c1-4fd8-8c4b-2b1b9942884c,Expo Afubra
6842ee3d-b462-4d56-a6d8-87e0527b992a,25,2026-03-26 12:29:39.618-03,R$,0,25,aa4d1cfe-c6c1-4fd8-8c4b-2b1b9942884c,Dinheiro,Cuca Alemã,1,25,aa4d1cfe-c6c1-4fd8-8c4b-2b1b9942884c,Expo Afubra
2fb018f9-eaeb-4d3f-ae38-278e725d3c70,8,2026-03-26 12:30:48.012-03,R$,0,8,aa4d1cfe-c6c1-4fd8-8c4b-2b1b9942884c,Dinheiro,Cri-Cri 200g,1,8,aa4d1cfe-c6c1-4fd8-8c4b-2b1b9942884c,Expo Afubra
6f3fec9e-2e3e-4695-b3f0-b925f2bbc13c,15,2026-03-26 12:32:43.632-03,R$,0,15,aa4d1cfe-c6c1-4fd8-8c4b-2b1b9942884c,Dinheiro,Cuca Enrolada de Amendoim,1,15,aa4d1cfe-c6c1-4fd8-8c4b-2b1b9942884c,Expo Afubra
c7b0da0c-a94a-4f8f-9f38-391d857858df,25,2026-03-26 12:38:27.276-03,R$,0,25,aa4d1cfe-c6c1-4fd8-8c4b-2b1b9942884c,Dinheiro,Cuca Alemã,1,25,aa4d1cfe-c6c1-4fd8-8c4b-2b1b9942884c,Expo Afubra
8a5e9d4c-aa09-4ead-856d-d604bc341001,5,2026-03-26 12:38:37.632-03,R$,0,5,aa4d1cfe-c6c1-4fd8-8c4b-2b1b9942884c,Dinheiro,Pé-de-Moleque,1,5,aa4d1cfe-c6c1-4fd8-8c4b-2b1b9942884c,Expo Afubra
7de17eef-42f7-4c28-a6f2-a1ca916151a6,40,2026-03-26 12:41:54.047-03,R$,0,40,aa4d1cfe-c6c1-4fd8-8c4b-2b1b9942884c,Dinheiro,Cuca Alemã,1,25,aa4d1cfe-c6c1-4fd8-8c4b-2b1b9942884c,Expo Afubra
7de17eef-42f7-4c28-a6f2-a1ca916151a6,40,2026-03-26 12:41:54.047-03,R$,0,40,aa4d1cfe-c6c1-4fd8-8c4b-2b1b9942884c,Dinheiro,Cuca Enrolada de Amendoim,1,15,aa4d1cfe-c6c1-4fd8-8c4b-2b1b9942884c,Expo Afubra
1919a38d-b527-4112-9853-8467f22558b7,25,2026-03-26 12:44:35.957-03,R$,0,25,aa4d1cfe-c6c1-4fd8-8c4b-2b1b9942884c,Cartão,Cuca Alemã,1,25,aa4d1cfe-c6c1-4fd8-8c4b-2b1b9942884c,Expo Afubra
48ba66bb-6726-4a1d-a9bc-e56919c09a92,50,2026-03-26 12:45:11.642-03,R$,0,50,aa4d1cfe-c6c1-4fd8-8c4b-2b1b9942884c,Dinheiro,Cuca Alemã,2,25,aa4d1cfe-c6c1-4fd8-8c4b-2b1b9942884c,Expo Afubra
2f9fa677-96ee-4816-8508-12d3c33e14c0,20,2026-03-26 12:51:33.959-03,R$,0,20,aa4d1cfe-c6c1-4fd8-8c4b-2b1b9942884c,Cartão,Alfajor Preto (Pacote x4),4,5,aa4d1cfe-c6c1-4fd8-8c4b-2b1b9942884c,Expo Afubra
a3012a58-bb94-4a82-a072-e7deaf3fac23,21,2026-03-26 13:04:09.433-03,R$,0,21,aa4d1cfe-c6c1-4fd8-8c4b-2b1b9942884c,Dinheiro,Rapadura de Melado,3,7,aa4d1cfe-c6c1-4fd8-8c4b-2b1b9942884c,Expo Afubra
7cc681bd-cfae-4a6a-bced-4c801958ca59,25,2026-03-26 13:10:42.436-03,R$,0,25,aa4d1cfe-c6c1-4fd8-8c4b-2b1b9942884c,Dinheiro,Cuca Alemã,1,25,aa4d1cfe-c6c1-4fd8-8c4b-2b1b9942884c,Expo Afubra
e44bd72b-c24a-4a57-80f3-cbbb6dd983d0,31,2026-03-26 13:13:36.105-03,R$,0,31,aa4d1cfe-c6c1-4fd8-8c4b-2b1b9942884c,Dinheiro,Cuca Alemã,1,25,aa4d1cfe-c6c1-4fd8-8c4b-2b1b9942884c,Expo Afubra
e44bd72b-c24a-4a57-80f3-cbbb6dd983d0,31,2026-03-26 13:13:36.105-03,R$,0,31,aa4d1cfe-c6c1-4fd8-8c4b-2b1b9942884c,Dinheiro,Alfajor Preto,1,6,aa4d1cfe-c6c1-4fd8-8c4b-2b1b9942884c,Expo Afubra
efca1294-7950-46fd-b43f-eaba083b0b10,25,2026-03-26 13:14:37.437-03,R$,0,25,aa4d1cfe-c6c1-4fd8-8c4b-2b1b9942884c,Dinheiro,Cuca Alemã,1,25,aa4d1cfe-c6c1-4fd8-8c4b-2b1b9942884c,Expo Afubra
34335a07-6137-4b3e-99af-ae2f8e748184,10,2026-03-26 13:16:58.228-03,R$,0,10,aa4d1cfe-c6c1-4fd8-8c4b-2b1b9942884c,Cartão,Rapadura Assada,2,5,aa4d1cfe-c6c1-4fd8-8c4b-2b1b9942884c,Expo Afubra
f5d67316-f9b8-4ee7-b60a-e2d2147d3f04,40,2026-03-26 13:27:51.262-03,%,0,40,aa4d1cfe-c6c1-4fd8-8c4b-2b1b9942884c,Cartão,Cuca Alemã,1,25,aa4d1cfe-c6c1-4fd8-8c4b-2b1b9942884c,Expo Afubra
f5d67316-f9b8-4ee7-b60a-e2d2147d3f04,40,2026-03-26 13:27:51.262-03,%,0,40,aa4d1cfe-c6c1-4fd8-8c4b-2b1b9942884c,Cartão,Cuca Enrolada de Amendoim,1,15,aa4d1cfe-c6c1-4fd8-8c4b-2b1b9942884c,Expo Afubra
0b41d432-6b05-48da-aa6f-8a3e0a790cc4,10,2026-03-26 13:34:06.197-03,%,0,10,aa4d1cfe-c6c1-4fd8-8c4b-2b1b9942884c,Cartão,Rapadura Assada,2,5,aa4d1cfe-c6c1-4fd8-8c4b-2b1b9942884c,Expo Afubra
8c799781-afd6-4bb3-83c0-2f88c9466dfa,8,2026-03-26 13:34:24.784-03,%,0,8,aa4d1cfe-c6c1-4fd8-8c4b-2b1b9942884c,Dinheiro,"Amendoim salgado e temperado ",1,8,aa4d1cfe-c6c1-4fd8-8c4b-2b1b9942884c,Expo Afubra
a79c73a8-b10d-40e7-a6f6-58f51bfc2dbe,25,2026-03-26 13:35:50.677-03,%,0,25,aa4d1cfe-c6c1-4fd8-8c4b-2b1b9942884c,Dinheiro,Rapadura Assada (Pacote x6),6,4.166666666666667,aa4d1cfe-c6c1-4fd8-8c4b-2b1b9942884c,Expo Afubra
39ca3bac-25c8-4263-b1c5-d1e6658c6af7,25,2026-03-26 13:38:49.172-03,%,0,25,aa4d1cfe-c6c1-4fd8-8c4b-2b1b9942884c,Pix,Cuca Alemã,1,25,aa4d1cfe-c6c1-4fd8-8c4b-2b1b9942884c,Expo Afubra
b352ed82-78ee-4ddc-b617-101ea6f0420c,15,2026-03-26 13:38:56.157-03,%,0,15,aa4d1cfe-c6c1-4fd8-8c4b-2b1b9942884c,Dinheiro,Cuca Enrolada de Amendoim,1,15,aa4d1cfe-c6c1-4fd8-8c4b-2b1b9942884c,Expo Afubra
4b70d8b8-fade-4b34-9846-4d4f4f39e644,20,2026-03-26 13:40:00-03,%,0,20,aa4d1cfe-c6c1-4fd8-8c4b-2b1b9942884c,Dinheiro,Alfajor Preto (Pacote x4),4,5,aa4d1cfe-c6c1-4fd8-8c4b-2b1b9942884c,Expo Afubra
e801556c-d757-4f45-9c34-7996c9fa0dc1,25,2026-03-26 13:42:05.688-03,%,0,25,aa4d1cfe-c6c1-4fd8-8c4b-2b1b9942884c,Dinheiro,Cuca Alemã,1,25,aa4d1cfe-c6c1-4fd8-8c4b-2b1b9942884c,Expo Afubra
6ae592d4-935c-47f0-bba1-53d458ae8370,15,2026-03-26 13:47:15.781-03,%,0,15,aa4d1cfe-c6c1-4fd8-8c4b-2b1b9942884c,Dinheiro,Cuca Enrolada de Amendoim,1,15,aa4d1cfe-c6c1-4fd8-8c4b-2b1b9942884c,Expo Afubra
359a1cbb-5607-4d4f-968e-463ec0970e83,20,2026-03-26 13:49:47.108-03,%,0,20,aa4d1cfe-c6c1-4fd8-8c4b-2b1b9942884c,Dinheiro,Alfajor Preto (Pacote x4),4,5,aa4d1cfe-c6c1-4fd8-8c4b-2b1b9942884c,Expo Afubra
2b092f34-6fe4-4f19-9df4-c409c53043e7,20,2026-03-26 13:57:47.83-03,%,0,20,aa4d1cfe-c6c1-4fd8-8c4b-2b1b9942884c,Dinheiro,Rapadura de Melado (Pacote x3),3,6.666666666666667,aa4d1cfe-c6c1-4fd8-8c4b-2b1b9942884c,Expo Afubra
c75e6403-d5ff-417c-aaae-c686dcb33d87,50,2026-03-26 14:00:05.268-03,%,0,50,aa4d1cfe-c6c1-4fd8-8c4b-2b1b9942884c,Dinheiro,Cuca Alemã,2,25,aa4d1cfe-c6c1-4fd8-8c4b-2b1b9942884c,Expo Afubra
a69860f9-a391-4297-b542-18edd87238db,15,2026-03-26 14:00:50.412-03,%,0,15,aa4d1cfe-c6c1-4fd8-8c4b-2b1b9942884c,Dinheiro,Cuca Enrolada de Amendoim,1,15,aa4d1cfe-c6c1-4fd8-8c4b-2b1b9942884c,Expo Afubra
080dde91-63ee-4e5a-8b2e-00b069ade53f,90,2026-03-26 14:05:56.244-03,%,0,90,aa4d1cfe-c6c1-4fd8-8c4b-2b1b9942884c,Dinheiro,Cuca Alemã,2,25,aa4d1cfe-c6c1-4fd8-8c4b-2b1b9942884c,Expo Afubra
080dde91-63ee-4e5a-8b2e-00b069ade53f,90,2026-03-26 14:05:56.244-03,%,0,90,aa4d1cfe-c6c1-4fd8-8c4b-2b1b9942884c,Dinheiro,Cuca Enrolada de Amendoim,1,15,aa4d1cfe-c6c1-4fd8-8c4b-2b1b9942884c,Expo Afubra
080dde91-63ee-4e5a-8b2e-00b069ade53f,90,2026-03-26 14:05:56.244-03,%,0,90,aa4d1cfe-c6c1-4fd8-8c4b-2b1b9942884c,Dinheiro,Rapadura Assada (Pacote x6),6,4.166666666666667,aa4d1cfe-c6c1-4fd8-8c4b-2b1b9942884c,Expo Afubra
cdb0b7e3-1fcc-4e1d-8b38-8d95b6995a68,7,2026-03-26 14:07:01.699-03,%,0,7,aa4d1cfe-c6c1-4fd8-8c4b-2b1b9942884c,Dinheiro,Rapadura de Melado,1,7,aa4d1cfe-c6c1-4fd8-8c4b-2b1b9942884c,Expo Afubra
3f6de280-1d79-4540-bbae-2d8b37dba9d5,25,2026-03-26 14:10:01.713-03,%,0,25,aa4d1cfe-c6c1-4fd8-8c4b-2b1b9942884c,Dinheiro,Cuca Alemã,1,25,aa4d1cfe-c6c1-4fd8-8c4b-2b1b9942884c,Expo Afubra
03c26fc2-3848-436a-ad33-5c25e4a639b1,25,2026-03-26 14:12:20.744-03,%,0,25,aa4d1cfe-c6c1-4fd8-8c4b-2b1b9942884c,Cartão,Cuca Alemã,1,25,aa4d1cfe-c6c1-4fd8-8c4b-2b1b9942884c,Expo Afubra
ed8ddf2b-dc66-4064-a3c6-031966726662,12,2026-03-26 14:15:29.917-03,%,0,12,aa4d1cfe-c6c1-4fd8-8c4b-2b1b9942884c,Dinheiro,Alfajor Preto,2,6,aa4d1cfe-c6c1-4fd8-8c4b-2b1b9942884c,Expo Afubra
4b1f22b0-40d8-4ee0-b0c3-1bd674d04fe9,25,2026-03-26 14:16:13.729-03,%,0,25,aa4d1cfe-c6c1-4fd8-8c4b-2b1b9942884c,Dinheiro,Cuca Alemã,1,25,aa4d1cfe-c6c1-4fd8-8c4b-2b1b9942884c,Expo Afubra
1fbd9f17-5490-47e2-9173-f07593f85c53,12,2026-03-26 14:19:37.741-03,%,0,12,aa4d1cfe-c6c1-4fd8-8c4b-2b1b9942884c,Dinheiro,Alfajor Preto,2,6,aa4d1cfe-c6c1-4fd8-8c4b-2b1b9942884c,Expo Afubra
1807ada5-7d31-43a9-81b5-8acecc9e71dc,25,2026-03-26 14:23:41.064-03,%,0,25,aa4d1cfe-c6c1-4fd8-8c4b-2b1b9942884c,Pix,Cuca Alemã,1,25,aa4d1cfe-c6c1-4fd8-8c4b-2b1b9942884c,Expo Afubra
08808c10-a7e1-49fa-b452-9ee8e8da2430,25,2026-03-26 14:24:59.285-03,%,0,25,aa4d1cfe-c6c1-4fd8-8c4b-2b1b9942884c,Pix,Cuca Alemã,1,25,aa4d1cfe-c6c1-4fd8-8c4b-2b1b9942884c,Expo Afubra
ecae2da2-0eb1-4d37-8a2a-e28e7b000ed4,100,2026-03-26 14:25:25.099-03,%,0,100,aa4d1cfe-c6c1-4fd8-8c4b-2b1b9942884c,Dinheiro,Cuca Alemã,4,25,aa4d1cfe-c6c1-4fd8-8c4b-2b1b9942884c,Expo Afubra
391e7d5f-580b-4d5d-b796-ca86f994af70,15,2026-03-26 14:26:04.921-03,%,0,15,aa4d1cfe-c6c1-4fd8-8c4b-2b1b9942884c,Dinheiro,Cuca Enrolada de Amendoim,1,15,aa4d1cfe-c6c1-4fd8-8c4b-2b1b9942884c,Expo Afubra
c74e8422-d45c-4f70-b27c-bd6b5b200f8c,7,2026-03-26 14:26:20.24-03,%,0,7,aa4d1cfe-c6c1-4fd8-8c4b-2b1b9942884c,Dinheiro,Rapadura de Melado,1,7,aa4d1cfe-c6c1-4fd8-8c4b-2b1b9942884c,Expo Afubra
a70fdbc1-fe67-47f7-8862-82d21ce919d8,6,2026-03-26 14:26:34.758-03,%,0,6,aa4d1cfe-c6c1-4fd8-8c4b-2b1b9942884c,Dinheiro,Alfajor Preto,1,6,aa4d1cfe-c6c1-4fd8-8c4b-2b1b9942884c,Expo Afubra
90831529-f235-4524-83b1-7379200289f6,25,2026-03-26 14:28:32.036-03,%,0,25,aa4d1cfe-c6c1-4fd8-8c4b-2b1b9942884c,Dinheiro,Cuca Alemã,1,25,aa4d1cfe-c6c1-4fd8-8c4b-2b1b9942884c,Expo Afubra
e8176fa7-fe36-4c49-9cd2-5cde410f3666,15,2026-03-26 14:29:52.34-03,%,0,15,aa4d1cfe-c6c1-4fd8-8c4b-2b1b9942884c,Cartão,Cuca Enrolada de Amendoim,1,15,aa4d1cfe-c6c1-4fd8-8c4b-2b1b9942884c,Expo Afubra
dea1f8f8-f592-4800-b06a-5c6d08431531,7,2026-03-26 14:31:00.603-03,%,0,7,aa4d1cfe-c6c1-4fd8-8c4b-2b1b9942884c,Dinheiro,Rapadura de Melado,1,7,aa4d1cfe-c6c1-4fd8-8c4b-2b1b9942884c,Expo Afubra
8941297a-87b3-4fcb-ad31-ab9fbe5cd7de,175,2026-03-26 14:38:26.326-03,%,0,175,aa4d1cfe-c6c1-4fd8-8c4b-2b1b9942884c,Dinheiro,Cuca Alemã,7,25,aa4d1cfe-c6c1-4fd8-8c4b-2b1b9942884c,Expo Afubra
f64d1eee-fc57-428e-b25d-32de60175b85,25,2026-03-26 14:40:13.991-03,%,0,25,aa4d1cfe-c6c1-4fd8-8c4b-2b1b9942884c,Cartão,Cuca Alemã,1,25,aa4d1cfe-c6c1-4fd8-8c4b-2b1b9942884c,Expo Afubra
b580630d-ded0-4a5f-af16-09140939d23c,25,2026-03-26 14:40:30.136-03,%,0,25,aa4d1cfe-c6c1-4fd8-8c4b-2b1b9942884c,Dinheiro,Cuca Alemã,1,25,aa4d1cfe-c6c1-4fd8-8c4b-2b1b9942884c,Expo Afubra
0aa3fad5-0d81-4490-910a-168721f8949b,15,2026-03-26 14:40:37.339-03,%,0,15,aa4d1cfe-c6c1-4fd8-8c4b-2b1b9942884c,Dinheiro,Cuca Enrolada de Amendoim,1,15,aa4d1cfe-c6c1-4fd8-8c4b-2b1b9942884c,Expo Afubra
5b59a2c2-34b1-44c5-81f5-2b24fb976985,25,2026-03-26 14:42:15.612-03,%,0,25,aa4d1cfe-c6c1-4fd8-8c4b-2b1b9942884c,Dinheiro,Cuca Alemã,1,25,aa4d1cfe-c6c1-4fd8-8c4b-2b1b9942884c,Expo Afubra
1069ece3-56a0-47cf-b7b4-6fe6adeb038c,25,2026-03-26 14:43:13.234-03,%,0,25,aa4d1cfe-c6c1-4fd8-8c4b-2b1b9942884c,Cartão,Cuca Alemã,1,25,aa4d1cfe-c6c1-4fd8-8c4b-2b1b9942884c,Expo Afubra
412d35e3-da2f-44aa-b909-d99f525c92a4,15,2026-03-26 14:51:33.999-03,%,0,15,aa4d1cfe-c6c1-4fd8-8c4b-2b1b9942884c,Dinheiro,Cuca Enrolada de Amendoim,1,15,aa4d1cfe-c6c1-4fd8-8c4b-2b1b9942884c,Expo Afubra
378732ca-24e6-4eed-af58-0faccc5d24d8,25,2026-03-26 14:54:49.502-03,%,0,25,aa4d1cfe-c6c1-4fd8-8c4b-2b1b9942884c,Cartão,Cuca Alemã,1,25,aa4d1cfe-c6c1-4fd8-8c4b-2b1b9942884c,Expo Afubra
0d2fd87e-7602-4384-95b3-621c17b77f69,20,2026-03-26 14:55:58.193-03,%,0,20,aa4d1cfe-c6c1-4fd8-8c4b-2b1b9942884c,Dinheiro,Alfajor Preto (Pacote x4),4,5,aa4d1cfe-c6c1-4fd8-8c4b-2b1b9942884c,Expo Afubra
eb9b2253-5984-4dd5-899c-94ea791c6f73,25,2026-03-26 14:57:16.249-03,%,0,25,aa4d1cfe-c6c1-4fd8-8c4b-2b1b9942884c,Dinheiro,Cuca Alemã,1,25,aa4d1cfe-c6c1-4fd8-8c4b-2b1b9942884c,Expo Afubra
0b140b67-9778-439e-974e-cea9999b3e0d,25,2026-03-26 15:00:01.274-03,%,0,25,aa4d1cfe-c6c1-4fd8-8c4b-2b1b9942884c,Dinheiro,Cuca Alemã,1,25,aa4d1cfe-c6c1-4fd8-8c4b-2b1b9942884c,Expo Afubra
51ba2361-8ebf-4390-b3d2-15e7adafbe2b,36,2026-03-26 15:01:05.739-03,%,0,36,aa4d1cfe-c6c1-4fd8-8c4b-2b1b9942884c,Dinheiro,Rapadura de Melado (Pacote x3),3,6.666666666666667,aa4d1cfe-c6c1-4fd8-8c4b-2b1b9942884c,Expo Afubra
51ba2361-8ebf-4390-b3d2-15e7adafbe2b,36,2026-03-26 15:01:05.739-03,%,0,36,aa4d1cfe-c6c1-4fd8-8c4b-2b1b9942884c,Dinheiro,Cri-Cri 200g,2,8,aa4d1cfe-c6c1-4fd8-8c4b-2b1b9942884c,Expo Afubra
67723778-961c-45f7-bd88-01ca97402dc4,25,2026-03-26 15:05:13.186-03,%,0,25,aa4d1cfe-c6c1-4fd8-8c4b-2b1b9942884c,Dinheiro,Cuca Alemã,1,25,aa4d1cfe-c6c1-4fd8-8c4b-2b1b9942884c,Expo Afubra
658d5d88-7598-4185-83ba-0b165f5229fc,20,2026-03-26 15:05:33.873-03,%,0,20,aa4d1cfe-c6c1-4fd8-8c4b-2b1b9942884c,Dinheiro,Rapadura de Melado (Pacote x3),3,6.666666666666667,aa4d1cfe-c6c1-4fd8-8c4b-2b1b9942884c,Expo Afubra
61d856f8-5304-4816-b44d-31a9f44f4883,25,2026-03-26 15:05:39.358-03,%,0,25,aa4d1cfe-c6c1-4fd8-8c4b-2b1b9942884c,Dinheiro,Cuca Alemã,1,25,aa4d1cfe-c6c1-4fd8-8c4b-2b1b9942884c,Expo Afubra
a16dd7ab-707a-4570-82c3-e7c947b5254c,25,2026-03-26 15:06:13.716-03,%,0,25,aa4d1cfe-c6c1-4fd8-8c4b-2b1b9942884c,Dinheiro,Cuca Alemã,1,25,aa4d1cfe-c6c1-4fd8-8c4b-2b1b9942884c,Expo Afubra
315e61a9-a961-4a03-965a-4ac148071c85,25,2026-03-26 15:07:24.882-03,%,0,25,aa4d1cfe-c6c1-4fd8-8c4b-2b1b9942884c,Cartão,Cuca Alemã,1,25,aa4d1cfe-c6c1-4fd8-8c4b-2b1b9942884c,Expo Afubra
4a894384-0755-4843-8aaf-b390df9f319e,25,2026-03-26 15:09:07.358-03,%,0,25,aa4d1cfe-c6c1-4fd8-8c4b-2b1b9942884c,Pix,Cuca Alemã,1,25,aa4d1cfe-c6c1-4fd8-8c4b-2b1b9942884c,Expo Afubra
64023ae5-8c0d-4485-a572-7569a51c3111,25,2026-03-26 15:10:37.809-03,%,0,25,aa4d1cfe-c6c1-4fd8-8c4b-2b1b9942884c,Dinheiro,Cuca Alemã,1,25,aa4d1cfe-c6c1-4fd8-8c4b-2b1b9942884c,Expo Afubra
cb570193-4c7e-42c4-8537-f5e2928c1155,25,2026-03-26 15:11:28.388-03,%,0,25,aa4d1cfe-c6c1-4fd8-8c4b-2b1b9942884c,Dinheiro,Cuca Alemã,1,25,aa4d1cfe-c6c1-4fd8-8c4b-2b1b9942884c,Expo Afubra
9a24b863-cabc-44ff-b251-0a9bd9fe29a3,10,2026-03-26 15:11:44.061-03,%,0,10,aa4d1cfe-c6c1-4fd8-8c4b-2b1b9942884c,Dinheiro,"Bolacha de manteiga ",1,10,aa4d1cfe-c6c1-4fd8-8c4b-2b1b9942884c,Expo Afubra
929fd7b8-a8a6-4247-ac8d-35b89908edee,25,2026-03-26 15:14:05.538-03,%,0,25,aa4d1cfe-c6c1-4fd8-8c4b-2b1b9942884c,Dinheiro,Cuca Alemã,1,25,aa4d1cfe-c6c1-4fd8-8c4b-2b1b9942884c,Expo Afubra
466bf4db-8f77-4c18-a14d-addf7284f081,25,2026-03-26 15:15:10.215-03,%,0,25,aa4d1cfe-c6c1-4fd8-8c4b-2b1b9942884c,Dinheiro,Cuca Alemã,1,25,aa4d1cfe-c6c1-4fd8-8c4b-2b1b9942884c,Expo Afubra
d0866521-d4d4-4986-acc2-09498b9728f0,20,2026-03-26 15:20:26.689-03,%,0,20,aa4d1cfe-c6c1-4fd8-8c4b-2b1b9942884c,Cartão,Alfajor Preto (Pacote x4),4,5,aa4d1cfe-c6c1-4fd8-8c4b-2b1b9942884c,Expo Afubra
3944ae1a-5aed-41c7-b672-37da3aa91091,25,2026-03-26 15:24:16.699-03,%,0,25,aa4d1cfe-c6c1-4fd8-8c4b-2b1b9942884c,Dinheiro,Cuca Alemã,1,25,aa4d1cfe-c6c1-4fd8-8c4b-2b1b9942884c,Expo Afubra
01df5a12-e6b2-43f8-859a-49898a3e6828,25,2026-03-26 15:25:38.021-03,%,0,25,aa4d1cfe-c6c1-4fd8-8c4b-2b1b9942884c,Dinheiro,Cuca Alemã,1,25,aa4d1cfe-c6c1-4fd8-8c4b-2b1b9942884c,Expo Afubra
5729f8c5-f25d-4989-a8dd-f246b8ef35e9,50,2026-03-26 15:28:49.003-03,%,0,50,aa4d1cfe-c6c1-4fd8-8c4b-2b1b9942884c,Dinheiro,Cuca Alemã,2,25,aa4d1cfe-c6c1-4fd8-8c4b-2b1b9942884c,Expo Afubra
6bc0a621-1f8c-4a63-b1e7-23f5fde3ee01,8,2026-03-26 15:31:03.471-03,%,0,8,aa4d1cfe-c6c1-4fd8-8c4b-2b1b9942884c,Pix,Cri-Cri 200g,1,8,aa4d1cfe-c6c1-4fd8-8c4b-2b1b9942884c,Expo Afubra
f83d50f4-d5bc-4432-bf3c-4e478de6ff4d,50,2026-03-26 15:35:37.779-03,%,0,50,aa4d1cfe-c6c1-4fd8-8c4b-2b1b9942884c,Dinheiro,Cuca Alemã,2,25,aa4d1cfe-c6c1-4fd8-8c4b-2b1b9942884c,Expo Afubra
bf82f77d-e9a3-43e1-9487-e66d010603e0,25,2026-03-26 15:36:03.058-03,%,0,25,aa4d1cfe-c6c1-4fd8-8c4b-2b1b9942884c,Dinheiro,Cuca Alemã,1,25,aa4d1cfe-c6c1-4fd8-8c4b-2b1b9942884c,Expo Afubra
34e8ba22-4a1f-475b-8630-d913a702fb31,25,2026-03-26 15:37:34.298-03,%,0,25,aa4d1cfe-c6c1-4fd8-8c4b-2b1b9942884c,Dinheiro,Cuca Alemã,1,25,aa4d1cfe-c6c1-4fd8-8c4b-2b1b9942884c,Expo Afubra
f23e8439-6786-4d21-b154-ca38228ef943,35,2026-03-26 15:37:43.632-03,%,0,35,aa4d1cfe-c6c1-4fd8-8c4b-2b1b9942884c,Pix,Cuca Alemã,1,25,aa4d1cfe-c6c1-4fd8-8c4b-2b1b9942884c,Expo Afubra
f23e8439-6786-4d21-b154-ca38228ef943,35,2026-03-26 15:37:43.632-03,%,0,35,aa4d1cfe-c6c1-4fd8-8c4b-2b1b9942884c,Pix,"Bolacha de manteiga ",1,10,aa4d1cfe-c6c1-4fd8-8c4b-2b1b9942884c,Expo Afubra
d280a283-1911-45c0-abfc-0941b4b02af2,25,2026-03-26 15:39:17.813-03,%,0,25,aa4d1cfe-c6c1-4fd8-8c4b-2b1b9942884c,Dinheiro,Cuca Alemã,1,25,aa4d1cfe-c6c1-4fd8-8c4b-2b1b9942884c,Expo Afubra
b50f00b1-d01e-4cbe-93a3-40d813a413c8,25,2026-03-26 15:39:42.376-03,%,0,25,aa4d1cfe-c6c1-4fd8-8c4b-2b1b9942884c,Pix,Cuca Alemã,1,25,aa4d1cfe-c6c1-4fd8-8c4b-2b1b9942884c,Expo Afubra
09714d65-54a7-456f-8a7b-4f13db8ab9db,25,2026-03-26 15:43:50.463-03,%,0,25,aa4d1cfe-c6c1-4fd8-8c4b-2b1b9942884c,Dinheiro,Rapadura Assada (Pacote x6),6,4.166666666666667,aa4d1cfe-c6c1-4fd8-8c4b-2b1b9942884c,Expo Afubra
c1bc1eba-6d44-4b11-9282-627f98a3eca9,28,2026-03-26 15:47:47.687-03,%,0,28,aa4d1cfe-c6c1-4fd8-8c4b-2b1b9942884c,Cartão,"Amendoim salgado e temperado ",1,8,aa4d1cfe-c6c1-4fd8-8c4b-2b1b9942884c,Expo Afubra
c1bc1eba-6d44-4b11-9282-627f98a3eca9,28,2026-03-26 15:47:47.687-03,%,0,28,aa4d1cfe-c6c1-4fd8-8c4b-2b1b9942884c,Cartão,Rapadura de Melado (Pacote x3),3,6.666666666666667,aa4d1cfe-c6c1-4fd8-8c4b-2b1b9942884c,Expo Afubra
2f143b22-23d2-4523-804b-5cdca3b8d4e9,20,2026-03-26 15:49:23.498-03,%,0,20,aa4d1cfe-c6c1-4fd8-8c4b-2b1b9942884c,Dinheiro,Rapadura de Melado (Pacote x3),3,6.666666666666667,aa4d1cfe-c6c1-4fd8-8c4b-2b1b9942884c,Expo Afubra
4c59cdfb-76cf-4dc5-bc79-8f10c0f80c0a,25,2026-03-26 15:49:35.671-03,%,0,25,aa4d1cfe-c6c1-4fd8-8c4b-2b1b9942884c,Cartão,Rapadura Assada (Pacote x6),6,4.166666666666667,aa4d1cfe-c6c1-4fd8-8c4b-2b1b9942884c,Expo Afubra
8d0f6d52-21d9-4921-b71b-ac1fabde9e36,25,2026-03-26 15:49:46.239-03,%,0,25,aa4d1cfe-c6c1-4fd8-8c4b-2b1b9942884c,Dinheiro,Cuca Alemã,1,25,aa4d1cfe-c6c1-4fd8-8c4b-2b1b9942884c,Expo Afubra
5d718d9b-5f3d-4033-95c3-184c5e0a55aa,50,2026-03-26 15:54:04.542-03,%,0,50,aa4d1cfe-c6c1-4fd8-8c4b-2b1b9942884c,Dinheiro,Cuca Alemã,2,25,aa4d1cfe-c6c1-4fd8-8c4b-2b1b9942884c,Expo Afubra
ed983e98-eea2-4020-af24-7b6b330a228f,10,2026-03-26 15:54:39.853-03,%,0,10,aa4d1cfe-c6c1-4fd8-8c4b-2b1b9942884c,Dinheiro,Rapadura Assada,2,5,aa4d1cfe-c6c1-4fd8-8c4b-2b1b9942884c,Expo Afubra
3764b052-e7f6-4ad7-ac84-07526495954e,25,2026-03-26 15:56:35.264-03,%,0,25,aa4d1cfe-c6c1-4fd8-8c4b-2b1b9942884c,Dinheiro,Cuca Alemã,1,25,aa4d1cfe-c6c1-4fd8-8c4b-2b1b9942884c,Expo Afubra
c06077af-78c0-4ae4-aabf-a6aa6475be15,45,2026-03-26 15:57:08.507-03,%,0,45,aa4d1cfe-c6c1-4fd8-8c4b-2b1b9942884c,Dinheiro,Cuca Alemã,1,25,aa4d1cfe-c6c1-4fd8-8c4b-2b1b9942884c,Expo Afubra
c06077af-78c0-4ae4-aabf-a6aa6475be15,45,2026-03-26 15:57:08.507-03,%,0,45,aa4d1cfe-c6c1-4fd8-8c4b-2b1b9942884c,Dinheiro,Alfajor Preto (Pacote x4),4,5,aa4d1cfe-c6c1-4fd8-8c4b-2b1b9942884c,Expo Afubra
995098cd-757c-48f7-bd19-a6528d024bec,25,2026-03-26 16:08:14.325-03,%,0,25,aa4d1cfe-c6c1-4fd8-8c4b-2b1b9942884c,Dinheiro,Cuca Alemã,1,25,aa4d1cfe-c6c1-4fd8-8c4b-2b1b9942884c,Expo Afubra
bdf7d063-1fed-4cfe-876d-c19dcca7d36b,25,2026-03-26 16:08:29.212-03,%,0,25,aa4d1cfe-c6c1-4fd8-8c4b-2b1b9942884c,Cartão,Cuca Alemã,1,25,aa4d1cfe-c6c1-4fd8-8c4b-2b1b9942884c,Expo Afubra
28d017af-fb9d-432e-a3ac-9a7b0de1a634,20,2026-03-26 16:09:13.896-03,%,0,20,aa4d1cfe-c6c1-4fd8-8c4b-2b1b9942884c,Dinheiro,Alfajor Preto (Pacote x4),4,5,aa4d1cfe-c6c1-4fd8-8c4b-2b1b9942884c,Expo Afubra
7c49936b-4551-458d-be17-2618370905ef,20,2026-03-26 16:10:26.36-03,%,0,20,aa4d1cfe-c6c1-4fd8-8c4b-2b1b9942884c,Dinheiro,Rapadura de Melado (Pacote x3),3,6.666666666666667,aa4d1cfe-c6c1-4fd8-8c4b-2b1b9942884c,Expo Afubra
22c818b6-68ec-4d20-95bd-d0663c8f771e,10,2026-03-26 16:13:33.616-03,%,0,10,aa4d1cfe-c6c1-4fd8-8c4b-2b1b9942884c,Dinheiro,"Bolacha de manteiga ",1,10,aa4d1cfe-c6c1-4fd8-8c4b-2b1b9942884c,Expo Afubra
23eeb459-af22-4706-97e0-d97b46f91df8,12,2026-03-26 16:16:11.57-03,%,0,12,aa4d1cfe-c6c1-4fd8-8c4b-2b1b9942884c,Dinheiro,Alfajor Preto,2,6,aa4d1cfe-c6c1-4fd8-8c4b-2b1b9942884c,Expo Afubra
b8df95c9-655c-4094-a8c0-ec0c9f6ebc2f,20,2026-03-26 16:16:35.851-03,%,0,20,aa4d1cfe-c6c1-4fd8-8c4b-2b1b9942884c,Cartão,Rapadura de Melado (Pacote x3),3,6.666666666666667,aa4d1cfe-c6c1-4fd8-8c4b-2b1b9942884c,Expo Afubra
d17dc215-4dba-4496-aa78-05ca56868a54,7,2026-03-26 16:16:58.579-03,%,0,7,aa4d1cfe-c6c1-4fd8-8c4b-2b1b9942884c,Dinheiro,Rapadura de Melado,1,7,aa4d1cfe-c6c1-4fd8-8c4b-2b1b9942884c,Expo Afubra
b48b2d73-e692-4180-b036-c5c51d654998,25,2026-03-26 16:26:21.901-03,%,0,25,aa4d1cfe-c6c1-4fd8-8c4b-2b1b9942884c,Dinheiro,Cuca Alemã,1,25,aa4d1cfe-c6c1-4fd8-8c4b-2b1b9942884c,Expo Afubra
5d9959bb-946f-49d7-b209-ec6fa149d72d,50,2026-03-26 16:27:03.739-03,%,0,50,aa4d1cfe-c6c1-4fd8-8c4b-2b1b9942884c,Dinheiro,Cuca Alemã,2,25,aa4d1cfe-c6c1-4fd8-8c4b-2b1b9942884c,Expo Afubra
b0fb2ec1-09e4-4229-827e-a9e19c0342da,20,2026-03-26 16:27:36.214-03,%,0,20,aa4d1cfe-c6c1-4fd8-8c4b-2b1b9942884c,Dinheiro,Alfajor Preto (Pacote x4),4,5,aa4d1cfe-c6c1-4fd8-8c4b-2b1b9942884c,Expo Afubra
24dfc87d-b527-4c91-8b60-554dd7f340bc,25,2026-03-26 16:31:41.428-03,%,0,25,aa4d1cfe-c6c1-4fd8-8c4b-2b1b9942884c,Dinheiro,Cuca Alemã,1,25,aa4d1cfe-c6c1-4fd8-8c4b-2b1b9942884c,Expo Afubra
96803d6f-eca4-4707-93cc-4441565a2b09,25,2026-03-26 16:31:57.673-03,%,0,25,aa4d1cfe-c6c1-4fd8-8c4b-2b1b9942884c,Dinheiro,Cuca Alemã,1,25,aa4d1cfe-c6c1-4fd8-8c4b-2b1b9942884c,Expo Afubra
6c252e73-2cd2-4651-b9d6-1fe7d43f3ed2,5,2026-03-26 16:32:42.852-03,%,0,5,aa4d1cfe-c6c1-4fd8-8c4b-2b1b9942884c,Dinheiro,Rapadura Assada,1,5,aa4d1cfe-c6c1-4fd8-8c4b-2b1b9942884c,Expo Afubra
c7001d35-dd2e-46e9-8cf0-fed345700859,13,2026-03-26 16:34:08.09-03,%,0,13,aa4d1cfe-c6c1-4fd8-8c4b-2b1b9942884c,Pix,Alfajor Preto,1,6,aa4d1cfe-c6c1-4fd8-8c4b-2b1b9942884c,Expo Afubra
c7001d35-dd2e-46e9-8cf0-fed345700859,13,2026-03-26 16:34:08.09-03,%,0,13,aa4d1cfe-c6c1-4fd8-8c4b-2b1b9942884c,Pix,Rapadura de Melado,1,7,aa4d1cfe-c6c1-4fd8-8c4b-2b1b9942884c,Expo Afubra
df24a62f-9fcb-4a67-887b-facdde7244cb,10,2026-03-26 16:34:34.816-03,%,0,10,aa4d1cfe-c6c1-4fd8-8c4b-2b1b9942884c,Dinheiro,"Bolacha de manteiga ",1,10,aa4d1cfe-c6c1-4fd8-8c4b-2b1b9942884c,Expo Afubra
63980a4a-7946-4ed7-9dae-da5229239813,5,2026-03-26 16:37:54.255-03,%,0,5,aa4d1cfe-c6c1-4fd8-8c4b-2b1b9942884c,Pix,Rapadura Assada,1,5,aa4d1cfe-c6c1-4fd8-8c4b-2b1b9942884c,Expo Afubra
c2b8665c-e487-42c6-8378-406d317e39d2,5,2026-03-26 16:38:12.261-03,R$,2,7,aa4d1cfe-c6c1-4fd8-8c4b-2b1b9942884c,Pix,Rapadura de Melado,1,7,aa4d1cfe-c6c1-4fd8-8c4b-2b1b9942884c,Expo Afubra
7f939ea7-9871-40ac-a3ae-60999a65b535,20,2026-03-26 16:40:59.884-03,R$,0,20,aa4d1cfe-c6c1-4fd8-8c4b-2b1b9942884c,Cartão,Alfajor Preto (Pacote x4),4,5,aa4d1cfe-c6c1-4fd8-8c4b-2b1b9942884c,Expo Afubra
8a90b162-7a45-4bad-b66a-8b8938d9568c,50,2026-03-26 16:44:26.247-03,R$,0,50,aa4d1cfe-c6c1-4fd8-8c4b-2b1b9942884c,Cartão,Cuca Alemã,2,25,aa4d1cfe-c6c1-4fd8-8c4b-2b1b9942884c,Expo Afubra
d24925ed-e149-4304-b2e4-b035a18a0f8b,50,2026-03-26 16:49:16.137-03,%,0,50,aa4d1cfe-c6c1-4fd8-8c4b-2b1b9942884c,Cartão,Cuca Alemã,2,25,aa4d1cfe-c6c1-4fd8-8c4b-2b1b9942884c,Expo Afubra
3105725e-b5ad-4f8b-b99a-7f2d8005d1a3,50,2026-03-26 16:49:49.495-03,%,0,50,aa4d1cfe-c6c1-4fd8-8c4b-2b1b9942884c,Dinheiro,Cuca Alemã,2,25,aa4d1cfe-c6c1-4fd8-8c4b-2b1b9942884c,Expo Afubra
aebe1528-70e4-42f0-a18f-baebf00c5b39,20,2026-03-26 16:50:03.676-03,R$,5,25,aa4d1cfe-c6c1-4fd8-8c4b-2b1b9942884c,Dinheiro,Cuca Alemã,1,25,aa4d1cfe-c6c1-4fd8-8c4b-2b1b9942884c,Expo Afubra
3672880e-d88f-400c-b610-651e48bad1bb,37,2026-03-26 16:51:57.411-03,%,0,37,aa4d1cfe-c6c1-4fd8-8c4b-2b1b9942884c,Dinheiro,Rapadura Assada (Pacote x6),6,4.166666666666667,aa4d1cfe-c6c1-4fd8-8c4b-2b1b9942884c,Expo Afubra
3672880e-d88f-400c-b610-651e48bad1bb,37,2026-03-26 16:51:57.411-03,%,0,37,aa4d1cfe-c6c1-4fd8-8c4b-2b1b9942884c,Dinheiro,Alfajor Preto,2,6,aa4d1cfe-c6c1-4fd8-8c4b-2b1b9942884c,Expo Afubra
2ef6d0cd-637f-4b5c-98cf-7f4485089f3c,25,2026-03-26 16:52:36.898-03,%,0,25,aa4d1cfe-c6c1-4fd8-8c4b-2b1b9942884c,Dinheiro,Cuca Alemã,1,25,aa4d1cfe-c6c1-4fd8-8c4b-2b1b9942884c,Expo Afubra
99b1cdf4-d529-4539-9add-4649f8d030b8,20,2026-03-26 17:00:28.454-03,%,0,20,aa4d1cfe-c6c1-4fd8-8c4b-2b1b9942884c,Cartão,Alfajor Preto (Pacote x4),4,5,aa4d1cfe-c6c1-4fd8-8c4b-2b1b9942884c,Expo Afubra
99fb6194-1d42-4da7-a0f2-c4c9e8fab44d,20,2026-03-26 17:03:53.839-03,%,0,20,aa4d1cfe-c6c1-4fd8-8c4b-2b1b9942884c,Dinheiro,Rapadura de Melado (Pacote x3),3,6.666666666666667,aa4d1cfe-c6c1-4fd8-8c4b-2b1b9942884c,Expo Afubra
53205173-74f6-4be7-a66e-3078dbc4a0c7,10,2026-03-26 17:05:32.944-03,%,0,10,aa4d1cfe-c6c1-4fd8-8c4b-2b1b9942884c,Dinheiro,"Bolacha de manteiga ",1,10,aa4d1cfe-c6c1-4fd8-8c4b-2b1b9942884c,Expo Afubra
b4df5fd5-6fde-49b0-be28-366d903678e9,29,2026-03-26 17:11:29.172-03,%,0,29,aa4d1cfe-c6c1-4fd8-8c4b-2b1b9942884c,Dinheiro,Rapadura de Melado,3,7,aa4d1cfe-c6c1-4fd8-8c4b-2b1b9942884c,Expo Afubra
b4df5fd5-6fde-49b0-be28-366d903678e9,29,2026-03-26 17:11:29.172-03,%,0,29,aa4d1cfe-c6c1-4fd8-8c4b-2b1b9942884c,Dinheiro,Cri-Cri 200g,1,8,aa4d1cfe-c6c1-4fd8-8c4b-2b1b9942884c,Expo Afubra
86bca213-c802-48e1-9c1a-8ee3ee617557,65,2026-03-26 17:15:42.508-03,R$,1,66,aa4d1cfe-c6c1-4fd8-8c4b-2b1b9942884c,Dinheiro,Alfajor Preto,1,6,aa4d1cfe-c6c1-4fd8-8c4b-2b1b9942884c,Expo Afubra
86bca213-c802-48e1-9c1a-8ee3ee617557,65,2026-03-26 17:15:42.508-03,R$,1,66,aa4d1cfe-c6c1-4fd8-8c4b-2b1b9942884c,Dinheiro,Rapadura Assada (Pacote x6),6,4.166666666666667,aa4d1cfe-c6c1-4fd8-8c4b-2b1b9942884c,Expo Afubra
86bca213-c802-48e1-9c1a-8ee3ee617557,65,2026-03-26 17:15:42.508-03,R$,1,66,aa4d1cfe-c6c1-4fd8-8c4b-2b1b9942884c,Dinheiro,Pé-de-Moleque,3,5,aa4d1cfe-c6c1-4fd8-8c4b-2b1b9942884c,Expo Afubra
86bca213-c802-48e1-9c1a-8ee3ee617557,65,2026-03-26 17:15:42.508-03,R$,1,66,aa4d1cfe-c6c1-4fd8-8c4b-2b1b9942884c,Dinheiro,Alfajor Preto (Pacote x4),4,5,aa4d1cfe-c6c1-4fd8-8c4b-2b1b9942884c,Expo Afubra
03595e83-5440-4142-a72c-8da659811c9c,25,2026-03-26 17:15:55.567-03,R$,0,25,aa4d1cfe-c6c1-4fd8-8c4b-2b1b9942884c,Dinheiro,Cuca Alemã,1,25,aa4d1cfe-c6c1-4fd8-8c4b-2b1b9942884c,Expo Afubra
4153935b-5d19-4207-bb34-e0fc74443653,6,2026-03-26 17:20:58.116-03,R$,0,6,aa4d1cfe-c6c1-4fd8-8c4b-2b1b9942884c,Dinheiro,Alfajor Preto,1,6,aa4d1cfe-c6c1-4fd8-8c4b-2b1b9942884c,Expo Afubra
5eca07b9-3adb-413a-adbc-f062a3bb92a5,25,2026-03-26 17:29:50.689-03,R$,6,31,aa4d1cfe-c6c1-4fd8-8c4b-2b1b9942884c,Dinheiro,Cuca Alemã,1,25,aa4d1cfe-c6c1-4fd8-8c4b-2b1b9942884c,Expo Afubra
5eca07b9-3adb-413a-adbc-f062a3bb92a5,25,2026-03-26 17:29:50.689-03,R$,6,31,aa4d1cfe-c6c1-4fd8-8c4b-2b1b9942884c,Dinheiro,Alfajor Preto,1,6,aa4d1cfe-c6c1-4fd8-8c4b-2b1b9942884c,Expo Afubra
e3bd36fe-c75a-4e1d-b21f-da64777a8bfd,30,2026-03-26 17:35:00.944-03,%,0,30,aa4d1cfe-c6c1-4fd8-8c4b-2b1b9942884c,Cartão,Alfajor Preto (Pacote x4),4,5,aa4d1cfe-c6c1-4fd8-8c4b-2b1b9942884c,Expo Afubra
e3bd36fe-c75a-4e1d-b21f-da64777a8bfd,30,2026-03-26 17:35:00.944-03,%,0,30,aa4d1cfe-c6c1-4fd8-8c4b-2b1b9942884c,Cartão,Rapadura Assada,2,5,aa4d1cfe-c6c1-4fd8-8c4b-2b1b9942884c,Expo Afubra
a4987305-64e8-4247-8a1a-f248d90e3042,25,2026-03-26 17:36:17.281-03,%,0,25,aa4d1cfe-c6c1-4fd8-8c4b-2b1b9942884c,Dinheiro,Cuca Alemã,1,25,aa4d1cfe-c6c1-4fd8-8c4b-2b1b9942884c,Expo Afubra
b2ef1df3-49ea-499b-b86a-f57f8b6d25fa,60,2026-03-26 17:40:07.332-03,%,0,60,aa4d1cfe-c6c1-4fd8-8c4b-2b1b9942884c,Dinheiro,Alfajor Preto (Pacote x4),12,5,aa4d1cfe-c6c1-4fd8-8c4b-2b1b9942884c,Expo Afubra
fd1697ea-7fd4-4b0f-b4c6-66fdc895aec3,80,2026-03-26 17:40:34.301-03,%,0,80,aa4d1cfe-c6c1-4fd8-8c4b-2b1b9942884c,Dinheiro,Alfajor Preto (Caixa x16),16,5,aa4d1cfe-c6c1-4fd8-8c4b-2b1b9942884c,Expo Afubra
50c97499-6f87-4384-a12d-f5045ce34fcc,20,2026-03-26 17:41:57.924-03,%,0,20,aa4d1cfe-c6c1-4fd8-8c4b-2b1b9942884c,Dinheiro,Alfajor Preto (Pacote x4),4,5,aa4d1cfe-c6c1-4fd8-8c4b-2b1b9942884c,Expo Afubra
95292c5b-89b8-422b-ae33-5b06c9f84ac7,6,2026-03-26 17:52:20.865-03,%,0,6,aa4d1cfe-c6c1-4fd8-8c4b-2b1b9942884c,Dinheiro,Alfajor Preto,1,6,aa4d1cfe-c6c1-4fd8-8c4b-2b1b9942884c,Expo Afubra
2cd5a4de-55a4-41f6-b80f-f53f3bc908a8,52,2026-03-26 17:55:25.699-03,%,0,52,aa4d1cfe-c6c1-4fd8-8c4b-2b1b9942884c,Dinheiro,Rapadura Assada (Pacote x6),6,4.166666666666667,aa4d1cfe-c6c1-4fd8-8c4b-2b1b9942884c,Expo Afubra
2cd5a4de-55a4-41f6-b80f-f53f3bc908a8,52,2026-03-26 17:55:25.699-03,%,0,52,aa4d1cfe-c6c1-4fd8-8c4b-2b1b9942884c,Dinheiro,Rapadura de Melado (Pacote x3),3,6.666666666666667,aa4d1cfe-c6c1-4fd8-8c4b-2b1b9942884c,Expo Afubra
2cd5a4de-55a4-41f6-b80f-f53f3bc908a8,52,2026-03-26 17:55:25.699-03,%,0,52,aa4d1cfe-c6c1-4fd8-8c4b-2b1b9942884c,Dinheiro,Rapadura de Melado,1,7,aa4d1cfe-c6c1-4fd8-8c4b-2b1b9942884c,Expo Afubra
b17ad97b-8d2a-48cf-9be4-59e5e40fc2b6,20,2026-03-27 08:09:48.41-03,%,0,20,aa4d1cfe-c6c1-4fd8-8c4b-2b1b9942884c,Dinheiro,Alfajor Preto (Pacote x4),4,5,aa4d1cfe-c6c1-4fd8-8c4b-2b1b9942884c,Expo Afubra
59ff1199-9f27-404e-8e91-4cb803bcdb26,40,2026-03-27 08:15:48.267-03,%,0,40,aa4d1cfe-c6c1-4fd8-8c4b-2b1b9942884c,Dinheiro,Alfajor Preto (Pacote x4),8,5,aa4d1cfe-c6c1-4fd8-8c4b-2b1b9942884c,Expo Afubra
a9558157-ed8d-48be-9d93-4dc211f84ec6,30,2026-03-27 08:22:13.917-03,R$,2,32,aa4d1cfe-c6c1-4fd8-8c4b-2b1b9942884c,Dinheiro,Alfajor Preto (Pacote x4),4,5,aa4d1cfe-c6c1-4fd8-8c4b-2b1b9942884c,Expo Afubra
a9558157-ed8d-48be-9d93-4dc211f84ec6,30,2026-03-27 08:22:13.917-03,R$,2,32,aa4d1cfe-c6c1-4fd8-8c4b-2b1b9942884c,Dinheiro,Alfajor Preto,2,6,aa4d1cfe-c6c1-4fd8-8c4b-2b1b9942884c,Expo Afubra
39d66641-2f1a-47f5-bf45-f05f5e6a943d,45,2026-03-27 08:28:01.139-03,R$,0,45,aa4d1cfe-c6c1-4fd8-8c4b-2b1b9942884c,Cartão,Alfajor Preto (Pacote x4),4,5,aa4d1cfe-c6c1-4fd8-8c4b-2b1b9942884c,Expo Afubra
39d66641-2f1a-47f5-bf45-f05f5e6a943d,45,2026-03-27 08:28:01.139-03,R$,0,45,aa4d1cfe-c6c1-4fd8-8c4b-2b1b9942884c,Cartão,Rapadura Assada (Pacote x6),6,4.166666666666667,aa4d1cfe-c6c1-4fd8-8c4b-2b1b9942884c,Expo Afubra
9022eeca-ee6f-478c-b902-d657c0e86ac7,25,2026-03-27 08:28:25.856-03,R$,0,25,aa4d1cfe-c6c1-4fd8-8c4b-2b1b9942884c,Cartão,Rapadura Assada (Pacote x6),6,4.166666666666667,aa4d1cfe-c6c1-4fd8-8c4b-2b1b9942884c,Expo Afubra
43fbac97-ae99-4a46-9625-f2fc8edd759b,25,2026-03-27 08:37:45.046-03,%,0,25,aa4d1cfe-c6c1-4fd8-8c4b-2b1b9942884c,Dinheiro,Rapadura Assada (Pacote x6),6,4.166666666666667,aa4d1cfe-c6c1-4fd8-8c4b-2b1b9942884c,Expo Afubra
cea0d20b-28cc-4067-aba5-d967cdc76e59,5,2026-03-27 08:45:40.433-03,%,0,5,aa4d1cfe-c6c1-4fd8-8c4b-2b1b9942884c,Dinheiro,Rapadura Assada,1,5,aa4d1cfe-c6c1-4fd8-8c4b-2b1b9942884c,Expo Afubra
5765bd6f-e25d-46e6-ab06-5a1bd0d319d3,5,2026-03-27 08:46:50.98-03,%,0,5,aa4d1cfe-c6c1-4fd8-8c4b-2b1b9942884c,Dinheiro,Rapadura Assada,1,5,aa4d1cfe-c6c1-4fd8-8c4b-2b1b9942884c,Expo Afubra
ac80632d-22e0-47b3-b7b1-e1fd7cb232f6,20,2026-03-27 08:49:37.924-03,%,0,20,aa4d1cfe-c6c1-4fd8-8c4b-2b1b9942884c,Pix,Rapadura de Melado (Pacote x3),3,6.666666666666667,aa4d1cfe-c6c1-4fd8-8c4b-2b1b9942884c,Expo Afubra
540e5d12-c29a-4012-8793-4491f36dc6e0,10,2026-03-27 08:51:10.259-03,%,0,10,aa4d1cfe-c6c1-4fd8-8c4b-2b1b9942884c,Dinheiro,"Bolacha de manteiga ",1,10,aa4d1cfe-c6c1-4fd8-8c4b-2b1b9942884c,Expo Afubra
b82f4568-efba-4a4f-884b-c6cb4e33c457,7,2026-03-27 09:04:40.742-03,%,0,7,aa4d1cfe-c6c1-4fd8-8c4b-2b1b9942884c,Dinheiro,Rapadura de Melado,1,7,aa4d1cfe-c6c1-4fd8-8c4b-2b1b9942884c,Expo Afubra
4fdbc9f7-c73b-4184-9e44-0809a768c4bf,25,2026-03-27 09:07:58.51-03,%,0,25,aa4d1cfe-c6c1-4fd8-8c4b-2b1b9942884c,Dinheiro,Rapadura Assada (Pacote x6),6,4.166666666666667,aa4d1cfe-c6c1-4fd8-8c4b-2b1b9942884c,Expo Afubra
147379ea-d57b-4b01-b7bd-ca04263a9fc5,25,2026-03-27 09:17:25.041-03,%,0,25,aa4d1cfe-c6c1-4fd8-8c4b-2b1b9942884c,Dinheiro,Rapadura Assada (Pacote x6),6,4.166666666666667,aa4d1cfe-c6c1-4fd8-8c4b-2b1b9942884c,Expo Afubra
d515061a-dff3-4bfd-a993-2c2c5b1b7df9,12,2026-03-27 09:17:59.228-03,%,0,12,aa4d1cfe-c6c1-4fd8-8c4b-2b1b9942884c,Dinheiro,Rapadura Assada,1,5,aa4d1cfe-c6c1-4fd8-8c4b-2b1b9942884c,Expo Afubra
d515061a-dff3-4bfd-a993-2c2c5b1b7df9,12,2026-03-27 09:17:59.228-03,%,0,12,aa4d1cfe-c6c1-4fd8-8c4b-2b1b9942884c,Dinheiro,Rapadura de Melado,1,7,aa4d1cfe-c6c1-4fd8-8c4b-2b1b9942884c,Expo Afubra
a2ef098e-ff17-4c17-9b6a-99dfc7149277,20,2026-03-27 09:18:46.846-03,%,0,20,aa4d1cfe-c6c1-4fd8-8c4b-2b1b9942884c,Dinheiro,Rapadura de Melado (Pacote x3),3,6.666666666666667,aa4d1cfe-c6c1-4fd8-8c4b-2b1b9942884c,Expo Afubra
b35ed428-ffa5-4e75-9a63-06f46abd3128,20,2026-03-27 09:20:11.263-03,%,0,20,aa4d1cfe-c6c1-4fd8-8c4b-2b1b9942884c,Dinheiro,Rapadura de Melado (Pacote x3),3,6.666666666666667,aa4d1cfe-c6c1-4fd8-8c4b-2b1b9942884c,Expo Afubra
031cb2a4-6545-474e-a5ec-a0f85b0f9a83,5,2026-03-27 09:28:35.564-03,%,0,5,aa4d1cfe-c6c1-4fd8-8c4b-2b1b9942884c,Dinheiro,Rapadura Assada,1,5,aa4d1cfe-c6c1-4fd8-8c4b-2b1b9942884c,Expo Afubra
b1cbc174-199e-4ad4-add6-cebe562df03f,5,2026-03-27 09:41:19.148-03,%,0,5,aa4d1cfe-c6c1-4fd8-8c4b-2b1b9942884c,Dinheiro,Rapadura Assada,1,5,aa4d1cfe-c6c1-4fd8-8c4b-2b1b9942884c,Expo Afubra
625e07b7-8a62-4146-aebb-2e4e231ef1fa,5,2026-03-27 09:55:51.53-03,%,0,5,aa4d1cfe-c6c1-4fd8-8c4b-2b1b9942884c,Dinheiro,Pé-de-Moleque,1,5,aa4d1cfe-c6c1-4fd8-8c4b-2b1b9942884c,Expo Afubra
f9b85616-7497-4815-8604-5b848da090fb,5,2026-03-27 10:05:09.495-03,%,0,5,aa4d1cfe-c6c1-4fd8-8c4b-2b1b9942884c,Dinheiro,Rapadura Assada,1,5,aa4d1cfe-c6c1-4fd8-8c4b-2b1b9942884c,Expo Afubra
18f22b9e-f340-44ae-90bf-901f764e7cf1,10,2026-03-27 10:06:40.11-03,%,0,10,aa4d1cfe-c6c1-4fd8-8c4b-2b1b9942884c,Dinheiro,Rapadura Assada,2,5,aa4d1cfe-c6c1-4fd8-8c4b-2b1b9942884c,Expo Afubra
f81422c4-ba8a-461c-9619-3d0373c98987,5,2026-03-27 10:14:27.755-03,%,0,5,aa4d1cfe-c6c1-4fd8-8c4b-2b1b9942884c,Dinheiro,Rapadura Assada,1,5,aa4d1cfe-c6c1-4fd8-8c4b-2b1b9942884c,Expo Afubra
fd2261f5-af38-4a0f-8779-9eea4abe70f6,25,2026-03-27 10:29:56.655-03,%,0,25,aa4d1cfe-c6c1-4fd8-8c4b-2b1b9942884c,Dinheiro,Rapadura Assada (Pacote x6),6,4.166666666666667,aa4d1cfe-c6c1-4fd8-8c4b-2b1b9942884c,Expo Afubra
878804df-805d-443f-b95f-fe5278bb3d53,20,2026-03-27 10:42:40.043-03,%,0,20,aa4d1cfe-c6c1-4fd8-8c4b-2b1b9942884c,Dinheiro,Alfajor Preto (Pacote x4),4,5,aa4d1cfe-c6c1-4fd8-8c4b-2b1b9942884c,Expo Afubra
f1e6ad63-c822-4c86-83bb-1da3e60e049e,20,2026-03-27 10:46:13.669-03,%,0,20,aa4d1cfe-c6c1-4fd8-8c4b-2b1b9942884c,Dinheiro,Alfajor Preto (Pacote x4),4,5,aa4d1cfe-c6c1-4fd8-8c4b-2b1b9942884c,Expo Afubra
711060ed-7dbc-44cf-be18-6aaf2f644809,5,2026-03-27 10:48:37.017-03,%,0,5,aa4d1cfe-c6c1-4fd8-8c4b-2b1b9942884c,Dinheiro,Rapadura Assada,1,5,aa4d1cfe-c6c1-4fd8-8c4b-2b1b9942884c,Expo Afubra
cfde25c5-2e92-488c-9d1d-87ed152cf045,17,2026-03-27 11:17:03.808-03,%,0,17,aa4d1cfe-c6c1-4fd8-8c4b-2b1b9942884c,Cartão,Rapadura de Melado,1,7,aa4d1cfe-c6c1-4fd8-8c4b-2b1b9942884c,Expo Afubra
cfde25c5-2e92-488c-9d1d-87ed152cf045,17,2026-03-27 11:17:03.808-03,%,0,17,aa4d1cfe-c6c1-4fd8-8c4b-2b1b9942884c,Cartão,Rapadura Assada,2,5,aa4d1cfe-c6c1-4fd8-8c4b-2b1b9942884c,Expo Afubra
6ba0cf8c-0225-4fdd-8fa8-b3b858179489,28,2026-03-27 11:27:14.135-03,%,0,28,aa4d1cfe-c6c1-4fd8-8c4b-2b1b9942884c,Dinheiro,Alfajor Preto (Pacote x4),4,5,aa4d1cfe-c6c1-4fd8-8c4b-2b1b9942884c,Expo Afubra
6ba0cf8c-0225-4fdd-8fa8-b3b858179489,28,2026-03-27 11:27:14.135-03,%,0,28,aa4d1cfe-c6c1-4fd8-8c4b-2b1b9942884c,Dinheiro,Cri-Cri 200g,1,8,aa4d1cfe-c6c1-4fd8-8c4b-2b1b9942884c,Expo Afubra
3d2cdf8c-916d-4c95-91d8-5a9849e11559,25,2026-03-27 11:27:24.627-03,%,0,25,aa4d1cfe-c6c1-4fd8-8c4b-2b1b9942884c,Dinheiro,Rapadura Assada (Pacote x6),6,4.166666666666667,aa4d1cfe-c6c1-4fd8-8c4b-2b1b9942884c,Expo Afubra
73a5d2f0-68de-40ba-94a5-8b9cce119f96,20,2026-03-27 11:28:37.882-03,%,0,20,aa4d1cfe-c6c1-4fd8-8c4b-2b1b9942884c,Dinheiro,Rapadura de Melado (Pacote x3),3,6.666666666666667,aa4d1cfe-c6c1-4fd8-8c4b-2b1b9942884c,Expo Afubra
267527c5-86a9-45e5-9c46-18e9a4367f95,8,2026-03-27 11:29:40.023-03,%,0,8,aa4d1cfe-c6c1-4fd8-8c4b-2b1b9942884c,Pix,Cri-Cri 200g,1,8,aa4d1cfe-c6c1-4fd8-8c4b-2b1b9942884c,Expo Afubra
1547de17-931a-480f-b068-bd74b41df19e,10,2026-03-27 11:31:32.01-03,%,0,10,aa4d1cfe-c6c1-4fd8-8c4b-2b1b9942884c,Dinheiro,"Bolacha de manteiga ",1,10,aa4d1cfe-c6c1-4fd8-8c4b-2b1b9942884c,Expo Afubra
190f2279-a74d-4e71-b6f4-df87d6011163,10,2026-03-27 11:34:09.59-03,R$,2,12,aa4d1cfe-c6c1-4fd8-8c4b-2b1b9942884c,Dinheiro,Alfajor Preto,2,6,aa4d1cfe-c6c1-4fd8-8c4b-2b1b9942884c,Expo Afubra
31cbcb99-95f0-41a1-a1b2-721afb394c61,40,2026-03-27 11:40:49.584-03,%,0,40,aa4d1cfe-c6c1-4fd8-8c4b-2b1b9942884c,Dinheiro,Rapadura de Melado (Pacote x3),6,6.666666666666667,aa4d1cfe-c6c1-4fd8-8c4b-2b1b9942884c,Expo Afubra
77b60692-cb96-4071-846e-bb4eeb590fd3,25,2026-03-27 11:56:38.261-03,%,0,25,aa4d1cfe-c6c1-4fd8-8c4b-2b1b9942884c,Dinheiro,Rapadura Assada (Pacote x6),6,4.166666666666667,aa4d1cfe-c6c1-4fd8-8c4b-2b1b9942884c,Expo Afubra
be26f1b2-2644-4436-a8b5-d2e4e84a2910,25,2026-03-27 11:58:10.875-03,%,0,25,aa4d1cfe-c6c1-4fd8-8c4b-2b1b9942884c,Pix,Rapadura Assada (Pacote x6),6,4.166666666666667,aa4d1cfe-c6c1-4fd8-8c4b-2b1b9942884c,Expo Afubra
adb3df13-3168-4611-b083-d75b8bdc7952,25,2026-03-27 12:04:39.927-03,%,0,25,aa4d1cfe-c6c1-4fd8-8c4b-2b1b9942884c,Pix,Rapadura Assada (Pacote x6),6,4.166666666666667,aa4d1cfe-c6c1-4fd8-8c4b-2b1b9942884c,Expo Afubra
0e07d76f-56a4-4488-936c-bc0eb66620b9,25,2026-03-27 12:15:59.494-03,%,0,25,aa4d1cfe-c6c1-4fd8-8c4b-2b1b9942884c,Dinheiro,Rapadura Assada (Pacote x6),6,4.166666666666667,aa4d1cfe-c6c1-4fd8-8c4b-2b1b9942884c,Expo Afubra
b649d4d3-933f-44f6-afc2-c41c5c4e36ca,25,2026-03-27 12:28:58.734-03,%,0,25,aa4d1cfe-c6c1-4fd8-8c4b-2b1b9942884c,Dinheiro,Rapadura Assada (Pacote x6),6,4.166666666666667,aa4d1cfe-c6c1-4fd8-8c4b-2b1b9942884c,Expo Afubra
6fcebe4f-e647-4658-b192-91806561f750,10,2026-03-27 12:49:07.097-03,%,0,10,aa4d1cfe-c6c1-4fd8-8c4b-2b1b9942884c,Dinheiro,Rapadura Assada,2,5,aa4d1cfe-c6c1-4fd8-8c4b-2b1b9942884c,Expo Afubra
8832e3a0-77d2-48c6-bd66-bae6ce7b7394,20,2026-03-27 13:11:00.507-03,%,0,20,aa4d1cfe-c6c1-4fd8-8c4b-2b1b9942884c,Dinheiro,Rapadura de Melado (Pacote x3),3,6.666666666666667,aa4d1cfe-c6c1-4fd8-8c4b-2b1b9942884c,Expo Afubra
d492c142-aa6f-4d3a-a263-56a8611e32f2,5,2026-03-27 13:17:00.849-03,%,0,5,aa4d1cfe-c6c1-4fd8-8c4b-2b1b9942884c,Dinheiro,Rapadura Assada,1,5,aa4d1cfe-c6c1-4fd8-8c4b-2b1b9942884c,Expo Afubra
9fed108d-9800-4396-831f-524169f761e8,25,2026-03-27 13:29:01.205-03,%,0,25,aa4d1cfe-c6c1-4fd8-8c4b-2b1b9942884c,Cartão,Rapadura Assada (Pacote x6),6,4.166666666666667,aa4d1cfe-c6c1-4fd8-8c4b-2b1b9942884c,Expo Afubra
4b98186d-39af-4767-a53e-87bdbd7a4740,10,2026-03-27 13:29:17.171-03,%,0,10,aa4d1cfe-c6c1-4fd8-8c4b-2b1b9942884c,Dinheiro,"Bolacha de manteiga ",1,10,aa4d1cfe-c6c1-4fd8-8c4b-2b1b9942884c,Expo Afubra
cda1a040-0889-4255-bf3a-09f23f1861ea,20,2026-03-27 13:39:30.574-03,%,0,20,aa4d1cfe-c6c1-4fd8-8c4b-2b1b9942884c,Dinheiro,Rapadura de Melado (Pacote x3),3,6.666666666666667,aa4d1cfe-c6c1-4fd8-8c4b-2b1b9942884c,Expo Afubra
108160b3-4fb0-4c3e-a804-c60bccb77bd4,10,2026-03-27 13:43:34.928-03,%,0,10,aa4d1cfe-c6c1-4fd8-8c4b-2b1b9942884c,Cartão,Rapadura Assada,2,5,aa4d1cfe-c6c1-4fd8-8c4b-2b1b9942884c,Expo Afubra
01e84d78-5d3f-4b4b-b3ed-636e60196575,5,2026-03-27 13:43:44.819-03,%,0,5,aa4d1cfe-c6c1-4fd8-8c4b-2b1b9942884c,Dinheiro,Rapadura Assada,1,5,aa4d1cfe-c6c1-4fd8-8c4b-2b1b9942884c,Expo Afubra
9845177f-7e8f-4dc8-a470-01a90ac340ad,50,2026-03-27 13:53:06.796-03,%,0,50,aa4d1cfe-c6c1-4fd8-8c4b-2b1b9942884c,Cartão,Rapadura Assada (Pacote x6),12,4.166666666666667,aa4d1cfe-c6c1-4fd8-8c4b-2b1b9942884c,Expo Afubra
bc8e1ba8-3184-4429-a882-b8c33a78820c,5,2026-03-27 14:07:53.114-03,%,0,5,aa4d1cfe-c6c1-4fd8-8c4b-2b1b9942884c,Dinheiro,Pé-de-Moleque,1,5,aa4d1cfe-c6c1-4fd8-8c4b-2b1b9942884c,Expo Afubra
2ead44c9-424a-4dad-b24b-ca9ca56b514f,20,2026-03-27 14:10:57.79-03,%,0,20,aa4d1cfe-c6c1-4fd8-8c4b-2b1b9942884c,Dinheiro,Rapadura de Melado (Pacote x3),3,6.666666666666667,aa4d1cfe-c6c1-4fd8-8c4b-2b1b9942884c,Expo Afubra
bea13968-e875-46fb-850e-4cf7b9ded6f0,180,2026-06-14 10:58:59.29-03,R$,30,210,3f621f3e-720d-4c68-b436-eaac939ec515,Dinheiro,Alfajor Preto (Caixa x16),16,5,3f621f3e-720d-4c68-b436-eaac939ec515,EXPOBENTO
bea13968-e875-46fb-850e-4cf7b9ded6f0,180,2026-06-14 10:58:59.29-03,R$,30,210,3f621f3e-720d-4c68-b436-eaac939ec515,Dinheiro,Alfajor Branco (Caixa x16),16,5,3f621f3e-720d-4c68-b436-eaac939ec515,EXPOBENTO
bea13968-e875-46fb-850e-4cf7b9ded6f0,180,2026-06-14 10:58:59.29-03,R$,30,210,3f621f3e-720d-4c68-b436-eaac939ec515,Dinheiro,Rapadura Assada (Pacote x6),12,4.166666666666667,3f621f3e-720d-4c68-b436-eaac939ec515,EXPOBENTO
23129c8b-32d7-4c37-871a-8edb0955642d,7,2026-06-14 14:10:05.868-03,R$,0,7,3f621f3e-720d-4c68-b436-eaac939ec515,Dinheiro,Rapadura de Melado,1,7,3f621f3e-720d-4c68-b436-eaac939ec515,EXPOBENTO
8d108d1c-e6ac-4b9e-b91a-43bca7fbdf88,15,2026-06-14 16:27:06.99-03,R$,0,15,3f621f3e-720d-4c68-b436-eaac939ec515,Dinheiro,Cuca Enrolada de Amendoim,1,15,3f621f3e-720d-4c68-b436-eaac939ec515,EXPOBENTO
db631913-e132-4150-832e-4602cd3a8a69,12,2026-06-14 17:48:28.538-03,R$,0,12,3f621f3e-720d-4c68-b436-eaac939ec515,Dinheiro,Alfajor Branco,1,6,3f621f3e-720d-4c68-b436-eaac939ec515,EXPOBENTO
db631913-e132-4150-832e-4602cd3a8a69,12,2026-06-14 17:48:28.538-03,R$,0,12,3f621f3e-720d-4c68-b436-eaac939ec515,Dinheiro,Alfajor Preto,1,6,3f621f3e-720d-4c68-b436-eaac939ec515,EXPOBENTO
87564f19-a2c3-4a5e-994f-4270f205d4c7,50,2026-06-14 20:15:39.03-03,R$,3,53,3f621f3e-720d-4c68-b436-eaac939ec515,Cartão,Alfajor Branco,1,6,3f621f3e-720d-4c68-b436-eaac939ec515,EXPOBENTO
87564f19-a2c3-4a5e-994f-4270f205d4c7,50,2026-06-14 20:15:39.03-03,R$,3,53,3f621f3e-720d-4c68-b436-eaac939ec515,Cartão,Alfajor Preto,1,6,3f621f3e-720d-4c68-b436-eaac939ec515,EXPOBENTO
87564f19-a2c3-4a5e-994f-4270f205d4c7,50,2026-06-14 20:15:39.03-03,R$,3,53,3f621f3e-720d-4c68-b436-eaac939ec515,Cartão,Rapadura Assada (Pacote x6),6,4.166666666666667,3f621f3e-720d-4c68-b436-eaac939ec515,EXPOBENTO
87564f19-a2c3-4a5e-994f-4270f205d4c7,50,2026-06-14 20:15:39.03-03,R$,3,53,3f621f3e-720d-4c68-b436-eaac939ec515,Cartão,Cri-Cri 200g,2,8,3f621f3e-720d-4c68-b436-eaac939ec515,EXPOBENTO
e103f850-b316-4189-8de5-b06494070769,45,2026-06-14 11:10:43.697-03,R$,5,50,3f621f3e-720d-4c68-b436-eaac939ec515,Pix,Cuca Enrolada de Amendoim (Pacote x2),2,12.5,3f621f3e-720d-4c68-b436-eaac939ec515,EXPOBENTO
e103f850-b316-4189-8de5-b06494070769,45,2026-06-14 11:10:43.697-03,R$,5,50,3f621f3e-720d-4c68-b436-eaac939ec515,Pix,Rapadura Assada (Pacote x6),6,4.166666666666667,3f621f3e-720d-4c68-b436-eaac939ec515,EXPOBENTO
9e43de9a-b0d6-481f-966c-28b35c942ebe,25,2026-06-14 14:24:13.931-03,R$,0,25,3f621f3e-720d-4c68-b436-eaac939ec515,Dinheiro,Rapadura Assada (Pacote x6),6,4.166666666666667,3f621f3e-720d-4c68-b436-eaac939ec515,EXPOBENTO
f1c0c6d1-dfdb-4f6a-b94a-c37d2223449c,20,2026-06-14 16:32:22.515-03,R$,4,24,3f621f3e-720d-4c68-b436-eaac939ec515,Dinheiro,Alfajor Branco,2,6,3f621f3e-720d-4c68-b436-eaac939ec515,EXPOBENTO
f1c0c6d1-dfdb-4f6a-b94a-c37d2223449c,20,2026-06-14 16:32:22.515-03,R$,4,24,3f621f3e-720d-4c68-b436-eaac939ec515,Dinheiro,Alfajor Preto,2,6,3f621f3e-720d-4c68-b436-eaac939ec515,EXPOBENTO
a7d8b75a-b921-4493-95a7-c9d6d99e2cc0,47,2026-06-14 17:53:20.477-03,R$,0,47,3f621f3e-720d-4c68-b436-eaac939ec515,Cartão,Rapadura de Melado (Pacote x3),3,6.666666666666667,3f621f3e-720d-4c68-b436-eaac939ec515,EXPOBENTO
a7d8b75a-b921-4493-95a7-c9d6d99e2cc0,47,2026-06-14 17:53:20.477-03,R$,0,47,3f621f3e-720d-4c68-b436-eaac939ec515,Cartão,Rapadura de Melado,1,7,3f621f3e-720d-4c68-b436-eaac939ec515,EXPOBENTO
a7d8b75a-b921-4493-95a7-c9d6d99e2cc0,47,2026-06-14 17:53:20.477-03,R$,0,47,3f621f3e-720d-4c68-b436-eaac939ec515,Cartão,Alfajor Preto (Pacote x4),4,5,3f621f3e-720d-4c68-b436-eaac939ec515,EXPOBENTO
8c4d1fc8-624f-4f16-987c-94b9a65ff3c2,15,2026-06-14 11:10:55.068-03,R$,0,15,3f621f3e-720d-4c68-b436-eaac939ec515,Dinheiro,Cuca Enrolada de Amendoim,1,15,3f621f3e-720d-4c68-b436-eaac939ec515,EXPOBENTO
d38732ee-653c-4e0a-9943-cafcc3fbaed0,40,2026-06-14 14:51:43.293-03,R$,0,40,3f621f3e-720d-4c68-b436-eaac939ec515,Dinheiro,Rapadura de Melado (Pacote x3),6,6.666666666666667,3f621f3e-720d-4c68-b436-eaac939ec515,EXPOBENTO
1fdd5e53-2124-4632-ba3d-6315fd4677fe,15,2026-06-14 16:32:43.482-03,R$,1,16,3f621f3e-720d-4c68-b436-eaac939ec515,Dinheiro,Amendoim Temperado,2,8,3f621f3e-720d-4c68-b436-eaac939ec515,EXPOBENTO
47138eb7-5d26-4713-aadb-e8b2c9d47afb,7,2026-06-14 17:53:31.816-03,R$,0,7,3f621f3e-720d-4c68-b436-eaac939ec515,Dinheiro,Rapadura de Melado,1,7,3f621f3e-720d-4c68-b436-eaac939ec515,EXPOBENTO
4edefb37-7512-4925-a5fb-0fb4dd9fbb5c,20,2026-06-14 11:20:21.555-03,R$,0,20,3f621f3e-720d-4c68-b436-eaac939ec515,Pix,Alfajor Branco (Pacote x4),4,5,3f621f3e-720d-4c68-b436-eaac939ec515,EXPOBENTO
536392ef-0326-49b9-92eb-87a828fd416e,7,2026-06-14 14:55:04.343-03,R$,0,7,3f621f3e-720d-4c68-b436-eaac939ec515,Dinheiro,Rapadura de Melado,1,7,3f621f3e-720d-4c68-b436-eaac939ec515,EXPOBENTO
695da22a-919e-445d-942e-8bd2c949caa2,16,2026-06-14 16:36:30.631-03,%,0,16,3f621f3e-720d-4c68-b436-eaac939ec515,Pix,Cri-Cri 200g,1,8,3f621f3e-720d-4c68-b436-eaac939ec515,EXPOBENTO
695da22a-919e-445d-942e-8bd2c949caa2,16,2026-06-14 16:36:30.631-03,%,0,16,3f621f3e-720d-4c68-b436-eaac939ec515,Pix,Amendoim Temperado,1,8,3f621f3e-720d-4c68-b436-eaac939ec515,EXPOBENTO
18dc9939-d57c-43d2-a288-c6688c66ed4d,20,2026-06-14 17:53:37.614-03,R$,0,20,3f621f3e-720d-4c68-b436-eaac939ec515,Dinheiro,Alfajor Branco (Pacote x4),4,5,3f621f3e-720d-4c68-b436-eaac939ec515,EXPOBENTO
d2041cef-8f9c-4fe0-9b06-425ddb00cdae,20,2026-06-14 11:46:39.792-03,R$,0,20,3f621f3e-720d-4c68-b436-eaac939ec515,Dinheiro,Rapadura de Melado (Pacote x3),3,6.666666666666667,3f621f3e-720d-4c68-b436-eaac939ec515,EXPOBENTO
ffdb4e8c-85ab-4125-b0e8-fa0490b3602c,20,2026-06-14 15:05:58.39-03,R$,2,22,3f621f3e-720d-4c68-b436-eaac939ec515,Dinheiro,Alfajor Preto,2,6,3f621f3e-720d-4c68-b436-eaac939ec515,EXPOBENTO
ffdb4e8c-85ab-4125-b0e8-fa0490b3602c,20,2026-06-14 15:05:58.39-03,R$,2,22,3f621f3e-720d-4c68-b436-eaac939ec515,Dinheiro,Rapadura Assada,2,5,3f621f3e-720d-4c68-b436-eaac939ec515,EXPOBENTO
0faaeec7-0802-41e5-8ce0-d06374826a16,25,2026-06-14 17:08:41.846-03,%,0,25,3f621f3e-720d-4c68-b436-eaac939ec515,Cartão,Cuca Enrolada de Amendoim (Pacote x2),2,12.5,3f621f3e-720d-4c68-b436-eaac939ec515,EXPOBENTO
23481fac-d43d-4d3e-9687-2dece2f38ae8,25,2026-06-14 17:54:08.482-03,R$,0,25,3f621f3e-720d-4c68-b436-eaac939ec515,Dinheiro,Rapadura Assada (Pacote x6),6,4.166666666666667,3f621f3e-720d-4c68-b436-eaac939ec515,EXPOBENTO
fe115d44-2fce-4e58-bfc5-166aaf53958c,80,2026-06-17 21:28:16.849-03,%,0,80,aa4d1cfe-c6c1-4fd8-8c4b-2b1b9942884c,Cartão,Alfajor Preto (Caixa x16),16,5,aa4d1cfe-c6c1-4fd8-8c4b-2b1b9942884c,EXPOBENTO
df397a80-95c0-4a7d-ac8c-39fd3049ed88,27,2026-06-14 12:30:16.73-03,%,0,27,3f621f3e-720d-4c68-b436-eaac939ec515,Cartão,Rapadura Assada,1,5,3f621f3e-720d-4c68-b436-eaac939ec515,EXPOBENTO
df397a80-95c0-4a7d-ac8c-39fd3049ed88,27,2026-06-14 12:30:16.73-03,%,0,27,3f621f3e-720d-4c68-b436-eaac939ec515,Cartão,Rapadura de Melado,1,7,3f621f3e-720d-4c68-b436-eaac939ec515,EXPOBENTO
df397a80-95c0-4a7d-ac8c-39fd3049ed88,27,2026-06-14 12:30:16.73-03,%,0,27,3f621f3e-720d-4c68-b436-eaac939ec515,Cartão,Cuca Enrolada de Amendoim,1,15,3f621f3e-720d-4c68-b436-eaac939ec515,EXPOBENTO
3f4e4919-e293-4b28-b32b-8cc650be6c1d,25,2026-06-14 15:19:02.214-03,R$,0,25,3f621f3e-720d-4c68-b436-eaac939ec515,Dinheiro,Cuca Enrolada de Amendoim (Pacote x2),2,12.5,3f621f3e-720d-4c68-b436-eaac939ec515,EXPOBENTO
a8fc6383-914d-407a-b88d-381497c79299,15,2026-05-08 10:24:55.074-03,%,0,15,3f621f3e-720d-4c68-b436-eaac939ec515,Pix,Cri-Cri 200g,1,8,3f621f3e-720d-4c68-b436-eaac939ec515,Feira CTG
a8fc6383-914d-407a-b88d-381497c79299,15,2026-05-08 10:24:55.074-03,%,0,15,3f621f3e-720d-4c68-b436-eaac939ec515,Pix,Rapadura de Melado,1,7,3f621f3e-720d-4c68-b436-eaac939ec515,Feira CTG
71056c75-ede5-4bd4-9a52-7ae46289483f,12,2026-05-08 10:45:22.987-03,%,0,12,3f621f3e-720d-4c68-b436-eaac939ec515,Dinheiro,Alfajor Branco,1,6,3f621f3e-720d-4c68-b436-eaac939ec515,Feira CTG
71056c75-ede5-4bd4-9a52-7ae46289483f,12,2026-05-08 10:45:22.987-03,%,0,12,3f621f3e-720d-4c68-b436-eaac939ec515,Dinheiro,Alfajor Preto,1,6,3f621f3e-720d-4c68-b436-eaac939ec515,Feira CTG
bd49b2ac-6e1c-4f10-ba77-e067b74e3b13,6,2026-05-08 10:48:30.338-03,%,0,6,3f621f3e-720d-4c68-b436-eaac939ec515,Dinheiro,Alfajor Preto,1,6,3f621f3e-720d-4c68-b436-eaac939ec515,Feira CTG
2162ac25-2e16-4062-b957-55c772ad6f0e,17,2026-05-08 13:41:53.083-03,%,0,17,3f621f3e-720d-4c68-b436-eaac939ec515,Cartão,Alfajor Branco,1,6,3f621f3e-720d-4c68-b436-eaac939ec515,Feira CTG
2162ac25-2e16-4062-b957-55c772ad6f0e,17,2026-05-08 13:41:53.083-03,%,0,17,3f621f3e-720d-4c68-b436-eaac939ec515,Cartão,Alfajor Preto,1,6,3f621f3e-720d-4c68-b436-eaac939ec515,Feira CTG
2162ac25-2e16-4062-b957-55c772ad6f0e,17,2026-05-08 13:41:53.083-03,%,0,17,3f621f3e-720d-4c68-b436-eaac939ec515,Cartão,Rapadura Assada,1,5,3f621f3e-720d-4c68-b436-eaac939ec515,Feira CTG
0b15b331-8ad3-4741-b40e-5b909c936ea9,24,2026-05-08 14:20:22.141-03,%,0,24,3f621f3e-720d-4c68-b436-eaac939ec515,Dinheiro,Alfajor Branco,3,6,3f621f3e-720d-4c68-b436-eaac939ec515,Feira CTG
0b15b331-8ad3-4741-b40e-5b909c936ea9,24,2026-05-08 14:20:22.141-03,%,0,24,3f621f3e-720d-4c68-b436-eaac939ec515,Dinheiro,Alfajor Preto,1,6,3f621f3e-720d-4c68-b436-eaac939ec515,Feira CTG
c7ef2b0c-4c7f-49ff-b254-b44c30e99de5,40,2026-05-08 15:08:20.484-03,R$,5,45,3f621f3e-720d-4c68-b436-eaac939ec515,Dinheiro,Rapadura de Melado (Pacote x3),3,6.666666666666667,3f621f3e-720d-4c68-b436-eaac939ec515,Feira CTG
c7ef2b0c-4c7f-49ff-b254-b44c30e99de5,40,2026-05-08 15:08:20.484-03,R$,5,45,3f621f3e-720d-4c68-b436-eaac939ec515,Dinheiro,Cuca Alemã,1,25,3f621f3e-720d-4c68-b436-eaac939ec515,Feira CTG
9d0d8e4e-2e7e-49d9-b31a-8ad5ed67f261,8,2026-05-08 15:19:25.494-03,R$,0,8,3f621f3e-720d-4c68-b436-eaac939ec515,Pix,Cri-Cri 200g,1,8,3f621f3e-720d-4c68-b436-eaac939ec515,Feira CTG
551cb1c8-22a3-4d0b-9d52-8c65519c7ce7,6,2026-05-08 15:34:57.345-03,R$,0,6,3f621f3e-720d-4c68-b436-eaac939ec515,Dinheiro,Alfajor Preto,1,6,3f621f3e-720d-4c68-b436-eaac939ec515,Feira CTG
d63990a9-03c8-4b27-b5fa-cf8e5a1ab088,24,2026-05-08 15:36:09.503-03,R$,0,24,3f621f3e-720d-4c68-b436-eaac939ec515,Dinheiro,Alfajor Preto,3,6,3f621f3e-720d-4c68-b436-eaac939ec515,Feira CTG
d63990a9-03c8-4b27-b5fa-cf8e5a1ab088,24,2026-05-08 15:36:09.503-03,R$,0,24,3f621f3e-720d-4c68-b436-eaac939ec515,Dinheiro,Alfajor Branco,1,6,3f621f3e-720d-4c68-b436-eaac939ec515,Feira CTG
700c9d26-d7c7-4e18-8b61-13fa3feee4f3,31,2026-05-08 15:36:45.422-03,R$,0,31,3f621f3e-720d-4c68-b436-eaac939ec515,Dinheiro,Alfajor Preto,1,6,3f621f3e-720d-4c68-b436-eaac939ec515,Feira CTG
700c9d26-d7c7-4e18-8b61-13fa3feee4f3,31,2026-05-08 15:36:45.422-03,R$,0,31,3f621f3e-720d-4c68-b436-eaac939ec515,Dinheiro,Cuca Alemã,1,25,3f621f3e-720d-4c68-b436-eaac939ec515,Feira CTG
1129452b-ae4e-4528-b349-d902cb2efe28,6,2026-05-08 15:43:09.573-03,%,0,6,3f621f3e-720d-4c68-b436-eaac939ec515,Dinheiro,Alfajor Preto,1,6,3f621f3e-720d-4c68-b436-eaac939ec515,Feira CTG
528a8a44-154f-4226-b77a-4ce86751a7b7,20,2026-06-14 13:05:00.746-03,R$,4,24,3f621f3e-720d-4c68-b436-eaac939ec515,Dinheiro,Alfajor Branco,2,6,3f621f3e-720d-4c68-b436-eaac939ec515,EXPOBENTO
528a8a44-154f-4226-b77a-4ce86751a7b7,20,2026-06-14 13:05:00.746-03,R$,4,24,3f621f3e-720d-4c68-b436-eaac939ec515,Dinheiro,Alfajor Preto,2,6,3f621f3e-720d-4c68-b436-eaac939ec515,EXPOBENTO
4fa8c5cb-60c1-4421-9ae8-fd228edea2c5,20,2026-06-14 15:39:17.517-03,R$,5,25,3f621f3e-720d-4c68-b436-eaac939ec515,Dinheiro,Cuca Enrolada de Amendoim (Pacote x2),2,12.5,3f621f3e-720d-4c68-b436-eaac939ec515,EXPOBENTO
59b5d8fe-b3c4-4b1f-b626-0e149c8662c0,65,2026-05-08 15:58:32.426-03,%,0,65,3f621f3e-720d-4c68-b436-eaac939ec515,Dinheiro,Cuca Alemã,2,25,3f621f3e-720d-4c68-b436-eaac939ec515,Feira CTG
59b5d8fe-b3c4-4b1f-b626-0e149c8662c0,65,2026-05-08 15:58:32.426-03,%,0,65,3f621f3e-720d-4c68-b436-eaac939ec515,Dinheiro,Cuca Enrolada de Amendoim,1,15,3f621f3e-720d-4c68-b436-eaac939ec515,Feira CTG
99f8c4a3-c74d-4ebd-b7ce-f3c839ae347a,20,2026-05-08 16:08:23.94-03,%,0,20,3f621f3e-720d-4c68-b436-eaac939ec515,Dinheiro,Rapadura de Melado (Pacote x3),3,6.666666666666667,3f621f3e-720d-4c68-b436-eaac939ec515,Feira CTG
3a13c566-b098-4866-b04f-c93d2c236236,25,2026-05-08 16:09:48.776-03,%,0,25,3f621f3e-720d-4c68-b436-eaac939ec515,Dinheiro,Cuca Alemã,1,25,3f621f3e-720d-4c68-b436-eaac939ec515,Feira CTG
0b369292-ce40-4f9d-841e-6672a074901b,15,2026-06-14 17:11:33.719-03,%,0,15,3f621f3e-720d-4c68-b436-eaac939ec515,Cartão,Cuca Enrolada de Amendoim,1,15,3f621f3e-720d-4c68-b436-eaac939ec515,EXPOBENTO
970d89dd-8aba-4e27-8542-0c6ac90112c7,30,2026-05-08 16:50:10.195-03,%,0,30,3f621f3e-720d-4c68-b436-eaac939ec515,Dinheiro,Cuca Enrolada de Amendoim,2,15,3f621f3e-720d-4c68-b436-eaac939ec515,Feira CTG
6b5daf4e-99df-44d6-956b-94bebe442917,12,2026-05-08 16:52:16.507-03,%,0,12,3f621f3e-720d-4c68-b436-eaac939ec515,Dinheiro,Alfajor Branco,1,6,3f621f3e-720d-4c68-b436-eaac939ec515,Feira CTG
6b5daf4e-99df-44d6-956b-94bebe442917,12,2026-05-08 16:52:16.507-03,%,0,12,3f621f3e-720d-4c68-b436-eaac939ec515,Dinheiro,Alfajor Preto,1,6,3f621f3e-720d-4c68-b436-eaac939ec515,Feira CTG
456fc643-7b41-451e-9270-8a394816cfd2,25,2026-06-14 17:54:25.95-03,R$,0,25,3f621f3e-720d-4c68-b436-eaac939ec515,Pix,Rapadura Assada (Pacote x6),6,4.166666666666667,3f621f3e-720d-4c68-b436-eaac939ec515,EXPOBENTO
33ce21ac-1361-47fd-8750-fa73d3b2f7f0,18,2026-05-08 17:12:46.818-03,R$,2,20,3f621f3e-720d-4c68-b436-eaac939ec515,Dinheiro,Rapadura de Melado (Pacote x3),3,6.666666666666667,3f621f3e-720d-4c68-b436-eaac939ec515,Feira CTG
58480778-3781-437e-83a7-56d62c23682f,15,2026-05-09 10:56:46.911-03,%,0,15,3f621f3e-720d-4c68-b436-eaac939ec515,Dinheiro,Cuca Enrolada de Amendoim,1,15,3f621f3e-720d-4c68-b436-eaac939ec515,Feira CTG
60ab4d3a-5417-4484-91bd-f93a59b0f137,25,2026-05-09 11:11:34.575-03,%,0,25,3f621f3e-720d-4c68-b436-eaac939ec515,Dinheiro,Rapadura Assada (Pacote x6),6,4.166666666666667,3f621f3e-720d-4c68-b436-eaac939ec515,Feira CTG
4d71ced3-59bf-4cc9-beea-f64df251dced,25,2026-05-09 11:39:36.541-03,%,0,25,3f621f3e-720d-4c68-b436-eaac939ec515,Cartão,Cuca Alemã,1,25,3f621f3e-720d-4c68-b436-eaac939ec515,Feira CTG
83b1bc8c-6620-4374-b4f8-0dd8f8dab0c8,25,2026-05-09 11:43:23.44-03,R$,5,30,3f621f3e-720d-4c68-b436-eaac939ec515,Dinheiro,Alfajor Preto,5,6,3f621f3e-720d-4c68-b436-eaac939ec515,Feira CTG
687a4421-f5ea-47c1-8640-fd8d8ae84425,14,2026-05-09 12:53:56.731-03,R$,0,14,3f621f3e-720d-4c68-b436-eaac939ec515,Cartão,Rapadura de Melado,2,7,3f621f3e-720d-4c68-b436-eaac939ec515,Feira CTG
6aac498c-353f-4b45-b387-aeab5be49811,8,2026-05-09 14:02:37.918-03,%,0,8,3f621f3e-720d-4c68-b436-eaac939ec515,Dinheiro,Cri-Cri 200g,1,8,3f621f3e-720d-4c68-b436-eaac939ec515,Feira CTG
cb5c870c-ce03-4e7c-8a54-1a79bad7640c,20,2026-05-09 14:12:57.215-03,%,0,20,3f621f3e-720d-4c68-b436-eaac939ec515,Dinheiro,Rapadura de Melado (Pacote x3),3,6.666666666666667,3f621f3e-720d-4c68-b436-eaac939ec515,Feira CTG
37dc4a6d-2ec0-4d43-975e-4898f9a142e6,6,2026-05-09 14:43:15.878-03,%,0,6,3f621f3e-720d-4c68-b436-eaac939ec515,Dinheiro,Alfajor Branco,1,6,3f621f3e-720d-4c68-b436-eaac939ec515,Feira CTG
f6cbaff2-55c2-491c-a0be-3875f81f8e84,20,2026-06-14 13:11:36.849-03,R$,0,20,3f621f3e-720d-4c68-b436-eaac939ec515,Dinheiro,Rapadura de Melado (Pacote x3),3,6.666666666666667,3f621f3e-720d-4c68-b436-eaac939ec515,EXPOBENTO
a83912b2-ee2a-4848-a3fd-f727c1c54a82,32,2026-06-14 15:48:30.304-03,R$,0,32,3f621f3e-720d-4c68-b436-eaac939ec515,Cartão,Rapadura Assada (Pacote x6),6,4.166666666666667,3f621f3e-720d-4c68-b436-eaac939ec515,EXPOBENTO
a83912b2-ee2a-4848-a3fd-f727c1c54a82,32,2026-06-14 15:48:30.304-03,R$,0,32,3f621f3e-720d-4c68-b436-eaac939ec515,Cartão,Rapadura de Melado,1,7,3f621f3e-720d-4c68-b436-eaac939ec515,EXPOBENTO
49973aa1-2b9e-4d06-bd90-923278ca7587,25,2026-06-14 17:19:27.934-03,%,0,25,3f621f3e-720d-4c68-b436-eaac939ec515,Dinheiro,Rapadura Assada (Pacote x6),6,4.166666666666667,3f621f3e-720d-4c68-b436-eaac939ec515,EXPOBENTO
ec1a8f39-3520-40a0-89e6-d6e4eb3ebe66,20,2026-06-14 18:56:02.856-03,%,0,20,3f621f3e-720d-4c68-b436-eaac939ec515,Dinheiro,Alfajor Branco (Pacote x4),4,5,3f621f3e-720d-4c68-b436-eaac939ec515,EXPOBENTO
fa49cf6a-fbc2-46d8-bad9-6936440fcf3c,48,2026-05-09 15:20:16.355-03,%,0,48,3f621f3e-720d-4c68-b436-eaac939ec515,Pix,Amendoim Temperado,2,8,3f621f3e-720d-4c68-b436-eaac939ec515,Feira CTG
fa49cf6a-fbc2-46d8-bad9-6936440fcf3c,48,2026-05-09 15:20:16.355-03,%,0,48,3f621f3e-720d-4c68-b436-eaac939ec515,Pix,Rapadura Assada (Pacote x6),6,4.166666666666667,3f621f3e-720d-4c68-b436-eaac939ec515,Feira CTG
fa49cf6a-fbc2-46d8-bad9-6936440fcf3c,48,2026-05-09 15:20:16.355-03,%,0,48,3f621f3e-720d-4c68-b436-eaac939ec515,Pix,Rapadura de Melado,1,7,3f621f3e-720d-4c68-b436-eaac939ec515,Feira CTG
e52c749e-bf89-49f2-a15b-d74b01784f53,10,2026-05-09 15:22:32.794-03,%,0,10,3f621f3e-720d-4c68-b436-eaac939ec515,Cartão,Rapadura Assada,2,5,3f621f3e-720d-4c68-b436-eaac939ec515,Feira CTG
168de369-536e-4e0b-894c-45e476e71dc7,25,2026-05-09 15:29:09.222-03,%,0,25,3f621f3e-720d-4c68-b436-eaac939ec515,Dinheiro,Cuca Alemã,1,25,3f621f3e-720d-4c68-b436-eaac939ec515,Feira CTG
7825cae7-dc88-4a37-82d0-5bd6cb016363,25,2026-05-09 15:32:43.339-03,%,0,25,3f621f3e-720d-4c68-b436-eaac939ec515,Dinheiro,Cuca Alemã,1,25,3f621f3e-720d-4c68-b436-eaac939ec515,Feira CTG
2d715b0e-e6a1-476b-8790-b95fec02d06e,22,2026-05-09 15:49:36.481-03,%,0,22,3f621f3e-720d-4c68-b436-eaac939ec515,Pix,Alfajor Preto,2,6,3f621f3e-720d-4c68-b436-eaac939ec515,Feira CTG
2d715b0e-e6a1-476b-8790-b95fec02d06e,22,2026-05-09 15:49:36.481-03,%,0,22,3f621f3e-720d-4c68-b436-eaac939ec515,Pix,Rapadura Assada,2,5,3f621f3e-720d-4c68-b436-eaac939ec515,Feira CTG
b55e5ecb-2fb5-448e-b6c8-49504f4ccaf2,35,2026-05-09 15:54:03.043-03,R$,5,40,3f621f3e-720d-4c68-b436-eaac939ec515,Dinheiro,Cuca Alemã,1,25,3f621f3e-720d-4c68-b436-eaac939ec515,Feira CTG
b55e5ecb-2fb5-448e-b6c8-49504f4ccaf2,35,2026-05-09 15:54:03.043-03,R$,5,40,3f621f3e-720d-4c68-b436-eaac939ec515,Dinheiro,Cuca Enrolada de Amendoim,1,15,3f621f3e-720d-4c68-b436-eaac939ec515,Feira CTG
1c8f7e8b-a659-4293-935d-813dfa22b9dc,10,2026-07-17 13:15:17.839-03,R$,4,14,aa4d1cfe-c6c1-4fd8-8c4b-2b1b9942884c,Dinheiro,Rapadura de Melado Grão Moído,1,7,aa4d1cfe-c6c1-4fd8-8c4b-2b1b9942884c,"Expo Dona Francisca "
1c8f7e8b-a659-4293-935d-813dfa22b9dc,10,2026-07-17 13:15:17.839-03,R$,4,14,aa4d1cfe-c6c1-4fd8-8c4b-2b1b9942884c,Dinheiro,Rapadura de Melado,1,7,aa4d1cfe-c6c1-4fd8-8c4b-2b1b9942884c,"Expo Dona Francisca "
a3eae391-9569-4eba-b4df-88f234db0d94,7,2026-07-17 16:46:46.838-03,%,0,7,aa4d1cfe-c6c1-4fd8-8c4b-2b1b9942884c,Dinheiro,Rapadura de Melado Grão Moído,1,7,aa4d1cfe-c6c1-4fd8-8c4b-2b1b9942884c,"Expo Dona Francisca "
d1546463-9e0f-4cd7-920e-2041c701bedd,25,2026-05-09 16:10:35.418-03,%,0,25,3f621f3e-720d-4c68-b436-eaac939ec515,Dinheiro,Rapadura Assada,1,5,3f621f3e-720d-4c68-b436-eaac939ec515,Feira CTG
d1546463-9e0f-4cd7-920e-2041c701bedd,25,2026-05-09 16:10:35.418-03,%,0,25,3f621f3e-720d-4c68-b436-eaac939ec515,Dinheiro,Rapadura de Melado (Pacote x3),3,6.666666666666667,3f621f3e-720d-4c68-b436-eaac939ec515,Feira CTG
860e3faa-e177-4c2b-a75b-a2260f63de53,50,2026-07-17 17:49:47.719-03,%,0,50,aa4d1cfe-c6c1-4fd8-8c4b-2b1b9942884c,Dinheiro,Cuca Alemã,2,25,aa4d1cfe-c6c1-4fd8-8c4b-2b1b9942884c,"Expo Dona Francisca "
c0812f38-0686-4460-a84b-4604b9beff30,15,2026-05-09 16:24:54.219-03,R$,1,16,3f621f3e-720d-4c68-b436-eaac939ec515,Dinheiro,Amendoim Temperado,1,8,3f621f3e-720d-4c68-b436-eaac939ec515,Feira CTG
c0812f38-0686-4460-a84b-4604b9beff30,15,2026-05-09 16:24:54.219-03,R$,1,16,3f621f3e-720d-4c68-b436-eaac939ec515,Dinheiro,Cri-Cri 200g,1,8,3f621f3e-720d-4c68-b436-eaac939ec515,Feira CTG
6e8a377c-e856-4b6d-a385-61058c0ffb71,5,2026-05-09 16:25:35.822-03,R$,1,6,3f621f3e-720d-4c68-b436-eaac939ec515,Dinheiro,Alfajor Preto,1,6,3f621f3e-720d-4c68-b436-eaac939ec515,Feira CTG
b39cfb83-f0f8-4a01-bb1e-03171f710dcf,30,2026-05-09 17:26:36.279-03,%,0,30,3f621f3e-720d-4c68-b436-eaac939ec515,Dinheiro,Cuca Enrolada de Amendoim,2,15,3f621f3e-720d-4c68-b436-eaac939ec515,Feira CTG
55a6ac13-9192-49e9-935b-42a542d2eeee,15,2026-05-10 09:49:23.845-03,%,0,15,3f621f3e-720d-4c68-b436-eaac939ec515,Dinheiro,Cuca Enrolada de Amendoim,1,15,3f621f3e-720d-4c68-b436-eaac939ec515,Feira CTG
583b81f9-2040-4e47-8b77-adda36b2ab88,7,2026-05-10 10:50:47.141-03,%,0,7,3f621f3e-720d-4c68-b436-eaac939ec515,Pix,Rapadura de Melado,1,7,3f621f3e-720d-4c68-b436-eaac939ec515,Feira CTG
76e3ba5b-b0d8-4e73-947f-6d5be4073c43,6,2026-05-10 13:10:02.825-03,%,0,6,3f621f3e-720d-4c68-b436-eaac939ec515,Dinheiro,Alfajor Preto,1,6,3f621f3e-720d-4c68-b436-eaac939ec515,Feira CTG
be3d823a-12d8-420d-a7f0-40349cc6d84c,25,2026-05-10 13:30:14.35-03,%,0,25,3f621f3e-720d-4c68-b436-eaac939ec515,Dinheiro,Rapadura Assada (Pacote x6),6,4.166666666666667,3f621f3e-720d-4c68-b436-eaac939ec515,Feira CTG
14542c85-c23f-4009-a691-587970c1d9a6,20,2026-05-10 13:38:34.463-03,R$,8,28,3f621f3e-720d-4c68-b436-eaac939ec515,Dinheiro,Rapadura de Melado,4,7,3f621f3e-720d-4c68-b436-eaac939ec515,Feira CTG
37aabc8d-7c05-47bf-a560-7403ffddda08,20,2026-05-10 14:40:19.808-03,R$,0,20,3f621f3e-720d-4c68-b436-eaac939ec515,Dinheiro,Alfajor Preto,1,6,3f621f3e-720d-4c68-b436-eaac939ec515,Feira CTG
37aabc8d-7c05-47bf-a560-7403ffddda08,20,2026-05-10 14:40:19.808-03,R$,0,20,3f621f3e-720d-4c68-b436-eaac939ec515,Dinheiro,Alfajor Branco,1,6,3f621f3e-720d-4c68-b436-eaac939ec515,Feira CTG
37aabc8d-7c05-47bf-a560-7403ffddda08,20,2026-05-10 14:40:19.808-03,R$,0,20,3f621f3e-720d-4c68-b436-eaac939ec515,Dinheiro,Cri-Cri 200g,1,8,3f621f3e-720d-4c68-b436-eaac939ec515,Feira CTG
380b1bb3-ff62-483a-bd61-cc894dc846e2,20,2026-05-10 14:51:53.825-03,R$,0,20,3f621f3e-720d-4c68-b436-eaac939ec515,Dinheiro,Rapadura de Melado (Pacote x3),3,6.666666666666667,3f621f3e-720d-4c68-b436-eaac939ec515,Feira CTG
666421b6-64dc-4e7b-b4e9-5ae8a986f5b6,60,2026-05-10 15:11:33.483-03,R$,1,61,3f621f3e-720d-4c68-b436-eaac939ec515,Dinheiro,Alfajor Preto,6,6,3f621f3e-720d-4c68-b436-eaac939ec515,Feira CTG
666421b6-64dc-4e7b-b4e9-5ae8a986f5b6,60,2026-05-10 15:11:33.483-03,R$,1,61,3f621f3e-720d-4c68-b436-eaac939ec515,Dinheiro,Rapadura Assada (Pacote x6),6,4.166666666666667,3f621f3e-720d-4c68-b436-eaac939ec515,Feira CTG
96ff7c22-22fa-4085-aa40-40257e07afa4,25,2026-05-10 15:27:44.001-03,R$,0,25,3f621f3e-720d-4c68-b436-eaac939ec515,Dinheiro,Rapadura Assada (Pacote x6),6,4.166666666666667,3f621f3e-720d-4c68-b436-eaac939ec515,Feira CTG
1d1f3956-258f-4271-ae10-0ab244e415b8,6,2026-05-10 15:32:34.706-03,R$,0,6,3f621f3e-720d-4c68-b436-eaac939ec515,Dinheiro,Alfajor Preto,1,6,3f621f3e-720d-4c68-b436-eaac939ec515,Feira CTG
71bbf29c-282d-4474-a40d-edfa6bba83c4,20,2026-05-10 15:38:53.355-03,R$,0,20,3f621f3e-720d-4c68-b436-eaac939ec515,Dinheiro,Rapadura de Melado (Pacote x3),3,6.666666666666667,3f621f3e-720d-4c68-b436-eaac939ec515,Feira CTG
80228d5e-a217-452a-aa0d-8a128ea5be04,29,2026-05-10 15:45:48.362-03,R$,0,29,3f621f3e-720d-4c68-b436-eaac939ec515,Dinheiro,Alfajor Preto,2,6,3f621f3e-720d-4c68-b436-eaac939ec515,Feira CTG
80228d5e-a217-452a-aa0d-8a128ea5be04,29,2026-05-10 15:45:48.362-03,R$,0,29,3f621f3e-720d-4c68-b436-eaac939ec515,Dinheiro,Alfajor Branco,2,6,3f621f3e-720d-4c68-b436-eaac939ec515,Feira CTG
80228d5e-a217-452a-aa0d-8a128ea5be04,29,2026-05-10 15:45:48.362-03,R$,0,29,3f621f3e-720d-4c68-b436-eaac939ec515,Dinheiro,Rapadura Assada,1,5,3f621f3e-720d-4c68-b436-eaac939ec515,Feira CTG
d0bb2c30-5488-47ae-a476-15e465cdf804,15,2026-05-10 15:51:32.373-03,R$,0,15,3f621f3e-720d-4c68-b436-eaac939ec515,Dinheiro,Rapadura de Melado,1,7,3f621f3e-720d-4c68-b436-eaac939ec515,Feira CTG
d0bb2c30-5488-47ae-a476-15e465cdf804,15,2026-05-10 15:51:32.373-03,R$,0,15,3f621f3e-720d-4c68-b436-eaac939ec515,Dinheiro,Cri-Cri 200g,1,8,3f621f3e-720d-4c68-b436-eaac939ec515,Feira CTG
8d7d8e95-3e6f-48e5-b447-259cc64c1c03,20,2026-05-10 15:51:49.97-03,R$,0,20,3f621f3e-720d-4c68-b436-eaac939ec515,Dinheiro,Rapadura de Melado (Pacote x3),3,6.666666666666667,3f621f3e-720d-4c68-b436-eaac939ec515,Feira CTG
563094cd-1957-4058-af89-9be2190c1c36,25,2026-05-10 15:59:08.606-03,R$,5,30,3f621f3e-720d-4c68-b436-eaac939ec515,Dinheiro,Cuca Enrolada de Amendoim,2,15,3f621f3e-720d-4c68-b436-eaac939ec515,Feira CTG
998d53a1-b88f-436d-ba84-12dbe5aaaaad,5,2026-05-10 16:02:42.954-03,R$,1,6,3f621f3e-720d-4c68-b436-eaac939ec515,Dinheiro,Alfajor Branco,1,6,3f621f3e-720d-4c68-b436-eaac939ec515,Feira CTG
b2e41147-167c-43a7-a741-3a2504f2fe78,6,2026-05-10 16:08:25.358-03,R$,0,6,3f621f3e-720d-4c68-b436-eaac939ec515,Dinheiro,Alfajor Branco,1,6,3f621f3e-720d-4c68-b436-eaac939ec515,Feira CTG
0467149f-ec34-4e98-b686-434c11829d3e,20,2026-05-10 16:16:14.149-03,R$,5,25,3f621f3e-720d-4c68-b436-eaac939ec515,Dinheiro,Cuca Alemã,1,25,3f621f3e-720d-4c68-b436-eaac939ec515,Feira CTG
7cd5095e-7e59-4a5e-9683-571a433d5ab8,20,2026-05-10 16:31:50.605-03,R$,0,20,3f621f3e-720d-4c68-b436-eaac939ec515,Dinheiro,Rapadura de Melado (Pacote x3),3,6.666666666666667,3f621f3e-720d-4c68-b436-eaac939ec515,Feira CTG
3ee4b8e7-b6b7-4988-b624-cec7f4a27868,7,2026-05-10 16:40:45.825-03,%,0,7,3f621f3e-720d-4c68-b436-eaac939ec515,Dinheiro,Rapadura de Melado,1,7,3f621f3e-720d-4c68-b436-eaac939ec515,Feira CTG
5fb1b75c-8113-4d26-9383-a0cba1b53743,50,2026-05-10 17:18:58.421-03,R$,5,55,3f621f3e-720d-4c68-b436-eaac939ec515,Dinheiro,Amendoim Temperado,2,8,3f621f3e-720d-4c68-b436-eaac939ec515,Feira CTG
5fb1b75c-8113-4d26-9383-a0cba1b53743,50,2026-05-10 17:18:58.421-03,R$,5,55,3f621f3e-720d-4c68-b436-eaac939ec515,Dinheiro,Rapadura de Melado,2,7,3f621f3e-720d-4c68-b436-eaac939ec515,Feira CTG
5fb1b75c-8113-4d26-9383-a0cba1b53743,50,2026-05-10 17:18:58.421-03,R$,5,55,3f621f3e-720d-4c68-b436-eaac939ec515,Dinheiro,Cuca Alemã,1,25,3f621f3e-720d-4c68-b436-eaac939ec515,Feira CTG
23e4d9dc-f08e-4717-8208-857405a45497,10,2026-05-10 17:20:13.928-03,R$,2,12,3f621f3e-720d-4c68-b436-eaac939ec515,Dinheiro,Alfajor Branco,1,6,3f621f3e-720d-4c68-b436-eaac939ec515,Feira CTG
23e4d9dc-f08e-4717-8208-857405a45497,10,2026-05-10 17:20:13.928-03,R$,2,12,3f621f3e-720d-4c68-b436-eaac939ec515,Dinheiro,Alfajor Preto,1,6,3f621f3e-720d-4c68-b436-eaac939ec515,Feira CTG
1490b134-40f3-4732-a4cc-d1166da17337,25,2026-06-14 13:17:42.223-03,R$,0,25,3f621f3e-720d-4c68-b436-eaac939ec515,Dinheiro,Rapadura Assada (Pacote x6),6,4.166666666666667,3f621f3e-720d-4c68-b436-eaac939ec515,EXPOBENTO
9de042c1-c572-4357-8d46-7ae16cc1dfc0,27,2026-06-14 15:54:54.722-03,R$,5,32,3f621f3e-720d-4c68-b436-eaac939ec515,Dinheiro,Cuca Enrolada de Amendoim (Pacote x2),2,12.5,3f621f3e-720d-4c68-b436-eaac939ec515,EXPOBENTO
f738b998-d798-44f0-8014-44056f5ab070,3150,2026-05-11 13:46:34.631-03,%,0,3150,aa4d1cfe-c6c1-4fd8-8c4b-2b1b9942884c,Dinheiro,Cuca Alemã,101,25,aa4d1cfe-c6c1-4fd8-8c4b-2b1b9942884c,ExpoSerra
f738b998-d798-44f0-8014-44056f5ab070,3150,2026-05-11 13:46:34.631-03,%,0,3150,aa4d1cfe-c6c1-4fd8-8c4b-2b1b9942884c,Dinheiro,Cuca Enrolada de Amendoim,40,15,aa4d1cfe-c6c1-4fd8-8c4b-2b1b9942884c,ExpoSerra
f738b998-d798-44f0-8014-44056f5ab070,3150,2026-05-11 13:46:34.631-03,%,0,3150,aa4d1cfe-c6c1-4fd8-8c4b-2b1b9942884c,Dinheiro,Rapadura Assada (Pacote x6),6,4.166666666666667,aa4d1cfe-c6c1-4fd8-8c4b-2b1b9942884c,ExpoSerra
9abd71b7-b1e0-499b-a27d-926f3566c160,172,2026-05-11 13:52:20.354-03,%,0,172,aa4d1cfe-c6c1-4fd8-8c4b-2b1b9942884c,Dinheiro,Cuca Enrolada de Amendoim,10,15,aa4d1cfe-c6c1-4fd8-8c4b-2b1b9942884c,ExpoSerra
9abd71b7-b1e0-499b-a27d-926f3566c160,172,2026-05-11 13:52:20.354-03,%,0,172,aa4d1cfe-c6c1-4fd8-8c4b-2b1b9942884c,Dinheiro,Alfajor Branco,2,6,aa4d1cfe-c6c1-4fd8-8c4b-2b1b9942884c,ExpoSerra
9abd71b7-b1e0-499b-a27d-926f3566c160,172,2026-05-11 13:52:20.354-03,%,0,172,aa4d1cfe-c6c1-4fd8-8c4b-2b1b9942884c,Dinheiro,Rapadura Assada,2,5,aa4d1cfe-c6c1-4fd8-8c4b-2b1b9942884c,ExpoSerra
6abfa089-5dc6-425e-9a05-359bb62144e5,465,2026-05-11 14:04:52.601-03,%,0,465,aa4d1cfe-c6c1-4fd8-8c4b-2b1b9942884c,Pix,Alfajor Branco,14,6,aa4d1cfe-c6c1-4fd8-8c4b-2b1b9942884c,ExpoSerra
6abfa089-5dc6-425e-9a05-359bb62144e5,465,2026-05-11 14:04:52.601-03,%,0,465,aa4d1cfe-c6c1-4fd8-8c4b-2b1b9942884c,Pix,Amendoim Temperado,6,8,aa4d1cfe-c6c1-4fd8-8c4b-2b1b9942884c,ExpoSerra
6abfa089-5dc6-425e-9a05-359bb62144e5,465,2026-05-11 14:04:52.601-03,%,0,465,aa4d1cfe-c6c1-4fd8-8c4b-2b1b9942884c,Pix,Cri-Cri 200g,19,8,aa4d1cfe-c6c1-4fd8-8c4b-2b1b9942884c,ExpoSerra
6abfa089-5dc6-425e-9a05-359bb62144e5,465,2026-05-11 14:04:52.601-03,%,0,465,aa4d1cfe-c6c1-4fd8-8c4b-2b1b9942884c,Pix,Rapadura de Melado,18,7,aa4d1cfe-c6c1-4fd8-8c4b-2b1b9942884c,ExpoSerra
6abfa089-5dc6-425e-9a05-359bb62144e5,465,2026-05-11 14:04:52.601-03,%,0,465,aa4d1cfe-c6c1-4fd8-8c4b-2b1b9942884c,Pix,Alfajor Preto (Pacote x4),8,5,aa4d1cfe-c6c1-4fd8-8c4b-2b1b9942884c,ExpoSerra
6abfa089-5dc6-425e-9a05-359bb62144e5,465,2026-05-11 14:04:52.601-03,%,0,465,aa4d1cfe-c6c1-4fd8-8c4b-2b1b9942884c,Pix,Rapadura Assada,3,5,aa4d1cfe-c6c1-4fd8-8c4b-2b1b9942884c,ExpoSerra
d1a47871-d497-4449-8874-c5aec0cb6731,7,2026-06-14 13:26:33.22-03,R$,0,7,3f621f3e-720d-4c68-b436-eaac939ec515,Dinheiro,Rapadura de Melado,1,7,3f621f3e-720d-4c68-b436-eaac939ec515,EXPOBENTO
be7423e0-6b96-45e3-96f1-6e680623ecdc,917,2026-05-11 14:49:18.058-03,R$,36,953,aa4d1cfe-c6c1-4fd8-8c4b-2b1b9942884c,Cartão,Amendoim Temperado,1,8,aa4d1cfe-c6c1-4fd8-8c4b-2b1b9942884c,ExpoSerra
be7423e0-6b96-45e3-96f1-6e680623ecdc,917,2026-05-11 14:49:18.058-03,R$,36,953,aa4d1cfe-c6c1-4fd8-8c4b-2b1b9942884c,Cartão,Alfajor Preto (Pacote x4),28,5,aa4d1cfe-c6c1-4fd8-8c4b-2b1b9942884c,ExpoSerra
be7423e0-6b96-45e3-96f1-6e680623ecdc,917,2026-05-11 14:49:18.058-03,R$,36,953,aa4d1cfe-c6c1-4fd8-8c4b-2b1b9942884c,Cartão,Rapadura Assada (Pacote x6),192,4.166666666666667,aa4d1cfe-c6c1-4fd8-8c4b-2b1b9942884c,ExpoSerra
be7423e0-6b96-45e3-96f1-6e680623ecdc,917,2026-05-11 14:49:18.058-03,R$,36,953,aa4d1cfe-c6c1-4fd8-8c4b-2b1b9942884c,Cartão,Rapadura Assada,1,5,aa4d1cfe-c6c1-4fd8-8c4b-2b1b9942884c,ExpoSerra
48665ce1-78ec-4b6d-b232-eef58249f57e,42,2026-05-11 14:53:47.629-03,R$,83,125,aa4d1cfe-c6c1-4fd8-8c4b-2b1b9942884c,Dinheiro,Cuca Enrolada de Amendoim (Pacote x2),10,12.5,aa4d1cfe-c6c1-4fd8-8c4b-2b1b9942884c,ExpoSerra
0b07456a-d507-4c69-a3d1-43f255682136,12,2026-05-14 17:30:34.906-03,%,0,12,3f621f3e-720d-4c68-b436-eaac939ec515,Dinheiro,Alfajor Preto,2,6,3f621f3e-720d-4c68-b436-eaac939ec515,Feira Paraíso
ee96769b-d5b3-4974-bd10-17379c774ea1,25,2026-05-14 17:44:48.669-03,%,0,25,3f621f3e-720d-4c68-b436-eaac939ec515,Dinheiro,Cuca Alemã,1,25,3f621f3e-720d-4c68-b436-eaac939ec515,Feira Paraíso
2eac3783-1712-4376-b53a-f0053dd0045d,10,2026-05-14 17:46:17.284-03,R$,2,12,3f621f3e-720d-4c68-b436-eaac939ec515,Dinheiro,Alfajor Preto,2,6,3f621f3e-720d-4c68-b436-eaac939ec515,Feira Paraíso
8e4fd37a-4e0a-40c5-9ee9-478c8e8c9c31,25,2026-05-14 18:13:20.397-03,%,0,25,3f621f3e-720d-4c68-b436-eaac939ec515,Dinheiro,Cuca Alemã,1,25,3f621f3e-720d-4c68-b436-eaac939ec515,Feira Paraíso
f165d5c7-03eb-4fc8-8468-0810f4b0079b,8,2026-05-14 19:36:28.833-03,%,0,8,3f621f3e-720d-4c68-b436-eaac939ec515,Dinheiro,Amendoim Temperado,1,8,3f621f3e-720d-4c68-b436-eaac939ec515,Feira Paraíso
72a6df67-94b6-4a5c-b56e-21f5b12fd58c,8,2026-05-14 21:15:28.963-03,%,0,8,3f621f3e-720d-4c68-b436-eaac939ec515,Dinheiro,Amendoim Temperado,1,8,3f621f3e-720d-4c68-b436-eaac939ec515,Feira Paraíso
91a6b0ce-57d8-4805-8727-139582b5974d,25,2026-05-15 10:46:30.005-03,%,0,25,3f621f3e-720d-4c68-b436-eaac939ec515,Dinheiro,Cuca Alemã,1,25,3f621f3e-720d-4c68-b436-eaac939ec515,Feira Paraíso
2d5e56a1-81a6-4e7e-8222-609bc3d712c2,14,2026-05-15 13:32:53.327-03,%,0,14,3f621f3e-720d-4c68-b436-eaac939ec515,Dinheiro,Rapadura de Melado,2,7,3f621f3e-720d-4c68-b436-eaac939ec515,Feira Paraíso
0e0e82a0-2446-443a-a19e-1b2b2eab3704,6,2026-05-15 13:33:33.178-03,%,0,6,3f621f3e-720d-4c68-b436-eaac939ec515,Dinheiro,Alfajor Preto,1,6,3f621f3e-720d-4c68-b436-eaac939ec515,Feira Paraíso
9fa3b819-b55e-4acc-a162-46d4e1f01308,11,2026-05-15 15:45:53.67-03,R$,2,13,3f621f3e-720d-4c68-b436-eaac939ec515,Dinheiro,Alfajor Branco,1,6,3f621f3e-720d-4c68-b436-eaac939ec515,Feira Paraíso
9fa3b819-b55e-4acc-a162-46d4e1f01308,11,2026-05-15 15:45:53.67-03,R$,2,13,3f621f3e-720d-4c68-b436-eaac939ec515,Dinheiro,Rapadura de Melado,1,7,3f621f3e-720d-4c68-b436-eaac939ec515,Feira Paraíso
80a3058c-2199-40db-a28a-c94a09c9677b,8,2026-05-15 16:21:09.796-03,R$,0,8,3f621f3e-720d-4c68-b436-eaac939ec515,Dinheiro,Cri-Cri 200g,1,8,3f621f3e-720d-4c68-b436-eaac939ec515,Feira Paraíso
cd14cb20-1c11-4954-bdc4-f48be120e157,16,2026-05-15 16:33:15.163-03,R$,0,16,3f621f3e-720d-4c68-b436-eaac939ec515,Dinheiro,Cri-Cri 200g,2,8,3f621f3e-720d-4c68-b436-eaac939ec515,Feira Paraíso
dd067a81-3a07-4fab-8e84-e0bc477f4a46,20,2026-05-15 17:04:54.406-03,R$,2,22,3f621f3e-720d-4c68-b436-eaac939ec515,Dinheiro,Cri-Cri 200g,1,8,3f621f3e-720d-4c68-b436-eaac939ec515,Feira Paraíso
dd067a81-3a07-4fab-8e84-e0bc477f4a46,20,2026-05-15 17:04:54.406-03,R$,2,22,3f621f3e-720d-4c68-b436-eaac939ec515,Dinheiro,Rapadura de Melado,2,7,3f621f3e-720d-4c68-b436-eaac939ec515,Feira Paraíso
8dcdcaef-c445-4ee2-8c43-79c45dd50dab,20,2026-06-14 13:41:00.353-03,R$,0,20,3f621f3e-720d-4c68-b436-eaac939ec515,Dinheiro,Rapadura de Melado (Pacote x3),3,6.666666666666667,3f621f3e-720d-4c68-b436-eaac939ec515,EXPOBENTO
9de042c1-c572-4357-8d46-7ae16cc1dfc0,27,2026-06-14 15:54:54.722-03,R$,5,32,3f621f3e-720d-4c68-b436-eaac939ec515,Dinheiro,Rapadura de Melado,1,7,3f621f3e-720d-4c68-b436-eaac939ec515,EXPOBENTO
c8cdc0ed-2fa8-4c9b-86b0-a78dcb87a723,12,2026-05-15 18:32:56.906-03,%,0,12,3f621f3e-720d-4c68-b436-eaac939ec515,Dinheiro,Alfajor Preto,2,6,3f621f3e-720d-4c68-b436-eaac939ec515,Feira Paraíso
db46475b-f27a-4296-9156-2814abdb83e3,20,2026-06-14 17:28:13.913-03,%,0,20,3f621f3e-720d-4c68-b436-eaac939ec515,Dinheiro,Rapadura de Melado (Pacote x3),3,6.666666666666667,3f621f3e-720d-4c68-b436-eaac939ec515,EXPOBENTO
322b74c6-6674-46c8-8efd-a4b0bdd500da,15,2026-06-14 18:59:54.354-03,%,0,15,3f621f3e-720d-4c68-b436-eaac939ec515,Dinheiro,Cuca Enrolada de Amendoim,1,15,3f621f3e-720d-4c68-b436-eaac939ec515,EXPOBENTO
144c8a91-be17-4a7c-9006-ec0997d65d66,40,2026-05-15 19:24:07.944-03,R$,4,44,3f621f3e-720d-4c68-b436-eaac939ec515,Dinheiro,Rapadura de Melado (Pacote x3),3,6.666666666666667,3f621f3e-720d-4c68-b436-eaac939ec515,Feira Paraíso
144c8a91-be17-4a7c-9006-ec0997d65d66,40,2026-05-15 19:24:07.944-03,R$,4,44,3f621f3e-720d-4c68-b436-eaac939ec515,Dinheiro,Cri-Cri 200g,3,8,3f621f3e-720d-4c68-b436-eaac939ec515,Feira Paraíso
dfb49c06-dbf2-45c3-b82b-fd11b0af94a6,16,2026-05-15 19:32:31.238-03,R$,0,16,3f621f3e-720d-4c68-b436-eaac939ec515,Dinheiro,Amendoim Temperado,2,8,3f621f3e-720d-4c68-b436-eaac939ec515,Feira Paraíso
89570a8d-0440-406d-b9f3-c31981a71907,16,2026-05-15 19:44:51.231-03,%,0,16,3f621f3e-720d-4c68-b436-eaac939ec515,Dinheiro,Amendoim Temperado,2,8,3f621f3e-720d-4c68-b436-eaac939ec515,Feira Paraíso
9ec58d4d-e815-4caf-ab31-2657661e41f8,20,2026-05-15 19:55:31.473-03,%,0,20,3f621f3e-720d-4c68-b436-eaac939ec515,Dinheiro,Rapadura de Melado (Pacote x3),3,6.666666666666667,3f621f3e-720d-4c68-b436-eaac939ec515,Feira Paraíso
c9297acb-9714-4384-9ccd-7111080975a5,25,2026-07-17 13:56:09.967-03,R$,0,25,aa4d1cfe-c6c1-4fd8-8c4b-2b1b9942884c,Dinheiro,Rapadura Assada (Pacote x6),6,4.166666666666667,aa4d1cfe-c6c1-4fd8-8c4b-2b1b9942884c,"Expo Dona Francisca "
18931330-87cd-4e23-b158-68900b2aea6c,50,2026-07-17 17:09:19.088-03,%,0,50,aa4d1cfe-c6c1-4fd8-8c4b-2b1b9942884c,Dinheiro,Rapadura Assada (Pacote x6),12,4.166666666666667,aa4d1cfe-c6c1-4fd8-8c4b-2b1b9942884c,"Expo Dona Francisca "
927c1c89-3892-4b1a-ad49-05ed39bb5847,40,2026-07-17 17:51:09.863-03,%,0,40,aa4d1cfe-c6c1-4fd8-8c4b-2b1b9942884c,Dinheiro,Cuca Alemã,1,25,aa4d1cfe-c6c1-4fd8-8c4b-2b1b9942884c,"Expo Dona Francisca "
f37f9f24-d29f-4a14-bfb5-0c94dae4a251,941,2026-05-18 14:06:49.055-03,%,0,941,aa4d1cfe-c6c1-4fd8-8c4b-2b1b9942884c,Pix,Cuca Enrolada de Amendoim,18,15,aa4d1cfe-c6c1-4fd8-8c4b-2b1b9942884c,Feira Polêsine
f37f9f24-d29f-4a14-bfb5-0c94dae4a251,941,2026-05-18 14:06:49.055-03,%,0,941,aa4d1cfe-c6c1-4fd8-8c4b-2b1b9942884c,Pix,Cri-Cri 200g,13,8,aa4d1cfe-c6c1-4fd8-8c4b-2b1b9942884c,Feira Polêsine
f37f9f24-d29f-4a14-bfb5-0c94dae4a251,941,2026-05-18 14:06:49.055-03,%,0,941,aa4d1cfe-c6c1-4fd8-8c4b-2b1b9942884c,Pix,Amendoim Temperado,28,8,aa4d1cfe-c6c1-4fd8-8c4b-2b1b9942884c,Feira Polêsine
f37f9f24-d29f-4a14-bfb5-0c94dae4a251,941,2026-05-18 14:06:49.055-03,%,0,941,aa4d1cfe-c6c1-4fd8-8c4b-2b1b9942884c,Pix,Alfajor Branco,50,6,aa4d1cfe-c6c1-4fd8-8c4b-2b1b9942884c,Feira Polêsine
f37f9f24-d29f-4a14-bfb5-0c94dae4a251,941,2026-05-18 14:06:49.055-03,%,0,941,aa4d1cfe-c6c1-4fd8-8c4b-2b1b9942884c,Pix,Alfajor Preto,6,6,aa4d1cfe-c6c1-4fd8-8c4b-2b1b9942884c,Feira Polêsine
f37f9f24-d29f-4a14-bfb5-0c94dae4a251,941,2026-05-18 14:06:49.055-03,%,0,941,aa4d1cfe-c6c1-4fd8-8c4b-2b1b9942884c,Pix,Rapadura de Melado,1,7,aa4d1cfe-c6c1-4fd8-8c4b-2b1b9942884c,Feira Polêsine
66a1d962-7f11-4450-8b0c-d536d344b05f,1463,2026-05-18 14:10:05.44-03,%,0,1463,aa4d1cfe-c6c1-4fd8-8c4b-2b1b9942884c,Cartão,Cuca Alemã,58,25,aa4d1cfe-c6c1-4fd8-8c4b-2b1b9942884c,Feira Polêsine
66a1d962-7f11-4450-8b0c-d536d344b05f,1463,2026-05-18 14:10:05.44-03,%,0,1463,aa4d1cfe-c6c1-4fd8-8c4b-2b1b9942884c,Cartão,Rapadura de Melado,1,7,aa4d1cfe-c6c1-4fd8-8c4b-2b1b9942884c,Feira Polêsine
66a1d962-7f11-4450-8b0c-d536d344b05f,1463,2026-05-18 14:10:05.44-03,%,0,1463,aa4d1cfe-c6c1-4fd8-8c4b-2b1b9942884c,Cartão,Alfajor Preto,1,6,aa4d1cfe-c6c1-4fd8-8c4b-2b1b9942884c,Feira Polêsine
e4702a4b-f074-43f1-8895-d756a44b7dda,3693,2026-05-18 14:22:09.591-03,R$,3,3696,aa4d1cfe-c6c1-4fd8-8c4b-2b1b9942884c,Dinheiro,Cuca Alemã,49,25,aa4d1cfe-c6c1-4fd8-8c4b-2b1b9942884c,Feira Polêsine
e4702a4b-f074-43f1-8895-d756a44b7dda,3693,2026-05-18 14:22:09.591-03,R$,3,3696,aa4d1cfe-c6c1-4fd8-8c4b-2b1b9942884c,Dinheiro,Rapadura de Melado,90,7,aa4d1cfe-c6c1-4fd8-8c4b-2b1b9942884c,Feira Polêsine
e4702a4b-f074-43f1-8895-d756a44b7dda,3693,2026-05-18 14:22:09.591-03,R$,3,3696,aa4d1cfe-c6c1-4fd8-8c4b-2b1b9942884c,Dinheiro,Rapadura Assada (Pacote x6),348,4.166666666666667,aa4d1cfe-c6c1-4fd8-8c4b-2b1b9942884c,Feira Polêsine
e4702a4b-f074-43f1-8895-d756a44b7dda,3693,2026-05-18 14:22:09.591-03,R$,3,3696,aa4d1cfe-c6c1-4fd8-8c4b-2b1b9942884c,Dinheiro,Alfajor Preto (Pacote x4),72,5,aa4d1cfe-c6c1-4fd8-8c4b-2b1b9942884c,Feira Polêsine
e4702a4b-f074-43f1-8895-d756a44b7dda,3693,2026-05-18 14:22:09.591-03,R$,3,3696,aa4d1cfe-c6c1-4fd8-8c4b-2b1b9942884c,Dinheiro,Alfajor Preto,1,6,aa4d1cfe-c6c1-4fd8-8c4b-2b1b9942884c,Feira Polêsine
e4702a4b-f074-43f1-8895-d756a44b7dda,3693,2026-05-18 14:22:09.591-03,R$,3,3696,aa4d1cfe-c6c1-4fd8-8c4b-2b1b9942884c,Dinheiro,Rapadura Assada,5,5,aa4d1cfe-c6c1-4fd8-8c4b-2b1b9942884c,Feira Polêsine
80a45a1e-be5c-4f11-b5cc-99fbc0defea4,323,2026-05-20 21:44:38.631-03,%,0,323,aa4d1cfe-c6c1-4fd8-8c4b-2b1b9942884c,Cartão,Alfajor Branco,15,6,aa4d1cfe-c6c1-4fd8-8c4b-2b1b9942884c,Feira Paraíso
80a45a1e-be5c-4f11-b5cc-99fbc0defea4,323,2026-05-20 21:44:38.631-03,%,0,323,aa4d1cfe-c6c1-4fd8-8c4b-2b1b9942884c,Cartão,Alfajor Preto,15,6,aa4d1cfe-c6c1-4fd8-8c4b-2b1b9942884c,Feira Paraíso
80a45a1e-be5c-4f11-b5cc-99fbc0defea4,323,2026-05-20 21:44:38.631-03,%,0,323,aa4d1cfe-c6c1-4fd8-8c4b-2b1b9942884c,Cartão,Amendoim Temperado,10,8,aa4d1cfe-c6c1-4fd8-8c4b-2b1b9942884c,Feira Paraíso
80a45a1e-be5c-4f11-b5cc-99fbc0defea4,323,2026-05-20 21:44:38.631-03,%,0,323,aa4d1cfe-c6c1-4fd8-8c4b-2b1b9942884c,Cartão,Cri-Cri 200g,6,8,aa4d1cfe-c6c1-4fd8-8c4b-2b1b9942884c,Feira Paraíso
80a45a1e-be5c-4f11-b5cc-99fbc0defea4,323,2026-05-20 21:44:38.631-03,%,0,323,aa4d1cfe-c6c1-4fd8-8c4b-2b1b9942884c,Cartão,Rapadura Assada,3,5,aa4d1cfe-c6c1-4fd8-8c4b-2b1b9942884c,Feira Paraíso
0c13a8f9-d183-44d7-bfa4-04e22c1cebf3,650,2026-05-20 21:47:41.648-03,%,0,650,aa4d1cfe-c6c1-4fd8-8c4b-2b1b9942884c,Dinheiro,Cuca Alemã,26,25,aa4d1cfe-c6c1-4fd8-8c4b-2b1b9942884c,Feira Paraíso
d17eedb0-7ed6-4088-aaff-45413b5a2400,240,2026-05-20 21:48:28.587-03,%,0,240,aa4d1cfe-c6c1-4fd8-8c4b-2b1b9942884c,Dinheiro,Cuca Enrolada de Amendoim,16,15,aa4d1cfe-c6c1-4fd8-8c4b-2b1b9942884c,Feira Paraíso
b45a9298-de2b-4d19-930e-a0e5f6b863c1,433,2026-05-20 21:53:48.542-03,%,0,433,aa4d1cfe-c6c1-4fd8-8c4b-2b1b9942884c,Dinheiro,Rapadura de Melado,23,7,aa4d1cfe-c6c1-4fd8-8c4b-2b1b9942884c,Feira Paraíso
b45a9298-de2b-4d19-930e-a0e5f6b863c1,433,2026-05-20 21:53:48.542-03,%,0,433,aa4d1cfe-c6c1-4fd8-8c4b-2b1b9942884c,Dinheiro,Rapadura Assada (Pacote x6),36,4.166666666666667,aa4d1cfe-c6c1-4fd8-8c4b-2b1b9942884c,Feira Paraíso
b45a9298-de2b-4d19-930e-a0e5f6b863c1,433,2026-05-20 21:53:48.542-03,%,0,433,aa4d1cfe-c6c1-4fd8-8c4b-2b1b9942884c,Dinheiro,Cri-Cri 200g,4,8,aa4d1cfe-c6c1-4fd8-8c4b-2b1b9942884c,Feira Paraíso
b45a9298-de2b-4d19-930e-a0e5f6b863c1,433,2026-05-20 21:53:48.542-03,%,0,433,aa4d1cfe-c6c1-4fd8-8c4b-2b1b9942884c,Dinheiro,Alfajor Preto,15,6,aa4d1cfe-c6c1-4fd8-8c4b-2b1b9942884c,Feira Paraíso
69cf8709-bae4-4f5a-b5d5-c11ed1815cc4,5,2026-06-14 13:43:12.307-03,R$,1,6,3f621f3e-720d-4c68-b436-eaac939ec515,Dinheiro,Alfajor Preto,1,6,3f621f3e-720d-4c68-b436-eaac939ec515,EXPOBENTO
236a8bbf-8141-430b-8e25-f407731f0871,24,2026-06-14 16:14:56.227-03,R$,1,25,3f621f3e-720d-4c68-b436-eaac939ec515,Dinheiro,Rapadura Assada (Pacote x6),6,4.166666666666667,3f621f3e-720d-4c68-b436-eaac939ec515,EXPOBENTO
e3f8a1c2-6998-4f01-a339-0006d93d8420,6,2026-06-14 17:33:49.966-03,R$,1,7,3f621f3e-720d-4c68-b436-eaac939ec515,Dinheiro,Rapadura de Melado,1,7,3f621f3e-720d-4c68-b436-eaac939ec515,EXPOBENTO
015cff87-bcd6-45e1-bc51-798107b9a2a9,20,2026-06-14 19:34:20.16-03,R$,2,22,3f621f3e-720d-4c68-b436-eaac939ec515,Dinheiro,Alfajor Preto,2,6,3f621f3e-720d-4c68-b436-eaac939ec515,EXPOBENTO
015cff87-bcd6-45e1-bc51-798107b9a2a9,20,2026-06-14 19:34:20.16-03,R$,2,22,3f621f3e-720d-4c68-b436-eaac939ec515,Dinheiro,Rapadura Assada,2,5,3f621f3e-720d-4c68-b436-eaac939ec515,EXPOBENTO
33759a9b-fabe-414f-950b-8e8e38d07125,30,2026-06-14 14:03:11.858-03,R$,0,30,3f621f3e-720d-4c68-b436-eaac939ec515,Dinheiro,Cuca Enrolada de Amendoim,2,15,3f621f3e-720d-4c68-b436-eaac939ec515,EXPOBENTO
b4d7be54-8eea-4b9a-a9b7-4cb2511ae6ba,15,2026-06-14 16:17:44.02-03,R$,1,16,3f621f3e-720d-4c68-b436-eaac939ec515,Dinheiro,Amendoim Temperado,1,8,3f621f3e-720d-4c68-b436-eaac939ec515,EXPOBENTO
32eb7825-2d5f-4af0-ab1d-303706d08882,7,2026-06-02 14:23:06.731-03,%,0,7,aa4d1cfe-c6c1-4fd8-8c4b-2b1b9942884c,Dinheiro,Rapadura de Melado,1,7,aa4d1cfe-c6c1-4fd8-8c4b-2b1b9942884c,FENAROZ
41328566-8c13-459c-82d2-088861b4b268,5,2026-06-02 15:16:17.451-03,%,0,5,aa4d1cfe-c6c1-4fd8-8c4b-2b1b9942884c,Dinheiro,Rapadura Assada,1,5,aa4d1cfe-c6c1-4fd8-8c4b-2b1b9942884c,FENAROZ
9d40451b-fd79-46d2-9e50-fbc0ddbc7fbc,47,2026-06-02 15:51:33.699-03,%,0,47,aa4d1cfe-c6c1-4fd8-8c4b-2b1b9942884c,Cartão,Cuca Enrolada de Amendoim,1,15,aa4d1cfe-c6c1-4fd8-8c4b-2b1b9942884c,FENAROZ
9d40451b-fd79-46d2-9e50-fbc0ddbc7fbc,47,2026-06-02 15:51:33.699-03,%,0,47,aa4d1cfe-c6c1-4fd8-8c4b-2b1b9942884c,Cartão,Rapadura de Melado,1,7,aa4d1cfe-c6c1-4fd8-8c4b-2b1b9942884c,FENAROZ
9d40451b-fd79-46d2-9e50-fbc0ddbc7fbc,47,2026-06-02 15:51:33.699-03,%,0,47,aa4d1cfe-c6c1-4fd8-8c4b-2b1b9942884c,Cartão,Rapadura Assada (Pacote x6),6,4.166666666666667,aa4d1cfe-c6c1-4fd8-8c4b-2b1b9942884c,FENAROZ
31a6e04e-735b-41fd-9e1b-74b3c2823059,15,2026-06-02 16:46:37.732-03,%,0,15,aa4d1cfe-c6c1-4fd8-8c4b-2b1b9942884c,Dinheiro,Cuca Enrolada de Amendoim,1,15,aa4d1cfe-c6c1-4fd8-8c4b-2b1b9942884c,FENAROZ
1b67ff1e-8767-4c6f-8f31-088eeb21a1b6,15,2026-06-02 17:31:14.795-03,%,0,15,aa4d1cfe-c6c1-4fd8-8c4b-2b1b9942884c,Cartão,Cuca Enrolada de Amendoim,1,15,aa4d1cfe-c6c1-4fd8-8c4b-2b1b9942884c,FENAROZ
a13945dd-b5b3-4855-b4c7-b9046a8d97f4,37,2026-06-02 17:43:24.717-03,%,0,37,aa4d1cfe-c6c1-4fd8-8c4b-2b1b9942884c,Cartão,Cuca Enrolada de Amendoim,2,15,aa4d1cfe-c6c1-4fd8-8c4b-2b1b9942884c,FENAROZ
a13945dd-b5b3-4855-b4c7-b9046a8d97f4,37,2026-06-02 17:43:24.717-03,%,0,37,aa4d1cfe-c6c1-4fd8-8c4b-2b1b9942884c,Cartão,Rapadura de Melado,1,7,aa4d1cfe-c6c1-4fd8-8c4b-2b1b9942884c,FENAROZ
6de1dee9-fe5c-4abe-94a5-01e5b2ba103e,15,2026-06-02 17:57:46.194-03,%,0,15,aa4d1cfe-c6c1-4fd8-8c4b-2b1b9942884c,Pix,Cuca Enrolada de Amendoim,1,15,aa4d1cfe-c6c1-4fd8-8c4b-2b1b9942884c,FENAROZ
30545342-8900-4d39-b51f-8ecd627d02bf,8,2026-06-02 18:50:00.159-03,%,0,8,aa4d1cfe-c6c1-4fd8-8c4b-2b1b9942884c,Dinheiro,Amendoim Temperado,1,8,aa4d1cfe-c6c1-4fd8-8c4b-2b1b9942884c,FENAROZ
469fc088-7ab8-4e03-b0e9-f8ae9fa1c2e9,15,2026-06-02 19:20:47.093-03,%,0,15,aa4d1cfe-c6c1-4fd8-8c4b-2b1b9942884c,Dinheiro,Cuca Enrolada de Amendoim,1,15,aa4d1cfe-c6c1-4fd8-8c4b-2b1b9942884c,FENAROZ
6405d09e-388e-4d12-99e8-2308d669c546,15,2026-06-02 19:38:51.835-03,%,0,15,aa4d1cfe-c6c1-4fd8-8c4b-2b1b9942884c,Dinheiro,Cuca Enrolada de Amendoim,1,15,aa4d1cfe-c6c1-4fd8-8c4b-2b1b9942884c,FENAROZ
39846cb3-6cc3-495f-9f2d-555d806f4dfa,15,2026-06-03 10:03:51.534-03,%,0,15,aa4d1cfe-c6c1-4fd8-8c4b-2b1b9942884c,Dinheiro,Cuca Enrolada de Amendoim,1,15,aa4d1cfe-c6c1-4fd8-8c4b-2b1b9942884c,FENAROZ
1ef8d6e3-5a53-4db2-b9cd-60b4fc2624f7,15,2026-06-03 10:05:34.739-03,%,0,15,aa4d1cfe-c6c1-4fd8-8c4b-2b1b9942884c,Cartão,Cuca Enrolada de Amendoim,1,15,aa4d1cfe-c6c1-4fd8-8c4b-2b1b9942884c,FENAROZ
b5b5a8d4-5d8c-4040-897c-92645564553b,15,2026-06-03 11:10:08.677-03,%,0,15,aa4d1cfe-c6c1-4fd8-8c4b-2b1b9942884c,Cartão,Cuca Enrolada de Amendoim,1,15,aa4d1cfe-c6c1-4fd8-8c4b-2b1b9942884c,FENAROZ
7f6a4752-db4a-4053-89e0-ba15fcc4bdc4,15,2026-06-03 11:27:27.258-03,%,0,15,aa4d1cfe-c6c1-4fd8-8c4b-2b1b9942884c,Dinheiro,Cuca Enrolada de Amendoim,1,15,aa4d1cfe-c6c1-4fd8-8c4b-2b1b9942884c,FENAROZ
00e3476b-5857-4b41-9ecb-17bd92f0ebcb,14,2026-06-03 13:25:53.463-03,%,0,14,aa4d1cfe-c6c1-4fd8-8c4b-2b1b9942884c,Cartão,Rapadura de Melado,2,7,aa4d1cfe-c6c1-4fd8-8c4b-2b1b9942884c,FENAROZ
3076082e-123a-4aa9-b191-bcf6a44ca0a4,5,2026-06-03 14:29:06.778-03,R$,2,7,aa4d1cfe-c6c1-4fd8-8c4b-2b1b9942884c,Dinheiro,Rapadura de Melado,1,7,aa4d1cfe-c6c1-4fd8-8c4b-2b1b9942884c,FENAROZ
7c0bca7c-671b-45ca-9538-06cfb14b4b2f,23,2026-06-03 15:27:16.342-03,R$,0,23,aa4d1cfe-c6c1-4fd8-8c4b-2b1b9942884c,Dinheiro,Cri-Cri 200g,1,8,aa4d1cfe-c6c1-4fd8-8c4b-2b1b9942884c,FENAROZ
7c0bca7c-671b-45ca-9538-06cfb14b4b2f,23,2026-06-03 15:27:16.342-03,R$,0,23,aa4d1cfe-c6c1-4fd8-8c4b-2b1b9942884c,Dinheiro,Cuca Enrolada de Amendoim,1,15,aa4d1cfe-c6c1-4fd8-8c4b-2b1b9942884c,FENAROZ
59ca785f-228d-4230-abd1-868720c3e5e9,22,2026-06-03 15:30:40.709-03,R$,0,22,aa4d1cfe-c6c1-4fd8-8c4b-2b1b9942884c,Cartão,Alfajor Branco,1,6,aa4d1cfe-c6c1-4fd8-8c4b-2b1b9942884c,FENAROZ
59ca785f-228d-4230-abd1-868720c3e5e9,22,2026-06-03 15:30:40.709-03,R$,0,22,aa4d1cfe-c6c1-4fd8-8c4b-2b1b9942884c,Cartão,Amendoim Temperado,2,8,aa4d1cfe-c6c1-4fd8-8c4b-2b1b9942884c,FENAROZ
db8d7d61-30b1-4bda-97e5-7a05fba422fb,5,2026-06-03 15:39:58.023-03,%,0,5,aa4d1cfe-c6c1-4fd8-8c4b-2b1b9942884c,Dinheiro,Rapadura Assada,1,5,aa4d1cfe-c6c1-4fd8-8c4b-2b1b9942884c,FENAROZ
7fcd9bcf-4024-41dd-9090-1bd6f5bb9f24,25,2026-06-03 15:51:12.23-03,%,0,25,aa4d1cfe-c6c1-4fd8-8c4b-2b1b9942884c,Cartão,Rapadura Assada (Pacote x6),6,4.166666666666667,aa4d1cfe-c6c1-4fd8-8c4b-2b1b9942884c,FENAROZ
bb6f67cc-79fa-4e29-a569-bc34e85bb297,15,2026-06-03 16:03:46.612-03,%,0,15,aa4d1cfe-c6c1-4fd8-8c4b-2b1b9942884c,Dinheiro,Cuca Enrolada de Amendoim,1,15,aa4d1cfe-c6c1-4fd8-8c4b-2b1b9942884c,FENAROZ
ee7c5221-3636-446c-a49a-ce3e45609ff6,7,2026-06-03 16:21:20.836-03,%,0,7,aa4d1cfe-c6c1-4fd8-8c4b-2b1b9942884c,Dinheiro,Rapadura de Melado,1,7,aa4d1cfe-c6c1-4fd8-8c4b-2b1b9942884c,FENAROZ
21b61fab-05c9-4fbc-8166-ce3257995af3,15,2026-06-03 16:22:35.929-03,%,0,15,aa4d1cfe-c6c1-4fd8-8c4b-2b1b9942884c,Cartão,Cuca Enrolada de Amendoim,1,15,aa4d1cfe-c6c1-4fd8-8c4b-2b1b9942884c,FENAROZ
a0ecf14c-2f00-4ee6-8555-736a85c4e3e6,8,2026-06-03 16:31:43.136-03,%,0,8,aa4d1cfe-c6c1-4fd8-8c4b-2b1b9942884c,Dinheiro,Cri-Cri 200g,1,8,aa4d1cfe-c6c1-4fd8-8c4b-2b1b9942884c,FENAROZ
7592f031-1daa-4021-bbb6-dbcbe9e7a1c8,22,2026-06-03 17:34:56.92-03,%,0,22,aa4d1cfe-c6c1-4fd8-8c4b-2b1b9942884c,Cartão,Cuca Enrolada de Amendoim,1,15,aa4d1cfe-c6c1-4fd8-8c4b-2b1b9942884c,FENAROZ
7592f031-1daa-4021-bbb6-dbcbe9e7a1c8,22,2026-06-03 17:34:56.92-03,%,0,22,aa4d1cfe-c6c1-4fd8-8c4b-2b1b9942884c,Cartão,Rapadura de Melado,1,7,aa4d1cfe-c6c1-4fd8-8c4b-2b1b9942884c,FENAROZ
b6ba1927-4f1a-4962-8bad-882c4df3ccbd,30,2026-06-03 18:13:59.254-03,%,0,30,aa4d1cfe-c6c1-4fd8-8c4b-2b1b9942884c,Cartão,Cuca Enrolada de Amendoim,2,15,aa4d1cfe-c6c1-4fd8-8c4b-2b1b9942884c,FENAROZ
94adb1f0-b2fd-4baa-abfc-9807c95c9080,34,2026-06-03 19:18:52.335-03,%,0,34,aa4d1cfe-c6c1-4fd8-8c4b-2b1b9942884c,Pix,Rapadura de Melado,2,7,aa4d1cfe-c6c1-4fd8-8c4b-2b1b9942884c,FENAROZ
94adb1f0-b2fd-4baa-abfc-9807c95c9080,34,2026-06-03 19:18:52.335-03,%,0,34,aa4d1cfe-c6c1-4fd8-8c4b-2b1b9942884c,Pix,Rapadura Assada,1,5,aa4d1cfe-c6c1-4fd8-8c4b-2b1b9942884c,FENAROZ
94adb1f0-b2fd-4baa-abfc-9807c95c9080,34,2026-06-03 19:18:52.335-03,%,0,34,aa4d1cfe-c6c1-4fd8-8c4b-2b1b9942884c,Pix,Cuca Enrolada de Amendoim,1,15,aa4d1cfe-c6c1-4fd8-8c4b-2b1b9942884c,FENAROZ
4bc9f327-33bc-4fce-a586-28c3a240da0d,15,2026-06-03 19:58:47.355-03,%,0,15,aa4d1cfe-c6c1-4fd8-8c4b-2b1b9942884c,Pix,Cuca Enrolada de Amendoim,1,15,aa4d1cfe-c6c1-4fd8-8c4b-2b1b9942884c,FENAROZ
59eca0de-5d23-4b48-9502-22a4ab0d8493,15,2026-06-03 19:59:31.049-03,%,0,15,aa4d1cfe-c6c1-4fd8-8c4b-2b1b9942884c,Dinheiro,Cuca Enrolada de Amendoim,1,15,aa4d1cfe-c6c1-4fd8-8c4b-2b1b9942884c,FENAROZ
74d7b156-ff9d-4cc4-88f7-454190f61945,8,2026-06-04 09:43:11.34-03,%,0,8,3f621f3e-720d-4c68-b436-eaac939ec515,Dinheiro,Cri-Cri 200g,1,8,3f621f3e-720d-4c68-b436-eaac939ec515,EXPOBENTO
48ac90a2-c881-4812-a196-5a53b68e5e09,15,2026-06-04 10:49:33.672-03,%,0,15,aa4d1cfe-c6c1-4fd8-8c4b-2b1b9942884c,Cartão,Cuca Enrolada de Amendoim,1,15,aa4d1cfe-c6c1-4fd8-8c4b-2b1b9942884c,FENAROZ
92db8191-48ea-49de-b8da-797532fb2ad9,21,2026-06-04 11:27:08.899-03,%,0,21,aa4d1cfe-c6c1-4fd8-8c4b-2b1b9942884c,Cartão,Rapadura de Melado,3,7,aa4d1cfe-c6c1-4fd8-8c4b-2b1b9942884c,FENAROZ
5ee49fbf-4174-4112-8542-4e00086a1d18,36,2026-06-04 11:50:39.622-03,%,0,36,aa4d1cfe-c6c1-4fd8-8c4b-2b1b9942884c,Dinheiro,Rapadura de Melado,3,7,aa4d1cfe-c6c1-4fd8-8c4b-2b1b9942884c,FENAROZ
5ee49fbf-4174-4112-8542-4e00086a1d18,36,2026-06-04 11:50:39.622-03,%,0,36,aa4d1cfe-c6c1-4fd8-8c4b-2b1b9942884c,Dinheiro,Cuca Enrolada de Amendoim,1,15,aa4d1cfe-c6c1-4fd8-8c4b-2b1b9942884c,FENAROZ
ff91e71a-ab85-4fd1-bec5-3ba467914740,15,2026-06-04 11:57:26.437-03,%,0,15,aa4d1cfe-c6c1-4fd8-8c4b-2b1b9942884c,Pix,Cuca Enrolada de Amendoim,1,15,aa4d1cfe-c6c1-4fd8-8c4b-2b1b9942884c,FENAROZ
912c6381-b837-4eda-b964-15cf448d28ae,7,2026-06-04 12:41:41.234-03,%,0,7,aa4d1cfe-c6c1-4fd8-8c4b-2b1b9942884c,Cartão,Rapadura de Melado,1,7,aa4d1cfe-c6c1-4fd8-8c4b-2b1b9942884c,FENAROZ
b56b01c6-82b4-4664-8449-02e0ea7e54db,15,2026-06-04 12:47:56.878-03,%,0,15,3f621f3e-720d-4c68-b436-eaac939ec515,Pix,Cuca Enrolada de Amendoim,1,15,3f621f3e-720d-4c68-b436-eaac939ec515,EXPOBENTO
2efe6907-7702-4c80-b3d0-32e8d748f505,8,2026-06-04 12:57:36.072-03,%,0,8,3f621f3e-720d-4c68-b436-eaac939ec515,Pix,Amendoim Temperado,1,8,3f621f3e-720d-4c68-b436-eaac939ec515,EXPOBENTO
4c4f3452-3e7b-408d-8642-64ef163060e8,15,2026-06-04 13:16:21.047-03,%,0,15,3f621f3e-720d-4c68-b436-eaac939ec515,Dinheiro,Cuca Enrolada de Amendoim,1,15,3f621f3e-720d-4c68-b436-eaac939ec515,EXPOBENTO
617205f7-ef89-4e7f-b5a2-2ac5fbd9d66e,25,2026-06-04 13:23:53.664-03,%,0,25,aa4d1cfe-c6c1-4fd8-8c4b-2b1b9942884c,Pix,Rapadura Assada (Pacote x6),6,4.166666666666667,aa4d1cfe-c6c1-4fd8-8c4b-2b1b9942884c,FENAROZ
cc1f62be-440d-4e92-9040-31c9581c8830,15,2026-06-04 13:50:33.394-03,%,0,15,3f621f3e-720d-4c68-b436-eaac939ec515,Dinheiro,Cuca Enrolada de Amendoim,1,15,3f621f3e-720d-4c68-b436-eaac939ec515,EXPOBENTO
220133ce-308a-4771-9c21-2f32b27a6886,28,2026-06-04 14:18:31.508-03,%,0,28,3f621f3e-720d-4c68-b436-eaac939ec515,Cartão,Amendoim Temperado,1,8,3f621f3e-720d-4c68-b436-eaac939ec515,EXPOBENTO
220133ce-308a-4771-9c21-2f32b27a6886,28,2026-06-04 14:18:31.508-03,%,0,28,3f621f3e-720d-4c68-b436-eaac939ec515,Cartão,Rapadura de Melado (Pacote x3),3,6.666666666666667,3f621f3e-720d-4c68-b436-eaac939ec515,EXPOBENTO
88b00f72-3f07-45e6-a12a-993a01bc79f7,30,2026-06-04 14:21:57.298-03,%,0,30,aa4d1cfe-c6c1-4fd8-8c4b-2b1b9942884c,Dinheiro,Cuca Enrolada de Amendoim,1,15,aa4d1cfe-c6c1-4fd8-8c4b-2b1b9942884c,FENAROZ
88b00f72-3f07-45e6-a12a-993a01bc79f7,30,2026-06-04 14:21:57.298-03,%,0,30,aa4d1cfe-c6c1-4fd8-8c4b-2b1b9942884c,Dinheiro,Rapadura de Melado,1,7,aa4d1cfe-c6c1-4fd8-8c4b-2b1b9942884c,FENAROZ
88b00f72-3f07-45e6-a12a-993a01bc79f7,30,2026-06-04 14:21:57.298-03,%,0,30,aa4d1cfe-c6c1-4fd8-8c4b-2b1b9942884c,Dinheiro,Cri-Cri 200g,1,8,aa4d1cfe-c6c1-4fd8-8c4b-2b1b9942884c,FENAROZ
a5f2a277-1849-4913-84cd-6bbaf7b0a130,7,2026-06-04 14:28:59.396-03,%,0,7,aa4d1cfe-c6c1-4fd8-8c4b-2b1b9942884c,Dinheiro,Rapadura de Melado,1,7,aa4d1cfe-c6c1-4fd8-8c4b-2b1b9942884c,FENAROZ
e102f5fb-627a-4520-b4cd-eff9b8ad2a77,20,2026-06-04 14:35:33.461-03,%,0,20,aa4d1cfe-c6c1-4fd8-8c4b-2b1b9942884c,Dinheiro,Cuca Enrolada de Amendoim,1,15,aa4d1cfe-c6c1-4fd8-8c4b-2b1b9942884c,FENAROZ
e102f5fb-627a-4520-b4cd-eff9b8ad2a77,20,2026-06-04 14:35:33.461-03,%,0,20,aa4d1cfe-c6c1-4fd8-8c4b-2b1b9942884c,Dinheiro,Rapadura Assada,1,5,aa4d1cfe-c6c1-4fd8-8c4b-2b1b9942884c,FENAROZ
2bd022a3-6557-43d9-87f7-d8460182de53,33,2026-06-04 14:40:01.795-03,%,0,33,aa4d1cfe-c6c1-4fd8-8c4b-2b1b9942884c,Dinheiro,Rapadura Assada (Pacote x6),6,4.166666666666667,aa4d1cfe-c6c1-4fd8-8c4b-2b1b9942884c,FENAROZ
2bd022a3-6557-43d9-87f7-d8460182de53,33,2026-06-04 14:40:01.795-03,%,0,33,aa4d1cfe-c6c1-4fd8-8c4b-2b1b9942884c,Dinheiro,Cri-Cri 200g,1,8,aa4d1cfe-c6c1-4fd8-8c4b-2b1b9942884c,FENAROZ
d0f62462-603e-4367-bbc4-0c3c109f000a,29,2026-06-04 15:08:31.481-03,%,0,29,aa4d1cfe-c6c1-4fd8-8c4b-2b1b9942884c,Dinheiro,Rapadura de Melado,2,7,aa4d1cfe-c6c1-4fd8-8c4b-2b1b9942884c,FENAROZ
d0f62462-603e-4367-bbc4-0c3c109f000a,29,2026-06-04 15:08:31.481-03,%,0,29,aa4d1cfe-c6c1-4fd8-8c4b-2b1b9942884c,Dinheiro,Cuca Enrolada de Amendoim,1,15,aa4d1cfe-c6c1-4fd8-8c4b-2b1b9942884c,FENAROZ
05fa96d6-189a-4a2e-8695-a7b109e75856,31,2026-06-04 15:30:48.842-03,%,0,31,aa4d1cfe-c6c1-4fd8-8c4b-2b1b9942884c,Dinheiro,Rapadura Assada,1,5,aa4d1cfe-c6c1-4fd8-8c4b-2b1b9942884c,FENAROZ
05fa96d6-189a-4a2e-8695-a7b109e75856,31,2026-06-04 15:30:48.842-03,%,0,31,aa4d1cfe-c6c1-4fd8-8c4b-2b1b9942884c,Dinheiro,Alfajor Preto,3,6,aa4d1cfe-c6c1-4fd8-8c4b-2b1b9942884c,FENAROZ
05fa96d6-189a-4a2e-8695-a7b109e75856,31,2026-06-04 15:30:48.842-03,%,0,31,aa4d1cfe-c6c1-4fd8-8c4b-2b1b9942884c,Dinheiro,Amendoim Temperado,1,8,aa4d1cfe-c6c1-4fd8-8c4b-2b1b9942884c,FENAROZ
756c75a0-3c30-4ae4-8dd0-b1b8a58e7e7f,7,2026-06-04 15:43:03.584-03,%,0,7,aa4d1cfe-c6c1-4fd8-8c4b-2b1b9942884c,Dinheiro,Rapadura de Melado,1,7,aa4d1cfe-c6c1-4fd8-8c4b-2b1b9942884c,FENAROZ
b9f95bcd-ddec-4129-887a-35ba7ba95ad8,16,2026-06-04 15:45:07.916-03,%,0,16,aa4d1cfe-c6c1-4fd8-8c4b-2b1b9942884c,Dinheiro,Cri-Cri 200g,1,8,aa4d1cfe-c6c1-4fd8-8c4b-2b1b9942884c,FENAROZ
b9f95bcd-ddec-4129-887a-35ba7ba95ad8,16,2026-06-04 15:45:07.916-03,%,0,16,aa4d1cfe-c6c1-4fd8-8c4b-2b1b9942884c,Dinheiro,Amendoim Temperado,1,8,aa4d1cfe-c6c1-4fd8-8c4b-2b1b9942884c,FENAROZ
6ee8a55e-fe55-4c2a-8475-59d4e93e0aed,6,2026-06-04 15:48:04.48-03,%,0,6,aa4d1cfe-c6c1-4fd8-8c4b-2b1b9942884c,Pix,Alfajor Preto,1,6,aa4d1cfe-c6c1-4fd8-8c4b-2b1b9942884c,FENAROZ
486d1af3-3be7-4d44-a0de-b56ce60f11c2,45,2026-06-04 15:49:06.028-03,%,0,45,aa4d1cfe-c6c1-4fd8-8c4b-2b1b9942884c,Dinheiro,Cuca Enrolada de Amendoim,3,15,aa4d1cfe-c6c1-4fd8-8c4b-2b1b9942884c,FENAROZ
ca605a42-8d41-4c35-a968-18971c6cc0b0,5.88,2026-06-04 16:06:39.202-03,%,0.12,6,3f621f3e-720d-4c68-b436-eaac939ec515,Dinheiro,Alfajor Preto,1,6,3f621f3e-720d-4c68-b436-eaac939ec515,EXPOBENTO
cae61753-990a-4f3e-9afc-61fee1ae11c3,27,2026-06-04 16:11:38.777-03,%,0,27,aa4d1cfe-c6c1-4fd8-8c4b-2b1b9942884c,Pix,Cuca Enrolada de Amendoim,1,15,aa4d1cfe-c6c1-4fd8-8c4b-2b1b9942884c,FENAROZ
cae61753-990a-4f3e-9afc-61fee1ae11c3,27,2026-06-04 16:11:38.777-03,%,0,27,aa4d1cfe-c6c1-4fd8-8c4b-2b1b9942884c,Pix,Rapadura de Melado,1,7,aa4d1cfe-c6c1-4fd8-8c4b-2b1b9942884c,FENAROZ
cae61753-990a-4f3e-9afc-61fee1ae11c3,27,2026-06-04 16:11:38.777-03,%,0,27,aa4d1cfe-c6c1-4fd8-8c4b-2b1b9942884c,Pix,Rapadura Assada,1,5,aa4d1cfe-c6c1-4fd8-8c4b-2b1b9942884c,FENAROZ
506e8428-62b7-4d0c-b87f-c0aa391f22c3,15,2026-06-04 16:12:19.969-03,%,0,15,aa4d1cfe-c6c1-4fd8-8c4b-2b1b9942884c,Pix,Cuca Enrolada de Amendoim,1,15,aa4d1cfe-c6c1-4fd8-8c4b-2b1b9942884c,FENAROZ
fa15d475-faf7-4fbf-9266-e6d90159aa3b,40,2026-06-04 16:14:44.081-03,%,0,40,aa4d1cfe-c6c1-4fd8-8c4b-2b1b9942884c,Cartão,Cuca Enrolada de Amendoim,1,15,aa4d1cfe-c6c1-4fd8-8c4b-2b1b9942884c,FENAROZ
fa15d475-faf7-4fbf-9266-e6d90159aa3b,40,2026-06-04 16:14:44.081-03,%,0,40,aa4d1cfe-c6c1-4fd8-8c4b-2b1b9942884c,Cartão,Rapadura Assada (Pacote x6),6,4.166666666666667,aa4d1cfe-c6c1-4fd8-8c4b-2b1b9942884c,FENAROZ
0e1c15ab-1f8c-495a-9f43-9c9edb29b1a9,10,2026-06-04 16:15:39.532-03,%,0,10,aa4d1cfe-c6c1-4fd8-8c4b-2b1b9942884c,Dinheiro,Rapadura Assada,2,5,aa4d1cfe-c6c1-4fd8-8c4b-2b1b9942884c,FENAROZ
e5aacfa9-93ad-49a2-81bc-930d54c52b4e,8,2026-06-04 16:22:15.509-03,%,0,8,aa4d1cfe-c6c1-4fd8-8c4b-2b1b9942884c,Pix,Amendoim Temperado,1,8,aa4d1cfe-c6c1-4fd8-8c4b-2b1b9942884c,FENAROZ
ee6865de-54df-445a-aea8-62fa7ac9b4fa,20,2026-06-04 16:26:01.135-03,%,0,20,3f621f3e-720d-4c68-b436-eaac939ec515,Dinheiro,Rapadura de Melado (Pacote x3),3,6.666666666666667,3f621f3e-720d-4c68-b436-eaac939ec515,EXPOBENTO
5f297d38-9ca3-44a5-af6e-cad2ec2dc4db,15,2026-06-04 16:30:39.205-03,%,0,15,aa4d1cfe-c6c1-4fd8-8c4b-2b1b9942884c,Dinheiro,Cuca Enrolada de Amendoim,1,15,aa4d1cfe-c6c1-4fd8-8c4b-2b1b9942884c,FENAROZ
ab7b5bef-c3f8-4d40-b2e0-0f1ddb715bc2,15,2026-06-04 16:32:28.373-03,%,0,15,3f621f3e-720d-4c68-b436-eaac939ec515,Cartão,Cuca Enrolada de Amendoim,1,15,3f621f3e-720d-4c68-b436-eaac939ec515,EXPOBENTO
7ee91b4d-39bc-40c6-9bce-d1dc08442c96,5,2026-06-04 16:38:24.523-03,%,0,5,aa4d1cfe-c6c1-4fd8-8c4b-2b1b9942884c,Dinheiro,Rapadura Assada,1,5,aa4d1cfe-c6c1-4fd8-8c4b-2b1b9942884c,FENAROZ
04ad33aa-7353-4642-878a-e4200b88ff78,8,2026-06-04 16:43:59.182-03,%,0,8,aa4d1cfe-c6c1-4fd8-8c4b-2b1b9942884c,Dinheiro,Cri-Cri 200g,1,8,aa4d1cfe-c6c1-4fd8-8c4b-2b1b9942884c,FENAROZ
6830babf-12a8-4ed6-bfe5-6c23f94fa13c,21,2026-06-04 16:46:39.822-03,%,0,21,aa4d1cfe-c6c1-4fd8-8c4b-2b1b9942884c,Dinheiro,Rapadura de Melado,3,7,aa4d1cfe-c6c1-4fd8-8c4b-2b1b9942884c,FENAROZ
c5c44fa0-422d-4b1b-b8b5-dca41916b456,98,2026-06-04 16:54:44.392-03,%,0,98,aa4d1cfe-c6c1-4fd8-8c4b-2b1b9942884c,Dinheiro,Cuca Enrolada de Amendoim,2,15,aa4d1cfe-c6c1-4fd8-8c4b-2b1b9942884c,FENAROZ
c5c44fa0-422d-4b1b-b8b5-dca41916b456,98,2026-06-04 16:54:44.392-03,%,0,98,aa4d1cfe-c6c1-4fd8-8c4b-2b1b9942884c,Dinheiro,Rapadura de Melado,4,7,aa4d1cfe-c6c1-4fd8-8c4b-2b1b9942884c,FENAROZ
c5c44fa0-422d-4b1b-b8b5-dca41916b456,98,2026-06-04 16:54:44.392-03,%,0,98,aa4d1cfe-c6c1-4fd8-8c4b-2b1b9942884c,Dinheiro,Alfajor Preto (Pacote x4),8,5,aa4d1cfe-c6c1-4fd8-8c4b-2b1b9942884c,FENAROZ
426d62e9-70d0-41d4-9b94-a8dc902aaffa,22,2026-06-04 16:58:01.663-03,%,0,22,aa4d1cfe-c6c1-4fd8-8c4b-2b1b9942884c,Dinheiro,Cuca Enrolada de Amendoim,1,15,aa4d1cfe-c6c1-4fd8-8c4b-2b1b9942884c,FENAROZ
426d62e9-70d0-41d4-9b94-a8dc902aaffa,22,2026-06-04 16:58:01.663-03,%,0,22,aa4d1cfe-c6c1-4fd8-8c4b-2b1b9942884c,Dinheiro,Rapadura de Melado,1,7,aa4d1cfe-c6c1-4fd8-8c4b-2b1b9942884c,FENAROZ
c5ced91f-8f66-44a2-9591-600d9eee9d20,15,2026-06-04 17:00:56.379-03,%,0,15,aa4d1cfe-c6c1-4fd8-8c4b-2b1b9942884c,Cartão,Cuca Enrolada de Amendoim,1,15,aa4d1cfe-c6c1-4fd8-8c4b-2b1b9942884c,FENAROZ
e156388e-61a9-4f2e-941a-292f53045fcb,22,2026-06-04 17:08:36.029-03,%,0,22,aa4d1cfe-c6c1-4fd8-8c4b-2b1b9942884c,Cartão,Cuca Enrolada de Amendoim,1,15,aa4d1cfe-c6c1-4fd8-8c4b-2b1b9942884c,FENAROZ
e156388e-61a9-4f2e-941a-292f53045fcb,22,2026-06-04 17:08:36.029-03,%,0,22,aa4d1cfe-c6c1-4fd8-8c4b-2b1b9942884c,Cartão,Rapadura de Melado,1,7,aa4d1cfe-c6c1-4fd8-8c4b-2b1b9942884c,FENAROZ
4fe8fac5-8d2c-48df-9480-d585a2cbba67,40,2026-06-04 17:08:48.261-03,%,0,40,aa4d1cfe-c6c1-4fd8-8c4b-2b1b9942884c,Cartão,Cuca Enrolada de Amendoim,1,15,aa4d1cfe-c6c1-4fd8-8c4b-2b1b9942884c,FENAROZ
4fe8fac5-8d2c-48df-9480-d585a2cbba67,40,2026-06-04 17:08:48.261-03,%,0,40,aa4d1cfe-c6c1-4fd8-8c4b-2b1b9942884c,Cartão,Rapadura Assada (Pacote x6),6,4.166666666666667,aa4d1cfe-c6c1-4fd8-8c4b-2b1b9942884c,FENAROZ
295ee032-7a7f-4612-85b7-a7e10083e8bf,15,2026-06-04 17:16:09.967-03,%,0,15,aa4d1cfe-c6c1-4fd8-8c4b-2b1b9942884c,Dinheiro,Cuca Enrolada de Amendoim,1,15,aa4d1cfe-c6c1-4fd8-8c4b-2b1b9942884c,FENAROZ
b8b9eeaf-fa93-446c-baec-e8b032b8960b,8,2026-06-04 17:24:14.068-03,%,0,8,aa4d1cfe-c6c1-4fd8-8c4b-2b1b9942884c,Dinheiro,Cri-Cri 200g,1,8,aa4d1cfe-c6c1-4fd8-8c4b-2b1b9942884c,FENAROZ
3c309a7d-8a64-4ba0-8773-6b76dee83d8a,40,2026-06-04 17:27:32.786-03,%,0,40,aa4d1cfe-c6c1-4fd8-8c4b-2b1b9942884c,Cartão,Cuca Enrolada de Amendoim,1,15,aa4d1cfe-c6c1-4fd8-8c4b-2b1b9942884c,FENAROZ
3c309a7d-8a64-4ba0-8773-6b76dee83d8a,40,2026-06-04 17:27:32.786-03,%,0,40,aa4d1cfe-c6c1-4fd8-8c4b-2b1b9942884c,Cartão,Rapadura Assada (Pacote x6),6,4.166666666666667,aa4d1cfe-c6c1-4fd8-8c4b-2b1b9942884c,FENAROZ
b0ed4d60-536a-45e5-bbb6-9e2b259d4362,15,2026-06-04 17:35:19.9-03,%,0,15,aa4d1cfe-c6c1-4fd8-8c4b-2b1b9942884c,Dinheiro,Cuca Enrolada de Amendoim,1,15,aa4d1cfe-c6c1-4fd8-8c4b-2b1b9942884c,FENAROZ
710e4f52-122f-44a3-99b7-344479d66286,15,2026-06-04 17:35:56.879-03,%,0,15,aa4d1cfe-c6c1-4fd8-8c4b-2b1b9942884c,Dinheiro,Rapadura de Melado,1,7,aa4d1cfe-c6c1-4fd8-8c4b-2b1b9942884c,FENAROZ
710e4f52-122f-44a3-99b7-344479d66286,15,2026-06-04 17:35:56.879-03,%,0,15,aa4d1cfe-c6c1-4fd8-8c4b-2b1b9942884c,Dinheiro,Cri-Cri 200g,1,8,aa4d1cfe-c6c1-4fd8-8c4b-2b1b9942884c,FENAROZ
d0f2e5c2-5e33-4662-86a7-5c59368546d4,30,2026-06-04 17:38:46.547-03,%,0,30,aa4d1cfe-c6c1-4fd8-8c4b-2b1b9942884c,Dinheiro,Cuca Enrolada de Amendoim,2,15,aa4d1cfe-c6c1-4fd8-8c4b-2b1b9942884c,FENAROZ
6a920b8b-d779-462a-8e4b-10ecad655d93,7,2026-06-04 17:49:32.321-03,%,0,7,aa4d1cfe-c6c1-4fd8-8c4b-2b1b9942884c,Dinheiro,Rapadura de Melado,1,7,aa4d1cfe-c6c1-4fd8-8c4b-2b1b9942884c,FENAROZ
14b508b5-d9da-4497-8270-4a49517c91f3,16,2026-06-04 17:49:41.659-03,%,0,16,aa4d1cfe-c6c1-4fd8-8c4b-2b1b9942884c,Cartão,Cri-Cri 200g,2,8,aa4d1cfe-c6c1-4fd8-8c4b-2b1b9942884c,FENAROZ
20b1b2cd-e642-417d-835c-10c2f0341ac0,13,2026-06-04 18:10:42.016-03,%,0,13,3f621f3e-720d-4c68-b436-eaac939ec515,Cartão,Alfajor Preto,1,6,3f621f3e-720d-4c68-b436-eaac939ec515,EXPOBENTO
20b1b2cd-e642-417d-835c-10c2f0341ac0,13,2026-06-04 18:10:42.016-03,%,0,13,3f621f3e-720d-4c68-b436-eaac939ec515,Cartão,Rapadura de Melado,1,7,3f621f3e-720d-4c68-b436-eaac939ec515,EXPOBENTO
70d39778-5fe3-45f6-b31e-478713af5491,23,2026-06-04 18:27:48.602-03,%,0,23,aa4d1cfe-c6c1-4fd8-8c4b-2b1b9942884c,Cartão,Cuca Enrolada de Amendoim,1,15,aa4d1cfe-c6c1-4fd8-8c4b-2b1b9942884c,FENAROZ
70d39778-5fe3-45f6-b31e-478713af5491,23,2026-06-04 18:27:48.602-03,%,0,23,aa4d1cfe-c6c1-4fd8-8c4b-2b1b9942884c,Cartão,Amendoim Temperado,1,8,aa4d1cfe-c6c1-4fd8-8c4b-2b1b9942884c,FENAROZ
aa6ba847-6a2f-417d-8639-098653802f40,20,2026-06-04 18:36:02.83-03,%,0,20,3f621f3e-720d-4c68-b436-eaac939ec515,Dinheiro,Alfajor Preto (Pacote x4),4,5,3f621f3e-720d-4c68-b436-eaac939ec515,EXPOBENTO
491a692b-1cf4-493b-8122-6d9fc2e9e93c,15,2026-06-04 18:37:00.404-03,%,0,15,aa4d1cfe-c6c1-4fd8-8c4b-2b1b9942884c,Dinheiro,Cuca Enrolada de Amendoim,1,15,aa4d1cfe-c6c1-4fd8-8c4b-2b1b9942884c,FENAROZ
3e36e9e9-5d16-4b49-8a43-70bbf5c70ec0,15,2026-06-04 18:43:14.192-03,%,0,15,aa4d1cfe-c6c1-4fd8-8c4b-2b1b9942884c,Pix,Cuca Enrolada de Amendoim,1,15,aa4d1cfe-c6c1-4fd8-8c4b-2b1b9942884c,FENAROZ
a087c43b-535c-44a9-9ee5-7d065d2d862d,22,2026-06-04 18:49:19.481-03,%,0,22,aa4d1cfe-c6c1-4fd8-8c4b-2b1b9942884c,Dinheiro,Cuca Enrolada de Amendoim,1,15,aa4d1cfe-c6c1-4fd8-8c4b-2b1b9942884c,FENAROZ
a087c43b-535c-44a9-9ee5-7d065d2d862d,22,2026-06-04 18:49:19.481-03,%,0,22,aa4d1cfe-c6c1-4fd8-8c4b-2b1b9942884c,Dinheiro,Rapadura de Melado,1,7,aa4d1cfe-c6c1-4fd8-8c4b-2b1b9942884c,FENAROZ
de32c1a8-1575-465a-b500-f264a27cef83,30,2026-06-04 18:58:58.273-03,%,0,30,aa4d1cfe-c6c1-4fd8-8c4b-2b1b9942884c,Dinheiro,Cuca Enrolada de Amendoim,2,15,aa4d1cfe-c6c1-4fd8-8c4b-2b1b9942884c,FENAROZ
60fa663e-264b-48cc-a4cd-f407d3eabece,35,2026-06-04 18:59:45.872-03,%,0,35,3f621f3e-720d-4c68-b436-eaac939ec515,Cartão,Cuca Enrolada de Amendoim,1,15,3f621f3e-720d-4c68-b436-eaac939ec515,EXPOBENTO
60fa663e-264b-48cc-a4cd-f407d3eabece,35,2026-06-04 18:59:45.872-03,%,0,35,3f621f3e-720d-4c68-b436-eaac939ec515,Cartão,Rapadura de Melado (Pacote x3),3,6.666666666666667,3f621f3e-720d-4c68-b436-eaac939ec515,EXPOBENTO
d8cf192b-20e9-4e20-b348-9eebc70a170a,16,2026-06-04 19:00:09.102-03,%,0,16,3f621f3e-720d-4c68-b436-eaac939ec515,Cartão,Cri-Cri 200g,1,8,3f621f3e-720d-4c68-b436-eaac939ec515,EXPOBENTO
d8cf192b-20e9-4e20-b348-9eebc70a170a,16,2026-06-04 19:00:09.102-03,%,0,16,3f621f3e-720d-4c68-b436-eaac939ec515,Cartão,Amendoim Temperado,1,8,3f621f3e-720d-4c68-b436-eaac939ec515,EXPOBENTO
9f35eff0-7349-4bdb-a980-45b62cdd3b0b,60,2026-06-04 19:42:22.111-03,R$,12,72,3f621f3e-720d-4c68-b436-eaac939ec515,Dinheiro,Alfajor Branco,3,6,3f621f3e-720d-4c68-b436-eaac939ec515,EXPOBENTO
9f35eff0-7349-4bdb-a980-45b62cdd3b0b,60,2026-06-04 19:42:22.111-03,R$,12,72,3f621f3e-720d-4c68-b436-eaac939ec515,Dinheiro,Alfajor Preto,9,6,3f621f3e-720d-4c68-b436-eaac939ec515,EXPOBENTO
9afc1a9f-44ec-474a-b26f-818eacd813c2,30,2026-06-04 19:49:56.269-03,%,0,30,aa4d1cfe-c6c1-4fd8-8c4b-2b1b9942884c,Dinheiro,Cuca Enrolada de Amendoim,2,15,aa4d1cfe-c6c1-4fd8-8c4b-2b1b9942884c,FENAROZ
725dadb5-ed29-416c-a365-6839d28b2e1b,15,2026-06-04 19:59:40.734-03,R$,0,15,3f621f3e-720d-4c68-b436-eaac939ec515,Dinheiro,Cuca Enrolada de Amendoim,1,15,3f621f3e-720d-4c68-b436-eaac939ec515,EXPOBENTO
e4924b0e-51e5-47fc-a93c-15ca5c6f76e4,22,2026-06-04 20:51:51.503-03,%,0,22,3f621f3e-720d-4c68-b436-eaac939ec515,Dinheiro,Cuca Enrolada de Amendoim,1,15,3f621f3e-720d-4c68-b436-eaac939ec515,EXPOBENTO
e4924b0e-51e5-47fc-a93c-15ca5c6f76e4,22,2026-06-04 20:51:51.503-03,%,0,22,3f621f3e-720d-4c68-b436-eaac939ec515,Dinheiro,Rapadura de Melado,1,7,3f621f3e-720d-4c68-b436-eaac939ec515,EXPOBENTO
3b7f229b-9894-458c-975b-89d9467bcf22,15,2026-06-05 13:26:13.228-03,%,0,15,3f621f3e-720d-4c68-b436-eaac939ec515,Dinheiro,Cuca Enrolada de Amendoim,1,15,3f621f3e-720d-4c68-b436-eaac939ec515,EXPOBENTO
5c635e22-3aff-475c-8000-6c85d0c56b15,22,2026-06-05 13:53:17.379-03,%,0,22,aa4d1cfe-c6c1-4fd8-8c4b-2b1b9942884c,Dinheiro,Cuca Enrolada de Amendoim,1,15,aa4d1cfe-c6c1-4fd8-8c4b-2b1b9942884c,FENAROZ
5c635e22-3aff-475c-8000-6c85d0c56b15,22,2026-06-05 13:53:17.379-03,%,0,22,aa4d1cfe-c6c1-4fd8-8c4b-2b1b9942884c,Dinheiro,Rapadura de Melado,1,7,aa4d1cfe-c6c1-4fd8-8c4b-2b1b9942884c,FENAROZ
ea97b5d2-b020-4d32-9baa-b0e8f6623c7d,20,2026-06-05 14:13:11.495-03,%,0,20,3f621f3e-720d-4c68-b436-eaac939ec515,Dinheiro,Rapadura de Melado (Pacote x3),3,6.666666666666667,3f621f3e-720d-4c68-b436-eaac939ec515,EXPOBENTO
a51c3a02-4cab-44b5-be3c-fa1032e08215,10,2026-06-05 14:17:31.712-03,R$,2,12,3f621f3e-720d-4c68-b436-eaac939ec515,Dinheiro,Alfajor Branco,2,6,3f621f3e-720d-4c68-b436-eaac939ec515,EXPOBENTO
49d4d0f1-5cd0-4670-a83d-4ebf01f18a24,15,2026-06-05 14:21:03.554-03,R$,0,15,3f621f3e-720d-4c68-b436-eaac939ec515,Cartão,Cuca Enrolada de Amendoim,1,15,3f621f3e-720d-4c68-b436-eaac939ec515,EXPOBENTO
833c3cff-ef35-4cff-9313-54665fa69198,25,2026-06-05 14:34:49.453-03,%,0,25,aa4d1cfe-c6c1-4fd8-8c4b-2b1b9942884c,Cartão,Rapadura Assada (Pacote x6),6,4.166666666666667,aa4d1cfe-c6c1-4fd8-8c4b-2b1b9942884c,FENAROZ
84d5a664-8d07-42e0-8baf-d4a8bcff5828,29,2026-06-05 14:36:37.705-03,%,0,29,aa4d1cfe-c6c1-4fd8-8c4b-2b1b9942884c,Cartão,Rapadura de Melado,3,7,aa4d1cfe-c6c1-4fd8-8c4b-2b1b9942884c,FENAROZ
84d5a664-8d07-42e0-8baf-d4a8bcff5828,29,2026-06-05 14:36:37.705-03,%,0,29,aa4d1cfe-c6c1-4fd8-8c4b-2b1b9942884c,Cartão,Amendoim Temperado,1,8,aa4d1cfe-c6c1-4fd8-8c4b-2b1b9942884c,FENAROZ
83ebbcb2-2cd3-4617-8b1e-e631b4e27d3c,5,2026-06-05 14:39:35.575-03,%,0,5,aa4d1cfe-c6c1-4fd8-8c4b-2b1b9942884c,Dinheiro,Rapadura Assada,1,5,aa4d1cfe-c6c1-4fd8-8c4b-2b1b9942884c,FENAROZ
f378d49b-e889-4aa5-8e0a-262a1cf96551,30,2026-06-05 14:39:43.782-03,%,0,30,aa4d1cfe-c6c1-4fd8-8c4b-2b1b9942884c,Dinheiro,Cuca Enrolada de Amendoim,2,15,aa4d1cfe-c6c1-4fd8-8c4b-2b1b9942884c,FENAROZ
22eafb62-1f18-4585-b52f-558c4cd7c941,5,2026-06-05 14:49:44.32-03,%,0,5,aa4d1cfe-c6c1-4fd8-8c4b-2b1b9942884c,Dinheiro,Rapadura Assada,1,5,aa4d1cfe-c6c1-4fd8-8c4b-2b1b9942884c,FENAROZ
3c73338e-7b9b-4398-a4ab-ede85875e133,10,2026-06-05 15:07:15.572-03,%,0,10,aa4d1cfe-c6c1-4fd8-8c4b-2b1b9942884c,Dinheiro,Rapadura Assada,2,5,aa4d1cfe-c6c1-4fd8-8c4b-2b1b9942884c,FENAROZ
a4973410-c0e0-49e3-8235-514d6190fc85,15,2026-06-05 15:08:22.261-03,%,0,15,aa4d1cfe-c6c1-4fd8-8c4b-2b1b9942884c,Dinheiro,Cuca Enrolada de Amendoim,1,15,aa4d1cfe-c6c1-4fd8-8c4b-2b1b9942884c,FENAROZ
b651f6a4-0f10-45ea-bba2-150091073049,5,2026-06-05 15:08:55.025-03,%,0,5,aa4d1cfe-c6c1-4fd8-8c4b-2b1b9942884c,Dinheiro,Rapadura Assada,1,5,aa4d1cfe-c6c1-4fd8-8c4b-2b1b9942884c,FENAROZ
ff635360-955e-48fc-9c78-d6d151a9bbb5,15,2026-06-05 15:12:47.953-03,%,0,15,aa4d1cfe-c6c1-4fd8-8c4b-2b1b9942884c,Dinheiro,Rapadura de Melado,1,7,aa4d1cfe-c6c1-4fd8-8c4b-2b1b9942884c,FENAROZ
ff635360-955e-48fc-9c78-d6d151a9bbb5,15,2026-06-05 15:12:47.953-03,%,0,15,aa4d1cfe-c6c1-4fd8-8c4b-2b1b9942884c,Dinheiro,Amendoim Temperado,1,8,aa4d1cfe-c6c1-4fd8-8c4b-2b1b9942884c,FENAROZ
3d9fdc74-6487-41ba-86cf-df4e13321592,24,2026-06-05 15:25:06.873-03,%,0,24,aa4d1cfe-c6c1-4fd8-8c4b-2b1b9942884c,Dinheiro,Rapadura Assada,2,5,aa4d1cfe-c6c1-4fd8-8c4b-2b1b9942884c,FENAROZ
3d9fdc74-6487-41ba-86cf-df4e13321592,24,2026-06-05 15:25:06.873-03,%,0,24,aa4d1cfe-c6c1-4fd8-8c4b-2b1b9942884c,Dinheiro,Rapadura de Melado,2,7,aa4d1cfe-c6c1-4fd8-8c4b-2b1b9942884c,FENAROZ
21fff59d-4416-44e6-be41-b1a7721512fa,15,2026-06-05 15:27:05.127-03,R$,0,15,3f621f3e-720d-4c68-b436-eaac939ec515,Cartão,Cuca Enrolada de Amendoim,1,15,3f621f3e-720d-4c68-b436-eaac939ec515,EXPOBENTO
926957c8-bc49-4dee-aa04-41491bf989ec,15,2026-06-05 15:32:49.881-03,R$,0,15,3f621f3e-720d-4c68-b436-eaac939ec515,Dinheiro,Cuca Enrolada de Amendoim,1,15,3f621f3e-720d-4c68-b436-eaac939ec515,EXPOBENTO
85070d05-cda2-43db-8b5e-b631ea462ec9,15,2026-06-05 15:35:40.693-03,R$,0,15,3f621f3e-720d-4c68-b436-eaac939ec515,Dinheiro,Cuca Enrolada de Amendoim,1,15,3f621f3e-720d-4c68-b436-eaac939ec515,EXPOBENTO
803daa01-b028-403c-925d-7e6e127fdad0,15,2026-06-05 15:42:39.59-03,R$,0,15,3f621f3e-720d-4c68-b436-eaac939ec515,Dinheiro,Cuca Enrolada de Amendoim,1,15,3f621f3e-720d-4c68-b436-eaac939ec515,EXPOBENTO
d3a40229-7864-4fef-b9ea-b90399876e47,7,2026-06-05 15:44:26.443-03,%,0,7,aa4d1cfe-c6c1-4fd8-8c4b-2b1b9942884c,Pix,Rapadura de Melado,1,7,aa4d1cfe-c6c1-4fd8-8c4b-2b1b9942884c,FENAROZ
f87c9660-c53c-44eb-afc5-fbbcdd67b4c8,30,2026-06-05 15:54:10.043-03,%,0,30,aa4d1cfe-c6c1-4fd8-8c4b-2b1b9942884c,Dinheiro,Cuca Enrolada de Amendoim,2,15,aa4d1cfe-c6c1-4fd8-8c4b-2b1b9942884c,FENAROZ
4401fb90-3567-456e-8db2-bb413ce9a3e2,14,2026-06-05 16:01:37.008-03,%,0,14,aa4d1cfe-c6c1-4fd8-8c4b-2b1b9942884c,Cartão,Rapadura de Melado,2,7,aa4d1cfe-c6c1-4fd8-8c4b-2b1b9942884c,FENAROZ
c03455e0-bc88-4232-a2b2-6672a197bf32,7,2026-06-05 16:05:09.85-03,%,0,7,3f621f3e-720d-4c68-b436-eaac939ec515,Dinheiro,Rapadura de Melado,1,7,3f621f3e-720d-4c68-b436-eaac939ec515,EXPOBENTO
8a1f53ba-3c2c-46dd-9ca6-6d049ef5eba7,14,2026-06-05 16:05:28.698-03,%,0,14,aa4d1cfe-c6c1-4fd8-8c4b-2b1b9942884c,Dinheiro,Rapadura de Melado,2,7,aa4d1cfe-c6c1-4fd8-8c4b-2b1b9942884c,FENAROZ
32a91242-0154-4210-9178-0dabe528908e,31,2026-06-05 16:10:22.758-03,%,0,31,aa4d1cfe-c6c1-4fd8-8c4b-2b1b9942884c,Dinheiro,Cuca Enrolada de Amendoim,1,15,aa4d1cfe-c6c1-4fd8-8c4b-2b1b9942884c,FENAROZ
32a91242-0154-4210-9178-0dabe528908e,31,2026-06-05 16:10:22.758-03,%,0,31,aa4d1cfe-c6c1-4fd8-8c4b-2b1b9942884c,Dinheiro,Amendoim Temperado,2,8,aa4d1cfe-c6c1-4fd8-8c4b-2b1b9942884c,FENAROZ
5bf2cb4b-0267-49bb-92bb-8ec6213ac0e4,8,2026-06-05 16:44:04.888-03,%,0,8,3f621f3e-720d-4c68-b436-eaac939ec515,Dinheiro,Cri-Cri 200g,1,8,3f621f3e-720d-4c68-b436-eaac939ec515,EXPOBENTO
1c47f5fa-2642-4e2d-8e91-d5b2334aff79,30,2026-06-05 16:44:24.106-03,%,0,30,3f621f3e-720d-4c68-b436-eaac939ec515,Dinheiro,Cuca Enrolada de Amendoim,2,15,3f621f3e-720d-4c68-b436-eaac939ec515,EXPOBENTO
aa6c42f7-8c3c-409e-ad0d-aee5f2903610,40,2026-06-05 16:49:48.644-03,%,0,40,aa4d1cfe-c6c1-4fd8-8c4b-2b1b9942884c,Dinheiro,Rapadura de Melado,2,7,aa4d1cfe-c6c1-4fd8-8c4b-2b1b9942884c,FENAROZ
aa6c42f7-8c3c-409e-ad0d-aee5f2903610,40,2026-06-05 16:49:48.644-03,%,0,40,aa4d1cfe-c6c1-4fd8-8c4b-2b1b9942884c,Dinheiro,Amendoim Temperado,1,8,aa4d1cfe-c6c1-4fd8-8c4b-2b1b9942884c,FENAROZ
aa6c42f7-8c3c-409e-ad0d-aee5f2903610,40,2026-06-05 16:49:48.644-03,%,0,40,aa4d1cfe-c6c1-4fd8-8c4b-2b1b9942884c,Dinheiro,Rapadura Assada,2,5,aa4d1cfe-c6c1-4fd8-8c4b-2b1b9942884c,FENAROZ
aa6c42f7-8c3c-409e-ad0d-aee5f2903610,40,2026-06-05 16:49:48.644-03,%,0,40,aa4d1cfe-c6c1-4fd8-8c4b-2b1b9942884c,Dinheiro,Cri-Cri 200g,1,8,aa4d1cfe-c6c1-4fd8-8c4b-2b1b9942884c,FENAROZ
88217639-7436-4e45-b0d0-0b20b809b57f,33,2026-06-05 16:56:27.216-03,%,0,33,aa4d1cfe-c6c1-4fd8-8c4b-2b1b9942884c,Dinheiro,Rapadura Assada (Pacote x6),6,4.166666666666667,aa4d1cfe-c6c1-4fd8-8c4b-2b1b9942884c,FENAROZ
88217639-7436-4e45-b0d0-0b20b809b57f,33,2026-06-05 16:56:27.216-03,%,0,33,aa4d1cfe-c6c1-4fd8-8c4b-2b1b9942884c,Dinheiro,Cri-Cri 200g,1,8,aa4d1cfe-c6c1-4fd8-8c4b-2b1b9942884c,FENAROZ
0ed5e7fd-eb36-4cba-84a3-f357e022710e,46,2026-06-05 16:57:03.264-03,%,0,46,aa4d1cfe-c6c1-4fd8-8c4b-2b1b9942884c,Dinheiro,Rapadura Assada (Pacote x6),6,4.166666666666667,aa4d1cfe-c6c1-4fd8-8c4b-2b1b9942884c,FENAROZ
0ed5e7fd-eb36-4cba-84a3-f357e022710e,46,2026-06-05 16:57:03.264-03,%,0,46,aa4d1cfe-c6c1-4fd8-8c4b-2b1b9942884c,Dinheiro,Rapadura de Melado,3,7,aa4d1cfe-c6c1-4fd8-8c4b-2b1b9942884c,FENAROZ
b48e72a4-6e11-479c-a061-a3992ae0bb7a,15,2026-06-05 17:07:16.828-03,%,0,15,aa4d1cfe-c6c1-4fd8-8c4b-2b1b9942884c,Dinheiro,Cuca Enrolada de Amendoim,1,15,aa4d1cfe-c6c1-4fd8-8c4b-2b1b9942884c,FENAROZ
4c822b8a-1a0d-4c0c-b3a7-4aa3ed86723f,22,2026-06-05 17:21:58.956-03,%,0,22,aa4d1cfe-c6c1-4fd8-8c4b-2b1b9942884c,Pix,Amendoim Temperado,1,8,aa4d1cfe-c6c1-4fd8-8c4b-2b1b9942884c,FENAROZ
4c822b8a-1a0d-4c0c-b3a7-4aa3ed86723f,22,2026-06-05 17:21:58.956-03,%,0,22,aa4d1cfe-c6c1-4fd8-8c4b-2b1b9942884c,Pix,Rapadura de Melado,2,7,aa4d1cfe-c6c1-4fd8-8c4b-2b1b9942884c,FENAROZ
6bbe9464-3729-4b1e-b599-9ba810c7c149,5,2026-06-05 17:37:33.395-03,%,0,5,aa4d1cfe-c6c1-4fd8-8c4b-2b1b9942884c,Cartão,Rapadura Assada,1,5,aa4d1cfe-c6c1-4fd8-8c4b-2b1b9942884c,FENAROZ
5db9aff3-020a-4df9-bc95-cfb0d2b53fa0,15,2026-06-05 17:42:06.919-03,%,0,15,3f621f3e-720d-4c68-b436-eaac939ec515,Dinheiro,Cuca Enrolada de Amendoim,1,15,3f621f3e-720d-4c68-b436-eaac939ec515,EXPOBENTO
fd47e8f9-4a40-49e3-bbc8-03366ef78b60,16,2026-06-05 19:05:45.222-03,%,0,16,aa4d1cfe-c6c1-4fd8-8c4b-2b1b9942884c,Pix,Amendoim Temperado,2,8,aa4d1cfe-c6c1-4fd8-8c4b-2b1b9942884c,FENAROZ
50b602f3-a0c0-4dee-9ebe-d00c14b71b55,15,2026-06-05 19:24:02.34-03,%,0,15,3f621f3e-720d-4c68-b436-eaac939ec515,Cartão,Cuca Enrolada de Amendoim,1,15,3f621f3e-720d-4c68-b436-eaac939ec515,EXPOBENTO
f2c1cf52-980e-4c1d-9056-fabe7eacdcdf,6,2026-06-05 19:24:21.64-03,%,0,6,3f621f3e-720d-4c68-b436-eaac939ec515,Dinheiro,Alfajor Preto,1,6,3f621f3e-720d-4c68-b436-eaac939ec515,EXPOBENTO
94c1da56-7bc8-41af-9b7b-6f11a169b94d,15,2026-06-05 20:36:24.054-03,%,0,15,3f621f3e-720d-4c68-b436-eaac939ec515,Dinheiro,Cuca Enrolada de Amendoim,1,15,3f621f3e-720d-4c68-b436-eaac939ec515,EXPOBENTO
4a969a5d-4057-4748-8320-c179c00dca01,80,2026-06-05 22:26:24.548-03,R$,16,96,3f621f3e-720d-4c68-b436-eaac939ec515,Dinheiro,Alfajor Branco,8,6,3f621f3e-720d-4c68-b436-eaac939ec515,EXPOBENTO
4a969a5d-4057-4748-8320-c179c00dca01,80,2026-06-05 22:26:24.548-03,R$,16,96,3f621f3e-720d-4c68-b436-eaac939ec515,Dinheiro,Alfajor Preto,8,6,3f621f3e-720d-4c68-b436-eaac939ec515,EXPOBENTO
57c4a426-6787-4e43-95c5-ad4102aebb95,8,2026-06-06 09:53:34.638-03,%,0,8,aa4d1cfe-c6c1-4fd8-8c4b-2b1b9942884c,Dinheiro,Amendoim Temperado,1,8,aa4d1cfe-c6c1-4fd8-8c4b-2b1b9942884c,FENAROZ
0818d930-4cf6-46b1-bffa-9bfe67cb431b,7,2026-06-06 11:05:58.089-03,%,0,7,aa4d1cfe-c6c1-4fd8-8c4b-2b1b9942884c,Dinheiro,Rapadura de Melado,1,7,aa4d1cfe-c6c1-4fd8-8c4b-2b1b9942884c,FENAROZ
f3721ea3-5e5e-4369-9036-74201ec3e81e,15,2026-06-06 11:29:56.814-03,%,0,15,aa4d1cfe-c6c1-4fd8-8c4b-2b1b9942884c,Dinheiro,Cuca Enrolada de Amendoim,1,15,aa4d1cfe-c6c1-4fd8-8c4b-2b1b9942884c,FENAROZ
fbea0e70-9ce7-4863-9469-747d0e0719dd,15,2026-06-06 11:34:46.836-03,%,0,15,aa4d1cfe-c6c1-4fd8-8c4b-2b1b9942884c,Dinheiro,Cuca Enrolada de Amendoim,1,15,aa4d1cfe-c6c1-4fd8-8c4b-2b1b9942884c,FENAROZ
fc79c35c-bf74-49a0-8c5a-62b93a8357ca,16,2026-06-06 11:36:28.139-03,%,0,16,aa4d1cfe-c6c1-4fd8-8c4b-2b1b9942884c,Dinheiro,Amendoim Temperado,2,8,aa4d1cfe-c6c1-4fd8-8c4b-2b1b9942884c,FENAROZ
2162b0f9-9ba2-49ad-8db8-c9384959117d,7,2026-06-06 12:27:39.332-03,%,0,7,aa4d1cfe-c6c1-4fd8-8c4b-2b1b9942884c,Dinheiro,Rapadura de Melado,1,7,aa4d1cfe-c6c1-4fd8-8c4b-2b1b9942884c,FENAROZ
6b94b278-868f-4959-9694-93708bad793a,15,2026-06-06 12:58:25.72-03,%,0,15,3f621f3e-720d-4c68-b436-eaac939ec515,Dinheiro,Cuca Enrolada de Amendoim,1,15,3f621f3e-720d-4c68-b436-eaac939ec515,EXPOBENTO
3bf46168-29bc-4c99-9d99-178b684ba41e,7,2026-06-06 13:06:15.701-03,%,0,7,aa4d1cfe-c6c1-4fd8-8c4b-2b1b9942884c,Dinheiro,Rapadura de Melado,1,7,aa4d1cfe-c6c1-4fd8-8c4b-2b1b9942884c,FENAROZ
3e722da1-3c8a-4c46-b6e8-21e1c629136c,20,2026-06-06 13:10:21.661-03,%,0,20,3f621f3e-720d-4c68-b436-eaac939ec515,Dinheiro,Alfajor Preto (Pacote x4),4,5,3f621f3e-720d-4c68-b436-eaac939ec515,EXPOBENTO
66a3b28c-8865-4793-b85f-715668a71ea2,8,2026-06-06 13:44:44.771-03,%,0,8,aa4d1cfe-c6c1-4fd8-8c4b-2b1b9942884c,Cartão,Amendoim Temperado,1,8,aa4d1cfe-c6c1-4fd8-8c4b-2b1b9942884c,FENAROZ
e59f7bd4-e72e-430b-a317-4d448c0e7051,5,2026-06-06 13:44:51.212-03,%,0,5,aa4d1cfe-c6c1-4fd8-8c4b-2b1b9942884c,Dinheiro,Rapadura Assada,1,5,aa4d1cfe-c6c1-4fd8-8c4b-2b1b9942884c,FENAROZ
cf88c3d9-dddb-4e75-9e66-869150761eb0,6,2026-06-06 13:53:41.67-03,%,0,6,aa4d1cfe-c6c1-4fd8-8c4b-2b1b9942884c,Dinheiro,Alfajor Preto,1,6,aa4d1cfe-c6c1-4fd8-8c4b-2b1b9942884c,FENAROZ
27274300-7a9a-4420-881a-c88ccc81a03c,20,2026-06-06 14:06:03.925-03,%,0,20,3f621f3e-720d-4c68-b436-eaac939ec515,Dinheiro,Rapadura de Melado (Pacote x3),3,6.666666666666667,3f621f3e-720d-4c68-b436-eaac939ec515,EXPOBENTO
55ba3191-a910-4884-9d10-437c92ef9f8b,20,2026-06-06 14:09:28.427-03,%,0,20,3f621f3e-720d-4c68-b436-eaac939ec515,Dinheiro,Rapadura de Melado (Pacote x3),3,6.666666666666667,3f621f3e-720d-4c68-b436-eaac939ec515,EXPOBENTO
663d9dfa-4b6f-41d2-badb-7ae36b457fe3,20,2026-06-06 14:19:29.98-03,%,0,20,3f621f3e-720d-4c68-b436-eaac939ec515,Dinheiro,Rapadura Assada,4,5,3f621f3e-720d-4c68-b436-eaac939ec515,EXPOBENTO
1557f71a-d700-4fee-9e22-c422d24c7503,20,2026-06-06 14:22:57.009-03,R$,4,24,3f621f3e-720d-4c68-b436-eaac939ec515,Dinheiro,Alfajor Branco,2,6,3f621f3e-720d-4c68-b436-eaac939ec515,EXPOBENTO
1557f71a-d700-4fee-9e22-c422d24c7503,20,2026-06-06 14:22:57.009-03,R$,4,24,3f621f3e-720d-4c68-b436-eaac939ec515,Dinheiro,Alfajor Preto,2,6,3f621f3e-720d-4c68-b436-eaac939ec515,EXPOBENTO
24b07dd9-cc44-45a7-9603-e84d387a2e12,20,2026-06-06 14:41:58.521-03,R$,0,20,3f621f3e-720d-4c68-b436-eaac939ec515,Dinheiro,Rapadura de Melado (Pacote x3),3,6.666666666666667,3f621f3e-720d-4c68-b436-eaac939ec515,EXPOBENTO
74904613-0e1d-41cd-a631-924b69e9a910,25,2026-06-06 14:42:32.822-03,R$,0,25,3f621f3e-720d-4c68-b436-eaac939ec515,Cartão,Rapadura Assada (Pacote x6),6,4.166666666666667,3f621f3e-720d-4c68-b436-eaac939ec515,EXPOBENTO
b165952f-c4e5-40ad-849b-d3c3e8606025,8,2026-06-06 15:00:13.802-03,R$,0,8,3f621f3e-720d-4c68-b436-eaac939ec515,Cartão,Cri-Cri 200g,1,8,3f621f3e-720d-4c68-b436-eaac939ec515,EXPOBENTO
3c19ca83-4700-499d-abd6-356de721b311,10,2026-06-06 15:02:03.776-03,R$,2,12,3f621f3e-720d-4c68-b436-eaac939ec515,Dinheiro,Alfajor Preto,1,6,3f621f3e-720d-4c68-b436-eaac939ec515,EXPOBENTO
3c19ca83-4700-499d-abd6-356de721b311,10,2026-06-06 15:02:03.776-03,R$,2,12,3f621f3e-720d-4c68-b436-eaac939ec515,Dinheiro,Alfajor Branco,1,6,3f621f3e-720d-4c68-b436-eaac939ec515,EXPOBENTO
bef1f55b-c4b5-49bb-a390-9456588e94df,12,2026-06-06 15:05:50.206-03,R$,0,12,3f621f3e-720d-4c68-b436-eaac939ec515,Cartão,Alfajor Branco,2,6,3f621f3e-720d-4c68-b436-eaac939ec515,EXPOBENTO
7a8c59a0-52e4-4d74-97dd-826897bbb696,6,2026-06-06 15:08:29.837-03,R$,2,8,aa4d1cfe-c6c1-4fd8-8c4b-2b1b9942884c,Dinheiro,Cri-Cri 200g,1,8,aa4d1cfe-c6c1-4fd8-8c4b-2b1b9942884c,FENAROZ
8318990a-6411-4df2-9c31-9571760c8779,20,2026-06-06 15:15:43.168-03,R$,4,24,3f621f3e-720d-4c68-b436-eaac939ec515,Cartão,Alfajor Branco,2,6,3f621f3e-720d-4c68-b436-eaac939ec515,EXPOBENTO
8318990a-6411-4df2-9c31-9571760c8779,20,2026-06-06 15:15:43.168-03,R$,4,24,3f621f3e-720d-4c68-b436-eaac939ec515,Cartão,Alfajor Preto,2,6,3f621f3e-720d-4c68-b436-eaac939ec515,EXPOBENTO
f0a96b6e-0d74-4622-84bb-15bdc5da9f0f,20,2026-06-06 15:21:03.443-03,R$,0,20,3f621f3e-720d-4c68-b436-eaac939ec515,Dinheiro,Rapadura de Melado (Pacote x3),3,6.666666666666667,3f621f3e-720d-4c68-b436-eaac939ec515,EXPOBENTO
7778a2cb-a4ff-4139-ad51-9ba9aac2c6b0,15,2026-06-06 15:22:08.818-03,R$,0,15,3f621f3e-720d-4c68-b436-eaac939ec515,Dinheiro,Cuca Enrolada de Amendoim,1,15,3f621f3e-720d-4c68-b436-eaac939ec515,EXPOBENTO
6cd80db9-9737-415b-b83f-dc8b334be538,22,2026-06-06 15:24:57.92-03,R$,0,22,aa4d1cfe-c6c1-4fd8-8c4b-2b1b9942884c,Dinheiro,Rapadura de Melado,2,7,aa4d1cfe-c6c1-4fd8-8c4b-2b1b9942884c,FENAROZ
6cd80db9-9737-415b-b83f-dc8b334be538,22,2026-06-06 15:24:57.92-03,R$,0,22,aa4d1cfe-c6c1-4fd8-8c4b-2b1b9942884c,Dinheiro,Cri-Cri 200g,1,8,aa4d1cfe-c6c1-4fd8-8c4b-2b1b9942884c,FENAROZ
ce1ac725-fb55-48c0-aa84-8993bd424724,8,2026-06-06 15:29:28.773-03,R$,0,8,aa4d1cfe-c6c1-4fd8-8c4b-2b1b9942884c,Dinheiro,Cri-Cri 200g,1,8,aa4d1cfe-c6c1-4fd8-8c4b-2b1b9942884c,FENAROZ
6a4d7e2b-1a48-44fa-a4b4-5858789fddab,20,2026-06-06 15:42:26.651-03,%,0,20,3f621f3e-720d-4c68-b436-eaac939ec515,Dinheiro,Rapadura de Melado (Pacote x3),3,6.666666666666667,3f621f3e-720d-4c68-b436-eaac939ec515,EXPOBENTO
dc90b037-3421-4cb5-b97d-08a176abb239,40,2026-06-06 15:45:26.105-03,R$,0,40,aa4d1cfe-c6c1-4fd8-8c4b-2b1b9942884c,Cartão,Rapadura Assada (Pacote x6),6,4.166666666666667,aa4d1cfe-c6c1-4fd8-8c4b-2b1b9942884c,FENAROZ
dc90b037-3421-4cb5-b97d-08a176abb239,40,2026-06-06 15:45:26.105-03,R$,0,40,aa4d1cfe-c6c1-4fd8-8c4b-2b1b9942884c,Cartão,Amendoim Temperado,1,8,aa4d1cfe-c6c1-4fd8-8c4b-2b1b9942884c,FENAROZ
dc90b037-3421-4cb5-b97d-08a176abb239,40,2026-06-06 15:45:26.105-03,R$,0,40,aa4d1cfe-c6c1-4fd8-8c4b-2b1b9942884c,Cartão,Rapadura de Melado,1,7,aa4d1cfe-c6c1-4fd8-8c4b-2b1b9942884c,FENAROZ
0d508ffe-183f-492f-b708-d6bb5795dd6e,7,2026-06-06 15:53:35.947-03,%,0,7,3f621f3e-720d-4c68-b436-eaac939ec515,Cartão,Rapadura de Melado,1,7,3f621f3e-720d-4c68-b436-eaac939ec515,EXPOBENTO
b11c79c2-2629-4d17-be33-30a332e3ea54,12,2026-06-06 16:38:30.9-03,%,0,12,aa4d1cfe-c6c1-4fd8-8c4b-2b1b9942884c,Dinheiro,Rapadura Assada,1,5,aa4d1cfe-c6c1-4fd8-8c4b-2b1b9942884c,FENAROZ
b11c79c2-2629-4d17-be33-30a332e3ea54,12,2026-06-06 16:38:30.9-03,%,0,12,aa4d1cfe-c6c1-4fd8-8c4b-2b1b9942884c,Dinheiro,Rapadura de Melado,1,7,aa4d1cfe-c6c1-4fd8-8c4b-2b1b9942884c,FENAROZ
10e5fd4f-b50a-493f-980d-44ef199b9405,10,2026-06-06 16:49:24.285-03,R$,2,12,3f621f3e-720d-4c68-b436-eaac939ec515,Dinheiro,Alfajor Preto,2,6,3f621f3e-720d-4c68-b436-eaac939ec515,EXPOBENTO
2cd47db3-43f3-4db1-9e1a-af069dadd3f6,6,2026-06-06 16:49:38.841-03,R$,1,7,3f621f3e-720d-4c68-b436-eaac939ec515,Dinheiro,Rapadura de Melado,1,7,3f621f3e-720d-4c68-b436-eaac939ec515,EXPOBENTO
f806b190-d144-4ae8-a948-e28478664e17,52,2026-06-06 16:58:41.997-03,%,0,52,aa4d1cfe-c6c1-4fd8-8c4b-2b1b9942884c,Pix,Rapadura Assada (Pacote x6),6,4.166666666666667,aa4d1cfe-c6c1-4fd8-8c4b-2b1b9942884c,FENAROZ
f806b190-d144-4ae8-a948-e28478664e17,52,2026-06-06 16:58:41.997-03,%,0,52,aa4d1cfe-c6c1-4fd8-8c4b-2b1b9942884c,Pix,Alfajor Branco,1,6,aa4d1cfe-c6c1-4fd8-8c4b-2b1b9942884c,FENAROZ
f806b190-d144-4ae8-a948-e28478664e17,52,2026-06-06 16:58:41.997-03,%,0,52,aa4d1cfe-c6c1-4fd8-8c4b-2b1b9942884c,Pix,Alfajor Preto,1,6,aa4d1cfe-c6c1-4fd8-8c4b-2b1b9942884c,FENAROZ
f806b190-d144-4ae8-a948-e28478664e17,52,2026-06-06 16:58:41.997-03,%,0,52,aa4d1cfe-c6c1-4fd8-8c4b-2b1b9942884c,Pix,Rapadura de Melado,1,7,aa4d1cfe-c6c1-4fd8-8c4b-2b1b9942884c,FENAROZ
f806b190-d144-4ae8-a948-e28478664e17,52,2026-06-06 16:58:41.997-03,%,0,52,aa4d1cfe-c6c1-4fd8-8c4b-2b1b9942884c,Pix,Amendoim Temperado,1,8,aa4d1cfe-c6c1-4fd8-8c4b-2b1b9942884c,FENAROZ
1f2050db-9be7-45ea-840c-bea1f08d2f44,13,2026-06-06 17:14:56.479-03,%,0,13,aa4d1cfe-c6c1-4fd8-8c4b-2b1b9942884c,Pix,Rapadura de Melado,1,7,aa4d1cfe-c6c1-4fd8-8c4b-2b1b9942884c,FENAROZ
1f2050db-9be7-45ea-840c-bea1f08d2f44,13,2026-06-06 17:14:56.479-03,%,0,13,aa4d1cfe-c6c1-4fd8-8c4b-2b1b9942884c,Pix,Alfajor Branco,1,6,aa4d1cfe-c6c1-4fd8-8c4b-2b1b9942884c,FENAROZ
20169118-e16a-4ec5-a9e3-40d66ba27f33,10,2026-06-06 17:16:42.642-03,R$,2,12,3f621f3e-720d-4c68-b436-eaac939ec515,Dinheiro,Alfajor Preto,1,6,3f621f3e-720d-4c68-b436-eaac939ec515,EXPOBENTO
20169118-e16a-4ec5-a9e3-40d66ba27f33,10,2026-06-06 17:16:42.642-03,R$,2,12,3f621f3e-720d-4c68-b436-eaac939ec515,Dinheiro,Alfajor Branco,1,6,3f621f3e-720d-4c68-b436-eaac939ec515,EXPOBENTO
109f7d0e-f398-4a60-8190-426e351b3f7e,10,2026-06-06 17:17:06.192-03,R$,0,10,3f621f3e-720d-4c68-b436-eaac939ec515,Dinheiro,Rapadura Assada,2,5,3f621f3e-720d-4c68-b436-eaac939ec515,EXPOBENTO
9eec4fa4-6401-42c2-ba86-93e1aefe0663,7,2026-06-06 17:24:00.228-03,%,0,7,aa4d1cfe-c6c1-4fd8-8c4b-2b1b9942884c,Dinheiro,Rapadura de Melado,1,7,aa4d1cfe-c6c1-4fd8-8c4b-2b1b9942884c,FENAROZ
1dea5c01-695d-47f6-8c39-dbf76ceb5990,25,2026-06-06 17:32:42.734-03,%,0,25,aa4d1cfe-c6c1-4fd8-8c4b-2b1b9942884c,Dinheiro,Rapadura Assada (Pacote x6),6,4.166666666666667,aa4d1cfe-c6c1-4fd8-8c4b-2b1b9942884c,FENAROZ
66c2f9bd-226c-4e27-b1a0-9400cd00259c,70,2026-06-06 17:45:46.944-03,R$,5,75,aa4d1cfe-c6c1-4fd8-8c4b-2b1b9942884c,Dinheiro,Rapadura Assada (Pacote x6),6,4.166666666666667,aa4d1cfe-c6c1-4fd8-8c4b-2b1b9942884c,FENAROZ
66c2f9bd-226c-4e27-b1a0-9400cd00259c,70,2026-06-06 17:45:46.944-03,R$,5,75,aa4d1cfe-c6c1-4fd8-8c4b-2b1b9942884c,Dinheiro,Rapadura de Melado,2,7,aa4d1cfe-c6c1-4fd8-8c4b-2b1b9942884c,FENAROZ
66c2f9bd-226c-4e27-b1a0-9400cd00259c,70,2026-06-06 17:45:46.944-03,R$,5,75,aa4d1cfe-c6c1-4fd8-8c4b-2b1b9942884c,Dinheiro,Amendoim Temperado,1,8,aa4d1cfe-c6c1-4fd8-8c4b-2b1b9942884c,FENAROZ
66c2f9bd-226c-4e27-b1a0-9400cd00259c,70,2026-06-06 17:45:46.944-03,R$,5,75,aa4d1cfe-c6c1-4fd8-8c4b-2b1b9942884c,Dinheiro,Cri-Cri 200g,1,8,aa4d1cfe-c6c1-4fd8-8c4b-2b1b9942884c,FENAROZ
66c2f9bd-226c-4e27-b1a0-9400cd00259c,70,2026-06-06 17:45:46.944-03,R$,5,75,aa4d1cfe-c6c1-4fd8-8c4b-2b1b9942884c,Dinheiro,Rapadura Assada,4,5,aa4d1cfe-c6c1-4fd8-8c4b-2b1b9942884c,FENAROZ
42b2730c-bb6a-41e2-835c-68f73786bc4c,30,2026-06-06 18:14:46.617-03,R$,0,30,aa4d1cfe-c6c1-4fd8-8c4b-2b1b9942884c,Pix,Amendoim Temperado,3,8,aa4d1cfe-c6c1-4fd8-8c4b-2b1b9942884c,FENAROZ
42b2730c-bb6a-41e2-835c-68f73786bc4c,30,2026-06-06 18:14:46.617-03,R$,0,30,aa4d1cfe-c6c1-4fd8-8c4b-2b1b9942884c,Pix,Alfajor Branco,1,6,aa4d1cfe-c6c1-4fd8-8c4b-2b1b9942884c,FENAROZ
4af61a23-dd9c-4c94-b481-556ccc08bba5,105,2026-06-06 18:20:24.616-03,%,0,105,aa4d1cfe-c6c1-4fd8-8c4b-2b1b9942884c,Dinheiro,Cuca Enrolada de Amendoim,7,15,aa4d1cfe-c6c1-4fd8-8c4b-2b1b9942884c,FENAROZ
e35512e8-9e3d-41da-97b5-60aaf55a2b5b,15,2026-06-06 18:26:22.431-03,R$,0,15,3f621f3e-720d-4c68-b436-eaac939ec515,Dinheiro,Cri-Cri 200g,1,8,3f621f3e-720d-4c68-b436-eaac939ec515,EXPOBENTO
e35512e8-9e3d-41da-97b5-60aaf55a2b5b,15,2026-06-06 18:26:22.431-03,R$,0,15,3f621f3e-720d-4c68-b436-eaac939ec515,Dinheiro,Rapadura de Melado,1,7,3f621f3e-720d-4c68-b436-eaac939ec515,EXPOBENTO
3d212f82-799e-471e-98e3-d7e5650c93ac,32,2026-06-06 18:30:25.24-03,R$,0,32,3f621f3e-720d-4c68-b436-eaac939ec515,Cartão,Cri-Cri 200g,3,8,3f621f3e-720d-4c68-b436-eaac939ec515,EXPOBENTO
3d212f82-799e-471e-98e3-d7e5650c93ac,32,2026-06-06 18:30:25.24-03,R$,0,32,3f621f3e-720d-4c68-b436-eaac939ec515,Cartão,Amendoim Temperado,1,8,3f621f3e-720d-4c68-b436-eaac939ec515,EXPOBENTO
299e7a35-e084-45f9-88e0-cd0f7c7cdc68,25,2026-06-06 18:30:58.855-03,%,0,25,aa4d1cfe-c6c1-4fd8-8c4b-2b1b9942884c,Pix,Rapadura Assada (Pacote x6),6,4.166666666666667,aa4d1cfe-c6c1-4fd8-8c4b-2b1b9942884c,FENAROZ
47d9c5d7-b39a-4665-adf5-eab09009da8c,14,2026-06-06 18:32:08.636-03,%,0,14,aa4d1cfe-c6c1-4fd8-8c4b-2b1b9942884c,Cartão,Rapadura de Melado,2,7,aa4d1cfe-c6c1-4fd8-8c4b-2b1b9942884c,FENAROZ
aa6dc13b-c4c0-4e2b-b2b4-f7036e5ebb58,27,2026-06-06 18:40:33.749-03,%,0,27,aa4d1cfe-c6c1-4fd8-8c4b-2b1b9942884c,Pix,Cri-Cri 200g,1,8,aa4d1cfe-c6c1-4fd8-8c4b-2b1b9942884c,FENAROZ
aa6dc13b-c4c0-4e2b-b2b4-f7036e5ebb58,27,2026-06-06 18:40:33.749-03,%,0,27,aa4d1cfe-c6c1-4fd8-8c4b-2b1b9942884c,Pix,Rapadura de Melado,1,7,aa4d1cfe-c6c1-4fd8-8c4b-2b1b9942884c,FENAROZ
aa6dc13b-c4c0-4e2b-b2b4-f7036e5ebb58,27,2026-06-06 18:40:33.749-03,%,0,27,aa4d1cfe-c6c1-4fd8-8c4b-2b1b9942884c,Pix,Alfajor Branco,1,6,aa4d1cfe-c6c1-4fd8-8c4b-2b1b9942884c,FENAROZ
aa6dc13b-c4c0-4e2b-b2b4-f7036e5ebb58,27,2026-06-06 18:40:33.749-03,%,0,27,aa4d1cfe-c6c1-4fd8-8c4b-2b1b9942884c,Pix,Alfajor Preto,1,6,aa4d1cfe-c6c1-4fd8-8c4b-2b1b9942884c,FENAROZ
94c0fcdf-be9a-4529-b380-47ddd5e88a50,15,2026-06-06 18:55:48.751-03,R$,0,15,3f621f3e-720d-4c68-b436-eaac939ec515,Dinheiro,Rapadura Assada,3,5,3f621f3e-720d-4c68-b436-eaac939ec515,EXPOBENTO
6b44bd22-a964-4c7f-b858-549d04d55959,8,2026-06-06 19:06:21.162-03,%,0,8,aa4d1cfe-c6c1-4fd8-8c4b-2b1b9942884c,Cartão,Amendoim Temperado,1,8,aa4d1cfe-c6c1-4fd8-8c4b-2b1b9942884c,FENAROZ
3c0dabb7-9159-4762-bdcc-7a554df91674,12,2026-06-06 19:12:07.544-03,%,0,12,aa4d1cfe-c6c1-4fd8-8c4b-2b1b9942884c,Dinheiro,Alfajor Branco,1,6,aa4d1cfe-c6c1-4fd8-8c4b-2b1b9942884c,FENAROZ
3c0dabb7-9159-4762-bdcc-7a554df91674,12,2026-06-06 19:12:07.544-03,%,0,12,aa4d1cfe-c6c1-4fd8-8c4b-2b1b9942884c,Dinheiro,Alfajor Preto,1,6,aa4d1cfe-c6c1-4fd8-8c4b-2b1b9942884c,FENAROZ
34b55bbf-dfb7-4ca8-a15a-62f86c19fc7c,26,2026-06-06 20:23:50.371-03,%,0,26,aa4d1cfe-c6c1-4fd8-8c4b-2b1b9942884c,Pix,Rapadura de Melado,2,7,aa4d1cfe-c6c1-4fd8-8c4b-2b1b9942884c,FENAROZ
34b55bbf-dfb7-4ca8-a15a-62f86c19fc7c,26,2026-06-06 20:23:50.371-03,%,0,26,aa4d1cfe-c6c1-4fd8-8c4b-2b1b9942884c,Pix,Alfajor Preto,2,6,aa4d1cfe-c6c1-4fd8-8c4b-2b1b9942884c,FENAROZ
ffbcca84-9d31-4759-b632-fb41eafe9cc8,6,2026-06-06 20:41:14.284-03,%,0,6,3f621f3e-720d-4c68-b436-eaac939ec515,Cartão,Alfajor Branco,1,6,3f621f3e-720d-4c68-b436-eaac939ec515,EXPOBENTO
8a58f335-7e0c-4bbf-90db-9fb7e00425f2,15,2026-06-06 21:08:43.852-03,%,0,15,3f621f3e-720d-4c68-b436-eaac939ec515,Pix,Cuca Enrolada de Amendoim,1,15,3f621f3e-720d-4c68-b436-eaac939ec515,EXPOBENTO
e6174443-10ed-4b6e-9709-1dd863f577ef,20,2026-06-06 21:23:21.779-03,%,0,20,3f621f3e-720d-4c68-b436-eaac939ec515,Dinheiro,Rapadura de Melado (Pacote x3),3,6.666666666666667,3f621f3e-720d-4c68-b436-eaac939ec515,EXPOBENTO
f24ce5ea-b47a-4467-967a-e32dd2bc80db,25,2026-06-07 10:36:45.564-03,%,0,25,aa4d1cfe-c6c1-4fd8-8c4b-2b1b9942884c,Pix,Rapadura Assada (Pacote x6),6,4.166666666666667,aa4d1cfe-c6c1-4fd8-8c4b-2b1b9942884c,FENAROZ
ab07e73d-139c-4c91-98dc-a5ec41dd6e02,35,2026-06-07 10:39:03.936-03,R$,2,37,aa4d1cfe-c6c1-4fd8-8c4b-2b1b9942884c,Dinheiro,Rapadura Assada (Pacote x6),6,4.166666666666667,aa4d1cfe-c6c1-4fd8-8c4b-2b1b9942884c,FENAROZ
ab07e73d-139c-4c91-98dc-a5ec41dd6e02,35,2026-06-07 10:39:03.936-03,R$,2,37,aa4d1cfe-c6c1-4fd8-8c4b-2b1b9942884c,Dinheiro,Alfajor Preto,2,6,aa4d1cfe-c6c1-4fd8-8c4b-2b1b9942884c,FENAROZ
f06b829f-0090-4dbb-8da4-c13f5f71b1ab,25,2026-06-07 10:39:13.19-03,R$,0,25,aa4d1cfe-c6c1-4fd8-8c4b-2b1b9942884c,Dinheiro,Rapadura Assada (Pacote x6),6,4.166666666666667,aa4d1cfe-c6c1-4fd8-8c4b-2b1b9942884c,FENAROZ
bc030833-b669-472d-8f06-14c54fe4b187,21,2026-06-07 10:39:23.283-03,R$,0,21,aa4d1cfe-c6c1-4fd8-8c4b-2b1b9942884c,Dinheiro,Rapadura de Melado,3,7,aa4d1cfe-c6c1-4fd8-8c4b-2b1b9942884c,FENAROZ
08a5b699-27ef-484b-abb3-92c72f2901e4,20,2026-06-07 11:20:25.114-03,R$,1,21,aa4d1cfe-c6c1-4fd8-8c4b-2b1b9942884c,Pix,Rapadura de Melado,3,7,aa4d1cfe-c6c1-4fd8-8c4b-2b1b9942884c,FENAROZ
418b0880-1fcb-4ae0-8123-9ae4da6d36f6,19,2026-06-07 11:26:20.21-03,R$,0,19,aa4d1cfe-c6c1-4fd8-8c4b-2b1b9942884c,Dinheiro,Alfajor Branco,1,6,aa4d1cfe-c6c1-4fd8-8c4b-2b1b9942884c,FENAROZ
418b0880-1fcb-4ae0-8123-9ae4da6d36f6,19,2026-06-07 11:26:20.21-03,R$,0,19,aa4d1cfe-c6c1-4fd8-8c4b-2b1b9942884c,Dinheiro,Alfajor Preto,1,6,aa4d1cfe-c6c1-4fd8-8c4b-2b1b9942884c,FENAROZ
418b0880-1fcb-4ae0-8123-9ae4da6d36f6,19,2026-06-07 11:26:20.21-03,R$,0,19,aa4d1cfe-c6c1-4fd8-8c4b-2b1b9942884c,Dinheiro,Rapadura de Melado,1,7,aa4d1cfe-c6c1-4fd8-8c4b-2b1b9942884c,FENAROZ
3e8b956a-9576-49ff-a6af-82441dabcf29,36,2026-06-07 11:59:48.466-03,R$,0,36,aa4d1cfe-c6c1-4fd8-8c4b-2b1b9942884c,Dinheiro,Amendoim Temperado,2,8,aa4d1cfe-c6c1-4fd8-8c4b-2b1b9942884c,FENAROZ
3e8b956a-9576-49ff-a6af-82441dabcf29,36,2026-06-07 11:59:48.466-03,R$,0,36,aa4d1cfe-c6c1-4fd8-8c4b-2b1b9942884c,Dinheiro,Alfajor Preto (Pacote x4),4,5,aa4d1cfe-c6c1-4fd8-8c4b-2b1b9942884c,FENAROZ
fceb50c3-a695-44d8-b70e-da7a638e3872,45,2026-06-07 12:01:44.535-03,R$,0,45,aa4d1cfe-c6c1-4fd8-8c4b-2b1b9942884c,Dinheiro,Rapadura Assada (Pacote x6),6,4.166666666666667,aa4d1cfe-c6c1-4fd8-8c4b-2b1b9942884c,FENAROZ
fceb50c3-a695-44d8-b70e-da7a638e3872,45,2026-06-07 12:01:44.535-03,R$,0,45,aa4d1cfe-c6c1-4fd8-8c4b-2b1b9942884c,Dinheiro,Alfajor Preto (Pacote x4),4,5,aa4d1cfe-c6c1-4fd8-8c4b-2b1b9942884c,FENAROZ
4ae50256-495b-437e-9d6a-6ea0525bb139,25,2026-06-07 12:31:42.082-03,R$,0,25,aa4d1cfe-c6c1-4fd8-8c4b-2b1b9942884c,Cartão,Rapadura Assada (Pacote x6),6,4.166666666666667,aa4d1cfe-c6c1-4fd8-8c4b-2b1b9942884c,FENAROZ
c4d50da1-a190-43f5-9947-9d0bf5048591,20,2026-06-07 12:31:52.773-03,R$,0,20,aa4d1cfe-c6c1-4fd8-8c4b-2b1b9942884c,Dinheiro,Rapadura de Melado (Pacote x3),3,6.666666666666667,aa4d1cfe-c6c1-4fd8-8c4b-2b1b9942884c,FENAROZ
e08fc525-e993-42df-987b-18338156386e,15,2026-06-07 13:54:32.863-03,%,0,15,3f621f3e-720d-4c68-b436-eaac939ec515,Dinheiro,Cuca Enrolada de Amendoim,1,15,3f621f3e-720d-4c68-b436-eaac939ec515,EXPOBENTO
ce70d0ae-ccd9-4b2a-bfa7-6b89f5eaec0f,15,2026-06-07 14:02:25.623-03,%,0,15,3f621f3e-720d-4c68-b436-eaac939ec515,Dinheiro,Cuca Enrolada de Amendoim,1,15,3f621f3e-720d-4c68-b436-eaac939ec515,EXPOBENTO
f1dad1dc-5f64-43b2-b61a-ca59047b101b,21,2026-06-07 14:06:02.33-03,%,0,21,aa4d1cfe-c6c1-4fd8-8c4b-2b1b9942884c,Cartão,Cri-Cri 200g,1,8,aa4d1cfe-c6c1-4fd8-8c4b-2b1b9942884c,FENAROZ
f1dad1dc-5f64-43b2-b61a-ca59047b101b,21,2026-06-07 14:06:02.33-03,%,0,21,aa4d1cfe-c6c1-4fd8-8c4b-2b1b9942884c,Cartão,Alfajor Preto,1,6,aa4d1cfe-c6c1-4fd8-8c4b-2b1b9942884c,FENAROZ
f1dad1dc-5f64-43b2-b61a-ca59047b101b,21,2026-06-07 14:06:02.33-03,%,0,21,aa4d1cfe-c6c1-4fd8-8c4b-2b1b9942884c,Cartão,Rapadura de Melado,1,7,aa4d1cfe-c6c1-4fd8-8c4b-2b1b9942884c,FENAROZ
471fa053-7aa1-4ab2-9435-1cbdf0880d0e,6,2026-06-07 14:06:19.938-03,%,0,6,aa4d1cfe-c6c1-4fd8-8c4b-2b1b9942884c,Dinheiro,Alfajor Branco,1,6,aa4d1cfe-c6c1-4fd8-8c4b-2b1b9942884c,FENAROZ
a5b88817-71e4-4ba8-a0cf-54d40c8c22b7,10,2026-06-07 14:25:07.12-03,R$,2,12,aa4d1cfe-c6c1-4fd8-8c4b-2b1b9942884c,Dinheiro,Alfajor Preto,2,6,aa4d1cfe-c6c1-4fd8-8c4b-2b1b9942884c,FENAROZ
b3bf3d80-e30d-4132-8bb7-f156b2fe920b,5,2026-06-07 14:28:19.368-03,R$,1,6,3f621f3e-720d-4c68-b436-eaac939ec515,Dinheiro,Alfajor Preto,1,6,3f621f3e-720d-4c68-b436-eaac939ec515,EXPOBENTO
5d86b14f-b827-4a68-b8b7-443f132d4380,15,2026-06-07 15:04:04.548-03,R$,0,15,3f621f3e-720d-4c68-b436-eaac939ec515,Cartão,Cuca Enrolada de Amendoim,1,15,3f621f3e-720d-4c68-b436-eaac939ec515,EXPOBENTO
e6fae46c-c131-4859-a0c3-7d9b22f90526,20,2026-06-07 15:15:00.979-03,R$,4,24,3f621f3e-720d-4c68-b436-eaac939ec515,Dinheiro,Alfajor Branco,2,6,3f621f3e-720d-4c68-b436-eaac939ec515,EXPOBENTO
e6fae46c-c131-4859-a0c3-7d9b22f90526,20,2026-06-07 15:15:00.979-03,R$,4,24,3f621f3e-720d-4c68-b436-eaac939ec515,Dinheiro,Alfajor Preto,2,6,3f621f3e-720d-4c68-b436-eaac939ec515,EXPOBENTO
24775729-c8ce-4a66-9f4f-4393aed96774,7,2026-06-07 15:33:08.723-03,R$,0,7,3f621f3e-720d-4c68-b436-eaac939ec515,Cartão,Rapadura de Melado,1,7,3f621f3e-720d-4c68-b436-eaac939ec515,EXPOBENTO
dd70769b-2bc8-4757-a873-7ded1c96890e,15,2026-06-07 15:50:11.495-03,R$,0,15,3f621f3e-720d-4c68-b436-eaac939ec515,Cartão,Cuca Enrolada de Amendoim,1,15,3f621f3e-720d-4c68-b436-eaac939ec515,EXPOBENTO
9c3b5d1a-ad35-4bac-b243-ce00e529a7e1,28,2026-06-07 15:58:01.446-03,R$,0,28,3f621f3e-720d-4c68-b436-eaac939ec515,Dinheiro,Cri-Cri 200g,2,8,3f621f3e-720d-4c68-b436-eaac939ec515,EXPOBENTO
9c3b5d1a-ad35-4bac-b243-ce00e529a7e1,28,2026-06-07 15:58:01.446-03,R$,0,28,3f621f3e-720d-4c68-b436-eaac939ec515,Dinheiro,Alfajor Preto,2,6,3f621f3e-720d-4c68-b436-eaac939ec515,EXPOBENTO
28560beb-84aa-4b98-81f9-07d0469640c7,12,2026-06-07 16:01:31.682-03,R$,0,12,3f621f3e-720d-4c68-b436-eaac939ec515,Pix,Rapadura de Melado,1,7,3f621f3e-720d-4c68-b436-eaac939ec515,EXPOBENTO
28560beb-84aa-4b98-81f9-07d0469640c7,12,2026-06-07 16:01:31.682-03,R$,0,12,3f621f3e-720d-4c68-b436-eaac939ec515,Pix,Rapadura Assada,1,5,3f621f3e-720d-4c68-b436-eaac939ec515,EXPOBENTO
54ec9daa-7f5e-4c16-b833-9700f06aac7e,15,2026-06-07 16:09:59.506-03,R$,0,15,3f621f3e-720d-4c68-b436-eaac939ec515,Dinheiro,Cuca Enrolada de Amendoim,1,15,3f621f3e-720d-4c68-b436-eaac939ec515,EXPOBENTO
241770bd-c514-4685-aa48-07eeadb815d8,7,2026-06-07 16:45:06.075-03,R$,0,7,3f621f3e-720d-4c68-b436-eaac939ec515,Dinheiro,Rapadura de Melado,1,7,3f621f3e-720d-4c68-b436-eaac939ec515,EXPOBENTO
8fc2ef22-1c7c-4896-9b27-402cbbffba4c,7,2026-06-07 17:15:27.588-03,R$,0,7,3f621f3e-720d-4c68-b436-eaac939ec515,Cartão,Rapadura de Melado,1,7,3f621f3e-720d-4c68-b436-eaac939ec515,EXPOBENTO
8e0a6358-a888-4802-b139-b68902062846,7,2026-06-07 17:19:11.577-03,R$,0,7,3f621f3e-720d-4c68-b436-eaac939ec515,Cartão,Rapadura de Melado,1,7,3f621f3e-720d-4c68-b436-eaac939ec515,EXPOBENTO
2e5b17d7-d09f-47ea-8f9f-505ec7523207,15,2026-06-07 17:46:04.285-03,R$,3,18,3f621f3e-720d-4c68-b436-eaac939ec515,Dinheiro,Alfajor Branco,3,6,3f621f3e-720d-4c68-b436-eaac939ec515,EXPOBENTO
8739a872-aa93-42d3-91e9-80154c85d289,15,2026-06-07 18:03:47.708-03,R$,1,16,3f621f3e-720d-4c68-b436-eaac939ec515,Cartão,Cri-Cri 200g,2,8,3f621f3e-720d-4c68-b436-eaac939ec515,EXPOBENTO
35c34a08-c653-422d-ad29-ca8e6a042c37,30,2026-06-07 18:31:16.693-03,%,0,30,3f621f3e-720d-4c68-b436-eaac939ec515,Cartão,Cuca Enrolada de Amendoim,2,15,3f621f3e-720d-4c68-b436-eaac939ec515,EXPOBENTO
9afd5f2f-a572-489f-8193-273d2a4b8095,30,2026-06-07 20:18:36.098-03,%,0,30,3f621f3e-720d-4c68-b436-eaac939ec515,Dinheiro,Cuca Enrolada de Amendoim,2,15,3f621f3e-720d-4c68-b436-eaac939ec515,EXPOBENTO
bbbad26f-2dca-40a9-902b-ec53484c4ef8,25,2026-06-07 20:18:44.201-03,%,0,25,3f621f3e-720d-4c68-b436-eaac939ec515,Dinheiro,Rapadura Assada (Pacote x6),6,4.166666666666667,3f621f3e-720d-4c68-b436-eaac939ec515,EXPOBENTO
b598ee82-2131-48ff-8871-f0ae638a3f65,15,2026-06-08 18:25:14.312-03,%,0,15,3f621f3e-720d-4c68-b436-eaac939ec515,Dinheiro,Cuca Enrolada de Amendoim,1,15,3f621f3e-720d-4c68-b436-eaac939ec515,EXPOBENTO
d3f3963e-0bb3-44ca-8034-15e7daf9a574,25,2026-06-08 20:20:47.523-03,%,0,25,3f621f3e-720d-4c68-b436-eaac939ec515,Cartão,Cuca Enrolada de Amendoim (Pacote x2),2,12.5,3f621f3e-720d-4c68-b436-eaac939ec515,EXPOBENTO
5e1a5390-b40c-4bce-952b-cd81c777a055,21,2026-06-08 20:23:59.436-03,%,0,21,3f621f3e-720d-4c68-b436-eaac939ec515,Dinheiro,Cuca Enrolada de Amendoim,1,15,3f621f3e-720d-4c68-b436-eaac939ec515,EXPOBENTO
5e1a5390-b40c-4bce-952b-cd81c777a055,21,2026-06-08 20:23:59.436-03,%,0,21,3f621f3e-720d-4c68-b436-eaac939ec515,Dinheiro,Alfajor Preto,1,6,3f621f3e-720d-4c68-b436-eaac939ec515,EXPOBENTO
5f859e12-323e-4335-bc41-d7c11f5ad521,8,2026-06-08 20:24:27.16-03,%,0,8,3f621f3e-720d-4c68-b436-eaac939ec515,Dinheiro,Amendoim Temperado,1,8,3f621f3e-720d-4c68-b436-eaac939ec515,EXPOBENTO
fa71343e-4970-4c62-8d4f-a2b86a09a201,7,2026-06-08 20:42:24.642-03,%,0,7,3f621f3e-720d-4c68-b436-eaac939ec515,Dinheiro,Rapadura de Melado,1,7,3f621f3e-720d-4c68-b436-eaac939ec515,EXPOBENTO
e1827030-d178-4096-b83a-7b4441994908,15,2026-06-08 20:47:42.052-03,%,0,15,3f621f3e-720d-4c68-b436-eaac939ec515,Dinheiro,Cuca Enrolada de Amendoim,1,15,3f621f3e-720d-4c68-b436-eaac939ec515,EXPOBENTO
0d46a387-9d50-4947-8ff1-b1d1ff544ac0,30,2026-06-08 20:48:12.522-03,%,0,30,3f621f3e-720d-4c68-b436-eaac939ec515,Cartão,Cuca Enrolada de Amendoim,2,15,3f621f3e-720d-4c68-b436-eaac939ec515,EXPOBENTO
4680d5c5-3262-4e60-829e-5a9f976edaff,20,2026-06-08 20:48:27.118-03,%,0,20,3f621f3e-720d-4c68-b436-eaac939ec515,Dinheiro,Rapadura de Melado,0,7,3f621f3e-720d-4c68-b436-eaac939ec515,EXPOBENTO
4680d5c5-3262-4e60-829e-5a9f976edaff,20,2026-06-08 20:48:27.118-03,%,0,20,3f621f3e-720d-4c68-b436-eaac939ec515,Dinheiro,Rapadura de Melado (Pacote x3),3,6.666666666666667,3f621f3e-720d-4c68-b436-eaac939ec515,EXPOBENTO
a336692f-76f0-4608-a156-70228c3649f0,32,2026-06-08 21:01:40.832-03,R$,3,35,3f621f3e-720d-4c68-b436-eaac939ec515,Dinheiro,Cuca Enrolada de Amendoim,1,15,3f621f3e-720d-4c68-b436-eaac939ec515,EXPOBENTO
a336692f-76f0-4608-a156-70228c3649f0,32,2026-06-08 21:01:40.832-03,R$,3,35,3f621f3e-720d-4c68-b436-eaac939ec515,Dinheiro,Rapadura de Melado (Pacote x3),3,6.666666666666667,3f621f3e-720d-4c68-b436-eaac939ec515,EXPOBENTO
451cc45e-2d86-47d9-bb9e-fc692d01c32d,20,2026-06-08 21:01:57.883-03,R$,0,20,3f621f3e-720d-4c68-b436-eaac939ec515,Dinheiro,Rapadura de Melado (Pacote x3),3,6.666666666666667,3f621f3e-720d-4c68-b436-eaac939ec515,EXPOBENTO
8f9d4817-b22d-43f8-9ca9-7e89920ec478,20,2026-06-08 21:02:11.364-03,R$,0,20,3f621f3e-720d-4c68-b436-eaac939ec515,Cartão,Rapadura de Melado (Pacote x3),3,6.666666666666667,3f621f3e-720d-4c68-b436-eaac939ec515,EXPOBENTO
c6a28124-88ac-4d89-9510-bf8d606d89df,15,2026-06-08 21:05:40.033-03,R$,0,15,3f621f3e-720d-4c68-b436-eaac939ec515,Dinheiro,Cuca Enrolada de Amendoim,1,15,3f621f3e-720d-4c68-b436-eaac939ec515,EXPOBENTO
f16acba3-4f60-4863-a615-dc3a89b1fa0e,8,2026-06-08 21:47:33.286-03,%,0,8,3f621f3e-720d-4c68-b436-eaac939ec515,Pix,Cri-Cri 200g,1,8,3f621f3e-720d-4c68-b436-eaac939ec515,EXPOBENTO
651acb1a-2d77-48e3-8160-577cbac23c31,10,2026-06-08 21:47:55.214-03,%,0,10,3f621f3e-720d-4c68-b436-eaac939ec515,Dinheiro,Rapadura Assada,2,5,3f621f3e-720d-4c68-b436-eaac939ec515,EXPOBENTO
735d1fa0-8a85-4520-a11e-8c7deeecd614,20,2026-06-08 22:03:03.558-03,%,0,20,3f621f3e-720d-4c68-b436-eaac939ec515,Dinheiro,Rapadura de Melado (Pacote x3),3,6.666666666666667,3f621f3e-720d-4c68-b436-eaac939ec515,EXPOBENTO
faedaa1e-1904-4f28-b034-c0b7c8a5284d,7,2026-06-08 22:05:21.755-03,%,0,7,3f621f3e-720d-4c68-b436-eaac939ec515,Dinheiro,Rapadura de Melado,1,7,3f621f3e-720d-4c68-b436-eaac939ec515,EXPOBENTO
be995cc5-806e-4d9e-8509-9b48a5b6bc4e,10,2026-06-09 18:46:41.535-03,R$,2,12,3f621f3e-720d-4c68-b436-eaac939ec515,Dinheiro,Alfajor Preto,2,6,3f621f3e-720d-4c68-b436-eaac939ec515,EXPOBENTO
552c2fa4-b830-41bf-ae26-0bf6b98dc51d,7,2026-06-09 19:37:01.691-03,R$,0,7,3f621f3e-720d-4c68-b436-eaac939ec515,Dinheiro,Rapadura de Melado,1,7,3f621f3e-720d-4c68-b436-eaac939ec515,EXPOBENTO
74d35351-95d3-4a55-bfa6-996f2b6d4278,20,2026-06-09 20:37:31.077-03,%,0,20,3f621f3e-720d-4c68-b436-eaac939ec515,Dinheiro,Rapadura de Melado (Pacote x3),3,6.666666666666667,3f621f3e-720d-4c68-b436-eaac939ec515,EXPOBENTO
b1b3d2e6-2816-498f-aaea-da1a667690bf,15,2026-06-09 20:44:19.18-03,%,0,15,3f621f3e-720d-4c68-b436-eaac939ec515,Dinheiro,Cuca Enrolada de Amendoim,1,15,3f621f3e-720d-4c68-b436-eaac939ec515,EXPOBENTO
6332b79e-480a-4336-8fab-7c0f59378f7c,8,2026-06-09 21:19:08.273-03,%,0,8,3f621f3e-720d-4c68-b436-eaac939ec515,Dinheiro,Amendoim Temperado,1,8,3f621f3e-720d-4c68-b436-eaac939ec515,EXPOBENTO
da2b065e-3b49-4c07-bbb1-4c25cd2cb837,15,2026-06-09 21:45:12.858-03,%,0,15,3f621f3e-720d-4c68-b436-eaac939ec515,Dinheiro,Cuca Enrolada de Amendoim,1,15,3f621f3e-720d-4c68-b436-eaac939ec515,EXPOBENTO
cddfd486-f95b-4fc9-a6c3-2377b7657011,20,2026-06-10 18:33:16.182-03,R$,4,24,3f621f3e-720d-4c68-b436-eaac939ec515,Dinheiro,Alfajor Branco,2,6,3f621f3e-720d-4c68-b436-eaac939ec515,EXPOBENTO
cddfd486-f95b-4fc9-a6c3-2377b7657011,20,2026-06-10 18:33:16.182-03,R$,4,24,3f621f3e-720d-4c68-b436-eaac939ec515,Dinheiro,Alfajor Preto,2,6,3f621f3e-720d-4c68-b436-eaac939ec515,EXPOBENTO
ebd31c91-ffbd-4588-b83b-88a7ce05282d,22,2026-06-10 19:35:48.028-03,%,0,22,3f621f3e-720d-4c68-b436-eaac939ec515,Dinheiro,Cuca Enrolada de Amendoim,1,15,3f621f3e-720d-4c68-b436-eaac939ec515,EXPOBENTO
ebd31c91-ffbd-4588-b83b-88a7ce05282d,22,2026-06-10 19:35:48.028-03,%,0,22,3f621f3e-720d-4c68-b436-eaac939ec515,Dinheiro,Rapadura de Melado,1,7,3f621f3e-720d-4c68-b436-eaac939ec515,EXPOBENTO
107072af-5cb5-4e56-90d9-833bdce83826,22,2026-06-10 19:36:36.549-03,%,0,22,3f621f3e-720d-4c68-b436-eaac939ec515,Pix,Cuca Enrolada de Amendoim,1,15,3f621f3e-720d-4c68-b436-eaac939ec515,EXPOBENTO
107072af-5cb5-4e56-90d9-833bdce83826,22,2026-06-10 19:36:36.549-03,%,0,22,3f621f3e-720d-4c68-b436-eaac939ec515,Pix,Rapadura de Melado,1,7,3f621f3e-720d-4c68-b436-eaac939ec515,EXPOBENTO
227c648e-c16a-42d6-8d3d-67cf3574eb6e,17,2026-06-10 21:01:37.971-03,%,0,17,3f621f3e-720d-4c68-b436-eaac939ec515,Dinheiro,Rapadura Assada,2,5,3f621f3e-720d-4c68-b436-eaac939ec515,EXPOBENTO
227c648e-c16a-42d6-8d3d-67cf3574eb6e,17,2026-06-10 21:01:37.971-03,%,0,17,3f621f3e-720d-4c68-b436-eaac939ec515,Dinheiro,Rapadura de Melado,1,7,3f621f3e-720d-4c68-b436-eaac939ec515,EXPOBENTO
aca5f5b2-982c-4c0b-9dce-f52c34871151,10,2026-06-10 21:03:35.493-03,%,0,10,3f621f3e-720d-4c68-b436-eaac939ec515,Dinheiro,Rapadura Assada,2,5,3f621f3e-720d-4c68-b436-eaac939ec515,EXPOBENTO
97690e17-9228-4c69-82ad-590919cd3b9b,30,2026-06-10 21:09:24.533-03,%,0,30,3f621f3e-720d-4c68-b436-eaac939ec515,Dinheiro,Cuca Enrolada de Amendoim,1,15,3f621f3e-720d-4c68-b436-eaac939ec515,EXPOBENTO
97690e17-9228-4c69-82ad-590919cd3b9b,30,2026-06-10 21:09:24.533-03,%,0,30,3f621f3e-720d-4c68-b436-eaac939ec515,Dinheiro,Rapadura de Melado,1,7,3f621f3e-720d-4c68-b436-eaac939ec515,EXPOBENTO
97690e17-9228-4c69-82ad-590919cd3b9b,30,2026-06-10 21:09:24.533-03,%,0,30,3f621f3e-720d-4c68-b436-eaac939ec515,Dinheiro,Amendoim Temperado,1,8,3f621f3e-720d-4c68-b436-eaac939ec515,EXPOBENTO
e52ea338-63d4-4252-8125-6890d8ec94a9,20,2026-06-10 21:09:38.298-03,%,0,20,3f621f3e-720d-4c68-b436-eaac939ec515,Pix,Rapadura de Melado (Pacote x3),3,6.666666666666667,3f621f3e-720d-4c68-b436-eaac939ec515,EXPOBENTO
beb2637f-7016-457a-bb57-6c3fa040bafc,20,2026-06-10 21:33:59.743-03,%,0,20,3f621f3e-720d-4c68-b436-eaac939ec515,Dinheiro,Rapadura de Melado (Pacote x3),3,6.666666666666667,3f621f3e-720d-4c68-b436-eaac939ec515,EXPOBENTO
696d2218-2042-4903-9cbd-1616cb7fd36a,7,2026-06-10 21:34:27.69-03,%,0,7,3f621f3e-720d-4c68-b436-eaac939ec515,Dinheiro,Rapadura de Melado,1,7,3f621f3e-720d-4c68-b436-eaac939ec515,EXPOBENTO
f6272e2f-4a94-4265-b59e-f12dcdd1f86e,82,2026-06-10 21:48:33.669-03,%,0,82,3f621f3e-720d-4c68-b436-eaac939ec515,Cartão,Rapadura Assada (Pacote x6),6,4.166666666666667,3f621f3e-720d-4c68-b436-eaac939ec515,EXPOBENTO
f6272e2f-4a94-4265-b59e-f12dcdd1f86e,82,2026-06-10 21:48:33.669-03,%,0,82,3f621f3e-720d-4c68-b436-eaac939ec515,Cartão,Rapadura de Melado (Pacote x3),3,6.666666666666667,3f621f3e-720d-4c68-b436-eaac939ec515,EXPOBENTO
f6272e2f-4a94-4265-b59e-f12dcdd1f86e,82,2026-06-10 21:48:33.669-03,%,0,82,3f621f3e-720d-4c68-b436-eaac939ec515,Cartão,Amendoim Temperado,2,8,3f621f3e-720d-4c68-b436-eaac939ec515,EXPOBENTO
f6272e2f-4a94-4265-b59e-f12dcdd1f86e,82,2026-06-10 21:48:33.669-03,%,0,82,3f621f3e-720d-4c68-b436-eaac939ec515,Cartão,Cuca Enrolada de Amendoim,1,15,3f621f3e-720d-4c68-b436-eaac939ec515,EXPOBENTO
f6272e2f-4a94-4265-b59e-f12dcdd1f86e,82,2026-06-10 21:48:33.669-03,%,0,82,3f621f3e-720d-4c68-b436-eaac939ec515,Cartão,Alfajor Preto,1,6,3f621f3e-720d-4c68-b436-eaac939ec515,EXPOBENTO
504cc0a5-0b51-43fd-a2b6-a6c0e1a97b06,7,2026-06-11 19:55:38.899-03,%,0,7,3f621f3e-720d-4c68-b436-eaac939ec515,Dinheiro,Rapadura de Melado,1,7,3f621f3e-720d-4c68-b436-eaac939ec515,EXPOBENTO
3c78a8c3-4152-49f1-9939-ffc5cf8b10ff,7,2026-06-11 20:36:01.808-03,%,0,7,3f621f3e-720d-4c68-b436-eaac939ec515,Dinheiro,Rapadura de Melado,1,7,3f621f3e-720d-4c68-b436-eaac939ec515,EXPOBENTO
6ddf980d-1ac8-49c4-902f-7cd8c25cc344,7,2026-06-11 20:50:52.048-03,%,0,7,3f621f3e-720d-4c68-b436-eaac939ec515,Dinheiro,Rapadura de Melado,1,7,3f621f3e-720d-4c68-b436-eaac939ec515,EXPOBENTO
a47ce14a-41f1-4484-9ccf-88071e5b1c98,30,2026-06-11 21:14:34.084-03,%,0,30,3f621f3e-720d-4c68-b436-eaac939ec515,Cartão,Cuca Enrolada de Amendoim,1,15,3f621f3e-720d-4c68-b436-eaac939ec515,EXPOBENTO
a47ce14a-41f1-4484-9ccf-88071e5b1c98,30,2026-06-11 21:14:34.084-03,%,0,30,3f621f3e-720d-4c68-b436-eaac939ec515,Cartão,Amendoim Temperado,1,8,3f621f3e-720d-4c68-b436-eaac939ec515,EXPOBENTO
a47ce14a-41f1-4484-9ccf-88071e5b1c98,30,2026-06-11 21:14:34.084-03,%,0,30,3f621f3e-720d-4c68-b436-eaac939ec515,Cartão,Rapadura de Melado,1,7,3f621f3e-720d-4c68-b436-eaac939ec515,EXPOBENTO
904365f4-4d63-44c7-9a23-26bf9a744ec9,31,2026-06-11 21:15:20.737-03,%,0,31,3f621f3e-720d-4c68-b436-eaac939ec515,Dinheiro,Cuca Enrolada de Amendoim,1,15,3f621f3e-720d-4c68-b436-eaac939ec515,EXPOBENTO
904365f4-4d63-44c7-9a23-26bf9a744ec9,31,2026-06-11 21:15:20.737-03,%,0,31,3f621f3e-720d-4c68-b436-eaac939ec515,Dinheiro,Amendoim Temperado,2,8,3f621f3e-720d-4c68-b436-eaac939ec515,EXPOBENTO
c456e66e-78aa-4ad7-81f7-600572ef08ec,8,2026-06-11 21:21:47.527-03,%,0,8,3f621f3e-720d-4c68-b436-eaac939ec515,Dinheiro,Amendoim Temperado,1,8,3f621f3e-720d-4c68-b436-eaac939ec515,EXPOBENTO
9075be02-6f40-44fd-99a0-03255ad86cb7,30,2026-06-11 21:36:32.469-03,%,0,30,3f621f3e-720d-4c68-b436-eaac939ec515,Dinheiro,Cuca Enrolada de Amendoim,2,15,3f621f3e-720d-4c68-b436-eaac939ec515,EXPOBENTO
2d8e2310-d8a5-489c-9287-1d6454531b93,41,2026-06-11 22:09:07.929-03,%,0,41,3f621f3e-720d-4c68-b436-eaac939ec515,Dinheiro,Rapadura Assada (Pacote x6),6,4.166666666666667,3f621f3e-720d-4c68-b436-eaac939ec515,EXPOBENTO
2d8e2310-d8a5-489c-9287-1d6454531b93,41,2026-06-11 22:09:07.929-03,%,0,41,3f621f3e-720d-4c68-b436-eaac939ec515,Dinheiro,Amendoim Temperado,2,8,3f621f3e-720d-4c68-b436-eaac939ec515,EXPOBENTO
3f5aedaa-bd93-4e1d-be2d-c29d565a3626,6,2026-06-12 15:03:14.176-03,R$,2,8,3f621f3e-720d-4c68-b436-eaac939ec515,Dinheiro,Amendoim Temperado,1,8,3f621f3e-720d-4c68-b436-eaac939ec515,EXPOBENTO
73f9c341-e95c-436e-8cf2-da6f1e3ccaed,8,2026-06-12 15:08:33.525-03,R$,0,8,3f621f3e-720d-4c68-b436-eaac939ec515,Dinheiro,Amendoim Temperado,1,8,3f621f3e-720d-4c68-b436-eaac939ec515,EXPOBENTO
6da4ba4f-4fc9-4fa4-ad0a-f35ce8a664b7,20,2026-06-12 15:13:09.488-03,R$,0,20,3f621f3e-720d-4c68-b436-eaac939ec515,Dinheiro,Rapadura de Melado (Pacote x3),3,6.666666666666667,3f621f3e-720d-4c68-b436-eaac939ec515,EXPOBENTO
69ea009c-02b3-45d6-9f0a-cf05b9f8a645,20,2026-06-12 15:33:49.488-03,R$,0,20,3f621f3e-720d-4c68-b436-eaac939ec515,Dinheiro,Rapadura de Melado (Pacote x3),3,6.666666666666667,3f621f3e-720d-4c68-b436-eaac939ec515,EXPOBENTO
e5efe9d0-ed00-430d-be82-9b35ba56f5cb,6,2026-06-12 16:22:37.114-03,%,0,6,3f621f3e-720d-4c68-b436-eaac939ec515,Cartão,Alfajor Preto,1,6,3f621f3e-720d-4c68-b436-eaac939ec515,EXPOBENTO
d11ae5e7-b07b-421e-b99f-079521010077,10,2026-06-12 16:44:25.998-03,R$,1,11,3f621f3e-720d-4c68-b436-eaac939ec515,Dinheiro,Alfajor Branco,1,6,3f621f3e-720d-4c68-b436-eaac939ec515,EXPOBENTO
d11ae5e7-b07b-421e-b99f-079521010077,10,2026-06-12 16:44:25.998-03,R$,1,11,3f621f3e-720d-4c68-b436-eaac939ec515,Dinheiro,Rapadura Assada,1,5,3f621f3e-720d-4c68-b436-eaac939ec515,EXPOBENTO
348f66fb-6151-4a3d-bdd4-b2d2663a6e9a,20,2026-06-12 16:46:51.137-03,R$,4,24,3f621f3e-720d-4c68-b436-eaac939ec515,Dinheiro,Alfajor Branco,2,6,3f621f3e-720d-4c68-b436-eaac939ec515,EXPOBENTO
348f66fb-6151-4a3d-bdd4-b2d2663a6e9a,20,2026-06-12 16:46:51.137-03,R$,4,24,3f621f3e-720d-4c68-b436-eaac939ec515,Dinheiro,Alfajor Preto,2,6,3f621f3e-720d-4c68-b436-eaac939ec515,EXPOBENTO
6fa38c54-a23b-4962-aea5-4334ef52e3bb,13,2026-06-12 17:32:41.858-03,%,0,13,3f621f3e-720d-4c68-b436-eaac939ec515,Cartão,Amendoim Temperado,1,8,3f621f3e-720d-4c68-b436-eaac939ec515,EXPOBENTO
6fa38c54-a23b-4962-aea5-4334ef52e3bb,13,2026-06-12 17:32:41.858-03,%,0,13,3f621f3e-720d-4c68-b436-eaac939ec515,Cartão,Rapadura Assada,1,5,3f621f3e-720d-4c68-b436-eaac939ec515,EXPOBENTO
8a6d8419-e790-4c1c-9eb0-4e02c89868c9,24,2026-06-12 17:34:32.36-03,%,0,24,3f621f3e-720d-4c68-b436-eaac939ec515,Pix,Amendoim Temperado,3,8,3f621f3e-720d-4c68-b436-eaac939ec515,EXPOBENTO
bfecad6a-f2ba-45f8-a5a8-2a8231571537,8,2026-06-12 17:34:46.361-03,%,0,8,3f621f3e-720d-4c68-b436-eaac939ec515,Cartão,Amendoim Temperado,1,8,3f621f3e-720d-4c68-b436-eaac939ec515,EXPOBENTO
23f66668-a731-4508-9dfd-07dd3e7b6a8d,23,2026-06-12 17:46:33.087-03,%,0,23,3f621f3e-720d-4c68-b436-eaac939ec515,Dinheiro,Cuca Enrolada de Amendoim,1,15,3f621f3e-720d-4c68-b436-eaac939ec515,EXPOBENTO
23f66668-a731-4508-9dfd-07dd3e7b6a8d,23,2026-06-12 17:46:33.087-03,%,0,23,3f621f3e-720d-4c68-b436-eaac939ec515,Dinheiro,Amendoim Temperado,1,8,3f621f3e-720d-4c68-b436-eaac939ec515,EXPOBENTO
e49de3d9-89e2-4229-930d-db9405b82a31,50,2026-06-12 18:27:39.721-03,%,0,50,3f621f3e-720d-4c68-b436-eaac939ec515,Cartão,Amendoim Temperado,2,8,3f621f3e-720d-4c68-b436-eaac939ec515,EXPOBENTO
e49de3d9-89e2-4229-930d-db9405b82a31,50,2026-06-12 18:27:39.721-03,%,0,50,3f621f3e-720d-4c68-b436-eaac939ec515,Cartão,Rapadura de Melado (Pacote x3),3,6.666666666666667,3f621f3e-720d-4c68-b436-eaac939ec515,EXPOBENTO
e49de3d9-89e2-4229-930d-db9405b82a31,50,2026-06-12 18:27:39.721-03,%,0,50,3f621f3e-720d-4c68-b436-eaac939ec515,Cartão,Rapadura de Melado,2,7,3f621f3e-720d-4c68-b436-eaac939ec515,EXPOBENTO
b1e23a62-0f73-4948-932d-81a348a73c42,15,2026-06-12 18:49:39.893-03,%,0,15,3f621f3e-720d-4c68-b436-eaac939ec515,Dinheiro,Cuca Enrolada de Amendoim,1,15,3f621f3e-720d-4c68-b436-eaac939ec515,EXPOBENTO
166a03f7-0c63-4edb-97ed-021cddbccf8d,23,2026-06-12 19:22:07.227-03,%,0,23,3f621f3e-720d-4c68-b436-eaac939ec515,Cartão,Cuca Enrolada de Amendoim,1,15,3f621f3e-720d-4c68-b436-eaac939ec515,EXPOBENTO
166a03f7-0c63-4edb-97ed-021cddbccf8d,23,2026-06-12 19:22:07.227-03,%,0,23,3f621f3e-720d-4c68-b436-eaac939ec515,Cartão,Amendoim Temperado,1,8,3f621f3e-720d-4c68-b436-eaac939ec515,EXPOBENTO
5f80d2e9-5390-47bd-b71f-d074883f1c89,5,2026-06-12 19:27:23.685-03,R$,1,6,3f621f3e-720d-4c68-b436-eaac939ec515,Dinheiro,Alfajor Preto,1,6,3f621f3e-720d-4c68-b436-eaac939ec515,EXPOBENTO
d24e70a3-93b4-45b8-b5bd-5a6963575403,7,2026-06-12 19:36:45.655-03,R$,0,7,3f621f3e-720d-4c68-b436-eaac939ec515,Dinheiro,Rapadura de Melado,1,7,3f621f3e-720d-4c68-b436-eaac939ec515,EXPOBENTO
b0e639d0-1e43-4b15-ade1-76c6652c901d,52,2026-06-12 19:40:00.827-03,R$,3,55,3f621f3e-720d-4c68-b436-eaac939ec515,Dinheiro,Cuca Enrolada de Amendoim,2,15,3f621f3e-720d-4c68-b436-eaac939ec515,EXPOBENTO
b0e639d0-1e43-4b15-ade1-76c6652c901d,52,2026-06-12 19:40:00.827-03,R$,3,55,3f621f3e-720d-4c68-b436-eaac939ec515,Dinheiro,Rapadura Assada (Pacote x6),6,4.166666666666667,3f621f3e-720d-4c68-b436-eaac939ec515,EXPOBENTO
e25b55f8-acec-45de-a386-3eb1085ceae6,23,2026-06-12 19:48:09.321-03,R$,0,23,3f621f3e-720d-4c68-b436-eaac939ec515,Cartão,Cuca Enrolada de Amendoim,1,15,3f621f3e-720d-4c68-b436-eaac939ec515,EXPOBENTO
e25b55f8-acec-45de-a386-3eb1085ceae6,23,2026-06-12 19:48:09.321-03,R$,0,23,3f621f3e-720d-4c68-b436-eaac939ec515,Cartão,Amendoim Temperado,1,8,3f621f3e-720d-4c68-b436-eaac939ec515,EXPOBENTO
1972aae3-ed24-436f-ab00-0a58e14a07de,41,2026-06-12 20:00:10.749-03,R$,0,41,3f621f3e-720d-4c68-b436-eaac939ec515,Pix,Rapadura Assada (Pacote x6),6,4.166666666666667,3f621f3e-720d-4c68-b436-eaac939ec515,EXPOBENTO
1972aae3-ed24-436f-ab00-0a58e14a07de,41,2026-06-12 20:00:10.749-03,R$,0,41,3f621f3e-720d-4c68-b436-eaac939ec515,Pix,Amendoim Temperado,2,8,3f621f3e-720d-4c68-b436-eaac939ec515,EXPOBENTO
3a567352-a846-4d9c-a6bd-a967551a83c8,15,2026-06-12 20:07:40.644-03,R$,0,15,3f621f3e-720d-4c68-b436-eaac939ec515,Pix,Cuca Enrolada de Amendoim,1,15,3f621f3e-720d-4c68-b436-eaac939ec515,EXPOBENTO
ea9d4055-df83-4515-8a22-f9e147fe6132,15,2026-06-12 20:35:16.49-03,R$,0,15,3f621f3e-720d-4c68-b436-eaac939ec515,Dinheiro,Cuca Enrolada de Amendoim,1,15,3f621f3e-720d-4c68-b436-eaac939ec515,EXPOBENTO
95cb2da0-f56f-4bb1-957b-ca1b8564f2e2,15,2026-06-12 21:14:29.729-03,%,0,15,3f621f3e-720d-4c68-b436-eaac939ec515,Dinheiro,Cuca Enrolada de Amendoim,1,15,3f621f3e-720d-4c68-b436-eaac939ec515,EXPOBENTO
12da09de-de98-423b-970d-4f36e32863e3,35,2026-06-12 21:24:38.398-03,%,0,35,3f621f3e-720d-4c68-b436-eaac939ec515,Dinheiro,Alfajor Preto (Pacote x4),4,5,3f621f3e-720d-4c68-b436-eaac939ec515,EXPOBENTO
12da09de-de98-423b-970d-4f36e32863e3,35,2026-06-12 21:24:38.398-03,%,0,35,3f621f3e-720d-4c68-b436-eaac939ec515,Dinheiro,Amendoim Temperado,1,8,3f621f3e-720d-4c68-b436-eaac939ec515,EXPOBENTO
12da09de-de98-423b-970d-4f36e32863e3,35,2026-06-12 21:24:38.398-03,%,0,35,3f621f3e-720d-4c68-b436-eaac939ec515,Dinheiro,Rapadura de Melado,1,7,3f621f3e-720d-4c68-b436-eaac939ec515,EXPOBENTO
dee334f7-7424-4917-a5d0-541cfb82b91f,10,2026-06-12 22:26:03.681-03,R$,1,11,3f621f3e-720d-4c68-b436-eaac939ec515,Dinheiro,Alfajor Branco,1,6,3f621f3e-720d-4c68-b436-eaac939ec515,EXPOBENTO
dee334f7-7424-4917-a5d0-541cfb82b91f,10,2026-06-12 22:26:03.681-03,R$,1,11,3f621f3e-720d-4c68-b436-eaac939ec515,Dinheiro,Rapadura Assada,1,5,3f621f3e-720d-4c68-b436-eaac939ec515,EXPOBENTO
7eb2055d-b09a-4e67-8eef-76c95bca7f88,10,2026-06-13 10:47:35.565-03,R$,4,14,3f621f3e-720d-4c68-b436-eaac939ec515,Dinheiro,Rapadura de Melado,2,7,3f621f3e-720d-4c68-b436-eaac939ec515,EXPOBENTO
4f26b0d5-14da-4b9f-bc06-9367804a837a,28,2026-06-13 12:27:06.637-03,%,0,28,3f621f3e-720d-4c68-b436-eaac939ec515,Dinheiro,Rapadura Assada,4,5,3f621f3e-720d-4c68-b436-eaac939ec515,EXPOBENTO
4f26b0d5-14da-4b9f-bc06-9367804a837a,28,2026-06-13 12:27:06.637-03,%,0,28,3f621f3e-720d-4c68-b436-eaac939ec515,Dinheiro,Amendoim Temperado,1,8,3f621f3e-720d-4c68-b436-eaac939ec515,EXPOBENTO
1ef8aca1-1351-47f7-9777-e8aa795dc9d7,27,2026-06-13 12:42:10.135-03,%,0,27,3f621f3e-720d-4c68-b436-eaac939ec515,Cartão,Cuca Enrolada de Amendoim,1,15,3f621f3e-720d-4c68-b436-eaac939ec515,EXPOBENTO
1ef8aca1-1351-47f7-9777-e8aa795dc9d7,27,2026-06-13 12:42:10.135-03,%,0,27,3f621f3e-720d-4c68-b436-eaac939ec515,Cartão,Rapadura de Melado,1,7,3f621f3e-720d-4c68-b436-eaac939ec515,EXPOBENTO
1ef8aca1-1351-47f7-9777-e8aa795dc9d7,27,2026-06-13 12:42:10.135-03,%,0,27,3f621f3e-720d-4c68-b436-eaac939ec515,Cartão,Rapadura Assada,1,5,3f621f3e-720d-4c68-b436-eaac939ec515,EXPOBENTO
0f006b89-da20-4a38-8435-db3da0639108,15,2026-06-13 12:55:31.764-03,%,0,15,3f621f3e-720d-4c68-b436-eaac939ec515,Cartão,Cuca Enrolada de Amendoim,1,15,3f621f3e-720d-4c68-b436-eaac939ec515,EXPOBENTO
82ab72d2-5097-49fc-bb85-d0d39dfaf7d6,16,2026-06-13 13:21:56.063-03,%,0,16,3f621f3e-720d-4c68-b436-eaac939ec515,Dinheiro,Amendoim Temperado,2,8,3f621f3e-720d-4c68-b436-eaac939ec515,EXPOBENTO
c85fbfe7-03d6-45d6-99b4-ffe2957e8f23,23,2026-06-13 13:44:24.723-03,%,0,23,3f621f3e-720d-4c68-b436-eaac939ec515,Dinheiro,Cuca Enrolada de Amendoim,1,15,3f621f3e-720d-4c68-b436-eaac939ec515,EXPOBENTO
c85fbfe7-03d6-45d6-99b4-ffe2957e8f23,23,2026-06-13 13:44:24.723-03,%,0,23,3f621f3e-720d-4c68-b436-eaac939ec515,Dinheiro,Amendoim Temperado,1,8,3f621f3e-720d-4c68-b436-eaac939ec515,EXPOBENTO
bce1b9e0-5f02-4e6f-b7b4-f82c4c41b3de,14,2026-06-13 13:49:19.866-03,%,0,14,3f621f3e-720d-4c68-b436-eaac939ec515,Dinheiro,Rapadura de Melado,2,7,3f621f3e-720d-4c68-b436-eaac939ec515,EXPOBENTO
b72bf1aa-a017-4052-ba4a-83bcff56365f,30,2026-06-13 14:14:06.253-03,%,0,30,3f621f3e-720d-4c68-b436-eaac939ec515,Dinheiro,Rapadura de Melado,2,7,3f621f3e-720d-4c68-b436-eaac939ec515,EXPOBENTO
b72bf1aa-a017-4052-ba4a-83bcff56365f,30,2026-06-13 14:14:06.253-03,%,0,30,3f621f3e-720d-4c68-b436-eaac939ec515,Dinheiro,Amendoim Temperado,1,8,3f621f3e-720d-4c68-b436-eaac939ec515,EXPOBENTO
b72bf1aa-a017-4052-ba4a-83bcff56365f,30,2026-06-13 14:14:06.253-03,%,0,30,3f621f3e-720d-4c68-b436-eaac939ec515,Dinheiro,Cri-Cri 200g,1,8,3f621f3e-720d-4c68-b436-eaac939ec515,EXPOBENTO
4f573be2-507b-49c1-827d-2837a66f8882,22,2026-06-13 14:26:58.899-03,%,0,22,3f621f3e-720d-4c68-b436-eaac939ec515,Cartão,Cuca Enrolada de Amendoim,1,15,3f621f3e-720d-4c68-b436-eaac939ec515,EXPOBENTO
4f573be2-507b-49c1-827d-2837a66f8882,22,2026-06-13 14:26:58.899-03,%,0,22,3f621f3e-720d-4c68-b436-eaac939ec515,Cartão,Rapadura de Melado,1,7,3f621f3e-720d-4c68-b436-eaac939ec515,EXPOBENTO
f2abd76b-f0c8-4579-989d-428a54097a16,16,2026-06-13 15:04:13.991-03,%,0,16,3f621f3e-720d-4c68-b436-eaac939ec515,Cartão,Amendoim Temperado,2,8,3f621f3e-720d-4c68-b436-eaac939ec515,EXPOBENTO
75f5f061-8d39-4533-a43f-8cc8603e300d,8,2026-06-13 15:16:49.156-03,%,0,8,3f621f3e-720d-4c68-b436-eaac939ec515,Cartão,Amendoim Temperado,1,8,3f621f3e-720d-4c68-b436-eaac939ec515,EXPOBENTO
6bf8a874-5628-4837-aa7c-18bc336bb69c,15,2026-06-13 15:33:24.919-03,%,0,15,3f621f3e-720d-4c68-b436-eaac939ec515,Pix,Cuca Enrolada de Amendoim,1,15,3f621f3e-720d-4c68-b436-eaac939ec515,EXPOBENTO
44776184-bc3e-4435-ba9a-ac612607b4d7,22,2026-06-13 15:37:54.07-03,%,0,22,3f621f3e-720d-4c68-b436-eaac939ec515,Cartão,Rapadura de Melado,1,7,3f621f3e-720d-4c68-b436-eaac939ec515,EXPOBENTO
44776184-bc3e-4435-ba9a-ac612607b4d7,22,2026-06-13 15:37:54.07-03,%,0,22,3f621f3e-720d-4c68-b436-eaac939ec515,Cartão,Cuca Enrolada de Amendoim,1,15,3f621f3e-720d-4c68-b436-eaac939ec515,EXPOBENTO
a7f639c8-87fc-4a6b-8fd6-ea88a39ecf07,22,2026-06-13 15:38:15.533-03,%,0,22,3f621f3e-720d-4c68-b436-eaac939ec515,Cartão,Cuca Enrolada de Amendoim,1,15,3f621f3e-720d-4c68-b436-eaac939ec515,EXPOBENTO
a7f639c8-87fc-4a6b-8fd6-ea88a39ecf07,22,2026-06-13 15:38:15.533-03,%,0,22,3f621f3e-720d-4c68-b436-eaac939ec515,Cartão,Rapadura de Melado,1,7,3f621f3e-720d-4c68-b436-eaac939ec515,EXPOBENTO
6db6547d-a4b2-446a-bc0d-bf26c409757c,15,2026-06-13 16:18:26.147-03,%,0,15,3f621f3e-720d-4c68-b436-eaac939ec515,Cartão,Cuca Enrolada de Amendoim,1,15,3f621f3e-720d-4c68-b436-eaac939ec515,EXPOBENTO
34fb550e-7698-443f-86b7-14def4425cb7,26,2026-06-13 16:34:28.576-03,%,0,26,3f621f3e-720d-4c68-b436-eaac939ec515,Cartão,Rapadura Assada,2,5,3f621f3e-720d-4c68-b436-eaac939ec515,EXPOBENTO
34fb550e-7698-443f-86b7-14def4425cb7,26,2026-06-13 16:34:28.576-03,%,0,26,3f621f3e-720d-4c68-b436-eaac939ec515,Cartão,Amendoim Temperado,2,8,3f621f3e-720d-4c68-b436-eaac939ec515,EXPOBENTO
473b9867-bc93-4c6e-8d9b-5b28a4ea00d0,8,2026-06-13 17:07:53.441-03,%,0,8,3f621f3e-720d-4c68-b436-eaac939ec515,Dinheiro,Amendoim Temperado,1,8,3f621f3e-720d-4c68-b436-eaac939ec515,EXPOBENTO
16c9b817-e162-47ee-a57b-b3a347377d1b,25,2026-06-13 17:08:58.512-03,%,0,25,3f621f3e-720d-4c68-b436-eaac939ec515,Cartão,Cuca Enrolada de Amendoim (Pacote x2),2,12.5,3f621f3e-720d-4c68-b436-eaac939ec515,EXPOBENTO
b369de98-16f0-4e94-abe7-68d6ed8af096,20,2026-06-13 17:53:19.841-03,%,0,20,3f621f3e-720d-4c68-b436-eaac939ec515,Dinheiro,Rapadura Assada,4,5,3f621f3e-720d-4c68-b436-eaac939ec515,EXPOBENTO
215d2126-69f3-4b60-aad4-17b269e6b512,25,2026-06-13 17:56:34.838-03,%,0,25,3f621f3e-720d-4c68-b436-eaac939ec515,Dinheiro,Rapadura Assada (Pacote x6),6,4.166666666666667,3f621f3e-720d-4c68-b436-eaac939ec515,EXPOBENTO
8015de24-b2a9-44ac-a7fd-1160cebb94ea,160,2026-06-13 18:12:31.317-03,%,0,160,3f621f3e-720d-4c68-b436-eaac939ec515,Dinheiro,Alfajor Branco (Caixa x16),16,5,3f621f3e-720d-4c68-b436-eaac939ec515,EXPOBENTO
8015de24-b2a9-44ac-a7fd-1160cebb94ea,160,2026-06-13 18:12:31.317-03,%,0,160,3f621f3e-720d-4c68-b436-eaac939ec515,Dinheiro,Alfajor Preto (Caixa x16),16,5,3f621f3e-720d-4c68-b436-eaac939ec515,EXPOBENTO
4e3896ed-fd98-49d5-b9d3-d8fd8c5e5ff7,10,2026-06-13 18:13:20.008-03,R$,2,12,3f621f3e-720d-4c68-b436-eaac939ec515,Dinheiro,Alfajor Branco,1,6,3f621f3e-720d-4c68-b436-eaac939ec515,EXPOBENTO
4e3896ed-fd98-49d5-b9d3-d8fd8c5e5ff7,10,2026-06-13 18:13:20.008-03,R$,2,12,3f621f3e-720d-4c68-b436-eaac939ec515,Dinheiro,Alfajor Preto,1,6,3f621f3e-720d-4c68-b436-eaac939ec515,EXPOBENTO
4934dc8b-e2c7-4fd9-ba76-53b1ce432e98,20,2026-06-13 18:15:47.191-03,R$,0,20,3f621f3e-720d-4c68-b436-eaac939ec515,Cartão,Rapadura de Melado (Pacote x3),3,6.666666666666667,3f621f3e-720d-4c68-b436-eaac939ec515,EXPOBENTO
ea562189-e4c1-4ee5-97be-db95dd09b5fc,15,2026-06-13 18:20:36.661-03,R$,0,15,3f621f3e-720d-4c68-b436-eaac939ec515,Pix,Cuca Enrolada de Amendoim,1,15,3f621f3e-720d-4c68-b436-eaac939ec515,EXPOBENTO
9bd93c7a-f595-4c78-bb85-b925c2f3b294,20,2026-06-13 18:20:46.48-03,R$,0,20,3f621f3e-720d-4c68-b436-eaac939ec515,Dinheiro,Rapadura de Melado (Pacote x3),3,6.666666666666667,3f621f3e-720d-4c68-b436-eaac939ec515,EXPOBENTO
62b891ee-742c-485f-9628-b305797c0047,10,2026-06-13 18:28:39.584-03,R$,5,15,3f621f3e-720d-4c68-b436-eaac939ec515,Dinheiro,Cuca Enrolada de Amendoim,1,15,3f621f3e-720d-4c68-b436-eaac939ec515,EXPOBENTO
4c412836-ad71-41f0-a03b-87189bc24025,20,2026-06-13 18:31:55.9-03,R$,0,20,3f621f3e-720d-4c68-b436-eaac939ec515,Dinheiro,Rapadura de Melado (Pacote x3),3,6.666666666666667,3f621f3e-720d-4c68-b436-eaac939ec515,EXPOBENTO
81ee0839-26d7-4319-abfe-7eaab119fb23,16,2026-06-13 18:42:04.98-03,%,0,16,3f621f3e-720d-4c68-b436-eaac939ec515,Cartão,Amendoim Temperado,2,8,3f621f3e-720d-4c68-b436-eaac939ec515,EXPOBENTO
53f3d534-47f1-4047-b2b8-1d6f2ac3f7c7,33,2026-06-13 19:05:25.722-03,R$,2,35,3f621f3e-720d-4c68-b436-eaac939ec515,Dinheiro,Rapadura de Melado,1,7,3f621f3e-720d-4c68-b436-eaac939ec515,EXPOBENTO
53f3d534-47f1-4047-b2b8-1d6f2ac3f7c7,33,2026-06-13 19:05:25.722-03,R$,2,35,3f621f3e-720d-4c68-b436-eaac939ec515,Dinheiro,Amendoim Temperado,2,8,3f621f3e-720d-4c68-b436-eaac939ec515,EXPOBENTO
53f3d534-47f1-4047-b2b8-1d6f2ac3f7c7,33,2026-06-13 19:05:25.722-03,R$,2,35,3f621f3e-720d-4c68-b436-eaac939ec515,Dinheiro,Alfajor Branco,1,6,3f621f3e-720d-4c68-b436-eaac939ec515,EXPOBENTO
53f3d534-47f1-4047-b2b8-1d6f2ac3f7c7,33,2026-06-13 19:05:25.722-03,R$,2,35,3f621f3e-720d-4c68-b436-eaac939ec515,Dinheiro,Alfajor Preto,1,6,3f621f3e-720d-4c68-b436-eaac939ec515,EXPOBENTO
9e292959-47f8-4fcd-8e45-0d83316d6036,50,2026-06-13 19:44:59.09-03,R$,10,60,3f621f3e-720d-4c68-b436-eaac939ec515,Dinheiro,Alfajor Branco,5,6,3f621f3e-720d-4c68-b436-eaac939ec515,EXPOBENTO
9e292959-47f8-4fcd-8e45-0d83316d6036,50,2026-06-13 19:44:59.09-03,R$,10,60,3f621f3e-720d-4c68-b436-eaac939ec515,Dinheiro,Alfajor Preto,5,6,3f621f3e-720d-4c68-b436-eaac939ec515,EXPOBENTO
6ab41a5b-8433-41c4-86e5-003cb573b240,15,2026-06-13 20:08:44.702-03,R$,0,15,3f621f3e-720d-4c68-b436-eaac939ec515,Dinheiro,Cuca Enrolada de Amendoim,1,15,3f621f3e-720d-4c68-b436-eaac939ec515,EXPOBENTO
36162836-fa3b-463f-9c4c-03a33a921143,25,2026-06-13 20:38:24.563-03,R$,0,25,3f621f3e-720d-4c68-b436-eaac939ec515,Pix,Rapadura Assada (Pacote x6),6,4.166666666666667,3f621f3e-720d-4c68-b436-eaac939ec515,EXPOBENTO
ee44589b-8bf6-4d35-ad1c-05112a8ac7de,20,2026-06-13 21:13:50.309-03,%,0,20,3f621f3e-720d-4c68-b436-eaac939ec515,Dinheiro,Alfajor Branco (Pacote x4),4,5,3f621f3e-720d-4c68-b436-eaac939ec515,EXPOBENTO
aae8449a-4637-458c-b84a-15502246f715,20,2026-06-13 21:39:03.068-03,%,0,20,3f621f3e-720d-4c68-b436-eaac939ec515,Dinheiro,Rapadura de Melado (Pacote x3),3,6.666666666666667,3f621f3e-720d-4c68-b436-eaac939ec515,EXPOBENTO
91654c67-da2c-45a9-b116-bfc32130f7ea,20,2026-06-13 21:51:40.915-03,%,0,20,3f621f3e-720d-4c68-b436-eaac939ec515,Dinheiro,Alfajor Preto (Pacote x4),4,5,3f621f3e-720d-4c68-b436-eaac939ec515,EXPOBENTO
deae870b-65e7-4bc0-adba-1f593ff7950c,40,2026-06-14 10:42:42.483-03,R$,10,50,3f621f3e-720d-4c68-b436-eaac939ec515,Dinheiro,Rapadura Assada (Pacote x6),12,4.166666666666667,3f621f3e-720d-4c68-b436-eaac939ec515,EXPOBENTO
19349caa-6858-4f9d-8854-cc35d8d01ad4,20,2026-06-14 14:03:20.273-03,R$,0,20,3f621f3e-720d-4c68-b436-eaac939ec515,Dinheiro,Rapadura de Melado (Pacote x3),3,6.666666666666667,3f621f3e-720d-4c68-b436-eaac939ec515,EXPOBENTO
b4d7be54-8eea-4b9a-a9b7-4cb2511ae6ba,15,2026-06-14 16:17:44.02-03,R$,1,16,3f621f3e-720d-4c68-b436-eaac939ec515,Dinheiro,Cri-Cri 200g,1,8,3f621f3e-720d-4c68-b436-eaac939ec515,EXPOBENTO
9859c15e-9f4c-41ee-a657-cfec78683fe4,20,2026-06-14 17:36:44.583-03,R$,0,20,3f621f3e-720d-4c68-b436-eaac939ec515,Dinheiro,Rapadura de Melado (Pacote x3),3,6.666666666666667,3f621f3e-720d-4c68-b436-eaac939ec515,EXPOBENTO
dc7d688f-6a40-4a62-8a08-3bcbc4c0b5ab,15,2026-06-14 19:42:20.755-03,%,0,15,3f621f3e-720d-4c68-b436-eaac939ec515,Pix,Cuca Enrolada de Amendoim,1,15,3f621f3e-720d-4c68-b436-eaac939ec515,EXPOBENTO
e882ba1a-b6b2-478e-9b1d-89df04672300,7,2026-07-17 12:14:13.148-03,%,0,7,aa4d1cfe-c6c1-4fd8-8c4b-2b1b9942884c,Dinheiro,Rapadura de Melado Grão Moído,1,7,aa4d1cfe-c6c1-4fd8-8c4b-2b1b9942884c,"Expo Dona Francisca "
df92b423-3d0b-47c8-b9dd-99e8c38db6ce,14,2026-07-17 16:23:29.887-03,%,0,14,aa4d1cfe-c6c1-4fd8-8c4b-2b1b9942884c,Dinheiro,Rapadura de Melado,1,7,aa4d1cfe-c6c1-4fd8-8c4b-2b1b9942884c,"Expo Dona Francisca "
df92b423-3d0b-47c8-b9dd-99e8c38db6ce,14,2026-07-17 16:23:29.887-03,%,0,14,aa4d1cfe-c6c1-4fd8-8c4b-2b1b9942884c,Dinheiro,Rapadura de Melado Grão Moído,1,7,aa4d1cfe-c6c1-4fd8-8c4b-2b1b9942884c,"Expo Dona Francisca "
927c1c89-3892-4b1a-ad49-05ed39bb5847,40,2026-07-17 17:51:09.863-03,%,0,40,aa4d1cfe-c6c1-4fd8-8c4b-2b1b9942884c,Dinheiro,Cuca Enrolada de Amendoim,1,15,aa4d1cfe-c6c1-4fd8-8c4b-2b1b9942884c,"Expo Dona Francisca "
3dc4a9f6-3af9-4bb6-8f27-37f6cfe5dd8c,5,2026-07-17 17:52:18.859-03,%,0,5,aa4d1cfe-c6c1-4fd8-8c4b-2b1b9942884c,Dinheiro,Alfajor Branco (Display x1),1,5,aa4d1cfe-c6c1-4fd8-8c4b-2b1b9942884c,"Expo Dona Francisca "
4842d059-5739-495f-b55c-35c27495655e,25,2026-07-17 17:55:24.57-03,%,0,25,aa4d1cfe-c6c1-4fd8-8c4b-2b1b9942884c,Dinheiro,Cuca Alemã,1,25,aa4d1cfe-c6c1-4fd8-8c4b-2b1b9942884c,"Expo Dona Francisca "
b72277c9-a0fa-4109-8868-4a01d970c89b,10,2026-07-17 18:12:25.642-03,R$,2,12,aa4d1cfe-c6c1-4fd8-8c4b-2b1b9942884c,Dinheiro,Alfajor Preto (Display x1),1,5,aa4d1cfe-c6c1-4fd8-8c4b-2b1b9942884c,"Expo Dona Francisca "
b72277c9-a0fa-4109-8868-4a01d970c89b,10,2026-07-17 18:12:25.642-03,R$,2,12,aa4d1cfe-c6c1-4fd8-8c4b-2b1b9942884c,Dinheiro,Rapadura de Melado,1,7,aa4d1cfe-c6c1-4fd8-8c4b-2b1b9942884c,"Expo Dona Francisca "
31784711-975d-4538-9adb-a1cc33694b63,30,2026-07-17 19:25:40.229-03,R$,0,30,aa4d1cfe-c6c1-4fd8-8c4b-2b1b9942884c,Dinheiro,Alfajor Preto (Display x1),1,5,aa4d1cfe-c6c1-4fd8-8c4b-2b1b9942884c,"Expo Dona Francisca "
31784711-975d-4538-9adb-a1cc33694b63,30,2026-07-17 19:25:40.229-03,R$,0,30,aa4d1cfe-c6c1-4fd8-8c4b-2b1b9942884c,Dinheiro,Rapadura Assada (Pacote x6),6,4.166666666666667,aa4d1cfe-c6c1-4fd8-8c4b-2b1b9942884c,"Expo Dona Francisca "
1797cd44-8627-47b3-97e1-75438a0dea24,25,2026-07-17 20:34:22.314-03,R$,0,25,aa4d1cfe-c6c1-4fd8-8c4b-2b1b9942884c,Dinheiro,Cuca Alemã,1,25,aa4d1cfe-c6c1-4fd8-8c4b-2b1b9942884c,"Expo Dona Francisca "
4e24268f-2c67-40d5-b4c8-2ec760a80f79,25,2026-07-17 20:34:58.086-03,R$,0,25,aa4d1cfe-c6c1-4fd8-8c4b-2b1b9942884c,Pix,Cuca Alemã,1,25,aa4d1cfe-c6c1-4fd8-8c4b-2b1b9942884c,"Expo Dona Francisca "
83fd8161-32a3-4d74-8554-be87e211632b,20,2026-07-17 20:50:07.668-03,R$,0,20,aa4d1cfe-c6c1-4fd8-8c4b-2b1b9942884c,Dinheiro,Alfajor Preto (Bandeja x5),5,4,aa4d1cfe-c6c1-4fd8-8c4b-2b1b9942884c,"Expo Dona Francisca "
909e8cbb-75dd-41e8-abfc-fb5b96633bc1,14,2026-07-17 21:14:56.529-03,R$,0,14,aa4d1cfe-c6c1-4fd8-8c4b-2b1b9942884c,Dinheiro,Rapadura de Melado Grão Moído,2,7,aa4d1cfe-c6c1-4fd8-8c4b-2b1b9942884c,"Expo Dona Francisca "
478be660-037b-4618-8e2b-5794dcf86f94,25,2026-07-18 10:53:01.543-03,R$,0,25,aa4d1cfe-c6c1-4fd8-8c4b-2b1b9942884c,Dinheiro,Cuca Alemã,1,25,aa4d1cfe-c6c1-4fd8-8c4b-2b1b9942884c,"Expo Dona Francisca "
9a604584-b32d-457c-8154-75109ab86ead,20,2026-07-18 11:23:30.311-03,R$,0,20,aa4d1cfe-c6c1-4fd8-8c4b-2b1b9942884c,Dinheiro,Alfajor Preto (Display x1),1,5,aa4d1cfe-c6c1-4fd8-8c4b-2b1b9942884c,"Expo Dona Francisca "
9a604584-b32d-457c-8154-75109ab86ead,20,2026-07-18 11:23:30.311-03,R$,0,20,aa4d1cfe-c6c1-4fd8-8c4b-2b1b9942884c,Dinheiro,Cuca Enrolada de Amendoim,1,15,aa4d1cfe-c6c1-4fd8-8c4b-2b1b9942884c,"Expo Dona Francisca "
12340fe0-0a66-42e9-b90a-29b31734e1ee,25,2026-07-18 11:57:23.213-03,R$,0,25,aa4d1cfe-c6c1-4fd8-8c4b-2b1b9942884c,Dinheiro,Cuca Alemã,1,25,aa4d1cfe-c6c1-4fd8-8c4b-2b1b9942884c,"Expo Dona Francisca "
afaf23f4-db49-4902-979f-e9d49a87131f,25,2026-07-18 12:02:42.849-03,R$,0,25,aa4d1cfe-c6c1-4fd8-8c4b-2b1b9942884c,Dinheiro,Cuca Alemã,1,25,aa4d1cfe-c6c1-4fd8-8c4b-2b1b9942884c,"Expo Dona Francisca "
b0b39432-b84a-4bbf-b002-a91102ec1a7a,32,2026-07-18 12:51:25.653-03,R$,0,32,aa4d1cfe-c6c1-4fd8-8c4b-2b1b9942884c,Dinheiro,Cuca Alemã,1,25,aa4d1cfe-c6c1-4fd8-8c4b-2b1b9942884c,"Expo Dona Francisca "
b0b39432-b84a-4bbf-b002-a91102ec1a7a,32,2026-07-18 12:51:25.653-03,R$,0,32,aa4d1cfe-c6c1-4fd8-8c4b-2b1b9942884c,Dinheiro,Rapadura de Melado,1,7,aa4d1cfe-c6c1-4fd8-8c4b-2b1b9942884c,"Expo Dona Francisca "
4379a9e6-53da-42aa-9c76-2d3eec3c28eb,25,2026-07-18 13:00:05.295-03,R$,0,25,aa4d1cfe-c6c1-4fd8-8c4b-2b1b9942884c,Dinheiro,Cuca Alemã,1,25,aa4d1cfe-c6c1-4fd8-8c4b-2b1b9942884c,"Expo Dona Francisca "
aa99b7da-7425-4498-8c59-feb9ca75d1f5,15,2026-07-18 13:19:34.118-03,R$,0,15,aa4d1cfe-c6c1-4fd8-8c4b-2b1b9942884c,Dinheiro,Cuca Enrolada de Amendoim,1,15,aa4d1cfe-c6c1-4fd8-8c4b-2b1b9942884c,"Expo Dona Francisca "
a821449a-109e-44d1-9df9-b35a3b77ef92,40,2026-07-18 13:25:10.446-03,R$,0,40,aa4d1cfe-c6c1-4fd8-8c4b-2b1b9942884c,Dinheiro,Alfajor Preto (Bandeja x5),10,4,aa4d1cfe-c6c1-4fd8-8c4b-2b1b9942884c,"Expo Dona Francisca "
d480431c-1e07-4d09-a222-0bad9be5f191,20,2026-07-18 13:29:44.4-03,R$,0,20,aa4d1cfe-c6c1-4fd8-8c4b-2b1b9942884c,Dinheiro,Alfajor Branco (Bandeja x5),5,4,aa4d1cfe-c6c1-4fd8-8c4b-2b1b9942884c,"Expo Dona Francisca "
03e31759-9499-4486-86c8-b0c8ef13f875,20,2026-07-18 13:31:45.143-03,R$,0,20,aa4d1cfe-c6c1-4fd8-8c4b-2b1b9942884c,Dinheiro,Rapadura de Melado (Pacote x3),3,6.666666666666667,aa4d1cfe-c6c1-4fd8-8c4b-2b1b9942884c,"Expo Dona Francisca "
df753c4d-3f46-46e1-81ad-bec5096dad43,40,2026-07-18 13:34:44.956-03,R$,0,40,aa4d1cfe-c6c1-4fd8-8c4b-2b1b9942884c,Dinheiro,Cuca Alemã,1,25,aa4d1cfe-c6c1-4fd8-8c4b-2b1b9942884c,"Expo Dona Francisca "
df753c4d-3f46-46e1-81ad-bec5096dad43,40,2026-07-18 13:34:44.956-03,R$,0,40,aa4d1cfe-c6c1-4fd8-8c4b-2b1b9942884c,Dinheiro,Cuca Enrolada de Amendoim,1,15,aa4d1cfe-c6c1-4fd8-8c4b-2b1b9942884c,"Expo Dona Francisca "
d76a1839-b46d-46cc-838f-4106328716c4,20,2026-07-18 14:42:59.823-03,%,0,20,aa4d1cfe-c6c1-4fd8-8c4b-2b1b9942884c,Dinheiro,Rapadura de Melado (Pacote x3),3,6.666666666666667,aa4d1cfe-c6c1-4fd8-8c4b-2b1b9942884c,"Expo Dona Francisca "
9645cb4e-18ea-424a-b250-5abfeeb4d203,7,2026-07-18 15:01:15.577-03,%,0,7,aa4d1cfe-c6c1-4fd8-8c4b-2b1b9942884c,Dinheiro,Rapadura de Melado,1,7,aa4d1cfe-c6c1-4fd8-8c4b-2b1b9942884c,"Expo Dona Francisca "
db26d78f-a57b-427a-a646-60c904586c43,20,2026-07-18 15:39:24.937-03,%,0,20,aa4d1cfe-c6c1-4fd8-8c4b-2b1b9942884c,Cartão,Alfajor Branco (Bandeja x5),5,4,aa4d1cfe-c6c1-4fd8-8c4b-2b1b9942884c,"Expo Dona Francisca "
daeba6cf-70cc-4d94-ba6c-d81399d3b4bb,50,2026-07-18 15:39:33.552-03,%,0,50,aa4d1cfe-c6c1-4fd8-8c4b-2b1b9942884c,Dinheiro,Cuca Alemã,2,25,aa4d1cfe-c6c1-4fd8-8c4b-2b1b9942884c,"Expo Dona Francisca "
13fe5411-1669-429e-ac88-1e598efa4ab5,40,2026-07-18 15:42:08.438-03,%,0,40,aa4d1cfe-c6c1-4fd8-8c4b-2b1b9942884c,Dinheiro,Cuca Alemã,1,25,aa4d1cfe-c6c1-4fd8-8c4b-2b1b9942884c,"Expo Dona Francisca "
13fe5411-1669-429e-ac88-1e598efa4ab5,40,2026-07-18 15:42:08.438-03,%,0,40,aa4d1cfe-c6c1-4fd8-8c4b-2b1b9942884c,Dinheiro,Cuca Enrolada de Amendoim,1,15,aa4d1cfe-c6c1-4fd8-8c4b-2b1b9942884c,"Expo Dona Francisca "
a83d700e-4186-4f56-8d61-d48bb61eb503,15,2026-07-18 15:43:46.644-03,%,0,15,aa4d1cfe-c6c1-4fd8-8c4b-2b1b9942884c,Dinheiro,Cuca Enrolada de Amendoim,1,15,aa4d1cfe-c6c1-4fd8-8c4b-2b1b9942884c,"Expo Dona Francisca "
d70314c1-ea21-4971-8042-355a3f3e46e7,50,2026-07-18 15:50:59.889-03,%,0,50,aa4d1cfe-c6c1-4fd8-8c4b-2b1b9942884c,Dinheiro,Cuca Alemã,2,25,aa4d1cfe-c6c1-4fd8-8c4b-2b1b9942884c,"Expo Dona Francisca "
790dfdd5-bd53-4926-a9e5-f17fc982a967,15,2026-07-18 15:51:09.631-03,%,0,15,aa4d1cfe-c6c1-4fd8-8c4b-2b1b9942884c,Cartão,Cuca Enrolada de Amendoim,1,15,aa4d1cfe-c6c1-4fd8-8c4b-2b1b9942884c,"Expo Dona Francisca "
e2ee9fc1-4903-4e61-a3dd-facf3e2bfb0b,20,2026-07-18 15:54:20.263-03,%,0,20,aa4d1cfe-c6c1-4fd8-8c4b-2b1b9942884c,Dinheiro,Alfajor Preto (Bandeja x5),5,4,aa4d1cfe-c6c1-4fd8-8c4b-2b1b9942884c,"Expo Dona Francisca "
255049af-0105-4b06-a98e-4af24877dee3,20,2026-07-18 16:05:13.393-03,%,0,20,aa4d1cfe-c6c1-4fd8-8c4b-2b1b9942884c,Dinheiro,Rapadura de Melado (Pacote x3),3,6.666666666666667,aa4d1cfe-c6c1-4fd8-8c4b-2b1b9942884c,"Expo Dona Francisca "
557a2fa2-a361-4164-96ea-a472edf785d8,25,2026-07-18 16:29:38.325-03,%,0,25,aa4d1cfe-c6c1-4fd8-8c4b-2b1b9942884c,Cartão,Cuca Alemã,1,25,aa4d1cfe-c6c1-4fd8-8c4b-2b1b9942884c,"Expo Dona Francisca "
6db32245-ff8f-472b-a3aa-d14047842f0a,50,2026-07-18 16:29:45.251-03,%,0,50,aa4d1cfe-c6c1-4fd8-8c4b-2b1b9942884c,Dinheiro,Cuca Alemã,2,25,aa4d1cfe-c6c1-4fd8-8c4b-2b1b9942884c,"Expo Dona Francisca "
cb51daf3-1edd-4e4e-a474-8079d683bc8e,25,2026-07-18 16:29:55.289-03,%,0,25,aa4d1cfe-c6c1-4fd8-8c4b-2b1b9942884c,Pix,Cuca Alemã,1,25,aa4d1cfe-c6c1-4fd8-8c4b-2b1b9942884c,"Expo Dona Francisca "
4e286579-9a9a-48c4-93ae-befab580b102,75,2026-07-18 16:36:19.36-03,%,0,75,aa4d1cfe-c6c1-4fd8-8c4b-2b1b9942884c,Dinheiro,Cuca Alemã,3,25,aa4d1cfe-c6c1-4fd8-8c4b-2b1b9942884c,"Expo Dona Francisca "
65da9316-5d6d-4e6b-b13e-ee53576b2256,15,2026-07-18 16:47:25.678-03,%,0,15,aa4d1cfe-c6c1-4fd8-8c4b-2b1b9942884c,Cartão,Cuca Enrolada de Amendoim,1,15,aa4d1cfe-c6c1-4fd8-8c4b-2b1b9942884c,"Expo Dona Francisca "
8457275a-105e-436b-bbe3-72b5a43035f3,75,2026-07-18 16:48:02.161-03,%,0,75,aa4d1cfe-c6c1-4fd8-8c4b-2b1b9942884c,Dinheiro,Cuca Alemã,3,25,aa4d1cfe-c6c1-4fd8-8c4b-2b1b9942884c,"Expo Dona Francisca "
4e2acfa4-e281-4bd9-ba7b-1b05427f3698,45,2026-07-18 16:48:57.881-03,%,0,45,aa4d1cfe-c6c1-4fd8-8c4b-2b1b9942884c,Dinheiro,Cuca Enrolada de Amendoim,3,15,aa4d1cfe-c6c1-4fd8-8c4b-2b1b9942884c,"Expo Dona Francisca "
e31eed9a-8820-4060-bc3f-75eda9b5c7d1,32,2026-07-18 16:50:20.462-03,%,0,32,aa4d1cfe-c6c1-4fd8-8c4b-2b1b9942884c,Dinheiro,Cuca Alemã,1,25,aa4d1cfe-c6c1-4fd8-8c4b-2b1b9942884c,"Expo Dona Francisca "
e31eed9a-8820-4060-bc3f-75eda9b5c7d1,32,2026-07-18 16:50:20.462-03,%,0,32,aa4d1cfe-c6c1-4fd8-8c4b-2b1b9942884c,Dinheiro,Rapadura de Melado,1,7,aa4d1cfe-c6c1-4fd8-8c4b-2b1b9942884c,"Expo Dona Francisca "
fd4ea315-fa7b-4bb5-8ec6-ca40ebd35ec4,25,2026-07-18 16:55:28.127-03,%,0,25,aa4d1cfe-c6c1-4fd8-8c4b-2b1b9942884c,Dinheiro,Cuca Alemã,1,25,aa4d1cfe-c6c1-4fd8-8c4b-2b1b9942884c,"Expo Dona Francisca "
8268a7b3-8ec3-46bf-954f-b3d35958ce95,15,2026-07-18 16:56:09.634-03,%,0,15,aa4d1cfe-c6c1-4fd8-8c4b-2b1b9942884c,Dinheiro,Cuca Enrolada de Amendoim,1,15,aa4d1cfe-c6c1-4fd8-8c4b-2b1b9942884c,"Expo Dona Francisca "
b17cfe4f-e50e-4a61-aa74-1aba9257424e,20,2026-07-18 16:56:35.099-03,%,0,20,aa4d1cfe-c6c1-4fd8-8c4b-2b1b9942884c,Dinheiro,Rapadura de Melado Grão Moído (Pacote x1),1,20,aa4d1cfe-c6c1-4fd8-8c4b-2b1b9942884c,"Expo Dona Francisca "
09a506c4-26f0-4522-ae3c-d02ebd508a2d,25,2026-07-18 17:02:31.808-03,%,0,25,aa4d1cfe-c6c1-4fd8-8c4b-2b1b9942884c,Dinheiro,Rapadura Assada (Pacote x6),6,4.166666666666667,aa4d1cfe-c6c1-4fd8-8c4b-2b1b9942884c,"Expo Dona Francisca "
22e0f1c2-026c-48b5-8179-95c388a8a1d2,20,2026-07-18 17:02:42.568-03,%,0,20,aa4d1cfe-c6c1-4fd8-8c4b-2b1b9942884c,Cartão,Alfajor Branco (Bandeja x5),5,4,aa4d1cfe-c6c1-4fd8-8c4b-2b1b9942884c,"Expo Dona Francisca "
48cc1f22-25ca-4a9c-8713-09a8f71cd443,15,2026-07-18 17:37:50.053-03,%,0,15,aa4d1cfe-c6c1-4fd8-8c4b-2b1b9942884c,Pix,Cuca Enrolada de Amendoim,1,15,aa4d1cfe-c6c1-4fd8-8c4b-2b1b9942884c,"Expo Dona Francisca "
cdc49a39-c35f-4c04-a183-d4cfcb2adbd8,20,2026-07-18 17:38:03.14-03,%,0,20,aa4d1cfe-c6c1-4fd8-8c4b-2b1b9942884c,Dinheiro,Rapadura de Melado (Pacote x3),3,6.666666666666667,aa4d1cfe-c6c1-4fd8-8c4b-2b1b9942884c,"Expo Dona Francisca "
d6548fe8-5956-4361-8a5a-61b42dfdde6c,15,2026-07-18 17:41:13.145-03,%,0,15,aa4d1cfe-c6c1-4fd8-8c4b-2b1b9942884c,Dinheiro,Cuca Enrolada de Amendoim,1,15,aa4d1cfe-c6c1-4fd8-8c4b-2b1b9942884c,"Expo Dona Francisca "
698b8e71-0f24-45fb-84c8-28e674c16779,15,2026-07-18 18:09:47.806-03,%,0,15,aa4d1cfe-c6c1-4fd8-8c4b-2b1b9942884c,Dinheiro,Cuca Enrolada de Amendoim,1,15,aa4d1cfe-c6c1-4fd8-8c4b-2b1b9942884c,"Expo Dona Francisca "
7ad6a321-e265-483c-b7e3-a985b2239c3a,35,2026-07-18 19:04:57.117-03,%,0,35,aa4d1cfe-c6c1-4fd8-8c4b-2b1b9942884c,Pix,Alfajor Preto (Bandeja x5),5,4,aa4d1cfe-c6c1-4fd8-8c4b-2b1b9942884c,"Expo Dona Francisca "
7ad6a321-e265-483c-b7e3-a985b2239c3a,35,2026-07-18 19:04:57.117-03,%,0,35,aa4d1cfe-c6c1-4fd8-8c4b-2b1b9942884c,Pix,Cuca Enrolada de Amendoim,1,15,aa4d1cfe-c6c1-4fd8-8c4b-2b1b9942884c,"Expo Dona Francisca "
a1bb2eb7-fde1-4616-adc8-74c32710ebb1,20,2026-07-18 19:28:57.917-03,%,0,20,aa4d1cfe-c6c1-4fd8-8c4b-2b1b9942884c,Cartão,Rapadura de Melado (Pacote x3),3,6.666666666666667,aa4d1cfe-c6c1-4fd8-8c4b-2b1b9942884c,"Expo Dona Francisca "
8032c00d-ae22-4aa3-a6e3-0af5d3ff80f5,20,2026-07-18 19:29:04.064-03,%,0,20,aa4d1cfe-c6c1-4fd8-8c4b-2b1b9942884c,Dinheiro,Rapadura de Melado Grão Moído (Pacote x1),1,20,aa4d1cfe-c6c1-4fd8-8c4b-2b1b9942884c,"Expo Dona Francisca "
4df8b2a8-abf2-4166-87ed-a43123fc2016,5,2026-07-19 11:59:50.235-03,R$,2,7,aa4d1cfe-c6c1-4fd8-8c4b-2b1b9942884c,Dinheiro,Rapadura de Melado,1,7,aa4d1cfe-c6c1-4fd8-8c4b-2b1b9942884c,"Expo Dona Francisca "
6e51feeb-a8a1-4159-a363-e50ae304c5d3,8,2026-07-19 13:57:30.266-03,R$,0,8,aa4d1cfe-c6c1-4fd8-8c4b-2b1b9942884c,Dinheiro,Cri-Cri 200g,1,8,aa4d1cfe-c6c1-4fd8-8c4b-2b1b9942884c,"Expo Dona Francisca "
120f704a-14b6-413c-a3fc-6ac276664e8e,44,2026-07-19 14:08:35.53-03,R$,0,44,aa4d1cfe-c6c1-4fd8-8c4b-2b1b9942884c,Pix,Rapadura de Melado,2,7,aa4d1cfe-c6c1-4fd8-8c4b-2b1b9942884c,"Expo Dona Francisca "
120f704a-14b6-413c-a3fc-6ac276664e8e,44,2026-07-19 14:08:35.53-03,R$,0,44,aa4d1cfe-c6c1-4fd8-8c4b-2b1b9942884c,Pix,Rapadura Assada,2,5,aa4d1cfe-c6c1-4fd8-8c4b-2b1b9942884c,"Expo Dona Francisca "
120f704a-14b6-413c-a3fc-6ac276664e8e,44,2026-07-19 14:08:35.53-03,R$,0,44,aa4d1cfe-c6c1-4fd8-8c4b-2b1b9942884c,Pix,Alfajor Preto (Bandeja x5),5,4,aa4d1cfe-c6c1-4fd8-8c4b-2b1b9942884c,"Expo Dona Francisca "
ea1da5f7-79d8-4d4a-b4be-02f678b50df1,40,2026-07-19 14:17:16.087-03,%,0,40,aa4d1cfe-c6c1-4fd8-8c4b-2b1b9942884c,Dinheiro,Alfajor Branco (Bandeja x5),5,4,aa4d1cfe-c6c1-4fd8-8c4b-2b1b9942884c,"Expo Dona Francisca "
ea1da5f7-79d8-4d4a-b4be-02f678b50df1,40,2026-07-19 14:17:16.087-03,%,0,40,aa4d1cfe-c6c1-4fd8-8c4b-2b1b9942884c,Dinheiro,Alfajor Preto (Bandeja x5),5,4,aa4d1cfe-c6c1-4fd8-8c4b-2b1b9942884c,"Expo Dona Francisca "
88a317ea-f2f5-42b4-a234-8217200c8f14,20,2026-07-19 14:34:21.977-03,%,0,20,aa4d1cfe-c6c1-4fd8-8c4b-2b1b9942884c,Dinheiro,Rapadura de Melado (Pacote x3),3,6.666666666666667,aa4d1cfe-c6c1-4fd8-8c4b-2b1b9942884c,"Expo Dona Francisca "
c9a2508a-9829-451f-a4b8-54f15e8d0212,7,2026-07-19 14:57:15.741-03,%,0,7,aa4d1cfe-c6c1-4fd8-8c4b-2b1b9942884c,Dinheiro,Rapadura de Melado Grão Moído,1,7,aa4d1cfe-c6c1-4fd8-8c4b-2b1b9942884c,"Expo Dona Francisca "
93ef252e-dc10-458e-951b-db1bc196cae9,5,2026-07-19 16:25:59.567-03,%,0,5,aa4d1cfe-c6c1-4fd8-8c4b-2b1b9942884c,Dinheiro,Alfajor Preto (Display x1),1,5,aa4d1cfe-c6c1-4fd8-8c4b-2b1b9942884c,"Expo Dona Francisca "
3d1bcdbc-857a-47a5-ad75-f23ddc8c0a8e,90,2026-07-19 17:23:06.458-03,R$,50,140,aa4d1cfe-c6c1-4fd8-8c4b-2b1b9942884c,Dinheiro,Rapadura de Melado Grão Moído,15,7,aa4d1cfe-c6c1-4fd8-8c4b-2b1b9942884c,"Expo Dona Francisca "
3d1bcdbc-857a-47a5-ad75-f23ddc8c0a8e,90,2026-07-19 17:23:06.458-03,R$,50,140,aa4d1cfe-c6c1-4fd8-8c4b-2b1b9942884c,Dinheiro,Rapadura de Melado,5,7,aa4d1cfe-c6c1-4fd8-8c4b-2b1b9942884c,"Expo Dona Francisca "
26b4f9e1-e918-456a-9c77-97b0c2c623f9,10,2026-07-19 17:26:20.915-03,R$,2,12,aa4d1cfe-c6c1-4fd8-8c4b-2b1b9942884c,Dinheiro,Amendoim Temperado 100g,2,6,aa4d1cfe-c6c1-4fd8-8c4b-2b1b9942884c,"Expo Dona Francisca "
2aa9fd8b-9368-42a8-a0f8-9aad9fde8091,86,2026-07-23 17:07:34.852-03,R$,1,87,3f621f3e-720d-4c68-b436-eaac939ec515,Cartão,Rapadura de Melado Grão Moído,1,7,3f621f3e-720d-4c68-b436-eaac939ec515,Wolksfest Agudo
2aa9fd8b-9368-42a8-a0f8-9aad9fde8091,86,2026-07-23 17:07:34.852-03,R$,1,87,3f621f3e-720d-4c68-b436-eaac939ec515,Cartão,Cuca Alemã,2,25,3f621f3e-720d-4c68-b436-eaac939ec515,Wolksfest Agudo
2aa9fd8b-9368-42a8-a0f8-9aad9fde8091,86,2026-07-23 17:07:34.852-03,R$,1,87,3f621f3e-720d-4c68-b436-eaac939ec515,Cartão,Rapadura de Melado (Pacote x3),3,6.666666666666667,3f621f3e-720d-4c68-b436-eaac939ec515,Wolksfest Agudo
2aa9fd8b-9368-42a8-a0f8-9aad9fde8091,86,2026-07-23 17:07:34.852-03,R$,1,87,3f621f3e-720d-4c68-b436-eaac939ec515,Cartão,"Bolacha de manteiga ",1,10,3f621f3e-720d-4c68-b436-eaac939ec515,Wolksfest Agudo
4a1f00b5-322a-464c-b623-621c5e9e6061,20,2026-07-23 19:22:24.246-03,R$,0,20,3f621f3e-720d-4c68-b436-eaac939ec515,Pix,Alfajor Branco (Bandeja x5),5,4,3f621f3e-720d-4c68-b436-eaac939ec515,Wolksfest Agudo
9aadf15d-5142-4f82-8f9d-7d295418f2d8,50,2026-07-24 12:43:30.295-03,%,0,50,3f621f3e-720d-4c68-b436-eaac939ec515,Cartão,"Bolacha de manteiga ",1,10,3f621f3e-720d-4c68-b436-eaac939ec515,Wolksfest Agudo
9aadf15d-5142-4f82-8f9d-7d295418f2d8,50,2026-07-24 12:43:30.295-03,%,0,50,3f621f3e-720d-4c68-b436-eaac939ec515,Cartão,Rapadura de Melado (Pacote x3),6,6.666666666666667,3f621f3e-720d-4c68-b436-eaac939ec515,Wolksfest Agudo
1006f7b5-7792-448e-a620-605869effb80,25,2026-07-24 12:56:29.63-03,%,0,25,3f621f3e-720d-4c68-b436-eaac939ec515,Dinheiro,Cuca Alemã,1,25,3f621f3e-720d-4c68-b436-eaac939ec515,Wolksfest Agudo
0bb395fa-424c-40b4-b297-09c2912150f3,10,2026-07-24 13:38:57.642-03,R$,2,12,3f621f3e-720d-4c68-b436-eaac939ec515,Dinheiro,Alfajor Preto,2,6,3f621f3e-720d-4c68-b436-eaac939ec515,Wolksfest Agudo
5db06ff8-f2c9-4c5e-a8ab-a7f108e76a39,7,2026-07-24 13:47:45.486-03,R$,0,7,3f621f3e-720d-4c68-b436-eaac939ec515,Dinheiro,Rapadura de Melado,1,7,3f621f3e-720d-4c68-b436-eaac939ec515,Wolksfest Agudo
3356f03f-cf6a-4b56-8d04-b95da3c3130b,33,2026-07-24 14:38:47.065-03,R$,0,33,3f621f3e-720d-4c68-b436-eaac939ec515,Cartão,Cri-Cri 200g,1,8,3f621f3e-720d-4c68-b436-eaac939ec515,Wolksfest Agudo
3356f03f-cf6a-4b56-8d04-b95da3c3130b,33,2026-07-24 14:38:47.065-03,R$,0,33,3f621f3e-720d-4c68-b436-eaac939ec515,Cartão,Cuca Alemã,1,25,3f621f3e-720d-4c68-b436-eaac939ec515,Wolksfest Agudo
38fea4a3-c779-4fc6-b280-e956a2dcfd4e,25,2026-07-24 14:52:53.038-03,%,0,25,3f621f3e-720d-4c68-b436-eaac939ec515,Cartão,Cuca Alemã,1,25,3f621f3e-720d-4c68-b436-eaac939ec515,Wolksfest Agudo
26e3edc3-7ced-448c-8516-941be1816a3f,15,2026-07-24 14:53:13.566-03,%,0,15,3f621f3e-720d-4c68-b436-eaac939ec515,Pix,Cuca Enrolada de Amendoim,1,15,3f621f3e-720d-4c68-b436-eaac939ec515,Wolksfest Agudo
749514e7-2ac8-4a15-9e41-175547857905,25,2026-07-24 15:07:00.046-03,%,0,25,3f621f3e-720d-4c68-b436-eaac939ec515,Dinheiro,Cuca Alemã,1,25,3f621f3e-720d-4c68-b436-eaac939ec515,Wolksfest Agudo
fd82ad71-58d4-462f-9f86-b8fac5d0512c,23,2026-07-24 15:23:41.024-03,R$,2,25,3f621f3e-720d-4c68-b436-eaac939ec515,Dinheiro,Cuca Alemã,1,25,3f621f3e-720d-4c68-b436-eaac939ec515,Wolksfest Agudo
27b2e363-7cee-449d-a4ca-fb727188e614,17,2026-07-24 16:34:19.657-03,R$,2,19,3f621f3e-720d-4c68-b436-eaac939ec515,Dinheiro,Rapadura de Melado,1,7,3f621f3e-720d-4c68-b436-eaac939ec515,Wolksfest Agudo
27b2e363-7cee-449d-a4ca-fb727188e614,17,2026-07-24 16:34:19.657-03,R$,2,19,3f621f3e-720d-4c68-b436-eaac939ec515,Dinheiro,Alfajor Preto,2,6,3f621f3e-720d-4c68-b436-eaac939ec515,Wolksfest Agudo
4f55a7fd-2f55-4230-be6f-25170ed53962,55,2026-07-24 16:35:49.33-03,R$,0,55,3f621f3e-720d-4c68-b436-eaac939ec515,Cartão,Alfajor Preto (Pacote x4),4,5,3f621f3e-720d-4c68-b436-eaac939ec515,Wolksfest Agudo
4f55a7fd-2f55-4230-be6f-25170ed53962,55,2026-07-24 16:35:49.33-03,R$,0,55,3f621f3e-720d-4c68-b436-eaac939ec515,Cartão,Rapadura Assada,2,5,3f621f3e-720d-4c68-b436-eaac939ec515,Wolksfest Agudo
4f55a7fd-2f55-4230-be6f-25170ed53962,55,2026-07-24 16:35:49.33-03,R$,0,55,3f621f3e-720d-4c68-b436-eaac939ec515,Cartão,Cuca Alemã,1,25,3f621f3e-720d-4c68-b436-eaac939ec515,Wolksfest Agudo
396ebd84-95cf-4ac9-b524-401f9770ab41,6,2026-07-24 16:42:04.834-03,R$,1,7,3f621f3e-720d-4c68-b436-eaac939ec515,Dinheiro,Rapadura de Melado,1,7,3f621f3e-720d-4c68-b436-eaac939ec515,Wolksfest Agudo
c72dc7f8-12dd-47d7-b9f8-b40f6b6701ee,18,2026-07-24 16:57:44.303-03,R$,2,20,3f621f3e-720d-4c68-b436-eaac939ec515,Dinheiro,Rapadura de Melado (Pacote x3),3,6.666666666666667,3f621f3e-720d-4c68-b436-eaac939ec515,Wolksfest Agudo
d5e52b61-34d4-410f-8723-88c1efb5cca7,5,2026-07-24 16:57:54.493-03,R$,0,5,3f621f3e-720d-4c68-b436-eaac939ec515,Dinheiro,Rapadura Assada,1,5,3f621f3e-720d-4c68-b436-eaac939ec515,Wolksfest Agudo
86b1d57c-4a55-4d24-852b-eb5e5450541d,25,2026-07-24 17:02:16.795-03,R$,0,25,3f621f3e-720d-4c68-b436-eaac939ec515,Pix,Cuca Alemã,1,25,3f621f3e-720d-4c68-b436-eaac939ec515,Wolksfest Agudo
1a6156ab-ef42-4e9a-931b-cc36f721d56a,35,2026-07-24 17:10:33.292-03,R$,0,35,3f621f3e-720d-4c68-b436-eaac939ec515,Dinheiro,Cuca Enrolada de Amendoim (Pacote x2),2,12.5,3f621f3e-720d-4c68-b436-eaac939ec515,Wolksfest Agudo
1a6156ab-ef42-4e9a-931b-cc36f721d56a,35,2026-07-24 17:10:33.292-03,R$,0,35,3f621f3e-720d-4c68-b436-eaac939ec515,Dinheiro,"Bolacha de manteiga ",1,10,3f621f3e-720d-4c68-b436-eaac939ec515,Wolksfest Agudo
87f123f4-d494-4463-adc0-51528ac04f17,20,2026-07-24 17:18:00.501-03,R$,0,20,3f621f3e-720d-4c68-b436-eaac939ec515,Dinheiro,Rapadura de Melado (Pacote x3),3,6.666666666666667,3f621f3e-720d-4c68-b436-eaac939ec515,Wolksfest Agudo
303515de-1220-4fcf-a1bd-35136932c4cb,20,2026-07-24 17:27:04.802-03,R$,1,21,3f621f3e-720d-4c68-b436-eaac939ec515,Dinheiro,Rapadura de Melado Grão Moído,1,7,3f621f3e-720d-4c68-b436-eaac939ec515,Wolksfest Agudo
303515de-1220-4fcf-a1bd-35136932c4cb,20,2026-07-24 17:27:04.802-03,R$,1,21,3f621f3e-720d-4c68-b436-eaac939ec515,Dinheiro,Rapadura de Melado,1,7,3f621f3e-720d-4c68-b436-eaac939ec515,Wolksfest Agudo
303515de-1220-4fcf-a1bd-35136932c4cb,20,2026-07-24 17:27:04.802-03,R$,1,21,3f621f3e-720d-4c68-b436-eaac939ec515,Dinheiro,Carrapinha,1,7,3f621f3e-720d-4c68-b436-eaac939ec515,Wolksfest Agudo
adab94b7-31b2-4f59-98fc-155e39094098,40,2026-07-24 17:32:26.695-03,R$,0,40,3f621f3e-720d-4c68-b436-eaac939ec515,Dinheiro,Rapadura de Melado (Pacote x3),6,6.666666666666667,3f621f3e-720d-4c68-b436-eaac939ec515,Wolksfest Agudo
a603c0e0-8b89-416d-971d-2ea030989cfd,25,2026-07-24 17:43:27.405-03,R$,0,25,3f621f3e-720d-4c68-b436-eaac939ec515,Dinheiro,Rapadura Assada (Pacote x6),6,4.166666666666667,3f621f3e-720d-4c68-b436-eaac939ec515,Wolksfest Agudo
03a0baa2-e817-4eb0-9e04-9affd4cc8f35,39,2026-07-24 17:49:57.383-03,R$,0,39,3f621f3e-720d-4c68-b436-eaac939ec515,Dinheiro,Cuca Alemã,1,25,3f621f3e-720d-4c68-b436-eaac939ec515,Wolksfest Agudo
03a0baa2-e817-4eb0-9e04-9affd4cc8f35,39,2026-07-24 17:49:57.383-03,R$,0,39,3f621f3e-720d-4c68-b436-eaac939ec515,Dinheiro,Rapadura de Melado,2,7,3f621f3e-720d-4c68-b436-eaac939ec515,Wolksfest Agudo
a8ace5c3-2fb1-4cc0-a668-083dab0ad9bc,5,2026-07-24 18:06:44.535-03,R$,1,6,3f621f3e-720d-4c68-b436-eaac939ec515,Dinheiro,Alfajor Preto,1,6,3f621f3e-720d-4c68-b436-eaac939ec515,Wolksfest Agudo
723ab7ce-ddef-438a-9a39-df923ffe47ba,14,2026-07-24 18:51:30.045-03,R$,0,14,3f621f3e-720d-4c68-b436-eaac939ec515,Dinheiro,Rapadura de Melado,2,7,3f621f3e-720d-4c68-b436-eaac939ec515,Wolksfest Agudo
7b4efeef-7898-44dc-9922-820904c809af,20,2026-07-24 18:52:23.544-03,R$,4,24,3f621f3e-720d-4c68-b436-eaac939ec515,Dinheiro,Alfajor Branco,2,6,3f621f3e-720d-4c68-b436-eaac939ec515,Wolksfest Agudo
7b4efeef-7898-44dc-9922-820904c809af,20,2026-07-24 18:52:23.544-03,R$,4,24,3f621f3e-720d-4c68-b436-eaac939ec515,Dinheiro,Alfajor Preto,2,6,3f621f3e-720d-4c68-b436-eaac939ec515,Wolksfest Agudo
460b27f7-3ebb-4302-9f62-c89b20f4b332,7,2026-07-24 19:00:00.856-03,R$,0,7,3f621f3e-720d-4c68-b436-eaac939ec515,Dinheiro,Rapadura de Melado,1,7,3f621f3e-720d-4c68-b436-eaac939ec515,Wolksfest Agudo
270ed5cc-cbe2-46cd-893e-14f596c933cd,15,2026-07-24 19:35:56.292-03,R$,0,15,3f621f3e-720d-4c68-b436-eaac939ec515,Dinheiro,Cuca Enrolada de Amendoim,1,15,3f621f3e-720d-4c68-b436-eaac939ec515,Wolksfest Agudo
7d2b8e6a-f6b4-4665-a3f5-a22b48a7661a,55,2026-07-24 19:49:44.825-03,R$,0,55,3f621f3e-720d-4c68-b436-eaac939ec515,Cartão,Cuca Alemã,1,25,3f621f3e-720d-4c68-b436-eaac939ec515,Wolksfest Agudo
7d2b8e6a-f6b4-4665-a3f5-a22b48a7661a,55,2026-07-24 19:49:44.825-03,R$,0,55,3f621f3e-720d-4c68-b436-eaac939ec515,Cartão,Cuca Enrolada de Amendoim,2,15,3f621f3e-720d-4c68-b436-eaac939ec515,Wolksfest Agudo
f223d3ba-b775-4ac4-90cd-f54874cac472,25,2026-07-24 20:46:11.902-03,R$,0,25,3f621f3e-720d-4c68-b436-eaac939ec515,Pix,Rapadura Assada (Pacote x6),6,4.166666666666667,3f621f3e-720d-4c68-b436-eaac939ec515,Wolksfest Agudo
ea3f1d7e-d151-4bbe-bb74-d57de3c9e2b0,22,2026-07-24 20:56:45.678-03,R$,0,22,3f621f3e-720d-4c68-b436-eaac939ec515,Dinheiro,Cuca Enrolada de Amendoim,1,15,3f621f3e-720d-4c68-b436-eaac939ec515,Wolksfest Agudo
ea3f1d7e-d151-4bbe-bb74-d57de3c9e2b0,22,2026-07-24 20:56:45.678-03,R$,0,22,3f621f3e-720d-4c68-b436-eaac939ec515,Dinheiro,Rapadura de Melado,1,7,3f621f3e-720d-4c68-b436-eaac939ec515,Wolksfest Agudo
1b45d8a8-256b-4ade-abe2-1121a9ca1ce6,15,2026-07-24 21:05:41.955-03,R$,0,15,3f621f3e-720d-4c68-b436-eaac939ec515,Dinheiro,Rapadura Assada,3,5,3f621f3e-720d-4c68-b436-eaac939ec515,Wolksfest Agudo
ee2dc4b0-2206-41db-a390-57a13d81a435,15,2026-07-24 21:06:12.391-03,R$,0,15,3f621f3e-720d-4c68-b436-eaac939ec515,Dinheiro,Rapadura Assada,3,5,3f621f3e-720d-4c68-b436-eaac939ec515,Wolksfest Agudo
b7fd4acb-a00e-4ba0-a24c-b39731fc3076,25,2026-07-25 10:36:31.189-03,%,0,25,3f621f3e-720d-4c68-b436-eaac939ec515,Dinheiro,Cuca Alemã,1,25,3f621f3e-720d-4c68-b436-eaac939ec515,Wolksfest Agudo
edef1227-a8eb-40d7-a3c9-b5da06df5703,27,2026-07-25 10:38:13.145-03,%,0,27,3f621f3e-720d-4c68-b436-eaac939ec515,Cartão,Rapadura de Melado (Pacote x3),3,6.666666666666667,3f621f3e-720d-4c68-b436-eaac939ec515,Wolksfest Agudo
edef1227-a8eb-40d7-a3c9-b5da06df5703,27,2026-07-25 10:38:13.145-03,%,0,27,3f621f3e-720d-4c68-b436-eaac939ec515,Cartão,Rapadura de Melado,1,7,3f621f3e-720d-4c68-b436-eaac939ec515,Wolksfest Agudo
1a509110-7219-4753-8f97-bcefd897cdd5,25,2026-07-25 10:38:25.241-03,%,0,25,3f621f3e-720d-4c68-b436-eaac939ec515,Dinheiro,Rapadura Assada (Pacote x6),6,4.166666666666667,3f621f3e-720d-4c68-b436-eaac939ec515,Wolksfest Agudo
9ac25916-bfe6-49e8-8e98-d3a727bcb0a1,25,2026-07-25 10:42:09.709-03,%,0,25,3f621f3e-720d-4c68-b436-eaac939ec515,Dinheiro,Cuca Alemã,1,25,3f621f3e-720d-4c68-b436-eaac939ec515,Wolksfest Agudo
be06a1f0-e16b-4039-936b-02ddaf0b84d0,40,2026-07-25 11:17:49.681-03,%,0,40,3f621f3e-720d-4c68-b436-eaac939ec515,Dinheiro,Rapadura de Melado Grão Moído (Pacote x1),1,20,3f621f3e-720d-4c68-b436-eaac939ec515,Wolksfest Agudo
be06a1f0-e16b-4039-936b-02ddaf0b84d0,40,2026-07-25 11:17:49.681-03,%,0,40,3f621f3e-720d-4c68-b436-eaac939ec515,Dinheiro,Rapadura de Melado (Pacote x3),3,6.666666666666667,3f621f3e-720d-4c68-b436-eaac939ec515,Wolksfest Agudo
56185e25-72c7-4868-8bfc-a12b87da000d,30,2026-07-25 12:07:03.77-03,%,0,30,3f621f3e-720d-4c68-b436-eaac939ec515,Cartão,Rapadura de Melado (Pacote x3),3,6.666666666666667,3f621f3e-720d-4c68-b436-eaac939ec515,Wolksfest Agudo
56185e25-72c7-4868-8bfc-a12b87da000d,30,2026-07-25 12:07:03.77-03,%,0,30,3f621f3e-720d-4c68-b436-eaac939ec515,Cartão,Bolacha de Milho,1,10,3f621f3e-720d-4c68-b436-eaac939ec515,Wolksfest Agudo
2c8084f8-e9a6-48d3-9574-f08f3236ae1e,20,2026-07-25 12:56:37.42-03,%,0,20,3f621f3e-720d-4c68-b436-eaac939ec515,Cartão,Alfajor Preto (Bandeja x5),5,4,3f621f3e-720d-4c68-b436-eaac939ec515,Wolksfest Agudo
3e828131-26b2-48e4-a546-2b56bac1e6b4,15,2026-07-25 13:27:56.573-03,%,0,15,3f621f3e-720d-4c68-b436-eaac939ec515,Cartão,Cuca Enrolada de Amendoim,1,15,3f621f3e-720d-4c68-b436-eaac939ec515,Wolksfest Agudo
b70ce441-0b72-4e0b-ac4e-2839d5ca3084,15,2026-07-25 13:28:01.893-03,%,0,15,3f621f3e-720d-4c68-b436-eaac939ec515,Dinheiro,Cuca Enrolada de Amendoim,1,15,3f621f3e-720d-4c68-b436-eaac939ec515,Wolksfest Agudo
67fd4f83-86ae-4f71-92f8-4aa921cb2e14,25,2026-07-25 13:32:20.006-03,%,0,25,3f621f3e-720d-4c68-b436-eaac939ec515,Dinheiro,Cuca Alemã,1,25,3f621f3e-720d-4c68-b436-eaac939ec515,Wolksfest Agudo
6aa6d5b6-0a1a-4930-b0f3-557e3c29622a,25,2026-07-25 13:40:56.767-03,%,0,25,3f621f3e-720d-4c68-b436-eaac939ec515,Cartão,Cuca Alemã,1,25,3f621f3e-720d-4c68-b436-eaac939ec515,Wolksfest Agudo
6922ea94-694c-44b5-8ea1-b3975afea0d2,50,2026-07-25 13:42:48.837-03,%,0,50,3f621f3e-720d-4c68-b436-eaac939ec515,Dinheiro,Cuca Alemã,2,25,3f621f3e-720d-4c68-b436-eaac939ec515,Wolksfest Agudo
96501b46-0e37-431f-8f12-36f1bf0672e0,25,2026-07-25 13:51:52.799-03,%,0,25,3f621f3e-720d-4c68-b436-eaac939ec515,Dinheiro,Cuca Alemã,1,25,3f621f3e-720d-4c68-b436-eaac939ec515,Wolksfest Agudo
98a11adf-ce46-45d0-af62-20bd85eb697e,40,2026-07-25 14:12:09.853-03,%,0,40,3f621f3e-720d-4c68-b436-eaac939ec515,Dinheiro,Cuca Alemã,1,25,3f621f3e-720d-4c68-b436-eaac939ec515,Wolksfest Agudo
98a11adf-ce46-45d0-af62-20bd85eb697e,40,2026-07-25 14:12:09.853-03,%,0,40,3f621f3e-720d-4c68-b436-eaac939ec515,Dinheiro,Cuca Enrolada de Chocolate,1,15,3f621f3e-720d-4c68-b436-eaac939ec515,Wolksfest Agudo
cdfe795e-f4e2-46d2-b610-1682efaf78cf,25,2026-07-25 14:15:17.712-03,%,0,25,3f621f3e-720d-4c68-b436-eaac939ec515,Dinheiro,Cuca Alemã,1,25,3f621f3e-720d-4c68-b436-eaac939ec515,Wolksfest Agudo
86332f14-cba7-4920-853a-340a123c566a,50,2026-07-25 14:28:01.813-03,%,0,50,3f621f3e-720d-4c68-b436-eaac939ec515,Cartão,Cuca Enrolada de Amendoim,1,15,3f621f3e-720d-4c68-b436-eaac939ec515,Wolksfest Agudo
86332f14-cba7-4920-853a-340a123c566a,50,2026-07-25 14:28:01.813-03,%,0,50,3f621f3e-720d-4c68-b436-eaac939ec515,Cartão,Alfajor Preto (Bandeja x5),5,4,3f621f3e-720d-4c68-b436-eaac939ec515,Wolksfest Agudo
86332f14-cba7-4920-853a-340a123c566a,50,2026-07-25 14:28:01.813-03,%,0,50,3f621f3e-720d-4c68-b436-eaac939ec515,Cartão,Cri-Cri 200g,1,8,3f621f3e-720d-4c68-b436-eaac939ec515,Wolksfest Agudo
86332f14-cba7-4920-853a-340a123c566a,50,2026-07-25 14:28:01.813-03,%,0,50,3f621f3e-720d-4c68-b436-eaac939ec515,Cartão,Rapadura de Melado Grão Moído,1,7,3f621f3e-720d-4c68-b436-eaac939ec515,Wolksfest Agudo
90d36bab-9339-494e-bea8-08487000343e,50,2026-07-25 14:31:34.536-03,%,0,50,3f621f3e-720d-4c68-b436-eaac939ec515,Dinheiro,Rapadura Assada (Pacote x6),12,4.166666666666667,3f621f3e-720d-4c68-b436-eaac939ec515,Wolksfest Agudo
fe635ae9-a375-4979-95ff-7b9ee19ac625,35,2026-07-25 14:35:08.633-03,%,0,35,3f621f3e-720d-4c68-b436-eaac939ec515,Cartão,"Bolacha de manteiga ",1,10,3f621f3e-720d-4c68-b436-eaac939ec515,Wolksfest Agudo
fe635ae9-a375-4979-95ff-7b9ee19ac625,35,2026-07-25 14:35:08.633-03,%,0,35,3f621f3e-720d-4c68-b436-eaac939ec515,Cartão,Cuca Alemã,1,25,3f621f3e-720d-4c68-b436-eaac939ec515,Wolksfest Agudo
c0164872-46d5-42b8-83ef-125395d88fcc,25,2026-07-25 14:38:11.862-03,%,0,25,3f621f3e-720d-4c68-b436-eaac939ec515,Dinheiro,Cuca Alemã,1,25,3f621f3e-720d-4c68-b436-eaac939ec515,Wolksfest Agudo
0d745c59-2e89-4de1-a1d0-52aa1f62a732,20,2026-07-25 14:39:08.565-03,%,0,20,3f621f3e-720d-4c68-b436-eaac939ec515,Dinheiro,Rapadura de Melado (Pacote x3),3,6.666666666666667,3f621f3e-720d-4c68-b436-eaac939ec515,Wolksfest Agudo
9f1f600d-bba9-446f-b44f-07f5ea15f54f,37,2026-07-25 14:51:18.063-03,%,0,37,3f621f3e-720d-4c68-b436-eaac939ec515,Dinheiro,Rapadura de Melado (Pacote x3),3,6.666666666666667,3f621f3e-720d-4c68-b436-eaac939ec515,Wolksfest Agudo
9f1f600d-bba9-446f-b44f-07f5ea15f54f,37,2026-07-25 14:51:18.063-03,%,0,37,3f621f3e-720d-4c68-b436-eaac939ec515,Dinheiro,Carrapinha,1,7,3f621f3e-720d-4c68-b436-eaac939ec515,Wolksfest Agudo
9f1f600d-bba9-446f-b44f-07f5ea15f54f,37,2026-07-25 14:51:18.063-03,%,0,37,3f621f3e-720d-4c68-b436-eaac939ec515,Dinheiro,Bolacha de Milho,1,10,3f621f3e-720d-4c68-b436-eaac939ec515,Wolksfest Agudo
5e258811-2430-4b1c-8c7f-5128756032e6,25,2026-07-25 14:55:37.419-03,%,0,25,3f621f3e-720d-4c68-b436-eaac939ec515,Cartão,Cuca Alemã,1,25,3f621f3e-720d-4c68-b436-eaac939ec515,Wolksfest Agudo
538c2257-8b4f-459d-bc44-ae16e1a824dc,50,2026-07-25 14:58:56.863-03,%,0,50,3f621f3e-720d-4c68-b436-eaac939ec515,Dinheiro,Cuca Alemã,2,25,3f621f3e-720d-4c68-b436-eaac939ec515,Wolksfest Agudo
94f6376d-49f8-4695-9c6e-1b515ac65ed8,12,2026-07-25 15:08:16.131-03,R$,2,14,3f621f3e-720d-4c68-b436-eaac939ec515,Dinheiro,Rapadura de Melado,2,7,3f621f3e-720d-4c68-b436-eaac939ec515,Wolksfest Agudo
aaa8a64d-878c-446a-b1e4-6bfb1f7ec12b,10,2026-07-25 15:09:54.198-03,R$,0,10,3f621f3e-720d-4c68-b436-eaac939ec515,Dinheiro,Rapadura Assada,2,5,3f621f3e-720d-4c68-b436-eaac939ec515,Wolksfest Agudo
927fcda4-6ac2-48e4-862b-c05db2b8b222,55,2026-07-25 15:14:07.343-03,R$,0,55,3f621f3e-720d-4c68-b436-eaac939ec515,Cartão,Cuca Alemã,2,25,3f621f3e-720d-4c68-b436-eaac939ec515,Wolksfest Agudo
927fcda4-6ac2-48e4-862b-c05db2b8b222,55,2026-07-25 15:14:07.343-03,R$,0,55,3f621f3e-720d-4c68-b436-eaac939ec515,Cartão,Rapadura Assada,1,5,3f621f3e-720d-4c68-b436-eaac939ec515,Wolksfest Agudo
5304b19a-8016-453b-a94b-1de587c114de,45,2026-07-25 15:14:45.85-03,R$,0,45,3f621f3e-720d-4c68-b436-eaac939ec515,Dinheiro,Cuca Alemã,1,25,3f621f3e-720d-4c68-b436-eaac939ec515,Wolksfest Agudo
5304b19a-8016-453b-a94b-1de587c114de,45,2026-07-25 15:14:45.85-03,R$,0,45,3f621f3e-720d-4c68-b436-eaac939ec515,Dinheiro,Alfajor Branco (Bandeja x5),5,4,3f621f3e-720d-4c68-b436-eaac939ec515,Wolksfest Agudo
f6fe9b41-f9b5-4266-a537-0559c8144337,25,2026-07-25 15:21:25.045-03,R$,0,25,3f621f3e-720d-4c68-b436-eaac939ec515,Dinheiro,Cuca Alemã,1,25,3f621f3e-720d-4c68-b436-eaac939ec515,Wolksfest Agudo
b6c264dc-381a-4bd8-b8bc-bb5b89cbfb7c,25,2026-07-25 15:26:00.892-03,R$,0,25,3f621f3e-720d-4c68-b436-eaac939ec515,Pix,Cuca Alemã,1,25,3f621f3e-720d-4c68-b436-eaac939ec515,Wolksfest Agudo
e74cf638-dfcf-4475-9486-2d7587dadca8,50,2026-07-25 15:30:45.624-03,R$,0,50,3f621f3e-720d-4c68-b436-eaac939ec515,Cartão,Cuca Alemã,2,25,3f621f3e-720d-4c68-b436-eaac939ec515,Wolksfest Agudo
e6fe62eb-c43e-4120-84f4-9bd66cc30c95,37,2026-07-25 15:32:59.255-03,R$,0,37,3f621f3e-720d-4c68-b436-eaac939ec515,Dinheiro,Cuca Enrolada de Chocolate,2,15,3f621f3e-720d-4c68-b436-eaac939ec515,Wolksfest Agudo
e6fe62eb-c43e-4120-84f4-9bd66cc30c95,37,2026-07-25 15:32:59.255-03,R$,0,37,3f621f3e-720d-4c68-b436-eaac939ec515,Dinheiro,Rapadura de Melado,1,7,3f621f3e-720d-4c68-b436-eaac939ec515,Wolksfest Agudo
5a57e217-a70d-4305-be61-6dfb479cf002,75,2026-07-25 15:33:55.557-03,R$,0,75,3f621f3e-720d-4c68-b436-eaac939ec515,Dinheiro,Cuca Alemã,3,25,3f621f3e-720d-4c68-b436-eaac939ec515,Wolksfest Agudo
869522c3-7ad6-41fe-ad25-5f6b7e837032,50,2026-07-25 15:43:57.339-03,R$,0,50,3f621f3e-720d-4c68-b436-eaac939ec515,Dinheiro,Cuca Alemã,1,25,3f621f3e-720d-4c68-b436-eaac939ec515,Wolksfest Agudo
869522c3-7ad6-41fe-ad25-5f6b7e837032,50,2026-07-25 15:43:57.339-03,R$,0,50,3f621f3e-720d-4c68-b436-eaac939ec515,Dinheiro,Alfajor Branco (Bandeja x5),5,4,3f621f3e-720d-4c68-b436-eaac939ec515,Wolksfest Agudo
869522c3-7ad6-41fe-ad25-5f6b7e837032,50,2026-07-25 15:43:57.339-03,R$,0,50,3f621f3e-720d-4c68-b436-eaac939ec515,Dinheiro,Alfajor Branco (Display x1),1,5,3f621f3e-720d-4c68-b436-eaac939ec515,Wolksfest Agudo
c91e800f-80bc-49e9-adc7-fa769cbf163d,25,2026-07-25 15:49:52.891-03,R$,0,25,3f621f3e-720d-4c68-b436-eaac939ec515,Dinheiro,Cuca Alemã,1,25,3f621f3e-720d-4c68-b436-eaac939ec515,Wolksfest Agudo
134f0978-a199-4dc6-bfef-ac687d1798a8,25,2026-07-25 15:52:37.128-03,%,0,25,3f621f3e-720d-4c68-b436-eaac939ec515,Dinheiro,Cuca Alemã,1,25,3f621f3e-720d-4c68-b436-eaac939ec515,Wolksfest Agudo
9c5a7af9-4ac3-4b4a-8511-a7929f49b198,25,2026-07-25 15:54:18.17-03,%,0,25,3f621f3e-720d-4c68-b436-eaac939ec515,Cartão,Cuca Alemã,1,25,3f621f3e-720d-4c68-b436-eaac939ec515,Wolksfest Agudo
a36da13a-344b-4b3a-af6a-a4ad3f8dfd83,15,2026-07-25 15:54:59.201-03,%,0,15,3f621f3e-720d-4c68-b436-eaac939ec515,Dinheiro,Cuca Enrolada de Amendoim,1,15,3f621f3e-720d-4c68-b436-eaac939ec515,Wolksfest Agudo
361b9a55-7fd3-448f-be8d-6167d3175f21,25,2026-07-25 15:58:50.7-03,%,0,25,3f621f3e-720d-4c68-b436-eaac939ec515,Dinheiro,Cuca Alemã,1,25,3f621f3e-720d-4c68-b436-eaac939ec515,Wolksfest Agudo
3d7ac094-a009-4cc5-9015-27174a3c7ceb,25,2026-07-25 15:59:36.022-03,%,0,25,3f621f3e-720d-4c68-b436-eaac939ec515,Dinheiro,Alfajor Preto (Display x1),3,5,3f621f3e-720d-4c68-b436-eaac939ec515,Wolksfest Agudo
3d7ac094-a009-4cc5-9015-27174a3c7ceb,25,2026-07-25 15:59:36.022-03,%,0,25,3f621f3e-720d-4c68-b436-eaac939ec515,Dinheiro,Rapadura Assada,2,5,3f621f3e-720d-4c68-b436-eaac939ec515,Wolksfest Agudo
452743d4-5fca-465a-8eb9-cefb742cb4fa,25,2026-07-25 16:03:19.158-03,%,0,25,3f621f3e-720d-4c68-b436-eaac939ec515,Dinheiro,Cuca Alemã,1,25,3f621f3e-720d-4c68-b436-eaac939ec515,Wolksfest Agudo
58eeae03-c8c9-46a0-923e-fa3d91895a2d,25,2026-07-25 16:06:32.452-03,%,0,25,3f621f3e-720d-4c68-b436-eaac939ec515,Cartão,Cuca Alemã,1,25,3f621f3e-720d-4c68-b436-eaac939ec515,Wolksfest Agudo
48f807f9-77e9-4d4a-8321-7e1d2db7d313,20,2026-07-25 16:07:59.372-03,%,0,20,3f621f3e-720d-4c68-b436-eaac939ec515,Dinheiro,Rapadura de Melado (Pacote x3),3,6.666666666666667,3f621f3e-720d-4c68-b436-eaac939ec515,Wolksfest Agudo
3a696889-fb48-4b17-a2c5-3dbb0fe98420,25,2026-07-25 16:10:33.588-03,%,0,25,3f621f3e-720d-4c68-b436-eaac939ec515,Dinheiro,Cuca Alemã,1,25,3f621f3e-720d-4c68-b436-eaac939ec515,Wolksfest Agudo
b284df9c-71a9-4341-84eb-daa813139c77,25,2026-07-25 16:10:52.352-03,%,0,25,3f621f3e-720d-4c68-b436-eaac939ec515,Dinheiro,Cuca Alemã,1,25,3f621f3e-720d-4c68-b436-eaac939ec515,Wolksfest Agudo
1faec839-7790-4a3b-9235-73d1d19cc83c,40,2026-07-25 16:11:25.037-03,%,0,40,3f621f3e-720d-4c68-b436-eaac939ec515,Dinheiro,Cuca Alemã,1,25,3f621f3e-720d-4c68-b436-eaac939ec515,Wolksfest Agudo
1faec839-7790-4a3b-9235-73d1d19cc83c,40,2026-07-25 16:11:25.037-03,%,0,40,3f621f3e-720d-4c68-b436-eaac939ec515,Dinheiro,Cuca Enrolada de Amendoim,1,15,3f621f3e-720d-4c68-b436-eaac939ec515,Wolksfest Agudo
f7cd8d4b-7cc8-4a1f-9517-3af3d035f286,50,2026-07-25 16:12:26.419-03,%,0,50,3f621f3e-720d-4c68-b436-eaac939ec515,Dinheiro,Cuca Alemã,2,25,3f621f3e-720d-4c68-b436-eaac939ec515,Wolksfest Agudo
7ad0c184-0fdf-4478-a069-144fb2d737a9,25,2026-07-25 16:13:45.532-03,%,0,25,3f621f3e-720d-4c68-b436-eaac939ec515,Dinheiro,Cuca Alemã,1,25,3f621f3e-720d-4c68-b436-eaac939ec515,Wolksfest Agudo
70df8e7b-8215-4c32-88f1-0ad65b914067,7,2026-07-25 16:14:34.782-03,%,0,7,3f621f3e-720d-4c68-b436-eaac939ec515,Dinheiro,Carrapinha,1,7,3f621f3e-720d-4c68-b436-eaac939ec515,Wolksfest Agudo
f8c56111-18af-4aed-9689-7efc35f3fd4e,55,2026-07-25 16:23:21.94-03,%,0,55,3f621f3e-720d-4c68-b436-eaac939ec515,Dinheiro,Cuca Alemã,1,25,3f621f3e-720d-4c68-b436-eaac939ec515,Wolksfest Agudo
f8c56111-18af-4aed-9689-7efc35f3fd4e,55,2026-07-25 16:23:21.94-03,%,0,55,3f621f3e-720d-4c68-b436-eaac939ec515,Dinheiro,Cuca Enrolada de Amendoim,2,15,3f621f3e-720d-4c68-b436-eaac939ec515,Wolksfest Agudo
d9f662ff-4526-44d7-8227-8b27dbc2dff8,50,2026-07-25 16:25:37.621-03,%,0,50,3f621f3e-720d-4c68-b436-eaac939ec515,Cartão,Cuca Alemã,2,25,3f621f3e-720d-4c68-b436-eaac939ec515,Wolksfest Agudo
fafc7dfa-da17-400a-9957-7e5c443770b6,20,2026-07-25 16:28:02.819-03,%,0,20,3f621f3e-720d-4c68-b436-eaac939ec515,Dinheiro,Rapadura de Melado (Pacote x3),3,6.666666666666667,3f621f3e-720d-4c68-b436-eaac939ec515,Wolksfest Agudo
b9643eb3-b994-4397-9578-10dfdc0be3c9,50,2026-07-25 16:28:49.627-03,%,0,50,3f621f3e-720d-4c68-b436-eaac939ec515,Cartão,Cuca Alemã,2,25,3f621f3e-720d-4c68-b436-eaac939ec515,Wolksfest Agudo
8d3f3239-c874-41a7-8ee2-3d2f85a5377f,20,2026-07-25 16:29:02.645-03,R$,5,25,3f621f3e-720d-4c68-b436-eaac939ec515,Dinheiro,Cuca Alemã,1,25,3f621f3e-720d-4c68-b436-eaac939ec515,Wolksfest Agudo
7c808a44-3855-4794-a57d-42c6f837ea85,50,2026-07-25 16:30:31.963-03,R$,0,50,3f621f3e-720d-4c68-b436-eaac939ec515,Dinheiro,Cuca Alemã,2,25,3f621f3e-720d-4c68-b436-eaac939ec515,Wolksfest Agudo
eeb1da95-8ec6-43e8-a711-78a2415a0072,25,2026-07-25 16:30:50.76-03,R$,0,25,3f621f3e-720d-4c68-b436-eaac939ec515,Dinheiro,Cuca Alemã,1,25,3f621f3e-720d-4c68-b436-eaac939ec515,Wolksfest Agudo
7d1601f4-938a-4afb-936c-2d549228898c,50,2026-07-25 16:35:50.259-03,R$,0,50,3f621f3e-720d-4c68-b436-eaac939ec515,Dinheiro,Cuca Alemã,2,25,3f621f3e-720d-4c68-b436-eaac939ec515,Wolksfest Agudo
ec24e7f0-2c12-45fd-a963-5daf1dad2904,20,2026-07-25 16:37:32.037-03,R$,0,20,3f621f3e-720d-4c68-b436-eaac939ec515,Dinheiro,Alfajor Branco (Bandeja x5),5,4,3f621f3e-720d-4c68-b436-eaac939ec515,Wolksfest Agudo
781a3d8c-8d72-4706-907d-122db2ab5d4c,25,2026-07-25 16:38:37.514-03,R$,0,25,3f621f3e-720d-4c68-b436-eaac939ec515,Cartão,Cuca Alemã,1,25,3f621f3e-720d-4c68-b436-eaac939ec515,Wolksfest Agudo
0fd634d4-33ff-4fab-8f0f-6b041587efef,12,2026-07-25 16:40:58.657-03,R$,0,12,3f621f3e-720d-4c68-b436-eaac939ec515,Cartão,Rapadura de Melado,1,7,3f621f3e-720d-4c68-b436-eaac939ec515,Wolksfest Agudo
0fd634d4-33ff-4fab-8f0f-6b041587efef,12,2026-07-25 16:40:58.657-03,R$,0,12,3f621f3e-720d-4c68-b436-eaac939ec515,Cartão,Rapadura Assada,1,5,3f621f3e-720d-4c68-b436-eaac939ec515,Wolksfest Agudo
5390c48f-2b42-4f26-af6c-2ad5569bae06,25,2026-07-25 16:41:28.61-03,R$,0,25,3f621f3e-720d-4c68-b436-eaac939ec515,Dinheiro,Cuca Alemã,1,25,3f621f3e-720d-4c68-b436-eaac939ec515,Wolksfest Agudo
5a9daa72-7a87-4d78-8676-cada3d407d0b,40,2026-07-25 16:42:11.767-03,R$,0,40,3f621f3e-720d-4c68-b436-eaac939ec515,Dinheiro,Rapadura de Melado (Pacote x3),6,6.666666666666667,3f621f3e-720d-4c68-b436-eaac939ec515,Wolksfest Agudo
4feb63d4-b071-4672-ac46-a1156b213f3e,175,2026-07-25 16:43:42.246-03,R$,0,175,3f621f3e-720d-4c68-b436-eaac939ec515,Dinheiro,Cuca Alemã,7,25,3f621f3e-720d-4c68-b436-eaac939ec515,Wolksfest Agudo
148cbd8f-661e-4e9c-ad4d-f570706a3dd9,15,2026-07-25 16:44:21.142-03,R$,0,15,3f621f3e-720d-4c68-b436-eaac939ec515,Cartão,Cuca Enrolada de Amendoim,1,15,3f621f3e-720d-4c68-b436-eaac939ec515,Wolksfest Agudo
8adad21a-feb2-434b-9e45-fe5ed7a0a9fe,25,2026-07-25 16:45:05.991-03,R$,0,25,3f621f3e-720d-4c68-b436-eaac939ec515,Cartão,Cuca Alemã,1,25,3f621f3e-720d-4c68-b436-eaac939ec515,Wolksfest Agudo
a682a039-8915-4690-9e58-c6ecae6a5d42,45,2026-07-25 16:45:57.182-03,R$,0,45,3f621f3e-720d-4c68-b436-eaac939ec515,Cartão,Cuca Alemã,1,25,3f621f3e-720d-4c68-b436-eaac939ec515,Wolksfest Agudo
a682a039-8915-4690-9e58-c6ecae6a5d42,45,2026-07-25 16:45:57.182-03,R$,0,45,3f621f3e-720d-4c68-b436-eaac939ec515,Cartão,Alfajor Branco (Bandeja x5),5,4,3f621f3e-720d-4c68-b436-eaac939ec515,Wolksfest Agudo
2107f7ec-ffdb-422b-b978-6f98e4ce1778,45,2026-07-25 16:45:57.182-03,R$,0,45,3f621f3e-720d-4c68-b436-eaac939ec515,Cartão,Cuca Alemã,1,25,3f621f3e-720d-4c68-b436-eaac939ec515,Wolksfest Agudo
2107f7ec-ffdb-422b-b978-6f98e4ce1778,45,2026-07-25 16:45:57.182-03,R$,0,45,3f621f3e-720d-4c68-b436-eaac939ec515,Cartão,Alfajor Branco (Bandeja x5),5,4,3f621f3e-720d-4c68-b436-eaac939ec515,Wolksfest Agudo
99b21c7f-a0ae-4346-b187-4e25688d300a,25,2026-07-25 16:47:48.375-03,R$,0,25,3f621f3e-720d-4c68-b436-eaac939ec515,Cartão,Cuca Alemã,1,25,3f621f3e-720d-4c68-b436-eaac939ec515,Wolksfest Agudo
095ccb70-7bae-4bf7-9adc-a4ceb35565d7,120,2026-07-25 16:48:37.39-03,R$,0,120,3f621f3e-720d-4c68-b436-eaac939ec515,Cartão,Cuca Alemã,3,25,3f621f3e-720d-4c68-b436-eaac939ec515,Wolksfest Agudo
095ccb70-7bae-4bf7-9adc-a4ceb35565d7,120,2026-07-25 16:48:37.39-03,R$,0,120,3f621f3e-720d-4c68-b436-eaac939ec515,Cartão,Rapadura Assada (Pacote x6),6,4.166666666666667,3f621f3e-720d-4c68-b436-eaac939ec515,Wolksfest Agudo
095ccb70-7bae-4bf7-9adc-a4ceb35565d7,120,2026-07-25 16:48:37.39-03,R$,0,120,3f621f3e-720d-4c68-b436-eaac939ec515,Cartão,Alfajor Preto (Bandeja x5),5,4,3f621f3e-720d-4c68-b436-eaac939ec515,Wolksfest Agudo
cbb841e1-3a00-4b73-b5da-c0c300a3cf01,14,2026-07-25 16:49:08.028-03,R$,0,14,3f621f3e-720d-4c68-b436-eaac939ec515,Dinheiro,Rapadura de Melado,2,7,3f621f3e-720d-4c68-b436-eaac939ec515,Wolksfest Agudo
fb98ead0-d528-4dc1-b01a-7d09c05d1c21,5,2026-07-25 16:52:58.288-03,R$,0,5,3f621f3e-720d-4c68-b436-eaac939ec515,Dinheiro,Alfajor Preto (Display x1),1,5,3f621f3e-720d-4c68-b436-eaac939ec515,Wolksfest Agudo
4663d408-cfc7-4e15-8229-b3bed143305b,50,2026-07-25 16:54:08.18-03,R$,0,50,3f621f3e-720d-4c68-b436-eaac939ec515,Cartão,Cuca Alemã,2,25,3f621f3e-720d-4c68-b436-eaac939ec515,Wolksfest Agudo
d732c6ef-a495-40a6-b18c-f7fce275af3e,25,2026-07-25 16:54:32.46-03,R$,0,25,3f621f3e-720d-4c68-b436-eaac939ec515,Dinheiro,Cuca Alemã,1,25,3f621f3e-720d-4c68-b436-eaac939ec515,Wolksfest Agudo
177c6624-5e66-4467-9d0a-ca621a4e0958,25,2026-07-25 16:58:50.457-03,R$,0,25,3f621f3e-720d-4c68-b436-eaac939ec515,Dinheiro,Rapadura Assada (Pacote x6),6,4.166666666666667,3f621f3e-720d-4c68-b436-eaac939ec515,Wolksfest Agudo
82f1dd30-c705-4f02-b5d4-d095f887148e,50,2026-07-25 16:59:56.774-03,R$,0,50,3f621f3e-720d-4c68-b436-eaac939ec515,Dinheiro,Cuca Alemã,2,25,3f621f3e-720d-4c68-b436-eaac939ec515,Wolksfest Agudo
4d4f1c43-67cd-4ab6-93f6-143bb22ffc8a,30,2026-07-25 17:04:40.638-03,R$,0,30,3f621f3e-720d-4c68-b436-eaac939ec515,Pix,Cuca Alemã,1,25,3f621f3e-720d-4c68-b436-eaac939ec515,Wolksfest Agudo
4d4f1c43-67cd-4ab6-93f6-143bb22ffc8a,30,2026-07-25 17:04:40.638-03,R$,0,30,3f621f3e-720d-4c68-b436-eaac939ec515,Pix,Rapadura Assada,1,5,3f621f3e-720d-4c68-b436-eaac939ec515,Wolksfest Agudo
06d30dc4-5b06-4edd-ba43-afefd401a8fc,37,2026-07-25 17:06:11.522-03,R$,0,37,3f621f3e-720d-4c68-b436-eaac939ec515,Cartão,Cuca Alemã,1,25,3f621f3e-720d-4c68-b436-eaac939ec515,Wolksfest Agudo
06d30dc4-5b06-4edd-ba43-afefd401a8fc,37,2026-07-25 17:06:11.522-03,R$,0,37,3f621f3e-720d-4c68-b436-eaac939ec515,Cartão,Alfajor Preto (Display x1),1,5,3f621f3e-720d-4c68-b436-eaac939ec515,Wolksfest Agudo
06d30dc4-5b06-4edd-ba43-afefd401a8fc,37,2026-07-25 17:06:11.522-03,R$,0,37,3f621f3e-720d-4c68-b436-eaac939ec515,Cartão,Carrapinha,1,7,3f621f3e-720d-4c68-b436-eaac939ec515,Wolksfest Agudo
3ff3a28a-b1cb-4194-9084-84d31f4a2a97,50,2026-07-25 17:07:21.371-03,R$,0,50,3f621f3e-720d-4c68-b436-eaac939ec515,Dinheiro,Cuca Alemã,2,25,3f621f3e-720d-4c68-b436-eaac939ec515,Wolksfest Agudo
6339dfd5-eb10-4ff1-a550-176db28da3b0,10,2026-07-25 17:07:47.138-03,R$,0,10,3f621f3e-720d-4c68-b436-eaac939ec515,Dinheiro,"Bolacha de manteiga ",1,10,3f621f3e-720d-4c68-b436-eaac939ec515,Wolksfest Agudo
6f5602e9-8ed9-4a61-8005-09a271c661ef,50,2026-07-25 17:10:36.881-03,R$,0,50,3f621f3e-720d-4c68-b436-eaac939ec515,Cartão,Cuca Alemã,2,25,3f621f3e-720d-4c68-b436-eaac939ec515,Wolksfest Agudo
d5cef4c7-2dd5-40f2-be94-1ab84a048bdf,25,2026-07-25 17:12:20.357-03,R$,0,25,3f621f3e-720d-4c68-b436-eaac939ec515,Dinheiro,Cuca Alemã,1,25,3f621f3e-720d-4c68-b436-eaac939ec515,Wolksfest Agudo
44888488-349a-42ad-ae1d-98ccef41ae36,25,2026-07-25 17:13:15.682-03,R$,0,25,3f621f3e-720d-4c68-b436-eaac939ec515,Dinheiro,Cuca Alemã,1,25,3f621f3e-720d-4c68-b436-eaac939ec515,Wolksfest Agudo
3a891653-d85c-4fcf-8044-df90bad28572,25,2026-07-25 17:13:54.874-03,R$,0,25,3f621f3e-720d-4c68-b436-eaac939ec515,Dinheiro,Cuca Alemã,1,25,3f621f3e-720d-4c68-b436-eaac939ec515,Wolksfest Agudo
8519bc73-517d-440b-ac83-4c9d6f1c7833,50,2026-07-25 17:15:36.142-03,R$,0,50,3f621f3e-720d-4c68-b436-eaac939ec515,Dinheiro,Cuca Alemã,2,25,3f621f3e-720d-4c68-b436-eaac939ec515,Wolksfest Agudo
b64ddfca-99b7-4d74-b2e5-13cce7c30bff,50,2026-07-25 17:16:56.598-03,R$,0,50,3f621f3e-720d-4c68-b436-eaac939ec515,Cartão,Cuca Alemã,1,25,3f621f3e-720d-4c68-b436-eaac939ec515,Wolksfest Agudo
b64ddfca-99b7-4d74-b2e5-13cce7c30bff,50,2026-07-25 17:16:56.598-03,R$,0,50,3f621f3e-720d-4c68-b436-eaac939ec515,Cartão,Rapadura Assada (Pacote x6),6,4.166666666666667,3f621f3e-720d-4c68-b436-eaac939ec515,Wolksfest Agudo
d9fa027d-38cd-4f04-8243-746e9ed50609,25,2026-07-25 17:19:40.493-03,R$,0,25,3f621f3e-720d-4c68-b436-eaac939ec515,Cartão,Cuca Alemã,1,25,3f621f3e-720d-4c68-b436-eaac939ec515,Wolksfest Agudo
3fae2721-0b5a-4f97-9bae-382c22fe45c1,7,2026-07-25 17:20:30.902-03,R$,0,7,3f621f3e-720d-4c68-b436-eaac939ec515,Cartão,Rapadura de Melado,1,7,3f621f3e-720d-4c68-b436-eaac939ec515,Wolksfest Agudo
c25d5e1c-1751-472f-b257-9116e3953dfe,25,2026-07-25 17:21:17.628-03,R$,0,25,3f621f3e-720d-4c68-b436-eaac939ec515,Dinheiro,Cuca Alemã,1,25,3f621f3e-720d-4c68-b436-eaac939ec515,Wolksfest Agudo
01ae57cf-160d-42b2-8113-cfa72086b76d,25,2026-07-25 17:22:57.662-03,R$,0,25,3f621f3e-720d-4c68-b436-eaac939ec515,Cartão,Cuca Alemã,1,25,3f621f3e-720d-4c68-b436-eaac939ec515,Wolksfest Agudo
bd9282dd-3ec4-4cbe-a1be-da3183a0d6f3,25,2026-07-25 17:23:37.596-03,R$,0,25,3f621f3e-720d-4c68-b436-eaac939ec515,Dinheiro,Rapadura Assada (Pacote x6),6,4.166666666666667,3f621f3e-720d-4c68-b436-eaac939ec515,Wolksfest Agudo
c7c5a7d6-8fa2-4fd5-9560-47b6e82aa0d2,25,2026-07-25 17:25:38.192-03,R$,0,25,3f621f3e-720d-4c68-b436-eaac939ec515,Dinheiro,Rapadura Assada (Pacote x6),6,4.166666666666667,3f621f3e-720d-4c68-b436-eaac939ec515,Wolksfest Agudo
db2e1b0e-cf25-41f9-a78a-d5134f761945,50,2026-07-25 17:27:38.377-03,R$,0,50,3f621f3e-720d-4c68-b436-eaac939ec515,Dinheiro,Cuca Alemã,2,25,3f621f3e-720d-4c68-b436-eaac939ec515,Wolksfest Agudo
f8babbd8-9fc1-43c5-abf1-86b937536424,125,2026-07-25 17:39:12.272-03,R$,0,125,3f621f3e-720d-4c68-b436-eaac939ec515,Dinheiro,Cuca Alemã,5,25,3f621f3e-720d-4c68-b436-eaac939ec515,Wolksfest Agudo
71f7d012-1a47-4d1a-a70d-5f69bc6f6853,20,2026-07-25 17:40:09.546-03,R$,0,20,3f621f3e-720d-4c68-b436-eaac939ec515,Cartão,Alfajor Preto (Bandeja x5),5,4,3f621f3e-720d-4c68-b436-eaac939ec515,Wolksfest Agudo
c01e559b-1db3-4df6-8c13-9e5d5e616dfe,25,2026-07-25 17:41:11.036-03,R$,0,25,3f621f3e-720d-4c68-b436-eaac939ec515,Dinheiro,Cuca Alemã,1,25,3f621f3e-720d-4c68-b436-eaac939ec515,Wolksfest Agudo
dd7ac7fc-0107-498e-9197-2ed4ab499bcb,50,2026-07-25 17:41:15.635-03,R$,0,50,3f621f3e-720d-4c68-b436-eaac939ec515,Dinheiro,Cuca Alemã,2,25,3f621f3e-720d-4c68-b436-eaac939ec515,Wolksfest Agudo
4cfab038-e05e-49bc-b5eb-d8d8c90b311b,65,2026-07-25 17:41:40.132-03,R$,0,65,3f621f3e-720d-4c68-b436-eaac939ec515,Cartão,Cuca Alemã,2,25,3f621f3e-720d-4c68-b436-eaac939ec515,Wolksfest Agudo
4cfab038-e05e-49bc-b5eb-d8d8c90b311b,65,2026-07-25 17:41:40.132-03,R$,0,65,3f621f3e-720d-4c68-b436-eaac939ec515,Cartão,Cuca Enrolada de Amendoim,1,15,3f621f3e-720d-4c68-b436-eaac939ec515,Wolksfest Agudo
d27dabf6-835a-4248-a55b-9b14c16e883b,40,2026-07-25 17:51:10.172-03,%,0,40,3f621f3e-720d-4c68-b436-eaac939ec515,Dinheiro,Cuca Alemã,1,25,3f621f3e-720d-4c68-b436-eaac939ec515,Wolksfest Agudo
d27dabf6-835a-4248-a55b-9b14c16e883b,40,2026-07-25 17:51:10.172-03,%,0,40,3f621f3e-720d-4c68-b436-eaac939ec515,Dinheiro,Cuca Enrolada de Amendoim,1,15,3f621f3e-720d-4c68-b436-eaac939ec515,Wolksfest Agudo
7ca7a7fe-7346-43c5-ab42-0eba3cfc09ca,25,2026-07-25 17:54:34.81-03,%,0,25,3f621f3e-720d-4c68-b436-eaac939ec515,Cartão,Cuca Alemã,1,25,3f621f3e-720d-4c68-b436-eaac939ec515,Wolksfest Agudo
6a71298d-d2b8-4a70-ad54-c19af545fd79,25,2026-07-25 17:55:46.414-03,%,0,25,3f621f3e-720d-4c68-b436-eaac939ec515,Dinheiro,Cuca Alemã,1,25,3f621f3e-720d-4c68-b436-eaac939ec515,Wolksfest Agudo
14cb2847-3380-4b5c-ba19-c0aa4ae10f75,25,2026-07-25 17:56:38.505-03,%,0,25,3f621f3e-720d-4c68-b436-eaac939ec515,Dinheiro,Cuca Alemã,1,25,3f621f3e-720d-4c68-b436-eaac939ec515,Wolksfest Agudo
e9cfda67-d748-4273-b374-e4ee980a31ad,25,2026-07-25 18:08:43.265-03,%,0,25,3f621f3e-720d-4c68-b436-eaac939ec515,Cartão,Cuca Alemã,1,25,3f621f3e-720d-4c68-b436-eaac939ec515,Wolksfest Agudo
3c96e8e2-026e-4e23-aaf9-be5b821609dd,25,2026-07-25 18:09:38.675-03,%,0,25,3f621f3e-720d-4c68-b436-eaac939ec515,Dinheiro,Cuca Alemã,1,25,3f621f3e-720d-4c68-b436-eaac939ec515,Wolksfest Agudo
a08ad724-95a5-481a-86bc-b276d63b3afd,25,2026-07-25 18:09:59.873-03,%,0,25,3f621f3e-720d-4c68-b436-eaac939ec515,Cartão,Cuca Alemã,1,25,3f621f3e-720d-4c68-b436-eaac939ec515,Wolksfest Agudo
70ec7cac-ee6d-45ca-9276-34181a895f24,50,2026-07-25 18:13:04.428-03,%,0,50,3f621f3e-720d-4c68-b436-eaac939ec515,Cartão,Cuca Alemã,2,25,3f621f3e-720d-4c68-b436-eaac939ec515,Wolksfest Agudo
d6e43b25-1611-4a42-8852-65cd1217e9c8,25,2026-07-25 18:13:30.507-03,%,0,25,3f621f3e-720d-4c68-b436-eaac939ec515,Dinheiro,Cuca Alemã,1,25,3f621f3e-720d-4c68-b436-eaac939ec515,Wolksfest Agudo
5b949e96-92c2-43a8-95f3-5e3e06199d34,50,2026-07-25 18:14:42.795-03,%,0,50,3f621f3e-720d-4c68-b436-eaac939ec515,Dinheiro,Cuca Alemã,2,25,3f621f3e-720d-4c68-b436-eaac939ec515,Wolksfest Agudo
08cbaa2a-72f5-4a17-b10a-3a3aaf8bfe0d,50,2026-07-25 18:16:52.174-03,%,0,50,3f621f3e-720d-4c68-b436-eaac939ec515,Cartão,Cuca Alemã,2,25,3f621f3e-720d-4c68-b436-eaac939ec515,Wolksfest Agudo
2b81b4fc-a5d7-4f96-9a8e-6aef476c6a75,50,2026-07-25 18:18:45.134-03,%,0,50,3f621f3e-720d-4c68-b436-eaac939ec515,Cartão,Cuca Alemã,2,25,3f621f3e-720d-4c68-b436-eaac939ec515,Wolksfest Agudo
6cdcc603-e34d-4afe-8619-e7b42679deb4,25,2026-07-25 18:24:48.3-03,%,0,25,3f621f3e-720d-4c68-b436-eaac939ec515,Cartão,Cuca Alemã,1,25,3f621f3e-720d-4c68-b436-eaac939ec515,Wolksfest Agudo
079edc3a-1e05-4aac-8cf1-47115c615066,25,2026-07-25 18:24:53.281-03,%,0,25,3f621f3e-720d-4c68-b436-eaac939ec515,Dinheiro,Cuca Alemã,1,25,3f621f3e-720d-4c68-b436-eaac939ec515,Wolksfest Agudo
59400531-584e-49e6-bad7-f6529afd45d0,20,2026-07-25 18:26:33.574-03,%,0,20,3f621f3e-720d-4c68-b436-eaac939ec515,Dinheiro,Rapadura de Melado (Pacote x3),3,6.666666666666667,3f621f3e-720d-4c68-b436-eaac939ec515,Wolksfest Agudo
b7c7a4c4-0fe6-4e70-9d68-466544d9bbc0,25,2026-07-25 18:27:25.035-03,%,0,25,3f621f3e-720d-4c68-b436-eaac939ec515,Cartão,Cuca Alemã,1,25,3f621f3e-720d-4c68-b436-eaac939ec515,Wolksfest Agudo
5f776b11-18ec-4231-b21c-e7ea11d8f801,20,2026-07-25 18:28:58.619-03,%,0,20,3f621f3e-720d-4c68-b436-eaac939ec515,Pix,Alfajor Preto (Bandeja x5),5,4,3f621f3e-720d-4c68-b436-eaac939ec515,Wolksfest Agudo
cb67c1bd-5d1b-439f-a666-95d39b2dc81e,25,2026-07-25 18:34:02.135-03,%,0,25,3f621f3e-720d-4c68-b436-eaac939ec515,Dinheiro,Cuca Alemã,1,25,3f621f3e-720d-4c68-b436-eaac939ec515,Wolksfest Agudo
7fe70702-fb3a-4793-a774-86a419ecc5e8,25,2026-07-25 18:34:10.062-03,%,0,25,3f621f3e-720d-4c68-b436-eaac939ec515,Pix,Cuca Alemã,1,25,3f621f3e-720d-4c68-b436-eaac939ec515,Wolksfest Agudo
cae75261-699e-4061-b4c2-f86af6f807f8,30,2026-07-25 18:35:22.19-03,%,0,30,3f621f3e-720d-4c68-b436-eaac939ec515,Dinheiro,Cuca Enrolada de Amendoim,1,15,3f621f3e-720d-4c68-b436-eaac939ec515,Wolksfest Agudo
cae75261-699e-4061-b4c2-f86af6f807f8,30,2026-07-25 18:35:22.19-03,%,0,30,3f621f3e-720d-4c68-b436-eaac939ec515,Dinheiro,Cuca Enrolada de Chocolate,1,15,3f621f3e-720d-4c68-b436-eaac939ec515,Wolksfest Agudo
b5cb9ee7-5cbf-45b6-a7e7-cb659ddcf818,25,2026-07-25 18:38:42.841-03,%,0,25,3f621f3e-720d-4c68-b436-eaac939ec515,Dinheiro,Cuca Alemã,1,25,3f621f3e-720d-4c68-b436-eaac939ec515,Wolksfest Agudo
52adb607-60e2-480c-bf23-a532789d1cb0,65,2026-07-25 18:40:19.01-03,%,0,65,3f621f3e-720d-4c68-b436-eaac939ec515,Pix,Cuca Alemã,2,25,3f621f3e-720d-4c68-b436-eaac939ec515,Wolksfest Agudo
52adb607-60e2-480c-bf23-a532789d1cb0,65,2026-07-25 18:40:19.01-03,%,0,65,3f621f3e-720d-4c68-b436-eaac939ec515,Pix,Cuca Enrolada de Amendoim,1,15,3f621f3e-720d-4c68-b436-eaac939ec515,Wolksfest Agudo
c6a1ea78-990a-4059-a1b9-415b76c7f459,25,2026-07-25 18:41:57.883-03,%,0,25,3f621f3e-720d-4c68-b436-eaac939ec515,Cartão,Cuca Alemã,1,25,3f621f3e-720d-4c68-b436-eaac939ec515,Wolksfest Agudo
2d5be789-6fa9-4334-88aa-617dcb12ba36,25,2026-07-25 18:43:40.646-03,%,0,25,3f621f3e-720d-4c68-b436-eaac939ec515,Dinheiro,Cuca Alemã,1,25,3f621f3e-720d-4c68-b436-eaac939ec515,Wolksfest Agudo
94bc2a0f-18ff-4b20-9481-cdd0b3662641,25,2026-07-25 18:45:28.174-03,%,0,25,3f621f3e-720d-4c68-b436-eaac939ec515,Pix,Cuca Alemã,1,25,3f621f3e-720d-4c68-b436-eaac939ec515,Wolksfest Agudo
8897bca3-0f98-4f9d-83f5-2795a3b9fed5,40,2026-07-25 18:48:00.89-03,%,0,40,3f621f3e-720d-4c68-b436-eaac939ec515,Dinheiro,Cuca Alemã,1,25,3f621f3e-720d-4c68-b436-eaac939ec515,Wolksfest Agudo
8897bca3-0f98-4f9d-83f5-2795a3b9fed5,40,2026-07-25 18:48:00.89-03,%,0,40,3f621f3e-720d-4c68-b436-eaac939ec515,Dinheiro,Cuca Enrolada de Amendoim,1,15,3f621f3e-720d-4c68-b436-eaac939ec515,Wolksfest Agudo
508ec786-137f-48a8-850d-916292577d99,15,2026-07-25 18:58:38.454-03,%,0,15,3f621f3e-720d-4c68-b436-eaac939ec515,Dinheiro,Cuca Enrolada de Amendoim,1,15,3f621f3e-720d-4c68-b436-eaac939ec515,Wolksfest Agudo
d315d955-3b63-49b5-9e10-d30efbc57a0c,25,2026-07-25 19:04:32.277-03,%,0,25,3f621f3e-720d-4c68-b436-eaac939ec515,Pix,Cuca Alemã,1,25,3f621f3e-720d-4c68-b436-eaac939ec515,Wolksfest Agudo
320f1ffc-5ade-44a0-bf7b-d4bd3761e873,40,2026-07-25 19:07:41.827-03,%,0,40,3f621f3e-720d-4c68-b436-eaac939ec515,Pix,Cuca Alemã,1,25,3f621f3e-720d-4c68-b436-eaac939ec515,Wolksfest Agudo
320f1ffc-5ade-44a0-bf7b-d4bd3761e873,40,2026-07-25 19:07:41.827-03,%,0,40,3f621f3e-720d-4c68-b436-eaac939ec515,Pix,Cuca Enrolada de Chocolate,1,15,3f621f3e-720d-4c68-b436-eaac939ec515,Wolksfest Agudo
f0da4f11-c09d-40c3-b27d-e1744d7421e9,15,2026-07-25 19:07:56.331-03,%,0,15,3f621f3e-720d-4c68-b436-eaac939ec515,Cartão,Cuca Enrolada de Amendoim,1,15,3f621f3e-720d-4c68-b436-eaac939ec515,Wolksfest Agudo
c147aea4-1e7b-4215-a29a-c29b0367d0a5,50,2026-07-25 19:09:47.681-03,%,0,50,3f621f3e-720d-4c68-b436-eaac939ec515,Cartão,Cuca Alemã,2,25,3f621f3e-720d-4c68-b436-eaac939ec515,Wolksfest Agudo
c389dfe6-df9e-4af8-909b-f53ed005f1a5,20,2026-07-25 19:11:33.279-03,%,0,20,3f621f3e-720d-4c68-b436-eaac939ec515,Dinheiro,Rapadura de Melado (Pacote x3),3,6.666666666666667,3f621f3e-720d-4c68-b436-eaac939ec515,Wolksfest Agudo
4a1f0fc6-604e-4ce9-8dfb-3b88c1db55c5,25,2026-07-25 19:12:31.021-03,%,0,25,3f621f3e-720d-4c68-b436-eaac939ec515,Cartão,Cuca Alemã,1,25,3f621f3e-720d-4c68-b436-eaac939ec515,Wolksfest Agudo
8f6957a1-7793-4ca0-b586-02932fcc3bc2,25,2026-07-25 19:15:32.479-03,%,0,25,3f621f3e-720d-4c68-b436-eaac939ec515,Dinheiro,Cuca Alemã,1,25,3f621f3e-720d-4c68-b436-eaac939ec515,Wolksfest Agudo
3ce4337b-c87b-44f0-8870-c8acdff71ec8,50,2026-07-25 19:20:10.38-03,%,0,50,3f621f3e-720d-4c68-b436-eaac939ec515,Cartão,Cuca Alemã,2,25,3f621f3e-720d-4c68-b436-eaac939ec515,Wolksfest Agudo
2b7591ac-4f0c-41f6-a50e-312efb8c81ca,35,2026-07-25 19:22:52.333-03,%,0,35,3f621f3e-720d-4c68-b436-eaac939ec515,Dinheiro,Cuca Enrolada de Chocolate,1,15,3f621f3e-720d-4c68-b436-eaac939ec515,Wolksfest Agudo
2b7591ac-4f0c-41f6-a50e-312efb8c81ca,35,2026-07-25 19:22:52.333-03,%,0,35,3f621f3e-720d-4c68-b436-eaac939ec515,Dinheiro,Alfajor Preto (Pacote x4),4,5,3f621f3e-720d-4c68-b436-eaac939ec515,Wolksfest Agudo
43f7dd46-5508-4926-9911-ca0826241a00,20,2026-07-25 19:23:49.051-03,%,0,20,3f621f3e-720d-4c68-b436-eaac939ec515,Dinheiro,Rapadura de Melado Grão Moído (Pacote x1),1,20,3f621f3e-720d-4c68-b436-eaac939ec515,Wolksfest Agudo
44aa6380-16d0-4035-b01d-dc0993ca01de,25,2026-07-25 19:25:59.256-03,%,0,25,3f621f3e-720d-4c68-b436-eaac939ec515,Cartão,Cuca Alemã,1,25,3f621f3e-720d-4c68-b436-eaac939ec515,Wolksfest Agudo
6e9e8d74-1915-437b-bd2a-071c9ef976ab,25,2026-07-25 19:32:14.343-03,%,0,25,3f621f3e-720d-4c68-b436-eaac939ec515,Dinheiro,Cuca Alemã,1,25,3f621f3e-720d-4c68-b436-eaac939ec515,Wolksfest Agudo
b5d806e6-2403-4625-a090-2ee61ceda0fa,25,2026-07-25 19:35:13.908-03,%,0,25,3f621f3e-720d-4c68-b436-eaac939ec515,Dinheiro,Cuca Alemã,1,25,3f621f3e-720d-4c68-b436-eaac939ec515,Wolksfest Agudo
d6050120-8733-4e2b-a5e9-f1b738d4272f,25,2026-07-25 19:35:36.397-03,%,0,25,3f621f3e-720d-4c68-b436-eaac939ec515,Cartão,Cuca Alemã,1,25,3f621f3e-720d-4c68-b436-eaac939ec515,Wolksfest Agudo
1f9506f7-4362-46b4-80f8-7eb4c10c3861,50,2026-07-25 19:36:18.152-03,%,0,50,3f621f3e-720d-4c68-b436-eaac939ec515,Dinheiro,Cuca Alemã,2,25,3f621f3e-720d-4c68-b436-eaac939ec515,Wolksfest Agudo
abb6521f-c219-4786-bf26-0f969c37661b,50,2026-07-25 19:37:08.807-03,%,0,50,3f621f3e-720d-4c68-b436-eaac939ec515,Dinheiro,Cuca Alemã,1,25,3f621f3e-720d-4c68-b436-eaac939ec515,Wolksfest Agudo
abb6521f-c219-4786-bf26-0f969c37661b,50,2026-07-25 19:37:08.807-03,%,0,50,3f621f3e-720d-4c68-b436-eaac939ec515,Dinheiro,Rapadura Assada (Pacote x6),6,4.166666666666667,3f621f3e-720d-4c68-b436-eaac939ec515,Wolksfest Agudo
98bee161-2b93-4149-9e52-466727767dd3,25,2026-07-25 19:39:04.579-03,%,0,25,3f621f3e-720d-4c68-b436-eaac939ec515,Cartão,Cuca Alemã,1,25,3f621f3e-720d-4c68-b436-eaac939ec515,Wolksfest Agudo
a4c95be3-80b3-45bb-a3ec-17b1e4637d92,25,2026-07-25 19:43:14.94-03,%,0,25,3f621f3e-720d-4c68-b436-eaac939ec515,Dinheiro,Cuca Alemã,1,25,3f621f3e-720d-4c68-b436-eaac939ec515,Wolksfest Agudo
f68b0cb5-9b76-4f2f-91e0-b8dfe9eb15b4,25,2026-07-25 19:51:22.447-03,%,0,25,3f621f3e-720d-4c68-b436-eaac939ec515,Dinheiro,Cuca Alemã,1,25,3f621f3e-720d-4c68-b436-eaac939ec515,Wolksfest Agudo
0c38a7ad-dd49-4761-9147-5f022c0c9f9f,25,2026-07-25 20:16:30.885-03,%,0,25,3f621f3e-720d-4c68-b436-eaac939ec515,Cartão,Cuca Alemã,1,25,3f621f3e-720d-4c68-b436-eaac939ec515,Wolksfest Agudo
22d09b87-6df6-4dd2-8191-0124618bb15d,50,2026-07-25 20:20:31.787-03,%,0,50,3f621f3e-720d-4c68-b436-eaac939ec515,Cartão,Cuca Alemã,2,25,3f621f3e-720d-4c68-b436-eaac939ec515,Wolksfest Agudo
69a10127-542b-4f50-9bb0-da876fe22b63,25,2026-07-25 20:20:50.508-03,%,0,25,3f621f3e-720d-4c68-b436-eaac939ec515,Dinheiro,Cuca Alemã,1,25,3f621f3e-720d-4c68-b436-eaac939ec515,Wolksfest Agudo
dc09caf3-95a3-45c1-a340-ce21080f1a28,5,2026-07-25 20:21:06.185-03,R$,1,6,3f621f3e-720d-4c68-b436-eaac939ec515,Dinheiro,Alfajor Preto,1,6,3f621f3e-720d-4c68-b436-eaac939ec515,Wolksfest Agudo
9964de55-873f-4017-88ee-353676df140d,45,2026-07-25 20:24:14.771-03,R$,0,45,3f621f3e-720d-4c68-b436-eaac939ec515,Dinheiro,Rapadura Assada (Pacote x6),6,4.166666666666667,3f621f3e-720d-4c68-b436-eaac939ec515,Wolksfest Agudo
9964de55-873f-4017-88ee-353676df140d,45,2026-07-25 20:24:14.771-03,R$,0,45,3f621f3e-720d-4c68-b436-eaac939ec515,Dinheiro,Alfajor Preto (Bandeja x5),5,4,3f621f3e-720d-4c68-b436-eaac939ec515,Wolksfest Agudo
12aee255-e2a5-43a1-8f23-c4011473e416,50,2026-07-25 20:25:33.904-03,R$,0,50,3f621f3e-720d-4c68-b436-eaac939ec515,Dinheiro,Cuca Alemã,1,25,3f621f3e-720d-4c68-b436-eaac939ec515,Wolksfest Agudo
12aee255-e2a5-43a1-8f23-c4011473e416,50,2026-07-25 20:25:33.904-03,R$,0,50,3f621f3e-720d-4c68-b436-eaac939ec515,Dinheiro,Rapadura Assada (Pacote x6),6,4.166666666666667,3f621f3e-720d-4c68-b436-eaac939ec515,Wolksfest Agudo
7a25de56-f3ff-4de0-95f8-abd46f7e73bb,25,2026-07-25 20:47:59.734-03,R$,0,25,3f621f3e-720d-4c68-b436-eaac939ec515,Cartão,Cuca Alemã,1,25,3f621f3e-720d-4c68-b436-eaac939ec515,Wolksfest Agudo
e049d567-c385-4c19-864a-596247791ad4,32,2026-07-25 21:03:58.098-03,%,0,32,3f621f3e-720d-4c68-b436-eaac939ec515,Cartão,Cuca Alemã,1,25,3f621f3e-720d-4c68-b436-eaac939ec515,Wolksfest Agudo
e049d567-c385-4c19-864a-596247791ad4,32,2026-07-25 21:03:58.098-03,%,0,32,3f621f3e-720d-4c68-b436-eaac939ec515,Cartão,Carrapinha,1,7,3f621f3e-720d-4c68-b436-eaac939ec515,Wolksfest Agudo
90e85e09-571b-4c06-a325-19ba7cf5fa9d,50,2026-07-25 21:04:30.078-03,%,0,50,3f621f3e-720d-4c68-b436-eaac939ec515,Dinheiro,Cuca Alemã,2,25,3f621f3e-720d-4c68-b436-eaac939ec515,Wolksfest Agudo
22d3669e-3702-4e7b-b717-9a824484511c,25,2026-07-25 21:04:49.66-03,%,0,25,3f621f3e-720d-4c68-b436-eaac939ec515,Cartão,Cuca Alemã,1,25,3f621f3e-720d-4c68-b436-eaac939ec515,Wolksfest Agudo
559b2327-6a94-44b8-8ef0-8faa7bf091f4,25,2026-07-25 21:05:50.342-03,%,0,25,3f621f3e-720d-4c68-b436-eaac939ec515,Dinheiro,Cuca Alemã,1,25,3f621f3e-720d-4c68-b436-eaac939ec515,Wolksfest Agudo
4fbf5ccf-3cdf-466f-a07a-02766bbb18c9,12,2026-07-25 21:07:00.13-03,R$,2,14,3f621f3e-720d-4c68-b436-eaac939ec515,Dinheiro,Rapadura de Melado,2,7,3f621f3e-720d-4c68-b436-eaac939ec515,Wolksfest Agudo
3b0af840-e95f-4851-8ca0-b4eed21e8a7c,20,2026-07-25 21:15:50.714-03,R$,0,20,3f621f3e-720d-4c68-b436-eaac939ec515,Dinheiro,Rapadura de Melado Grão Moído (Pacote x1),1,20,3f621f3e-720d-4c68-b436-eaac939ec515,Wolksfest Agudo
2c74fc48-79d1-4d6f-936c-a0736703ea30,52,2026-07-25 21:25:54.719-03,R$,0,52,3f621f3e-720d-4c68-b436-eaac939ec515,Pix,Cuca Alemã,1,25,3f621f3e-720d-4c68-b436-eaac939ec515,Wolksfest Agudo
2c74fc48-79d1-4d6f-936c-a0736703ea30,52,2026-07-25 21:25:54.719-03,R$,0,52,3f621f3e-720d-4c68-b436-eaac939ec515,Pix,Rapadura de Melado Grão Moído (Pacote x1),1,20,3f621f3e-720d-4c68-b436-eaac939ec515,Wolksfest Agudo
2c74fc48-79d1-4d6f-936c-a0736703ea30,52,2026-07-25 21:25:54.719-03,R$,0,52,3f621f3e-720d-4c68-b436-eaac939ec515,Pix,Carrapinha,1,7,3f621f3e-720d-4c68-b436-eaac939ec515,Wolksfest Agudo
8e47ea0f-2c19-4142-9c90-4da9aadca987,25,2026-07-25 21:26:00.889-03,R$,0,25,3f621f3e-720d-4c68-b436-eaac939ec515,Dinheiro,Cuca Alemã,1,25,3f621f3e-720d-4c68-b436-eaac939ec515,Wolksfest Agudo
1788434c-26df-469a-bcc9-056073708ca4,25,2026-07-25 21:28:35.443-03,R$,0,25,3f621f3e-720d-4c68-b436-eaac939ec515,Cartão,Cuca Alemã,1,25,3f621f3e-720d-4c68-b436-eaac939ec515,Wolksfest Agudo
90d8d258-58a8-4e2d-9f88-193a51bac03d,10,2026-07-25 21:31:40.426-03,R$,0,10,3f621f3e-720d-4c68-b436-eaac939ec515,Dinheiro,Alfajor Preto (Display x1),2,5,3f621f3e-720d-4c68-b436-eaac939ec515,Wolksfest Agudo
8039ad68-3f7b-4497-b28d-21ccc3e5f819,45,2026-07-25 21:35:41.909-03,R$,0,45,3f621f3e-720d-4c68-b436-eaac939ec515,Dinheiro,Rapadura de Melado (Pacote x3),3,6.666666666666667,3f621f3e-720d-4c68-b436-eaac939ec515,Wolksfest Agudo
8039ad68-3f7b-4497-b28d-21ccc3e5f819,45,2026-07-25 21:35:41.909-03,R$,0,45,3f621f3e-720d-4c68-b436-eaac939ec515,Dinheiro,Cuca Alemã,1,25,3f621f3e-720d-4c68-b436-eaac939ec515,Wolksfest Agudo
dda3ee03-5972-4eba-b46c-fb9252fe911f,35,2026-07-25 21:38:24.771-03,R$,0,35,3f621f3e-720d-4c68-b436-eaac939ec515,Cartão,Rapadura Assada,2,5,3f621f3e-720d-4c68-b436-eaac939ec515,Wolksfest Agudo
dda3ee03-5972-4eba-b46c-fb9252fe911f,35,2026-07-25 21:38:24.771-03,R$,0,35,3f621f3e-720d-4c68-b436-eaac939ec515,Cartão,Cuca Alemã,1,25,3f621f3e-720d-4c68-b436-eaac939ec515,Wolksfest Agudo
51090811-7567-47fc-8ea3-820db104e067,25,2026-07-25 21:38:29.95-03,R$,0,25,3f621f3e-720d-4c68-b436-eaac939ec515,Dinheiro,Cuca Alemã,1,25,3f621f3e-720d-4c68-b436-eaac939ec515,Wolksfest Agudo
f878b520-8e06-4fc3-bf92-b83c5b48110e,25,2026-07-25 21:39:16.463-03,R$,0,25,3f621f3e-720d-4c68-b436-eaac939ec515,Cartão,Cuca Alemã,1,25,3f621f3e-720d-4c68-b436-eaac939ec515,Wolksfest Agudo
feb64182-ee59-4229-90fe-de95ea7417d0,7,2026-07-25 21:45:37.987-03,R$,0,7,3f621f3e-720d-4c68-b436-eaac939ec515,Dinheiro,Rapadura de Melado,1,7,3f621f3e-720d-4c68-b436-eaac939ec515,Wolksfest Agudo
3e202c26-e4b8-49c9-b6e5-7d6c7080be29,25,2026-07-25 21:55:32.471-03,R$,0,25,3f621f3e-720d-4c68-b436-eaac939ec515,Cartão,Cuca Alemã,1,25,3f621f3e-720d-4c68-b436-eaac939ec515,Wolksfest Agudo
b5ac24e6-d500-42f1-b98f-be1e43506f35,65,2026-07-25 21:59:47.315-03,R$,0,65,3f621f3e-720d-4c68-b436-eaac939ec515,Dinheiro,Cuca Alemã,2,25,3f621f3e-720d-4c68-b436-eaac939ec515,Wolksfest Agudo
b5ac24e6-d500-42f1-b98f-be1e43506f35,65,2026-07-25 21:59:47.315-03,R$,0,65,3f621f3e-720d-4c68-b436-eaac939ec515,Dinheiro,Cuca Enrolada de Amendoim,1,15,3f621f3e-720d-4c68-b436-eaac939ec515,Wolksfest Agudo
6fc0e625-b742-4810-b6f9-35e5f050a9db,35,2026-07-25 22:00:42.485-03,R$,0,35,3f621f3e-720d-4c68-b436-eaac939ec515,Dinheiro,Cuca Enrolada de Amendoim,1,15,3f621f3e-720d-4c68-b436-eaac939ec515,Wolksfest Agudo
6fc0e625-b742-4810-b6f9-35e5f050a9db,35,2026-07-25 22:00:42.485-03,R$,0,35,3f621f3e-720d-4c68-b436-eaac939ec515,Dinheiro,Alfajor Preto (Bandeja x5),5,4,3f621f3e-720d-4c68-b436-eaac939ec515,Wolksfest Agudo
7e167ea4-38ba-4c0a-9ca5-f85b6a7bc36a,10,2026-07-25 22:06:21.818-03,%,0,10,3f621f3e-720d-4c68-b436-eaac939ec515,Dinheiro,Alfajor Preto (Display x1),1,5,3f621f3e-720d-4c68-b436-eaac939ec515,Wolksfest Agudo
7e167ea4-38ba-4c0a-9ca5-f85b6a7bc36a,10,2026-07-25 22:06:21.818-03,%,0,10,3f621f3e-720d-4c68-b436-eaac939ec515,Dinheiro,Rapadura Assada,1,5,3f621f3e-720d-4c68-b436-eaac939ec515,Wolksfest Agudo
d2ffea77-8f41-4b96-939c-7a3944cabe3c,40,2026-07-25 22:07:49.454-03,%,0,40,3f621f3e-720d-4c68-b436-eaac939ec515,Dinheiro,Cuca Enrolada de Amendoim,1,15,3f621f3e-720d-4c68-b436-eaac939ec515,Wolksfest Agudo
d2ffea77-8f41-4b96-939c-7a3944cabe3c,40,2026-07-25 22:07:49.454-03,%,0,40,3f621f3e-720d-4c68-b436-eaac939ec515,Dinheiro,Cuca Alemã,1,25,3f621f3e-720d-4c68-b436-eaac939ec515,Wolksfest Agudo
c1350139-6c90-4691-8dfb-75d2393fa8b9,45,2026-07-26 10:24:19.184-03,%,0,45,3f621f3e-720d-4c68-b436-eaac939ec515,Dinheiro,Rapadura Assada (Pacote x6),6,4.166666666666667,3f621f3e-720d-4c68-b436-eaac939ec515,Wolksfest Agudo
c1350139-6c90-4691-8dfb-75d2393fa8b9,45,2026-07-26 10:24:19.184-03,%,0,45,3f621f3e-720d-4c68-b436-eaac939ec515,Dinheiro,Alfajor Preto (Bandeja x5),5,4,3f621f3e-720d-4c68-b436-eaac939ec515,Wolksfest Agudo
748344fd-43c1-43fa-bdc9-c91d99081edd,138,2026-07-26 10:30:09.059-03,R$,2,140,3f621f3e-720d-4c68-b436-eaac939ec515,Dinheiro,Cuca Alemã,5,25,3f621f3e-720d-4c68-b436-eaac939ec515,Wolksfest Agudo
748344fd-43c1-43fa-bdc9-c91d99081edd,138,2026-07-26 10:30:09.059-03,R$,2,140,3f621f3e-720d-4c68-b436-eaac939ec515,Dinheiro,"Bolacha de manteiga ",1,10,3f621f3e-720d-4c68-b436-eaac939ec515,Wolksfest Agudo
748344fd-43c1-43fa-bdc9-c91d99081edd,138,2026-07-26 10:30:09.059-03,R$,2,140,3f621f3e-720d-4c68-b436-eaac939ec515,Dinheiro,Rapadura Assada,1,5,3f621f3e-720d-4c68-b436-eaac939ec515,Wolksfest Agudo
95076ce7-ac05-4838-9130-126d5b422eb0,5,2026-07-26 10:31:20.731-03,R$,0,5,3f621f3e-720d-4c68-b436-eaac939ec515,Dinheiro,Alfajor Preto (Display x1),1,5,3f621f3e-720d-4c68-b436-eaac939ec515,Wolksfest Agudo
c31a7313-0a9c-4bfc-bb94-30d27c6d90b8,40,2026-07-26 10:35:26.327-03,R$,0,40,3f621f3e-720d-4c68-b436-eaac939ec515,Dinheiro,Rapadura de Melado (Pacote x3),6,6.666666666666667,3f621f3e-720d-4c68-b436-eaac939ec515,Wolksfest Agudo
4b0e689f-9848-46eb-9c80-eed29b4d2508,40,2026-07-26 10:44:09.276-03,R$,0,40,3f621f3e-720d-4c68-b436-eaac939ec515,Dinheiro,Rapadura de Melado (Pacote x3),3,6.666666666666667,3f621f3e-720d-4c68-b436-eaac939ec515,Wolksfest Agudo
4b0e689f-9848-46eb-9c80-eed29b4d2508,40,2026-07-26 10:44:09.276-03,R$,0,40,3f621f3e-720d-4c68-b436-eaac939ec515,Dinheiro,Rapadura de Melado Grão Moído (Pacote x1),1,20,3f621f3e-720d-4c68-b436-eaac939ec515,Wolksfest Agudo
81fb8c5d-0a66-4b3d-a57f-f2d78e058221,20,2026-07-26 10:45:19.152-03,R$,0,20,3f621f3e-720d-4c68-b436-eaac939ec515,Dinheiro,Rapadura de Melado (Pacote x3),3,6.666666666666667,3f621f3e-720d-4c68-b436-eaac939ec515,Wolksfest Agudo
88c37d8e-c179-494a-b4c6-a7885b098066,50,2026-07-26 10:47:55.02-03,R$,0,50,3f621f3e-720d-4c68-b436-eaac939ec515,Dinheiro,Cuca Alemã,2,25,3f621f3e-720d-4c68-b436-eaac939ec515,Wolksfest Agudo
95d5a226-20a9-4191-b23a-93100d68cf4c,25,2026-07-26 10:48:23.283-03,R$,0,25,3f621f3e-720d-4c68-b436-eaac939ec515,Dinheiro,Cuca Alemã,1,25,3f621f3e-720d-4c68-b436-eaac939ec515,Wolksfest Agudo
32ceedeb-38af-41f3-8ee8-794e992f3a25,25,2026-07-26 10:54:01.896-03,R$,0,25,3f621f3e-720d-4c68-b436-eaac939ec515,Dinheiro,Cuca Alemã,1,25,3f621f3e-720d-4c68-b436-eaac939ec515,Wolksfest Agudo
e95872cf-1871-4403-9e26-d0211a9dc14d,25,2026-07-26 11:05:11.979-03,R$,0,25,3f621f3e-720d-4c68-b436-eaac939ec515,Dinheiro,Alfajor Branco (Display x1),1,5,3f621f3e-720d-4c68-b436-eaac939ec515,Wolksfest Agudo
e95872cf-1871-4403-9e26-d0211a9dc14d,25,2026-07-26 11:05:11.979-03,R$,0,25,3f621f3e-720d-4c68-b436-eaac939ec515,Dinheiro,Alfajor Preto (Display x1),1,5,3f621f3e-720d-4c68-b436-eaac939ec515,Wolksfest Agudo
e95872cf-1871-4403-9e26-d0211a9dc14d,25,2026-07-26 11:05:11.979-03,R$,0,25,3f621f3e-720d-4c68-b436-eaac939ec515,Dinheiro,Cuca Enrolada de Amendoim,1,15,3f621f3e-720d-4c68-b436-eaac939ec515,Wolksfest Agudo
26bf8842-3a48-4c11-9bd3-b74e5fd9a7d6,10,2026-07-26 11:07:09.97-03,R$,0,10,3f621f3e-720d-4c68-b436-eaac939ec515,Dinheiro,Alfajor Branco (Display x1),1,5,3f621f3e-720d-4c68-b436-eaac939ec515,Wolksfest Agudo
26bf8842-3a48-4c11-9bd3-b74e5fd9a7d6,10,2026-07-26 11:07:09.97-03,R$,0,10,3f621f3e-720d-4c68-b436-eaac939ec515,Dinheiro,Alfajor Preto (Display x1),1,5,3f621f3e-720d-4c68-b436-eaac939ec515,Wolksfest Agudo
5aab0596-b9f6-40f0-af80-3cf1c139f535,20,2026-07-26 11:12:06.697-03,R$,0,20,3f621f3e-720d-4c68-b436-eaac939ec515,Dinheiro,Alfajor Preto (Bandeja x5),5,4,3f621f3e-720d-4c68-b436-eaac939ec515,Wolksfest Agudo
de1259ad-987f-47f6-9d21-84e92f7ac084,50,2026-07-26 11:20:14.523-03,R$,0,50,3f621f3e-720d-4c68-b436-eaac939ec515,Dinheiro,Cuca Alemã,2,25,3f621f3e-720d-4c68-b436-eaac939ec515,Wolksfest Agudo
77a3167d-64d7-4540-a077-0f39350c8196,50,2026-07-26 11:26:43.183-03,R$,0,50,3f621f3e-720d-4c68-b436-eaac939ec515,Dinheiro,Cuca Alemã,2,25,3f621f3e-720d-4c68-b436-eaac939ec515,Wolksfest Agudo
67d8ce7c-e833-4220-977f-ee6e213982d8,15,2026-07-26 11:32:07.032-03,%,0,15,3f621f3e-720d-4c68-b436-eaac939ec515,Dinheiro,Cuca Enrolada de Amendoim,1,15,3f621f3e-720d-4c68-b436-eaac939ec515,Wolksfest Agudo
50f75507-b30b-4bca-b15c-b70ac6801637,35,2026-07-26 11:44:56.962-03,%,0,35,3f621f3e-720d-4c68-b436-eaac939ec515,Dinheiro,Cuca Enrolada de Amendoim,1,15,3f621f3e-720d-4c68-b436-eaac939ec515,Wolksfest Agudo
50f75507-b30b-4bca-b15c-b70ac6801637,35,2026-07-26 11:44:56.962-03,%,0,35,3f621f3e-720d-4c68-b436-eaac939ec515,Dinheiro,Alfajor Branco (Bandeja x5),5,4,3f621f3e-720d-4c68-b436-eaac939ec515,Wolksfest Agudo
99c4089a-eafe-4fb3-8faa-816e11691fbf,25,2026-07-26 11:57:57.948-03,%,0,25,3f621f3e-720d-4c68-b436-eaac939ec515,Cartão,Cuca Alemã,1,25,3f621f3e-720d-4c68-b436-eaac939ec515,Wolksfest Agudo
5fd1792b-dc99-41c5-a4a6-b9f002fbfef7,40,2026-07-26 12:02:10.773-03,%,0,40,3f621f3e-720d-4c68-b436-eaac939ec515,Dinheiro,Cuca Alemã,1,25,3f621f3e-720d-4c68-b436-eaac939ec515,Wolksfest Agudo
5fd1792b-dc99-41c5-a4a6-b9f002fbfef7,40,2026-07-26 12:02:10.773-03,%,0,40,3f621f3e-720d-4c68-b436-eaac939ec515,Dinheiro,Cuca Enrolada de Amendoim,1,15,3f621f3e-720d-4c68-b436-eaac939ec515,Wolksfest Agudo
47f95f83-6afa-4e20-8ad4-49c5b8af774a,25,2026-07-26 12:02:25.579-03,%,0,25,3f621f3e-720d-4c68-b436-eaac939ec515,Cartão,Cuca Alemã,1,25,3f621f3e-720d-4c68-b436-eaac939ec515,Wolksfest Agudo
909397ea-93a1-4f1e-8f69-f5a443bcb440,25,2026-07-26 12:08:36.651-03,%,0,25,3f621f3e-720d-4c68-b436-eaac939ec515,Dinheiro,Cuca Alemã,1,25,3f621f3e-720d-4c68-b436-eaac939ec515,Wolksfest Agudo
29020c8f-3002-4e57-b3d3-bdc8eda921f9,50,2026-07-26 12:09:11.84-03,%,0,50,3f621f3e-720d-4c68-b436-eaac939ec515,Dinheiro,Cuca Alemã,2,25,3f621f3e-720d-4c68-b436-eaac939ec515,Wolksfest Agudo
60fd6bfa-9b40-4fd1-b7bb-2d816c8df520,20,2026-07-26 12:16:39.074-03,%,0,20,3f621f3e-720d-4c68-b436-eaac939ec515,Dinheiro,Rapadura de Melado (Pacote x3),3,6.666666666666667,3f621f3e-720d-4c68-b436-eaac939ec515,Wolksfest Agudo
f22e7641-32ff-4087-bc81-5492a81cb033,25,2026-07-26 12:39:32.582-03,%,0,25,3f621f3e-720d-4c68-b436-eaac939ec515,Dinheiro,Cuca Alemã,1,25,3f621f3e-720d-4c68-b436-eaac939ec515,Wolksfest Agudo
348f7a6b-733d-4d37-baf4-ad31a34eb924,15,2026-07-26 12:40:25.326-03,%,0,15,3f621f3e-720d-4c68-b436-eaac939ec515,Pix,Cuca Enrolada de Amendoim,1,15,3f621f3e-720d-4c68-b436-eaac939ec515,Wolksfest Agudo
ad702330-4f22-440d-a12a-c9774e0a09c1,20,2026-07-26 12:44:49.76-03,%,0,20,3f621f3e-720d-4c68-b436-eaac939ec515,Cartão,Alfajor Preto (Bandeja x5),5,4,3f621f3e-720d-4c68-b436-eaac939ec515,Wolksfest Agudo
0c07e034-cc27-4945-81ac-07866c609aa0,20,2026-07-26 13:03:40.993-03,%,0,20,3f621f3e-720d-4c68-b436-eaac939ec515,Cartão,Rapadura de Melado (Pacote x3),3,6.666666666666667,3f621f3e-720d-4c68-b436-eaac939ec515,Wolksfest Agudo
0dc92d4b-8d9d-414c-88da-e1a87a53193c,75,2026-07-26 13:46:05.708-03,%,0,75,3f621f3e-720d-4c68-b436-eaac939ec515,Dinheiro,Cuca Alemã,2,25,3f621f3e-720d-4c68-b436-eaac939ec515,Wolksfest Agudo
0dc92d4b-8d9d-414c-88da-e1a87a53193c,75,2026-07-26 13:46:05.708-03,%,0,75,3f621f3e-720d-4c68-b436-eaac939ec515,Dinheiro,Rapadura Assada (Pacote x6),6,4.166666666666667,3f621f3e-720d-4c68-b436-eaac939ec515,Wolksfest Agudo
896386a0-08ee-49e1-ab97-1ddec9db4b9a,50,2026-07-26 13:46:28.942-03,%,0,50,3f621f3e-720d-4c68-b436-eaac939ec515,Dinheiro,Cuca Alemã,2,25,3f621f3e-720d-4c68-b436-eaac939ec515,Wolksfest Agudo
a441342f-4847-4e56-9dce-68eeb30af23e,55,2026-07-26 13:46:44.971-03,%,0,55,3f621f3e-720d-4c68-b436-eaac939ec515,Cartão,Cuca Alemã,1,25,3f621f3e-720d-4c68-b436-eaac939ec515,Wolksfest Agudo
a441342f-4847-4e56-9dce-68eeb30af23e,55,2026-07-26 13:46:44.971-03,%,0,55,3f621f3e-720d-4c68-b436-eaac939ec515,Cartão,Cuca Enrolada de Amendoim,2,15,3f621f3e-720d-4c68-b436-eaac939ec515,Wolksfest Agudo
d82cccac-f369-480d-b82a-e2388fcda077,25,2026-07-26 13:50:28.881-03,%,0,25,3f621f3e-720d-4c68-b436-eaac939ec515,Dinheiro,Rapadura Assada (Pacote x6),6,4.166666666666667,3f621f3e-720d-4c68-b436-eaac939ec515,Wolksfest Agudo
84f3e313-4468-4b05-ad8e-b58891906945,45,2026-07-26 13:54:11.172-03,%,0,45,3f621f3e-720d-4c68-b436-eaac939ec515,Cartão,Cuca Alemã,1,25,3f621f3e-720d-4c68-b436-eaac939ec515,Wolksfest Agudo
84f3e313-4468-4b05-ad8e-b58891906945,45,2026-07-26 13:54:11.172-03,%,0,45,3f621f3e-720d-4c68-b436-eaac939ec515,Cartão,Rapadura de Melado (Pacote x3),3,6.666666666666667,3f621f3e-720d-4c68-b436-eaac939ec515,Wolksfest Agudo
a970f17f-3fdd-4542-b26b-6f4ef6337cd5,80,2026-07-26 14:10:38.512-03,%,0,80,3f621f3e-720d-4c68-b436-eaac939ec515,Dinheiro,Cuca Enrolada de Amendoim,2,15,3f621f3e-720d-4c68-b436-eaac939ec515,Wolksfest Agudo
a970f17f-3fdd-4542-b26b-6f4ef6337cd5,80,2026-07-26 14:10:38.512-03,%,0,80,3f621f3e-720d-4c68-b436-eaac939ec515,Dinheiro,Cuca Alemã,2,25,3f621f3e-720d-4c68-b436-eaac939ec515,Wolksfest Agudo
03b3b0b3-0dee-4cc2-ba40-cde79cdbd561,105,2026-07-26 14:48:29.95-03,%,0,105,3f621f3e-720d-4c68-b436-eaac939ec515,Dinheiro,Cuca Alemã,3,25,3f621f3e-720d-4c68-b436-eaac939ec515,Wolksfest Agudo
03b3b0b3-0dee-4cc2-ba40-cde79cdbd561,105,2026-07-26 14:48:29.95-03,%,0,105,3f621f3e-720d-4c68-b436-eaac939ec515,Dinheiro,Cuca Enrolada de Amendoim,2,15,3f621f3e-720d-4c68-b436-eaac939ec515,Wolksfest Agudo
c817a568-aee2-41fa-b008-b5aa88e6c22e,20,2026-07-26 14:49:42.05-03,%,0,20,3f621f3e-720d-4c68-b436-eaac939ec515,Dinheiro,Rapadura de Melado (Pacote x3),3,6.666666666666667,3f621f3e-720d-4c68-b436-eaac939ec515,Wolksfest Agudo
a84a8061-e67b-452e-aa16-e6b20ead683a,60,2026-07-26 14:59:42.66-03,%,0,60,3f621f3e-720d-4c68-b436-eaac939ec515,Pix,Cuca Alemã,2,25,3f621f3e-720d-4c68-b436-eaac939ec515,Wolksfest Agudo
a84a8061-e67b-452e-aa16-e6b20ead683a,60,2026-07-26 14:59:42.66-03,%,0,60,3f621f3e-720d-4c68-b436-eaac939ec515,Pix,"Bolacha de manteiga ",1,10,3f621f3e-720d-4c68-b436-eaac939ec515,Wolksfest Agudo
6e49f563-0a0b-4ee4-a113-9faf7fb7e3c3,25,2026-07-26 15:06:57.465-03,%,0,25,3f621f3e-720d-4c68-b436-eaac939ec515,Dinheiro,Rapadura Assada (Pacote x6),6,4.166666666666667,3f621f3e-720d-4c68-b436-eaac939ec515,Wolksfest Agudo
0653eb33-c171-4db4-a6d1-b314ae555c9b,5,2026-07-26 15:08:10.283-03,R$,1,6,3f621f3e-720d-4c68-b436-eaac939ec515,Dinheiro,Amendoim Temperado 100g,1,6,3f621f3e-720d-4c68-b436-eaac939ec515,Wolksfest Agudo
dc4ce903-7f53-40ff-a324-bea3e3f53502,25,2026-07-26 15:19:59.186-03,R$,0,25,3f621f3e-720d-4c68-b436-eaac939ec515,Pix,Rapadura Assada (Pacote x6),6,4.166666666666667,3f621f3e-720d-4c68-b436-eaac939ec515,Wolksfest Agudo
a7d134fd-0e02-41a8-a6e1-786184750449,50,2026-07-26 15:20:54.782-03,R$,0,50,3f621f3e-720d-4c68-b436-eaac939ec515,Cartão,Cuca Alemã,2,25,3f621f3e-720d-4c68-b436-eaac939ec515,Wolksfest Agudo
92c8c807-e6f3-42dc-9f6e-2b5f5f549f43,40,2026-07-26 15:23:19.151-03,R$,0,40,3f621f3e-720d-4c68-b436-eaac939ec515,Cartão,Cuca Enrolada de Amendoim,1,15,3f621f3e-720d-4c68-b436-eaac939ec515,Wolksfest Agudo
92c8c807-e6f3-42dc-9f6e-2b5f5f549f43,40,2026-07-26 15:23:19.151-03,R$,0,40,3f621f3e-720d-4c68-b436-eaac939ec515,Cartão,Cuca Alemã,1,25,3f621f3e-720d-4c68-b436-eaac939ec515,Wolksfest Agudo
956a9717-7e57-4937-9d33-e77ab812a92f,25,2026-07-26 15:23:29.18-03,R$,0,25,3f621f3e-720d-4c68-b436-eaac939ec515,Pix,Cuca Alemã,1,25,3f621f3e-720d-4c68-b436-eaac939ec515,Wolksfest Agudo
52e47ce0-3800-42f2-935c-2dd44ed36783,50,2026-07-26 15:23:43.72-03,R$,0,50,3f621f3e-720d-4c68-b436-eaac939ec515,Dinheiro,Cuca Alemã,2,25,3f621f3e-720d-4c68-b436-eaac939ec515,Wolksfest Agudo
585064b8-dadf-43f5-9111-ecc597a985a5,25,2026-07-26 15:24:58.109-03,R$,0,25,3f621f3e-720d-4c68-b436-eaac939ec515,Cartão,Cuca Alemã,1,25,3f621f3e-720d-4c68-b436-eaac939ec515,Wolksfest Agudo
e70854d6-4a54-4a5b-b1f1-484cefcd8063,25,2026-07-26 15:28:09.912-03,R$,0,25,3f621f3e-720d-4c68-b436-eaac939ec515,Dinheiro,Cuca Alemã,1,25,3f621f3e-720d-4c68-b436-eaac939ec515,Wolksfest Agudo
e153840c-7d17-456d-a070-21001e8f45e4,20,2026-07-26 15:36:20.388-03,R$,0,20,3f621f3e-720d-4c68-b436-eaac939ec515,Dinheiro,Alfajor Preto (Bandeja x5),5,4,3f621f3e-720d-4c68-b436-eaac939ec515,Wolksfest Agudo
e7a1066b-a386-4f6d-a25d-7e09a6442dee,45,2026-07-26 15:41:55.266-03,R$,0,45,3f621f3e-720d-4c68-b436-eaac939ec515,Pix,Alfajor Preto (Bandeja x5),5,4,3f621f3e-720d-4c68-b436-eaac939ec515,Wolksfest Agudo
e7a1066b-a386-4f6d-a25d-7e09a6442dee,45,2026-07-26 15:41:55.266-03,R$,0,45,3f621f3e-720d-4c68-b436-eaac939ec515,Pix,Cuca Alemã,1,25,3f621f3e-720d-4c68-b436-eaac939ec515,Wolksfest Agudo
5ea3c872-448e-4e73-8440-6bf9f6983f6a,70,2026-07-26 15:44:28.15-03,R$,0,70,3f621f3e-720d-4c68-b436-eaac939ec515,Cartão,Rapadura Assada (Pacote x6),12,4.166666666666667,3f621f3e-720d-4c68-b436-eaac939ec515,Wolksfest Agudo
5ea3c872-448e-4e73-8440-6bf9f6983f6a,70,2026-07-26 15:44:28.15-03,R$,0,70,3f621f3e-720d-4c68-b436-eaac939ec515,Cartão,Alfajor Preto (Bandeja x5),5,4,3f621f3e-720d-4c68-b436-eaac939ec515,Wolksfest Agudo
9cf6b54d-392d-42ad-bcbc-cb3761bd9018,50,2026-07-26 15:45:30.33-03,R$,0,50,3f621f3e-720d-4c68-b436-eaac939ec515,Dinheiro,Cuca Alemã,2,25,3f621f3e-720d-4c68-b436-eaac939ec515,Wolksfest Agudo
3c4c9a22-3ecb-4cd8-a587-fe46e516fac1,100,2026-07-26 15:48:34.721-03,R$,0,100,3f621f3e-720d-4c68-b436-eaac939ec515,Pix,Cuca Alemã,4,25,3f621f3e-720d-4c68-b436-eaac939ec515,Wolksfest Agudo
710c29c3-e05a-4340-8510-6a02d3d12c5b,50,2026-07-26 15:53:40.615-03,R$,0,50,3f621f3e-720d-4c68-b436-eaac939ec515,Dinheiro,Cuca Alemã,2,25,3f621f3e-720d-4c68-b436-eaac939ec515,Wolksfest Agudo
52cda5a0-67f1-4d0d-b346-cab4d9a14948,25,2026-07-26 15:54:39.27-03,R$,0,25,3f621f3e-720d-4c68-b436-eaac939ec515,Dinheiro,Rapadura Assada (Pacote x6),6,4.166666666666667,3f621f3e-720d-4c68-b436-eaac939ec515,Wolksfest Agudo
69523ccf-57c0-48cf-a026-ca280d20c423,25,2026-07-26 15:55:51.594-03,R$,0,25,3f621f3e-720d-4c68-b436-eaac939ec515,Dinheiro,Cuca Alemã,1,25,3f621f3e-720d-4c68-b436-eaac939ec515,Wolksfest Agudo
172e24cc-0914-4cc8-8c81-9367f475f58f,25,2026-07-26 16:03:02.109-03,R$,0,25,3f621f3e-720d-4c68-b436-eaac939ec515,Dinheiro,Cuca Alemã,1,25,3f621f3e-720d-4c68-b436-eaac939ec515,Wolksfest Agudo
fc3b0f6b-07d5-490d-ba1c-530e8034a116,50,2026-07-26 16:07:02.832-03,R$,0,50,3f621f3e-720d-4c68-b436-eaac939ec515,Cartão,Cuca Alemã,2,25,3f621f3e-720d-4c68-b436-eaac939ec515,Wolksfest Agudo
569d03a9-5491-47c2-962b-fec9d82bec55,75,2026-07-26 16:10:04.971-03,R$,0,75,3f621f3e-720d-4c68-b436-eaac939ec515,Dinheiro,Cuca Alemã,3,25,3f621f3e-720d-4c68-b436-eaac939ec515,Wolksfest Agudo
ebb8bac9-3277-415c-b82d-cc4ddaa23f45,50,2026-07-26 16:10:24.259-03,R$,0,50,3f621f3e-720d-4c68-b436-eaac939ec515,Dinheiro,Cuca Alemã,2,25,3f621f3e-720d-4c68-b436-eaac939ec515,Wolksfest Agudo
d34efa59-2393-409a-93ae-064544f3db66,25,2026-07-26 16:10:55.42-03,R$,0,25,3f621f3e-720d-4c68-b436-eaac939ec515,Dinheiro,Cuca Alemã,1,25,3f621f3e-720d-4c68-b436-eaac939ec515,Wolksfest Agudo
63c12ee5-4d1a-4115-bebd-c65c9787a5a8,75,2026-07-26 16:11:52.92-03,R$,0,75,3f621f3e-720d-4c68-b436-eaac939ec515,Dinheiro,Cuca Alemã,3,25,3f621f3e-720d-4c68-b436-eaac939ec515,Wolksfest Agudo
8df99833-7142-402d-a22e-0e09cead8422,50,2026-07-26 16:16:43.644-03,R$,0,50,3f621f3e-720d-4c68-b436-eaac939ec515,Dinheiro,Cuca Alemã,2,25,3f621f3e-720d-4c68-b436-eaac939ec515,Wolksfest Agudo
2453e401-b821-479b-bb9b-83a81613a756,50,2026-07-26 16:17:29.552-03,R$,0,50,3f621f3e-720d-4c68-b436-eaac939ec515,Cartão,Cuca Alemã,2,25,3f621f3e-720d-4c68-b436-eaac939ec515,Wolksfest Agudo
e8c6ec95-a67f-403e-b9a1-5d3e6a423fc6,50,2026-07-26 16:26:17.678-03,%,0,50,3f621f3e-720d-4c68-b436-eaac939ec515,Dinheiro,Cuca Alemã,2,25,3f621f3e-720d-4c68-b436-eaac939ec515,Wolksfest Agudo
2cd99eaf-4d29-472b-b1bc-4c8a2a063b47,25,2026-07-26 16:26:55.515-03,%,0,25,3f621f3e-720d-4c68-b436-eaac939ec515,Dinheiro,Cuca Alemã,1,25,3f621f3e-720d-4c68-b436-eaac939ec515,Wolksfest Agudo
61a7f03e-0034-4066-92f1-5511e1acc308,50,2026-07-26 16:28:49.809-03,%,0,50,3f621f3e-720d-4c68-b436-eaac939ec515,Dinheiro,Cuca Alemã,2,25,3f621f3e-720d-4c68-b436-eaac939ec515,Wolksfest Agudo
ca6f04fc-471e-4c9d-a061-a19c0d75b104,50,2026-07-26 16:30:15.906-03,%,0,50,3f621f3e-720d-4c68-b436-eaac939ec515,Cartão,Cuca Alemã,2,25,3f621f3e-720d-4c68-b436-eaac939ec515,Wolksfest Agudo
2a6d11f0-9a5f-4074-8f81-4018dbbfae63,40,2026-07-26 16:31:30.059-03,%,0,40,3f621f3e-720d-4c68-b436-eaac939ec515,Cartão,Cuca Alemã,1,25,3f621f3e-720d-4c68-b436-eaac939ec515,Wolksfest Agudo
2a6d11f0-9a5f-4074-8f81-4018dbbfae63,40,2026-07-26 16:31:30.059-03,%,0,40,3f621f3e-720d-4c68-b436-eaac939ec515,Cartão,Cuca Enrolada de Amendoim,1,15,3f621f3e-720d-4c68-b436-eaac939ec515,Wolksfest Agudo
7aeb4361-64fc-42f4-82b1-649d48b7e1cf,50,2026-07-26 16:32:52.437-03,%,0,50,3f621f3e-720d-4c68-b436-eaac939ec515,Cartão,Cuca Alemã,2,25,3f621f3e-720d-4c68-b436-eaac939ec515,Wolksfest Agudo
7ecc5384-299a-42d2-821b-a496a4e7cc3d,25,2026-07-26 16:33:49.188-03,%,0,25,3f621f3e-720d-4c68-b436-eaac939ec515,Pix,Cuca Alemã,1,25,3f621f3e-720d-4c68-b436-eaac939ec515,Wolksfest Agudo
6d4c9ce1-c106-4bb9-a851-5f4bdafe5e8e,70,2026-07-26 16:34:11.382-03,R$,5,75,3f621f3e-720d-4c68-b436-eaac939ec515,Dinheiro,Cuca Alemã,3,25,3f621f3e-720d-4c68-b436-eaac939ec515,Wolksfest Agudo
87590a16-9d57-4cc4-9127-07e6a62e85b1,25,2026-07-26 16:35:22.796-03,R$,0,25,3f621f3e-720d-4c68-b436-eaac939ec515,Cartão,Cuca Alemã,1,25,3f621f3e-720d-4c68-b436-eaac939ec515,Wolksfest Agudo
e6cb40a8-3388-4b91-9d9e-6ca679235f17,25,2026-07-26 16:37:19.755-03,R$,0,25,3f621f3e-720d-4c68-b436-eaac939ec515,Cartão,Cuca Alemã,1,25,3f621f3e-720d-4c68-b436-eaac939ec515,Wolksfest Agudo
76cf2caa-884f-4e92-bb74-9207b3227f20,25,2026-07-26 16:39:06.627-03,R$,0,25,3f621f3e-720d-4c68-b436-eaac939ec515,Cartão,Cuca Alemã,1,25,3f621f3e-720d-4c68-b436-eaac939ec515,Wolksfest Agudo
d6d969d1-1e79-4476-b4a8-b3f7dd068860,25,2026-07-26 16:39:59.519-03,R$,0,25,3f621f3e-720d-4c68-b436-eaac939ec515,Cartão,Cuca Alemã,1,25,3f621f3e-720d-4c68-b436-eaac939ec515,Wolksfest Agudo
81fbd30c-77d8-4f1c-881d-eff63a2a2577,25,2026-07-26 16:43:11.347-03,R$,0,25,3f621f3e-720d-4c68-b436-eaac939ec515,Dinheiro,Cuca Alemã,1,25,3f621f3e-720d-4c68-b436-eaac939ec515,Wolksfest Agudo
8c5a97d0-2a2c-4a76-a1bd-774df5dedd14,82,2026-07-26 16:44:50.566-03,R$,0,82,3f621f3e-720d-4c68-b436-eaac939ec515,Cartão,Cuca Alemã,2,25,3f621f3e-720d-4c68-b436-eaac939ec515,Wolksfest Agudo
8c5a97d0-2a2c-4a76-a1bd-774df5dedd14,82,2026-07-26 16:44:50.566-03,R$,0,82,3f621f3e-720d-4c68-b436-eaac939ec515,Cartão,Alfajor Preto (Bandeja x5),5,4,3f621f3e-720d-4c68-b436-eaac939ec515,Wolksfest Agudo
8c5a97d0-2a2c-4a76-a1bd-774df5dedd14,82,2026-07-26 16:44:50.566-03,R$,0,82,3f621f3e-720d-4c68-b436-eaac939ec515,Cartão,Rapadura de Melado,1,7,3f621f3e-720d-4c68-b436-eaac939ec515,Wolksfest Agudo
8c5a97d0-2a2c-4a76-a1bd-774df5dedd14,82,2026-07-26 16:44:50.566-03,R$,0,82,3f621f3e-720d-4c68-b436-eaac939ec515,Cartão,Rapadura Assada,1,5,3f621f3e-720d-4c68-b436-eaac939ec515,Wolksfest Agudo
ea331664-73cf-4a85-9513-09222c89190f,25,2026-07-26 16:52:46.569-03,%,0,25,3f621f3e-720d-4c68-b436-eaac939ec515,Cartão,Cuca Alemã,1,25,3f621f3e-720d-4c68-b436-eaac939ec515,Wolksfest Agudo
83d3f2a4-15d7-4563-b42b-d1e174c8fa1d,25,2026-07-26 16:53:50.05-03,%,0,25,3f621f3e-720d-4c68-b436-eaac939ec515,Cartão,Cuca Alemã,1,25,3f621f3e-720d-4c68-b436-eaac939ec515,Wolksfest Agudo
64e775f2-c990-4fa1-8d90-2db3f014dcd9,20,2026-07-26 16:54:21.283-03,%,0,20,3f621f3e-720d-4c68-b436-eaac939ec515,Dinheiro,Rapadura de Melado (Pacote x3),3,6.666666666666667,3f621f3e-720d-4c68-b436-eaac939ec515,Wolksfest Agudo
d799d2a9-7a40-417e-9b05-fc3c23c9f2b4,25,2026-07-26 16:56:31.46-03,R$,1,26,3f621f3e-720d-4c68-b436-eaac939ec515,Dinheiro,Rapadura de Melado (Pacote x3),3,6.666666666666667,3f621f3e-720d-4c68-b436-eaac939ec515,Wolksfest Agudo
d799d2a9-7a40-417e-9b05-fc3c23c9f2b4,25,2026-07-26 16:56:31.46-03,R$,1,26,3f621f3e-720d-4c68-b436-eaac939ec515,Dinheiro,Alfajor Branco,1,6,3f621f3e-720d-4c68-b436-eaac939ec515,Wolksfest Agudo
c6ff9e0e-0b79-45a1-914f-df72c45c3ccc,50,2026-07-26 16:58:06.382-03,R$,0,50,3f621f3e-720d-4c68-b436-eaac939ec515,Cartão,Cuca Alemã,2,25,3f621f3e-720d-4c68-b436-eaac939ec515,Wolksfest Agudo
d690109a-aa81-4dfe-81dd-7fa78e41f613,55,2026-07-26 16:59:43.133-03,R$,0,55,3f621f3e-720d-4c68-b436-eaac939ec515,Cartão,Cuca Alemã,1,25,3f621f3e-720d-4c68-b436-eaac939ec515,Wolksfest Agudo
d690109a-aa81-4dfe-81dd-7fa78e41f613,55,2026-07-26 16:59:43.133-03,R$,0,55,3f621f3e-720d-4c68-b436-eaac939ec515,Cartão,Cuca Enrolada de Amendoim,2,15,3f621f3e-720d-4c68-b436-eaac939ec515,Wolksfest Agudo
2a3389cb-c08b-432b-800c-1992c436ce8e,50,2026-07-26 16:59:50.565-03,R$,0,50,3f621f3e-720d-4c68-b436-eaac939ec515,Dinheiro,Cuca Alemã,2,25,3f621f3e-720d-4c68-b436-eaac939ec515,Wolksfest Agudo
a1a8d795-1e96-4023-8ea4-74dfbfe7f0c3,32,2026-07-26 17:01:57.136-03,R$,0,32,3f621f3e-720d-4c68-b436-eaac939ec515,Dinheiro,Cuca Alemã,1,25,3f621f3e-720d-4c68-b436-eaac939ec515,Wolksfest Agudo
a1a8d795-1e96-4023-8ea4-74dfbfe7f0c3,32,2026-07-26 17:01:57.136-03,R$,0,32,3f621f3e-720d-4c68-b436-eaac939ec515,Dinheiro,Rapadura de Melado,1,7,3f621f3e-720d-4c68-b436-eaac939ec515,Wolksfest Agudo
ea9f2318-347b-4a4f-acb2-4f102bb3c2eb,25,2026-07-26 17:05:06.208-03,R$,0,25,3f621f3e-720d-4c68-b436-eaac939ec515,Cartão,Cuca Alemã,1,25,3f621f3e-720d-4c68-b436-eaac939ec515,Wolksfest Agudo
cfd2f252-f6e3-4b4d-8f21-d36c2a916fa0,50,2026-07-26 17:06:31.876-03,R$,0,50,3f621f3e-720d-4c68-b436-eaac939ec515,Dinheiro,Cuca Alemã,2,25,3f621f3e-720d-4c68-b436-eaac939ec515,Wolksfest Agudo
12858065-01e1-4900-a77b-beec48b78007,50,2026-07-26 17:10:23.398-03,%,0,50,3f621f3e-720d-4c68-b436-eaac939ec515,Pix,Cuca Alemã,2,25,3f621f3e-720d-4c68-b436-eaac939ec515,Wolksfest Agudo
de20a0cd-4c52-4608-82f2-c3c6f4daeb25,40,2026-07-26 17:12:28.138-03,%,0,40,3f621f3e-720d-4c68-b436-eaac939ec515,Cartão,Rapadura de Melado (Pacote x3),6,6.666666666666667,3f621f3e-720d-4c68-b436-eaac939ec515,Wolksfest Agudo
28788d5a-6a5d-4ead-8d7d-b88a246c254e,25,2026-07-26 17:12:44.343-03,%,0,25,3f621f3e-720d-4c68-b436-eaac939ec515,Dinheiro,Cuca Alemã,1,25,3f621f3e-720d-4c68-b436-eaac939ec515,Wolksfest Agudo
40a47d40-865d-47a6-9132-fe218eb70929,25,2026-07-26 17:13:03.948-03,%,0,25,3f621f3e-720d-4c68-b436-eaac939ec515,Pix,Cuca Alemã,1,25,3f621f3e-720d-4c68-b436-eaac939ec515,Wolksfest Agudo
37986dd9-6c7a-486c-b844-6a790f075a42,50,2026-07-26 17:13:51.789-03,%,0,50,3f621f3e-720d-4c68-b436-eaac939ec515,Pix,Cuca Alemã,2,25,3f621f3e-720d-4c68-b436-eaac939ec515,Wolksfest Agudo
ac527876-11a8-49a3-bd72-d71e27c674df,25,2026-07-26 17:20:13.603-03,%,0,25,3f621f3e-720d-4c68-b436-eaac939ec515,Cartão,Cuca Alemã,1,25,3f621f3e-720d-4c68-b436-eaac939ec515,Wolksfest Agudo
d566d200-1187-4620-a22e-4d3637f32230,25,2026-07-26 17:22:36.98-03,%,0,25,3f621f3e-720d-4c68-b436-eaac939ec515,Dinheiro,Cuca Alemã,1,25,3f621f3e-720d-4c68-b436-eaac939ec515,Wolksfest Agudo
2e3c6ab5-dbd3-4456-bcf5-250cb004333b,50,2026-07-26 17:23:30.946-03,%,0,50,3f621f3e-720d-4c68-b436-eaac939ec515,Pix,Cuca Alemã,2,25,3f621f3e-720d-4c68-b436-eaac939ec515,Wolksfest Agudo
f4d2eeca-0f17-4113-9c25-cd35c2220030,25,2026-07-26 17:25:39.841-03,%,0,25,3f621f3e-720d-4c68-b436-eaac939ec515,Dinheiro,Cuca Alemã,1,25,3f621f3e-720d-4c68-b436-eaac939ec515,Wolksfest Agudo
8344950b-d515-4690-8208-c6b8bc8aec5a,25,2026-07-26 17:27:51.536-03,%,0,25,3f621f3e-720d-4c68-b436-eaac939ec515,Cartão,Cuca Alemã,1,25,3f621f3e-720d-4c68-b436-eaac939ec515,Wolksfest Agudo
c3e5970a-9a2e-41e3-9e73-209c491f1b06,25,2026-07-26 17:29:20.05-03,%,0,25,3f621f3e-720d-4c68-b436-eaac939ec515,Dinheiro,Cuca Alemã,1,25,3f621f3e-720d-4c68-b436-eaac939ec515,Wolksfest Agudo
d7fe623f-e281-4552-ba38-9e4a414ac024,50,2026-07-26 17:29:29.997-03,%,0,50,3f621f3e-720d-4c68-b436-eaac939ec515,Dinheiro,Cuca Alemã,2,25,3f621f3e-720d-4c68-b436-eaac939ec515,Wolksfest Agudo
5ea94ed0-4b60-4991-ab3d-f4c8bf4c61d9,50,2026-07-26 17:32:02.16-03,%,0,50,3f621f3e-720d-4c68-b436-eaac939ec515,Dinheiro,Rapadura Assada (Pacote x6),12,4.166666666666667,3f621f3e-720d-4c68-b436-eaac939ec515,Wolksfest Agudo
a14751ae-6dce-4a7b-86a8-b6adda30015e,50,2026-07-26 17:36:33.137-03,%,0,50,3f621f3e-720d-4c68-b436-eaac939ec515,Cartão,Cuca Alemã,2,25,3f621f3e-720d-4c68-b436-eaac939ec515,Wolksfest Agudo
ef4d3a2c-6e2f-401f-9e93-51c81a2ff59e,25,2026-07-26 17:38:32.662-03,%,0,25,3f621f3e-720d-4c68-b436-eaac939ec515,Dinheiro,Cuca Alemã,1,25,3f621f3e-720d-4c68-b436-eaac939ec515,Wolksfest Agudo
4d1c4745-a066-412d-a37b-6eaa863eeab0,25,2026-07-26 17:39:28.336-03,%,0,25,3f621f3e-720d-4c68-b436-eaac939ec515,Dinheiro,Cuca Alemã,1,25,3f621f3e-720d-4c68-b436-eaac939ec515,Wolksfest Agudo
358b4cc3-374a-4f6f-a877-86c13d331d0c,14,2026-07-26 17:40:12.634-03,%,0,14,3f621f3e-720d-4c68-b436-eaac939ec515,Dinheiro,Rapadura de Melado,2,7,3f621f3e-720d-4c68-b436-eaac939ec515,Wolksfest Agudo
91771302-8e51-422a-b713-a2bbef7cea76,50,2026-07-26 17:44:14.927-03,%,0,50,3f621f3e-720d-4c68-b436-eaac939ec515,Dinheiro,Cuca Alemã,2,25,3f621f3e-720d-4c68-b436-eaac939ec515,Wolksfest Agudo
657f8f80-ec13-48ee-a589-a0b2736013da,65,2026-07-26 17:46:04.722-03,%,0,65,3f621f3e-720d-4c68-b436-eaac939ec515,Dinheiro,Alfajor Preto (Bandeja x5),10,4,3f621f3e-720d-4c68-b436-eaac939ec515,Wolksfest Agudo
657f8f80-ec13-48ee-a589-a0b2736013da,65,2026-07-26 17:46:04.722-03,%,0,65,3f621f3e-720d-4c68-b436-eaac939ec515,Dinheiro,Cuca Alemã,1,25,3f621f3e-720d-4c68-b436-eaac939ec515,Wolksfest Agudo
8b6d1d56-9f3c-4ba5-9c96-7a2f7b26294d,25,2026-07-26 17:47:05.52-03,%,0,25,3f621f3e-720d-4c68-b436-eaac939ec515,Cartão,Cuca Alemã,1,25,3f621f3e-720d-4c68-b436-eaac939ec515,Wolksfest Agudo
ea36719c-e95b-4686-9ddb-31b0a1bc1ae6,25,2026-07-26 17:47:15.299-03,%,0,25,3f621f3e-720d-4c68-b436-eaac939ec515,Dinheiro,Cuca Alemã,1,25,3f621f3e-720d-4c68-b436-eaac939ec515,Wolksfest Agudo
bd759e4c-7176-4a90-bf97-9395b8a497e5,25,2026-07-26 17:47:38.244-03,%,0,25,3f621f3e-720d-4c68-b436-eaac939ec515,Dinheiro,Cuca Alemã,1,25,3f621f3e-720d-4c68-b436-eaac939ec515,Wolksfest Agudo
80be157e-8fe0-4b67-894d-a481ad87f47c,25,2026-07-26 17:50:30.234-03,%,0,25,3f621f3e-720d-4c68-b436-eaac939ec515,Cartão,Cuca Alemã,1,25,3f621f3e-720d-4c68-b436-eaac939ec515,Wolksfest Agudo
1378cc97-2c85-456d-92a9-a7266040f3a5,40,2026-07-26 17:51:05.571-03,%,0,40,3f621f3e-720d-4c68-b436-eaac939ec515,Cartão,Cuca Alemã,1,25,3f621f3e-720d-4c68-b436-eaac939ec515,Wolksfest Agudo
1378cc97-2c85-456d-92a9-a7266040f3a5,40,2026-07-26 17:51:05.571-03,%,0,40,3f621f3e-720d-4c68-b436-eaac939ec515,Cartão,Cuca Enrolada de Amendoim,1,15,3f621f3e-720d-4c68-b436-eaac939ec515,Wolksfest Agudo
ffb81a68-c9d6-4ebe-8a43-8401e126459b,25,2026-07-26 17:52:21.133-03,%,0,25,3f621f3e-720d-4c68-b436-eaac939ec515,Dinheiro,Cuca Alemã,1,25,3f621f3e-720d-4c68-b436-eaac939ec515,Wolksfest Agudo
6cfaa78d-cb8e-41cb-a0e0-d158de16961c,25,2026-07-26 17:52:47.036-03,%,0,25,3f621f3e-720d-4c68-b436-eaac939ec515,Dinheiro,Cuca Alemã,1,25,3f621f3e-720d-4c68-b436-eaac939ec515,Wolksfest Agudo
1a38fdbf-71e4-49e7-9262-fbbbc06008e7,25,2026-07-26 17:59:15.108-03,%,0,25,3f621f3e-720d-4c68-b436-eaac939ec515,Dinheiro,Cuca Alemã,1,25,3f621f3e-720d-4c68-b436-eaac939ec515,Wolksfest Agudo
3df323fe-c8f1-4fbb-8d0c-6cea5fb73da1,45,2026-07-26 18:01:57.545-03,%,0,45,3f621f3e-720d-4c68-b436-eaac939ec515,Cartão,Cuca Alemã,1,25,3f621f3e-720d-4c68-b436-eaac939ec515,Wolksfest Agudo
3df323fe-c8f1-4fbb-8d0c-6cea5fb73da1,45,2026-07-26 18:01:57.545-03,%,0,45,3f621f3e-720d-4c68-b436-eaac939ec515,Cartão,Alfajor Preto (Bandeja x5),5,4,3f621f3e-720d-4c68-b436-eaac939ec515,Wolksfest Agudo
dbb649fa-046d-4b30-a9e6-2c5339a38b2c,25,2026-07-26 18:09:10.084-03,%,0,25,3f621f3e-720d-4c68-b436-eaac939ec515,Cartão,Cuca Alemã,1,25,3f621f3e-720d-4c68-b436-eaac939ec515,Wolksfest Agudo
a596b9fa-ea0c-4d46-ad6e-2c942675ae82,25,2026-07-26 18:09:15.308-03,%,0,25,3f621f3e-720d-4c68-b436-eaac939ec515,Dinheiro,Cuca Alemã,1,25,3f621f3e-720d-4c68-b436-eaac939ec515,Wolksfest Agudo
6cd71005-43ea-4dc3-97b5-3ffbe0af6aaf,25,2026-07-26 18:13:33.368-03,%,0,25,3f621f3e-720d-4c68-b436-eaac939ec515,Cartão,Cuca Alemã,1,25,3f621f3e-720d-4c68-b436-eaac939ec515,Wolksfest Agudo
03583097-1224-4bb7-9a3f-32098a56fe77,25,2026-07-26 18:15:05.235-03,%,0,25,3f621f3e-720d-4c68-b436-eaac939ec515,Dinheiro,Cuca Alemã,1,25,3f621f3e-720d-4c68-b436-eaac939ec515,Wolksfest Agudo
75a401f9-965f-45b4-acc4-12b3de0b4257,25,2026-07-26 18:20:15.093-03,%,0,25,3f621f3e-720d-4c68-b436-eaac939ec515,Dinheiro,Cuca Alemã,1,25,3f621f3e-720d-4c68-b436-eaac939ec515,Wolksfest Agudo
81899985-cb28-4673-8ef7-ea8d9777b652,75,2026-07-26 18:23:52.201-03,%,0,75,3f621f3e-720d-4c68-b436-eaac939ec515,Cartão,Cuca Alemã,3,25,3f621f3e-720d-4c68-b436-eaac939ec515,Wolksfest Agudo
b186f321-c54c-4a2f-8e6b-5d041087e0c9,25,2026-07-26 18:29:33.404-03,%,0,25,3f621f3e-720d-4c68-b436-eaac939ec515,Cartão,Cuca Alemã,1,25,3f621f3e-720d-4c68-b436-eaac939ec515,Wolksfest Agudo
da1229df-983a-4481-b66d-ec21218b94c7,25,2026-07-26 18:32:55.48-03,%,0,25,3f621f3e-720d-4c68-b436-eaac939ec515,Dinheiro,Cuca Alemã,1,25,3f621f3e-720d-4c68-b436-eaac939ec515,Wolksfest Agudo
f13c69f5-adeb-4f4b-a374-c5bad1aa7c6f,20,2026-07-26 18:33:33.572-03,%,0,20,3f621f3e-720d-4c68-b436-eaac939ec515,Dinheiro,Rapadura de Melado Grão Moído (Pacote x1),1,20,3f621f3e-720d-4c68-b436-eaac939ec515,Wolksfest Agudo
a2059132-428a-4f9b-97c0-f38e532b7b32,25,2026-07-26 18:35:23.801-03,%,0,25,3f621f3e-720d-4c68-b436-eaac939ec515,Cartão,Cuca Alemã,1,25,3f621f3e-720d-4c68-b436-eaac939ec515,Wolksfest Agudo
7522a541-44b2-41d2-b2c5-2a85b5773a08,25,2026-07-26 18:39:47.807-03,%,0,25,3f621f3e-720d-4c68-b436-eaac939ec515,Cartão,Cuca Alemã,1,25,3f621f3e-720d-4c68-b436-eaac939ec515,Wolksfest Agudo
8ce0862f-f687-4921-9851-5891f2e81cb1,20,2026-07-26 18:55:16.955-03,%,0,20,3f621f3e-720d-4c68-b436-eaac939ec515,Dinheiro,Alfajor Branco (Bandeja x5),5,4,3f621f3e-720d-4c68-b436-eaac939ec515,Wolksfest Agudo
b4f965a6-c718-4d53-9b5a-9bc51156bc98,20,2026-07-26 18:56:05.523-03,%,0,20,3f621f3e-720d-4c68-b436-eaac939ec515,Dinheiro,Rapadura de Melado (Pacote x3),3,6.666666666666667,3f621f3e-720d-4c68-b436-eaac939ec515,Wolksfest Agudo
65c397bc-8c06-4bf8-9717-4db0724afc38,10,2026-07-26 18:58:31.778-03,%,0,10,3f621f3e-720d-4c68-b436-eaac939ec515,Dinheiro,Alfajor Branco (Display x1),1,5,3f621f3e-720d-4c68-b436-eaac939ec515,Wolksfest Agudo
65c397bc-8c06-4bf8-9717-4db0724afc38,10,2026-07-26 18:58:31.778-03,%,0,10,3f621f3e-720d-4c68-b436-eaac939ec515,Dinheiro,Alfajor Preto (Display x1),1,5,3f621f3e-720d-4c68-b436-eaac939ec515,Wolksfest Agudo
c96bd7ce-143b-4f2c-928f-16429423d75f,25,2026-07-26 19:02:30.389-03,%,0,25,3f621f3e-720d-4c68-b436-eaac939ec515,Dinheiro,Cuca Alemã,1,25,3f621f3e-720d-4c68-b436-eaac939ec515,Wolksfest Agudo
fa71f80d-a7f1-4278-bfed-721deb6c27f3,1462,2026-08-03 21:31:37.652-03,%,0,1462,3f621f3e-720d-4c68-b436-eaac939ec515,Dinheiro,Cuca Alemã,23,25,3f621f3e-720d-4c68-b436-eaac939ec515,Wolksfest Agudo
fa71f80d-a7f1-4278-bfed-721deb6c27f3,1462,2026-08-03 21:31:37.652-03,%,0,1462,3f621f3e-720d-4c68-b436-eaac939ec515,Dinheiro,Alfajor Preto (Display x1),97,5,3f621f3e-720d-4c68-b436-eaac939ec515,Wolksfest Agudo
fa71f80d-a7f1-4278-bfed-721deb6c27f3,1462,2026-08-03 21:31:37.652-03,%,0,1462,3f621f3e-720d-4c68-b436-eaac939ec515,Dinheiro,Alfajor Branco (Display x1),67,5,3f621f3e-720d-4c68-b436-eaac939ec515,Wolksfest Agudo
fa71f80d-a7f1-4278-bfed-721deb6c27f3,1462,2026-08-03 21:31:37.652-03,%,0,1462,3f621f3e-720d-4c68-b436-eaac939ec515,Dinheiro,Rapadura de Melado (Pacote x3),9,6.666666666666667,3f621f3e-720d-4c68-b436-eaac939ec515,Wolksfest Agudo
fa71f80d-a7f1-4278-bfed-721deb6c27f3,1462,2026-08-03 21:31:37.652-03,%,0,1462,3f621f3e-720d-4c68-b436-eaac939ec515,Dinheiro,Rapadura de Melado,1,7,3f621f3e-720d-4c68-b436-eaac939ec515,Wolksfest Agudo
4e5814e0-8bed-4c96-81f9-d3e05c7774e1,25,2026-08-29 10:13:53.577-03,%,0,25,3f621f3e-720d-4c68-b436-eaac939ec515,Dinheiro,Cuca Alemã,1,25,3f621f3e-720d-4c68-b436-eaac939ec515,Expointer_2026
caa94f7d-ed25-4548-81ac-60fa8b57ed02,25,2026-08-29 10:14:32.714-03,%,0,25,3f621f3e-720d-4c68-b436-eaac939ec515,Cartão,Cuca Alemã,1,25,3f621f3e-720d-4c68-b436-eaac939ec515,Expointer_2026
479a7dd6-9007-4504-9d4b-e8f8987d5913,20,2026-08-29 10:14:53.398-03,%,0,20,3f621f3e-720d-4c68-b436-eaac939ec515,Dinheiro,Alfajor Preto (Pacote x4),4,5,3f621f3e-720d-4c68-b436-eaac939ec515,Expointer_2026
cdb44488-b367-4897-9830-077efa967700,20,2026-08-29 10:22:02.396-03,%,0,20,3f621f3e-720d-4c68-b436-eaac939ec515,Dinheiro,Alfajor Branco (Pacote x4),4,5,3f621f3e-720d-4c68-b436-eaac939ec515,Expointer_2026
5e5a7edc-f835-429c-9669-7ff9d185b518,50,2026-08-29 11:05:28.591-03,%,0,50,3f621f3e-720d-4c68-b436-eaac939ec515,Cartão,Cuca Alemã,2,25,3f621f3e-720d-4c68-b436-eaac939ec515,Expointer_2026
dd8cc3ee-9650-4ed9-82c7-849bc120a2ee,25,2026-08-29 11:15:31.784-03,%,0,25,3f621f3e-720d-4c68-b436-eaac939ec515,Cartão,Cuca Alemã,1,25,3f621f3e-720d-4c68-b436-eaac939ec515,Expointer_2026
606f7fb0-54e0-4723-9648-50d76c6a84b0,25,2026-08-29 12:31:37.207-03,%,0,25,3f621f3e-720d-4c68-b436-eaac939ec515,Pix,Cuca Alemã,1,25,3f621f3e-720d-4c68-b436-eaac939ec515,Expointer_2026
22562753-00a1-4064-85e8-9daf98929a84,25,2026-08-29 12:31:45.012-03,%,0,25,3f621f3e-720d-4c68-b436-eaac939ec515,Cartão,Cuca Alemã,1,25,3f621f3e-720d-4c68-b436-eaac939ec515,Expointer_2026
7838c5ce-445e-4cc5-97a7-81346db0a0ec,25,2026-08-29 12:36:45.645-03,%,0,25,3f621f3e-720d-4c68-b436-eaac939ec515,Cartão,Cuca Alemã,1,25,3f621f3e-720d-4c68-b436-eaac939ec515,Expointer_2026
a9251344-fd87-496e-829a-ba5ddfa033af,130,2026-08-29 12:41:04.406-03,%,0,130,3f621f3e-720d-4c68-b436-eaac939ec515,Cartão,Cuca Enrolada de Amendoim,7,15,3f621f3e-720d-4c68-b436-eaac939ec515,Expointer_2026
a9251344-fd87-496e-829a-ba5ddfa033af,130,2026-08-29 12:41:04.406-03,%,0,130,3f621f3e-720d-4c68-b436-eaac939ec515,Cartão,Rapadura Assada,1,5,3f621f3e-720d-4c68-b436-eaac939ec515,Expointer_2026
a9251344-fd87-496e-829a-ba5ddfa033af,130,2026-08-29 12:41:04.406-03,%,0,130,3f621f3e-720d-4c68-b436-eaac939ec515,Cartão,Alfajor Preto (Pacote x4),4,5,3f621f3e-720d-4c68-b436-eaac939ec515,Expointer_2026
ac77f4f4-5a52-437b-beb4-11c8311f4c87,25,2026-08-29 12:53:39.051-03,%,0,25,3f621f3e-720d-4c68-b436-eaac939ec515,Cartão,Cuca Alemã,1,25,3f621f3e-720d-4c68-b436-eaac939ec515,Expointer_2026
a221b85f-5391-42a0-8d32-875dc2befc76,25,2026-08-29 13:18:08.41-03,%,0,25,3f621f3e-720d-4c68-b436-eaac939ec515,Cartão,Cuca Alemã,1,25,3f621f3e-720d-4c68-b436-eaac939ec515,Expointer_2026
b151c13c-b072-4f5f-8aba-92e591dc6e78,10,2026-08-29 13:34:30.605-03,%,0,10,3f621f3e-720d-4c68-b436-eaac939ec515,Cartão,Rapadura Assada,2,5,3f621f3e-720d-4c68-b436-eaac939ec515,Expointer_2026
3012c387-e388-41e6-ba02-eeddecc80283,25,2026-08-29 13:36:31.25-03,%,0,25,3f621f3e-720d-4c68-b436-eaac939ec515,Dinheiro,Cuca Alemã,1,25,3f621f3e-720d-4c68-b436-eaac939ec515,Expointer_2026
4e206941-a3f4-4c73-a7a0-a56ef17b17cc,20,2026-08-29 13:47:40.342-03,%,0,20,3f621f3e-720d-4c68-b436-eaac939ec515,Cartão,Alfajor Preto (Pacote x4),4,5,3f621f3e-720d-4c68-b436-eaac939ec515,Expointer_2026
c8a8c23a-0e5b-4fc3-adc7-92731da72cfe,20,2026-08-29 13:49:41.477-03,%,0,20,3f621f3e-720d-4c68-b436-eaac939ec515,Dinheiro,Alfajor Preto (Pacote x4),4,5,3f621f3e-720d-4c68-b436-eaac939ec515,Expointer_2026
3e1ecd0c-d8ce-4503-907c-d5748e0135fc,12,2026-08-29 14:03:56.093-03,%,0,12,3f621f3e-720d-4c68-b436-eaac939ec515,Dinheiro,Alfajor Preto,2,6,3f621f3e-720d-4c68-b436-eaac939ec515,Expointer_2026
0df3ea42-a2d2-4b85-88f3-3288d188bfcd,25,2026-08-29 14:08:53.738-03,%,0,25,3f621f3e-720d-4c68-b436-eaac939ec515,Cartão,Cuca Alemã,1,25,3f621f3e-720d-4c68-b436-eaac939ec515,Expointer_2026
09c82140-4298-419a-9bf7-8124bae20fd8,25,2026-08-29 14:11:33.987-03,%,0,25,3f621f3e-720d-4c68-b436-eaac939ec515,Cartão,Cuca Alemã,1,25,3f621f3e-720d-4c68-b436-eaac939ec515,Expointer_2026
b83e6712-6a0b-4a11-8601-3d2a7f0e545d,75,2026-08-29 14:21:45.099-03,%,0,75,3f621f3e-720d-4c68-b436-eaac939ec515,Cartão,Cuca Alemã,3,25,3f621f3e-720d-4c68-b436-eaac939ec515,Expointer_2026
31ae9f48-02ed-4122-96c3-af75c4695fb1,14,2026-08-29 14:37:07.93-03,%,0,14,3f621f3e-720d-4c68-b436-eaac939ec515,Dinheiro,Rapadura de Melado,2,7,3f621f3e-720d-4c68-b436-eaac939ec515,Expointer_2026
cafa2277-03af-4faa-9953-643371f536d2,25,2026-08-29 14:41:46.851-03,%,0,25,3f621f3e-720d-4c68-b436-eaac939ec515,Dinheiro,Cuca Alemã,1,25,3f621f3e-720d-4c68-b436-eaac939ec515,Expointer_2026
ded09627-f287-4998-b216-81015b6aacc3,6,2026-08-29 14:43:05.961-03,%,0,6,3f621f3e-720d-4c68-b436-eaac939ec515,Dinheiro,Alfajor Preto,1,6,3f621f3e-720d-4c68-b436-eaac939ec515,Expointer_2026
d175d426-16cb-4f47-984a-3665b7133f65,12,2026-08-29 14:57:26.91-03,%,0,12,aa4d1cfe-c6c1-4fd8-8c4b-2b1b9942884c,Cartão,Alfajor Branco,1,6,aa4d1cfe-c6c1-4fd8-8c4b-2b1b9942884c,Expointer_2026
d175d426-16cb-4f47-984a-3665b7133f65,12,2026-08-29 14:57:26.91-03,%,0,12,aa4d1cfe-c6c1-4fd8-8c4b-2b1b9942884c,Cartão,Alfajor Preto,1,6,aa4d1cfe-c6c1-4fd8-8c4b-2b1b9942884c,Expointer_2026
28fee56d-fb96-421d-a7e1-5054f089572e,25,2026-08-29 14:57:52.089-03,%,0,25,aa4d1cfe-c6c1-4fd8-8c4b-2b1b9942884c,Dinheiro,Cuca Alemã,1,25,aa4d1cfe-c6c1-4fd8-8c4b-2b1b9942884c,Expointer_2026
8df56024-f142-4792-bb75-6d5f07cc6058,25,2026-08-29 14:58:14.743-03,%,0,25,aa4d1cfe-c6c1-4fd8-8c4b-2b1b9942884c,Cartão,Cuca Alemã,1,25,aa4d1cfe-c6c1-4fd8-8c4b-2b1b9942884c,Expointer_2026
45130dea-26ff-4fc6-a2f5-795cf9959e41,25,2026-08-29 15:02:48.873-03,%,0,25,3f621f3e-720d-4c68-b436-eaac939ec515,Cartão,Cuca Alemã,1,25,3f621f3e-720d-4c68-b436-eaac939ec515,Expointer_2026
01901d8a-6d3b-4929-bc51-216c3eb6e65e,15,2026-08-29 15:13:22.088-03,%,0,15,3f621f3e-720d-4c68-b436-eaac939ec515,Dinheiro,Cuca Enrolada de Amendoim,1,15,3f621f3e-720d-4c68-b436-eaac939ec515,Expointer_2026
01065eff-4fa5-452e-abd7-9af14ecd23a7,10,2026-08-29 15:14:47.931-03,R$,2,12,3f621f3e-720d-4c68-b436-eaac939ec515,Dinheiro,Alfajor Preto,2,6,3f621f3e-720d-4c68-b436-eaac939ec515,Expointer_2026
2a8cd2c1-3c4f-4ea5-a53a-ae151e5a51c0,25,2026-08-29 15:25:03.747-03,R$,0,25,3f621f3e-720d-4c68-b436-eaac939ec515,Cartão,Cuca Alemã,1,25,3f621f3e-720d-4c68-b436-eaac939ec515,Expointer_2026
03681bf1-e7c0-45ec-b18e-05efb8ab1c3b,25,2026-08-29 15:30:55.524-03,R$,0,25,3f621f3e-720d-4c68-b436-eaac939ec515,Cartão,Cuca Alemã,1,25,3f621f3e-720d-4c68-b436-eaac939ec515,Expointer_2026
459acd8d-8432-4c62-9283-d67990b331c5,12,2026-08-29 15:35:11.699-03,R$,3,15,3f621f3e-720d-4c68-b436-eaac939ec515,Pix,Rapadura Assada,3,5,3f621f3e-720d-4c68-b436-eaac939ec515,Expointer_2026
64f971af-6ac3-4281-92e5-9538424a6589,25,2026-08-29 15:40:15.721-03,R$,0,25,3f621f3e-720d-4c68-b436-eaac939ec515,Dinheiro,Cuca Alemã,1,25,3f621f3e-720d-4c68-b436-eaac939ec515,Expointer_2026
296e7885-2234-4595-a8e6-c1a01ccb22c6,50,2026-08-29 15:47:58.408-03,R$,0,50,3f621f3e-720d-4c68-b436-eaac939ec515,Dinheiro,Rapadura Assada (Pacote x6),12,4.166666666666667,3f621f3e-720d-4c68-b436-eaac939ec515,Expointer_2026
ede5b419-7abd-4bbf-8a71-fa25150ab0e1,20,2026-08-29 15:48:18.215-03,R$,0,20,3f621f3e-720d-4c68-b436-eaac939ec515,Dinheiro,Alfajor Branco (Pacote x4),4,5,3f621f3e-720d-4c68-b436-eaac939ec515,Expointer_2026
f421af79-19db-4135-8ce2-31a7ab7800b2,25,2026-08-29 15:49:36.426-03,R$,0,25,3f621f3e-720d-4c68-b436-eaac939ec515,Dinheiro,Cuca Alemã,1,25,3f621f3e-720d-4c68-b436-eaac939ec515,Expointer_2026
be109180-2457-402f-8b99-910208e93978,10,2026-08-29 15:55:38.28-03,R$,0,10,3f621f3e-720d-4c68-b436-eaac939ec515,Cartão,Bolacha Cobertura Chocolate,2,5,3f621f3e-720d-4c68-b436-eaac939ec515,Expointer_2026
0369ca4c-f22b-4dd6-bd7d-98ce09985d0e,50,2026-08-29 16:05:41.209-03,R$,0,50,3f621f3e-720d-4c68-b436-eaac939ec515,Cartão,Cuca Alemã,2,25,3f621f3e-720d-4c68-b436-eaac939ec515,Expointer_2026
f637c5a2-5468-4428-ad9f-6ded86f5b6e9,50,2026-08-29 16:12:40.19-03,R$,0,50,3f621f3e-720d-4c68-b436-eaac939ec515,Dinheiro,Cuca Alemã,2,25,3f621f3e-720d-4c68-b436-eaac939ec515,Expointer_2026
022dad54-826d-4f05-a623-98cdfcc517f5,25,2026-08-29 16:23:08.856-03,R$,0,25,3f621f3e-720d-4c68-b436-eaac939ec515,Cartão,Cuca Alemã,1,25,3f621f3e-720d-4c68-b436-eaac939ec515,Expointer_2026
b3b3f17b-86bc-437f-870e-495182f1530f,20,2026-08-29 16:25:39.49-03,R$,0,20,3f621f3e-720d-4c68-b436-eaac939ec515,Cartão,Alfajor Preto (Pacote x4),4,5,3f621f3e-720d-4c68-b436-eaac939ec515,Expointer_2026
9de4e466-031c-4db1-866e-17c989186e12,75,2026-08-29 16:44:11.95-03,R$,0,75,3f621f3e-720d-4c68-b436-eaac939ec515,Dinheiro,Cuca Alemã,3,25,3f621f3e-720d-4c68-b436-eaac939ec515,Expointer_2026
f0c00f6f-49a3-4bc0-a84c-f4e100461d13,25,2026-08-29 16:44:29.133-03,R$,0,25,3f621f3e-720d-4c68-b436-eaac939ec515,Pix,Cuca Alemã,1,25,3f621f3e-720d-4c68-b436-eaac939ec515,Expointer_2026
bfd56acf-7ccc-486f-b426-5db04fa4aedf,47,2026-08-29 16:52:11.77-03,R$,0,47,3f621f3e-720d-4c68-b436-eaac939ec515,Cartão,Cuca Alemã,1,25,3f621f3e-720d-4c68-b436-eaac939ec515,Expointer_2026
bfd56acf-7ccc-486f-b426-5db04fa4aedf,47,2026-08-29 16:52:11.77-03,R$,0,47,3f621f3e-720d-4c68-b436-eaac939ec515,Cartão,Cuca Enrolada de Amendoim,1,15,3f621f3e-720d-4c68-b436-eaac939ec515,Expointer_2026
bfd56acf-7ccc-486f-b426-5db04fa4aedf,47,2026-08-29 16:52:11.77-03,R$,0,47,3f621f3e-720d-4c68-b436-eaac939ec515,Cartão,Rapadura de Melado,1,7,3f621f3e-720d-4c68-b436-eaac939ec515,Expointer_2026
ba3fc6d7-4329-438d-becd-07ea3586461a,5,2026-08-29 16:53:00.498-03,R$,0,5,3f621f3e-720d-4c68-b436-eaac939ec515,Dinheiro,Rapadura Assada,1,5,3f621f3e-720d-4c68-b436-eaac939ec515,Expointer_2026
0361af8e-2966-4744-8fb8-068c5f2f6dda,15,2026-08-29 16:55:54.532-03,R$,0,15,3f621f3e-720d-4c68-b436-eaac939ec515,Cartão,Cuca Enrolada de Amendoim,1,15,3f621f3e-720d-4c68-b436-eaac939ec515,Expointer_2026
dc5f20c6-b4e4-4cbf-8af4-b8072a234a79,40,2026-08-29 17:08:37.46-03,R$,0,40,3f621f3e-720d-4c68-b436-eaac939ec515,Dinheiro,Cuca Alemã,1,25,3f621f3e-720d-4c68-b436-eaac939ec515,Expointer_2026
dc5f20c6-b4e4-4cbf-8af4-b8072a234a79,40,2026-08-29 17:08:37.46-03,R$,0,40,3f621f3e-720d-4c68-b436-eaac939ec515,Dinheiro,Cuca Enrolada de Amendoim,1,15,3f621f3e-720d-4c68-b436-eaac939ec515,Expointer_2026
db562eac-2982-4f4d-8ee0-24d00b9d86ae,33,2026-08-29 17:10:27.219-03,R$,0,33,3f621f3e-720d-4c68-b436-eaac939ec515,Dinheiro,Rapadura Assada (Pacote x6),6,4.166666666666667,3f621f3e-720d-4c68-b436-eaac939ec515,Expointer_2026
db562eac-2982-4f4d-8ee0-24d00b9d86ae,33,2026-08-29 17:10:27.219-03,R$,0,33,3f621f3e-720d-4c68-b436-eaac939ec515,Dinheiro,Cri-Cri 200g,1,8,3f621f3e-720d-4c68-b436-eaac939ec515,Expointer_2026
1c51e20f-4761-4229-ab6b-f67eff41afd9,25,2026-08-29 17:15:19.345-03,R$,0,25,3f621f3e-720d-4c68-b436-eaac939ec515,Dinheiro,Cuca Alemã,1,25,3f621f3e-720d-4c68-b436-eaac939ec515,Expointer_2026
3afc4b22-7a87-47a8-98b5-46cd86419f91,25,2026-08-29 17:16:35.409-03,R$,0,25,3f621f3e-720d-4c68-b436-eaac939ec515,Dinheiro,Cuca Alemã,1,25,3f621f3e-720d-4c68-b436-eaac939ec515,Expointer_2026
b1e9b0a4-e498-4914-b120-a8d44821022a,25,2026-08-29 17:19:23.105-03,R$,0,25,3f621f3e-720d-4c68-b436-eaac939ec515,Cartão,Cuca Alemã,1,25,3f621f3e-720d-4c68-b436-eaac939ec515,Expointer_2026
cc3779a6-d58c-4c32-ae69-ca19e11f794b,30,2026-08-29 17:26:25.258-03,R$,0,30,3f621f3e-720d-4c68-b436-eaac939ec515,Cartão,Cuca Enrolada de Amendoim,2,15,3f621f3e-720d-4c68-b436-eaac939ec515,Expointer_2026
82346dd9-e7b1-42df-8ea7-f0a0f5da4c6b,25,2026-08-29 17:41:50.806-03,R$,0,25,3f621f3e-720d-4c68-b436-eaac939ec515,Cartão,Cuca Alemã,1,25,3f621f3e-720d-4c68-b436-eaac939ec515,Expointer_2026
98ca703f-e8e5-453f-b013-83ef8253fac2,7,2026-08-29 18:06:27.121-03,R$,0,7,3f621f3e-720d-4c68-b436-eaac939ec515,Dinheiro,Carrapinha,1,7,3f621f3e-720d-4c68-b436-eaac939ec515,Expointer_2026
6bc3f200-d90e-4463-b111-2a65209373b5,22,2026-08-29 19:05:11.925-03,R$,0,22,3f621f3e-720d-4c68-b436-eaac939ec515,Cartão,Cuca Enrolada de Amendoim,1,15,3f621f3e-720d-4c68-b436-eaac939ec515,Expointer_2026
6bc3f200-d90e-4463-b111-2a65209373b5,22,2026-08-29 19:05:11.925-03,R$,0,22,3f621f3e-720d-4c68-b436-eaac939ec515,Cartão,Rapadura de Melado Grão Moído,1,7,3f621f3e-720d-4c68-b436-eaac939ec515,Expointer_2026
4caf1789-b036-469c-ae2a-15e7744e73ac,13,2026-08-29 19:12:06.214-03,R$,0,13,3f621f3e-720d-4c68-b436-eaac939ec515,Cartão,Alfajor Branco,1,6,3f621f3e-720d-4c68-b436-eaac939ec515,Expointer_2026
4caf1789-b036-469c-ae2a-15e7744e73ac,13,2026-08-29 19:12:06.214-03,R$,0,13,3f621f3e-720d-4c68-b436-eaac939ec515,Cartão,Carrapinha,1,7,3f621f3e-720d-4c68-b436-eaac939ec515,Expointer_2026
1aa8ceac-4d5e-4461-945e-da99f6026ade,20,2026-08-29 19:20:02.409-03,%,0,20,3f621f3e-720d-4c68-b436-eaac939ec515,Cartão,Rapadura de Melado Grão Moído (Pacote x1),1,20,3f621f3e-720d-4c68-b436-eaac939ec515,Expointer_2026
1b814ceb-d947-4d7b-88eb-66c13318b8b5,38,2026-08-29 19:42:56.885-03,%,0,38,3f621f3e-720d-4c68-b436-eaac939ec515,Cartão,Cri-Cri 200g,1,8,3f621f3e-720d-4c68-b436-eaac939ec515,Expointer_2026
1b814ceb-d947-4d7b-88eb-66c13318b8b5,38,2026-08-29 19:42:56.885-03,%,0,38,3f621f3e-720d-4c68-b436-eaac939ec515,Cartão,Rapadura Assada,1,5,3f621f3e-720d-4c68-b436-eaac939ec515,Expointer_2026
1b814ceb-d947-4d7b-88eb-66c13318b8b5,38,2026-08-29 19:42:56.885-03,%,0,38,3f621f3e-720d-4c68-b436-eaac939ec515,Cartão,Cuca Alemã,1,25,3f621f3e-720d-4c68-b436-eaac939ec515,Expointer_2026
5e3d9c22-d044-4139-8762-26b8739af73f,25,2026-08-30 08:13:57.181-03,%,0,25,aa4d1cfe-c6c1-4fd8-8c4b-2b1b9942884c,Pix,Cuca Alemã,1,25,aa4d1cfe-c6c1-4fd8-8c4b-2b1b9942884c,Expointer_2026
b42e39e4-460a-40db-8f2e-0bc702f6098e,25,2026-08-30 08:44:13.989-03,%,0,25,3f621f3e-720d-4c68-b436-eaac939ec515,Pix,Cuca Alemã,1,25,3f621f3e-720d-4c68-b436-eaac939ec515,Expointer_2026
ae98abcc-6b5d-461b-8adc-fd9d9b8dbb37,15,2026-08-30 08:44:48.309-03,%,0,15,3f621f3e-720d-4c68-b436-eaac939ec515,Cartão,Cuca Enrolada de Amendoim,1,15,3f621f3e-720d-4c68-b436-eaac939ec515,Expointer_2026
95eac520-19c9-4fca-bd41-c92c8fc69f38,25,2026-08-30 09:50:24.002-03,%,0,25,3f621f3e-720d-4c68-b436-eaac939ec515,Cartão,Cuca Alemã,1,25,3f621f3e-720d-4c68-b436-eaac939ec515,Expointer_2026
320ff679-770e-40ef-b213-0bea1cc1cd0f,15,2026-08-30 10:22:04.652-03,%,0,15,3f621f3e-720d-4c68-b436-eaac939ec515,Dinheiro,Cuca Enrolada de Amendoim,1,15,3f621f3e-720d-4c68-b436-eaac939ec515,Expointer_2026
e9ea19eb-4c59-4607-ac23-9f9ce586faa8,25,2026-08-30 11:21:16.472-03,%,0,25,3f621f3e-720d-4c68-b436-eaac939ec515,Dinheiro,Rapadura Assada (Pacote x6),6,4.166666666666667,3f621f3e-720d-4c68-b436-eaac939ec515,Expointer_2026
c147efc4-a178-4b30-9ff2-44902b718ec0,25,2026-08-30 11:33:29.905-03,%,0,25,3f621f3e-720d-4c68-b436-eaac939ec515,Cartão,Cuca Alemã,1,25,3f621f3e-720d-4c68-b436-eaac939ec515,Expointer_2026
c1580ac6-6b3c-4aa8-8629-59bb7668929e,35,2026-08-30 11:55:35.878-03,%,0,35,3f621f3e-720d-4c68-b436-eaac939ec515,Dinheiro,Rapadura de Melado (Pacote x3),3,6.666666666666667,3f621f3e-720d-4c68-b436-eaac939ec515,Expointer_2026
c1580ac6-6b3c-4aa8-8629-59bb7668929e,35,2026-08-30 11:55:35.878-03,%,0,35,3f621f3e-720d-4c68-b436-eaac939ec515,Dinheiro,Cuca Enrolada de Amendoim,1,15,3f621f3e-720d-4c68-b436-eaac939ec515,Expointer_2026
2257cc74-510a-4729-bb95-f43cf6c985ae,30,2026-08-30 12:13:29.962-03,%,0,30,3f621f3e-720d-4c68-b436-eaac939ec515,Dinheiro,Cuca Enrolada de Amendoim,2,15,3f621f3e-720d-4c68-b436-eaac939ec515,Expointer_2026
73fe0771-cdb2-41f3-8bb6-a0fe5349fca0,25,2026-08-30 12:24:02.908-03,%,0,25,3f621f3e-720d-4c68-b436-eaac939ec515,Dinheiro,Cuca Alemã,1,25,3f621f3e-720d-4c68-b436-eaac939ec515,Expointer_2026
056aa842-30e4-43bf-86af-b82d993f80b7,20,2026-08-30 12:24:28.631-03,%,0,20,3f621f3e-720d-4c68-b436-eaac939ec515,Dinheiro,Alfajor Preto (Pacote x4),4,5,3f621f3e-720d-4c68-b436-eaac939ec515,Expointer_2026
e9d3a431-5789-4d48-abdf-f85eca07568f,15,2026-08-30 12:31:18.371-03,%,0,15,3f621f3e-720d-4c68-b436-eaac939ec515,Cartão,Cuca Enrolada de Amendoim,1,15,3f621f3e-720d-4c68-b436-eaac939ec515,Expointer_2026
d8f073d5-b3ad-4ef9-90cd-c7df0fbc4359,50,2026-08-30 13:12:27.309-03,%,0,50,3f621f3e-720d-4c68-b436-eaac939ec515,Dinheiro,Cuca Alemã,2,25,3f621f3e-720d-4c68-b436-eaac939ec515,Expointer_2026
0f412cb1-cc6f-437d-82b3-8292fb7ea533,25,2026-08-30 13:21:54.123-03,%,0,25,3f621f3e-720d-4c68-b436-eaac939ec515,Dinheiro,Cuca Alemã,1,25,3f621f3e-720d-4c68-b436-eaac939ec515,Expointer_2026
cbea0c91-be9b-4586-aebb-3cb74327cef3,30,2026-08-30 13:26:40.542-03,%,0,30,3f621f3e-720d-4c68-b436-eaac939ec515,Cartão,Cuca Enrolada de Amendoim,1,15,3f621f3e-720d-4c68-b436-eaac939ec515,Expointer_2026
cbea0c91-be9b-4586-aebb-3cb74327cef3,30,2026-08-30 13:26:40.542-03,%,0,30,3f621f3e-720d-4c68-b436-eaac939ec515,Cartão,"Bolacha de manteiga ",1,10,3f621f3e-720d-4c68-b436-eaac939ec515,Expointer_2026
cbea0c91-be9b-4586-aebb-3cb74327cef3,30,2026-08-30 13:26:40.542-03,%,0,30,3f621f3e-720d-4c68-b436-eaac939ec515,Cartão,Rapadura Assada,1,5,3f621f3e-720d-4c68-b436-eaac939ec515,Expointer_2026
d3525821-1b40-4981-a5f8-0f012e537feb,30,2026-08-30 14:14:44.679-03,%,0,30,3f621f3e-720d-4c68-b436-eaac939ec515,Dinheiro,Cuca Enrolada de Amendoim,2,15,3f621f3e-720d-4c68-b436-eaac939ec515,Expointer_2026
79bf7359-7a8b-44c0-9095-7350403973ef,26,2026-08-30 14:35:01.218-03,%,0,26,3f621f3e-720d-4c68-b436-eaac939ec515,Pix,Alfajor Branco,1,6,3f621f3e-720d-4c68-b436-eaac939ec515,Expointer_2026
79bf7359-7a8b-44c0-9095-7350403973ef,26,2026-08-30 14:35:01.218-03,%,0,26,3f621f3e-720d-4c68-b436-eaac939ec515,Pix,Alfajor Preto (Pacote x4),4,5,3f621f3e-720d-4c68-b436-eaac939ec515,Expointer_2026
359b0b58-4071-4caa-9edf-92d1a4ee8a65,25,2026-08-30 14:35:20.061-03,%,0,25,3f621f3e-720d-4c68-b436-eaac939ec515,Dinheiro,Cuca Alemã,1,25,3f621f3e-720d-4c68-b436-eaac939ec515,Expointer_2026
e509b18f-8a06-4cdb-89b9-3b67c9d060cf,25,2026-08-30 14:35:34.226-03,%,0,25,3f621f3e-720d-4c68-b436-eaac939ec515,Dinheiro,Cuca Alemã,1,25,3f621f3e-720d-4c68-b436-eaac939ec515,Expointer_2026
ae640dfa-6993-4d11-b10c-1215e1a73ac7,65,2026-08-30 14:41:38.505-03,%,0,65,aa4d1cfe-c6c1-4fd8-8c4b-2b1b9942884c,Cartão,Cuca Enrolada de Amendoim,1,15,aa4d1cfe-c6c1-4fd8-8c4b-2b1b9942884c,Expointer_2026
ae640dfa-6993-4d11-b10c-1215e1a73ac7,65,2026-08-30 14:41:38.505-03,%,0,65,aa4d1cfe-c6c1-4fd8-8c4b-2b1b9942884c,Cartão,Rapadura Assada (Pacote x6),12,4.166666666666667,aa4d1cfe-c6c1-4fd8-8c4b-2b1b9942884c,Expointer_2026
d49d518a-4536-457f-be74-66fa7ee9321c,25,2026-08-30 15:01:03.99-03,%,0,25,3f621f3e-720d-4c68-b436-eaac939ec515,Cartão,Cuca Alemã,1,25,3f621f3e-720d-4c68-b436-eaac939ec515,Expointer_2026
308c861f-b098-4a65-851b-c3e56462e581,6,2026-08-30 15:11:41.808-03,%,0,6,3f621f3e-720d-4c68-b436-eaac939ec515,Dinheiro,Alfajor Preto,1,6,3f621f3e-720d-4c68-b436-eaac939ec515,Expointer_2026
e187c2f9-8b5a-4056-ba21-0ac29b65a133,25,2026-08-30 15:16:14.711-03,%,0,25,3f621f3e-720d-4c68-b436-eaac939ec515,Dinheiro,Cuca Alemã,1,25,3f621f3e-720d-4c68-b436-eaac939ec515,Expointer_2026
2c5d9569-6f79-435c-b263-5cb30a270b8e,5,2026-08-30 15:18:03.848-03,%,0,5,3f621f3e-720d-4c68-b436-eaac939ec515,Cartão,Bolacha Cobertura Chocolate,1,5,3f621f3e-720d-4c68-b436-eaac939ec515,Expointer_2026
9e46b518-d4a0-407c-b811-1e13c9b18e40,5,2026-08-30 15:18:23.604-03,R$,1,6,3f621f3e-720d-4c68-b436-eaac939ec515,Dinheiro,Amendoim Temperado 100g,1,6,3f621f3e-720d-4c68-b436-eaac939ec515,Expointer_2026
4f73c616-b5ab-45e3-b176-84a2c0301f22,27,2026-08-30 15:46:56.897-03,R$,0,27,3f621f3e-720d-4c68-b436-eaac939ec515,Pix,Rapadura de Melado,1,7,3f621f3e-720d-4c68-b436-eaac939ec515,Expointer_2026
4f73c616-b5ab-45e3-b176-84a2c0301f22,27,2026-08-30 15:46:56.897-03,R$,0,27,3f621f3e-720d-4c68-b436-eaac939ec515,Pix,Alfajor Preto (Pacote x4),4,5,3f621f3e-720d-4c68-b436-eaac939ec515,Expointer_2026
5c598c66-f53f-49e3-8ba9-5152779e4c00,6,2026-08-30 16:20:15.764-03,R$,0,6,3f621f3e-720d-4c68-b436-eaac939ec515,Dinheiro,Alfajor Branco,1,6,3f621f3e-720d-4c68-b436-eaac939ec515,Expointer_2026
305309ac-9f6c-4ca9-8293-fffb497d40c0,25,2026-08-30 16:20:25.646-03,R$,0,25,3f621f3e-720d-4c68-b436-eaac939ec515,Dinheiro,Rapadura Assada (Pacote x6),6,4.166666666666667,3f621f3e-720d-4c68-b436-eaac939ec515,Expointer_2026
1883b31c-fe50-4b5a-81a0-2bfab857d86c,5,2026-08-30 16:22:14.464-03,R$,0,5,3f621f3e-720d-4c68-b436-eaac939ec515,Pix,Rapadura Assada,1,5,3f621f3e-720d-4c68-b436-eaac939ec515,Expointer_2026
f46e4589-7b00-4c24-b116-7083e0295f1b,15,2026-08-30 16:49:22.898-03,%,0,15,3f621f3e-720d-4c68-b436-eaac939ec515,Cartão,Cuca Enrolada de Amendoim,1,15,3f621f3e-720d-4c68-b436-eaac939ec515,Expointer_2026
49ac1bc1-ede8-4abc-a084-2ef061b3cfa9,20,2026-08-30 17:13:47.15-03,%,0,20,3f621f3e-720d-4c68-b436-eaac939ec515,Pix,Rapadura de Melado (Pacote x3),3,6.666666666666667,3f621f3e-720d-4c68-b436-eaac939ec515,Expointer_2026
da7a6d6a-b88c-4c35-9c2b-dba4d5a29c7b,15,2026-08-30 17:26:09.43-03,%,0,15,3f621f3e-720d-4c68-b436-eaac939ec515,Pix,Cuca Enrolada de Amendoim,1,15,3f621f3e-720d-4c68-b436-eaac939ec515,Expointer_2026
d2ed6167-2daa-4d44-8808-bf7471cda7fd,20,2026-08-30 17:26:23.154-03,%,0,20,3f621f3e-720d-4c68-b436-eaac939ec515,Dinheiro,Alfajor Branco (Pacote x4),4,5,3f621f3e-720d-4c68-b436-eaac939ec515,Expointer_2026
f0b6b19f-2800-4b24-964e-7a2100a58220,15,2026-08-30 18:04:57.634-03,%,0,15,3f621f3e-720d-4c68-b436-eaac939ec515,Dinheiro,Cuca Enrolada de Amendoim,1,15,3f621f3e-720d-4c68-b436-eaac939ec515,Expointer_2026
0d009c61-98bc-4705-88f8-c834e618ca6e,20,2026-08-30 19:17:30.568-03,%,0,20,3f621f3e-720d-4c68-b436-eaac939ec515,Dinheiro,Rapadura de Melado (Pacote x3),3,6.666666666666667,3f621f3e-720d-4c68-b436-eaac939ec515,Expointer_2026
19e84ca8-1e21-47d8-bce8-e51b1a7be9a6,15,2026-08-30 19:56:14.008-03,%,0,15,3f621f3e-720d-4c68-b436-eaac939ec515,Dinheiro,Cuca Enrolada de Amendoim,1,15,3f621f3e-720d-4c68-b436-eaac939ec515,Expointer_2026
6b487a70-7ff2-4b43-97a7-6e9c739576a7,20,2026-08-31 12:19:23.272-03,%,0,20,3f621f3e-720d-4c68-b436-eaac939ec515,Dinheiro,Alfajor Preto (Pacote x4),4,5,3f621f3e-720d-4c68-b436-eaac939ec515,Expointer_2026
8bc440b8-2133-45b1-86bf-7a647384dd78,5,2026-08-31 13:05:48.919-03,%,0,5,3f621f3e-720d-4c68-b436-eaac939ec515,Dinheiro,Rapadura Assada,1,5,3f621f3e-720d-4c68-b436-eaac939ec515,Expointer_2026
a67a54c3-51f6-4c65-b1a7-40698ae30a60,15,2026-08-31 13:15:57.503-03,%,0,15,3f621f3e-720d-4c68-b436-eaac939ec515,Cartão,Cuca Enrolada de Amendoim,1,15,3f621f3e-720d-4c68-b436-eaac939ec515,Expointer_2026
2de458e0-1b48-4a37-8f3d-fc21d842d11d,15,2026-08-31 13:39:24.133-03,%,0,15,3f621f3e-720d-4c68-b436-eaac939ec515,Dinheiro,Cuca Enrolada de Amendoim,1,15,3f621f3e-720d-4c68-b436-eaac939ec515,Expointer_2026
3068f5c3-197a-414f-b039-696dcf8ee2b5,15,2026-08-31 13:51:37.985-03,%,0,15,3f621f3e-720d-4c68-b436-eaac939ec515,Cartão,Cuca Enrolada de Amendoim,1,15,3f621f3e-720d-4c68-b436-eaac939ec515,Expointer_2026
48efedef-6f65-4a19-b443-f4ded49fba8f,7,2026-08-31 14:08:32.956-03,%,0,7,3f621f3e-720d-4c68-b436-eaac939ec515,Dinheiro,Rapadura de Melado Grão Moído,1,7,3f621f3e-720d-4c68-b436-eaac939ec515,Expointer_2026
49cddae7-3488-4693-a499-a08e73fa7953,6,2026-08-31 14:11:46.558-03,%,0,6,3f621f3e-720d-4c68-b436-eaac939ec515,Pix,Alfajor Preto,1,6,3f621f3e-720d-4c68-b436-eaac939ec515,Expointer_2026
c4123ae5-61dc-40b8-bce8-8a3d2adac238,19,2026-08-31 15:24:23.517-03,%,0,19,3f621f3e-720d-4c68-b436-eaac939ec515,Cartão,Rapadura de Melado Grão Moído,1,7,3f621f3e-720d-4c68-b436-eaac939ec515,Expointer_2026
c4123ae5-61dc-40b8-bce8-8a3d2adac238,19,2026-08-31 15:24:23.517-03,%,0,19,3f621f3e-720d-4c68-b436-eaac939ec515,Cartão,Rapadura de Melado,1,7,3f621f3e-720d-4c68-b436-eaac939ec515,Expointer_2026
c4123ae5-61dc-40b8-bce8-8a3d2adac238,19,2026-08-31 15:24:23.517-03,%,0,19,3f621f3e-720d-4c68-b436-eaac939ec515,Cartão,Rapadura Assada,1,5,3f621f3e-720d-4c68-b436-eaac939ec515,Expointer_2026
bbaff026-afc2-4538-8689-338a5b3e66ba,20,2026-08-31 15:24:50.553-03,%,0,20,3f621f3e-720d-4c68-b436-eaac939ec515,Pix,Cuca Enrolada de Amendoim,1,15,3f621f3e-720d-4c68-b436-eaac939ec515,Expointer_2026
bbaff026-afc2-4538-8689-338a5b3e66ba,20,2026-08-31 15:24:50.553-03,%,0,20,3f621f3e-720d-4c68-b436-eaac939ec515,Pix,Rapadura Assada,1,5,3f621f3e-720d-4c68-b436-eaac939ec515,Expointer_2026
88a9c382-6e96-4958-8e3a-0172742b16c0,25,2026-08-31 15:25:14.991-03,%,0,25,3f621f3e-720d-4c68-b436-eaac939ec515,Cartão,Rapadura Assada (Pacote x6),6,4.166666666666667,3f621f3e-720d-4c68-b436-eaac939ec515,Expointer_2026
26a9f732-3397-43a5-b8d6-b529cdb60dd1,25,2026-08-31 15:25:24.009-03,%,0,25,3f621f3e-720d-4c68-b436-eaac939ec515,Dinheiro,Rapadura Assada (Pacote x6),6,4.166666666666667,3f621f3e-720d-4c68-b436-eaac939ec515,Expointer_2026
58e8f529-9a51-4655-81f1-5c2f88297bfe,20,2026-08-31 15:25:43.885-03,%,0,20,3f621f3e-720d-4c68-b436-eaac939ec515,Cartão,Alfajor Preto (Pacote x4),4,5,3f621f3e-720d-4c68-b436-eaac939ec515,Expointer_2026
542063a6-8da6-4003-9f34-c58a65f894fa,7,2026-08-31 15:41:45.508-03,%,0,7,3f621f3e-720d-4c68-b436-eaac939ec515,Dinheiro,Rapadura de Melado Grão Moído,1,7,3f621f3e-720d-4c68-b436-eaac939ec515,Expointer_2026
2c615d1a-94ab-4db7-bfdc-4707388dd328,15,2026-08-31 16:54:29.301-03,%,0,15,3f621f3e-720d-4c68-b436-eaac939ec515,Cartão,Cuca Enrolada de Amendoim,1,15,3f621f3e-720d-4c68-b436-eaac939ec515,Expointer_2026
c6d394d0-4b76-4620-8e6e-f91d8f1aacfe,7,2026-08-31 16:54:39.714-03,%,0,7,3f621f3e-720d-4c68-b436-eaac939ec515,Dinheiro,Rapadura de Melado Grão Moído,1,7,3f621f3e-720d-4c68-b436-eaac939ec515,Expointer_2026
05e56a89-51e1-466f-9097-a9199b198bc7,10,2026-08-31 16:55:07.391-03,%,0,10,3f621f3e-720d-4c68-b436-eaac939ec515,Dinheiro,Bolacha Cobertura Chocolate,2,5,3f621f3e-720d-4c68-b436-eaac939ec515,Expointer_2026
b8012850-ed1c-48e9-b94b-377c3c926d5a,15,2026-08-31 17:19:47.953-03,%,0,15,3f621f3e-720d-4c68-b436-eaac939ec515,Cartão,Cuca Enrolada de Amendoim,1,15,3f621f3e-720d-4c68-b436-eaac939ec515,Expointer_2026
cca384ad-ca3f-4003-bc58-93e73b410c93,7,2026-08-31 17:35:16.414-03,%,0,7,3f621f3e-720d-4c68-b436-eaac939ec515,Dinheiro,Rapadura de Melado Grão Moído,1,7,3f621f3e-720d-4c68-b436-eaac939ec515,Expointer_2026
32251285-811d-4eec-b46a-ba7827725d9f,34,2026-08-31 17:40:00.632-03,%,0,34,3f621f3e-720d-4c68-b436-eaac939ec515,Dinheiro,Bolacha Cobertura Chocolate,1,5,3f621f3e-720d-4c68-b436-eaac939ec515,Expointer_2026
32251285-811d-4eec-b46a-ba7827725d9f,34,2026-08-31 17:40:00.632-03,%,0,34,3f621f3e-720d-4c68-b436-eaac939ec515,Dinheiro,Rapadura de Melado,2,7,3f621f3e-720d-4c68-b436-eaac939ec515,Expointer_2026
32251285-811d-4eec-b46a-ba7827725d9f,34,2026-08-31 17:40:00.632-03,%,0,34,3f621f3e-720d-4c68-b436-eaac939ec515,Dinheiro,Cuca Enrolada de Amendoim,1,15,3f621f3e-720d-4c68-b436-eaac939ec515,Expointer_2026
e8913915-1e67-4271-a919-fa36ae299b40,38,2026-08-31 18:27:32.767-03,%,0,38,3f621f3e-720d-4c68-b436-eaac939ec515,Cartão,Rapadura Assada (Pacote x6),6,4.166666666666667,3f621f3e-720d-4c68-b436-eaac939ec515,Expointer_2026
e8913915-1e67-4271-a919-fa36ae299b40,38,2026-08-31 18:27:32.767-03,%,0,38,3f621f3e-720d-4c68-b436-eaac939ec515,Cartão,Cri-Cri 200g,1,8,3f621f3e-720d-4c68-b436-eaac939ec515,Expointer_2026
e8913915-1e67-4271-a919-fa36ae299b40,38,2026-08-31 18:27:32.767-03,%,0,38,3f621f3e-720d-4c68-b436-eaac939ec515,Cartão,Bolacha Cobertura Chocolate,1,5,3f621f3e-720d-4c68-b436-eaac939ec515,Expointer_2026
073f9658-e8a5-45f7-95c8-9a6d6b1c9b6c,75,2026-08-31 18:28:48.139-03,%,0,75,3f621f3e-720d-4c68-b436-eaac939ec515,Cartão,Rapadura Assada (Pacote x6),18,4.166666666666667,3f621f3e-720d-4c68-b436-eaac939ec515,Expointer_2026
f856a755-792b-4c56-b25e-60d19556c9c9,15,2026-09-01 08:18:05.891-03,%,0,15,3f621f3e-720d-4c68-b436-eaac939ec515,Dinheiro,Cuca Enrolada de Amendoim,1,15,3f621f3e-720d-4c68-b436-eaac939ec515,Expointer_2026
aca978ff-3168-4b3b-9aba-717ba695792f,7,2026-09-01 08:18:17.106-03,%,0,7,3f621f3e-720d-4c68-b436-eaac939ec515,Dinheiro,Rapadura de Melado,1,7,3f621f3e-720d-4c68-b436-eaac939ec515,Expointer_2026
379058b2-71ee-4d97-b59e-9460e8e16d08,6,2026-09-01 09:26:37.707-03,%,0,6,3f621f3e-720d-4c68-b436-eaac939ec515,Dinheiro,Amendoim Temperado 100g,1,6,3f621f3e-720d-4c68-b436-eaac939ec515,Expointer_2026
4d3b4616-2ae8-45b8-958e-8fa32e539c0b,15,2026-09-01 09:59:55.783-03,%,0,15,3f621f3e-720d-4c68-b436-eaac939ec515,Dinheiro,Cuca Enrolada de Amendoim,1,15,3f621f3e-720d-4c68-b436-eaac939ec515,Expointer_2026
e7d92fcf-9572-4bad-a65f-2bee68301094,20,2026-09-01 12:27:19.044-03,%,0,20,3f621f3e-720d-4c68-b436-eaac939ec515,Dinheiro,Alfajor Preto (Pacote x4),4,5,3f621f3e-720d-4c68-b436-eaac939ec515,Expointer_2026
7cdb1732-510e-4bae-b006-eb0373bb4b0a,25,2026-09-01 12:46:33.329-03,%,0,25,3f621f3e-720d-4c68-b436-eaac939ec515,Cartão,Rapadura Assada (Pacote x6),6,4.166666666666667,3f621f3e-720d-4c68-b436-eaac939ec515,Expointer_2026
040e2de5-fa11-46fa-a75d-7397ca9e95a4,5,2026-09-01 12:59:09.684-03,%,0,5,3f621f3e-720d-4c68-b436-eaac939ec515,Cartão,Rapadura Assada,1,5,3f621f3e-720d-4c68-b436-eaac939ec515,Expointer_2026
04f0d6d0-d17b-45c1-ad58-532c47c4ae65,5,2026-09-01 13:03:00.543-03,%,0,5,3f621f3e-720d-4c68-b436-eaac939ec515,Dinheiro,Rapadura Assada,1,5,3f621f3e-720d-4c68-b436-eaac939ec515,Expointer_2026
d49ce4c4-b769-444e-9a34-3dcc0d58b9e2,7,2026-09-01 13:45:01.422-03,%,0,7,3f621f3e-720d-4c68-b436-eaac939ec515,Pix,Rapadura de Melado Grão Moído,1,7,3f621f3e-720d-4c68-b436-eaac939ec515,Expointer_2026
4788604c-bef6-4c59-ad84-27cf06aa89e8,25,2026-09-01 14:08:20.828-03,%,0,25,3f621f3e-720d-4c68-b436-eaac939ec515,Cartão,Rapadura Assada (Pacote x6),6,4.166666666666667,3f621f3e-720d-4c68-b436-eaac939ec515,Expointer_2026
643c9e92-a702-44ea-81c5-89eddf7aa5b7,7,2026-09-01 14:25:37.025-03,%,0,7,3f621f3e-720d-4c68-b436-eaac939ec515,Cartão,Rapadura de Melado,1,7,3f621f3e-720d-4c68-b436-eaac939ec515,Expointer_2026
c9a44143-451a-456b-836f-b1f218cd6494,10,2026-09-01 14:28:16.961-03,%,0,10,3f621f3e-720d-4c68-b436-eaac939ec515,Cartão,"Bolacha de manteiga ",1,10,3f621f3e-720d-4c68-b436-eaac939ec515,Expointer_2026
96ff624f-a30d-43ba-8a8b-b5c5eff68709,6,2026-09-01 14:43:24.257-03,%,0,6,3f621f3e-720d-4c68-b436-eaac939ec515,Pix,Alfajor Preto,1,6,3f621f3e-720d-4c68-b436-eaac939ec515,Expointer_2026
1d7fde63-1c38-4d6e-b8bb-9978600444c6,30,2026-09-01 14:55:21.215-03,%,0,30,3f621f3e-720d-4c68-b436-eaac939ec515,Dinheiro,Alfajor Preto,5,6,3f621f3e-720d-4c68-b436-eaac939ec515,Expointer_2026
e94ea6a0-256b-49ac-8070-850190127136,15,2026-09-01 14:56:16.608-03,%,0,15,3f621f3e-720d-4c68-b436-eaac939ec515,Dinheiro,Cuca Enrolada de Amendoim,1,15,3f621f3e-720d-4c68-b436-eaac939ec515,Expointer_2026
1ece8842-7a28-44a1-bd82-4fa53ad50884,15,2026-09-01 14:58:03.318-03,%,0,15,3f621f3e-720d-4c68-b436-eaac939ec515,Dinheiro,Cuca Enrolada de Amendoim,1,15,3f621f3e-720d-4c68-b436-eaac939ec515,Expointer_2026
08ecaa7c-2941-40e9-8a79-a8868a389c32,10,2026-09-01 15:42:06.44-03,%,0,10,3f621f3e-720d-4c68-b436-eaac939ec515,Dinheiro,Rapadura Assada,2,5,3f621f3e-720d-4c68-b436-eaac939ec515,Expointer_2026
21c2b5d3-5c09-4ffa-80e0-4294ed69582c,12,2026-09-01 16:29:55.733-03,%,0,12,3f621f3e-720d-4c68-b436-eaac939ec515,Dinheiro,Rapadura Assada,1,5,3f621f3e-720d-4c68-b436-eaac939ec515,Expointer_2026
21c2b5d3-5c09-4ffa-80e0-4294ed69582c,12,2026-09-01 16:29:55.733-03,%,0,12,3f621f3e-720d-4c68-b436-eaac939ec515,Dinheiro,Rapadura de Melado,1,7,3f621f3e-720d-4c68-b436-eaac939ec515,Expointer_2026
ecbcab05-ce11-4aeb-8eb4-f79f4e01a3a9,32,2026-09-01 16:51:05.898-03,%,0,32,3f621f3e-720d-4c68-b436-eaac939ec515,Cartão,Rapadura Assada (Pacote x6),6,4.166666666666667,3f621f3e-720d-4c68-b436-eaac939ec515,Expointer_2026
ecbcab05-ce11-4aeb-8eb4-f79f4e01a3a9,32,2026-09-01 16:51:05.898-03,%,0,32,3f621f3e-720d-4c68-b436-eaac939ec515,Cartão,Rapadura de Melado Grão Moído,1,7,3f621f3e-720d-4c68-b436-eaac939ec515,Expointer_2026
be7920ef-298f-47aa-8a6e-524a7fcfd8ea,6,2026-09-01 17:00:47.363-03,%,0,6,3f621f3e-720d-4c68-b436-eaac939ec515,Dinheiro,Alfajor Preto,1,6,3f621f3e-720d-4c68-b436-eaac939ec515,Expointer_2026
dc3f1a60-28de-45ea-ac33-356e0f2fdd05,7,2026-09-01 17:17:24.995-03,%,0,7,3f621f3e-720d-4c68-b436-eaac939ec515,Cartão,Rapadura de Melado Grão Moído,1,7,3f621f3e-720d-4c68-b436-eaac939ec515,Expointer_2026
0414a248-d349-442f-9c58-0ea081f87932,10,2026-09-01 17:29:35.646-03,%,0,10,3f621f3e-720d-4c68-b436-eaac939ec515,Dinheiro,Rapadura Assada,2,5,3f621f3e-720d-4c68-b436-eaac939ec515,Expointer_2026
94eb7999-3f89-44ea-9ce2-48530f3d83cd,14,2026-09-01 17:35:54.376-03,%,0,14,3f621f3e-720d-4c68-b436-eaac939ec515,Pix,Cri-Cri 200g,1,8,3f621f3e-720d-4c68-b436-eaac939ec515,Expointer_2026
94eb7999-3f89-44ea-9ce2-48530f3d83cd,14,2026-09-01 17:35:54.376-03,%,0,14,3f621f3e-720d-4c68-b436-eaac939ec515,Pix,Amendoim Temperado 100g,1,6,3f621f3e-720d-4c68-b436-eaac939ec515,Expointer_2026
98267927-57a5-470a-9f02-d7d9e59e0bfe,25,2026-09-01 17:56:29.316-03,%,0,25,3f621f3e-720d-4c68-b436-eaac939ec515,Dinheiro,Rapadura Assada (Pacote x6),6,4.166666666666667,3f621f3e-720d-4c68-b436-eaac939ec515,Expointer_2026
17e2498d-82a3-4190-80de-8d784e76824c,20,2026-09-01 18:27:02.729-03,%,0,20,3f621f3e-720d-4c68-b436-eaac939ec515,Dinheiro,Rapadura de Melado (Pacote x3),3,6.666666666666667,3f621f3e-720d-4c68-b436-eaac939ec515,Expointer_2026
f9e35291-da1a-413c-841a-e527876b32a9,10,2026-09-01 18:49:58.203-03,%,0,10,3f621f3e-720d-4c68-b436-eaac939ec515,Pix,"Bolacha de manteiga ",1,10,3f621f3e-720d-4c68-b436-eaac939ec515,Expointer_2026
0bec4dea-ac20-455f-93b9-ae2ee8cb8de1,30,2026-09-01 19:59:53.066-03,%,0,30,3f621f3e-720d-4c68-b436-eaac939ec515,Cartão,Cuca Enrolada de Amendoim,2,15,3f621f3e-720d-4c68-b436-eaac939ec515,Expointer_2026
26892e12-43fc-4e16-8982-484ea4511f6e,5,2026-09-02 09:52:12.375-03,%,0,5,3f621f3e-720d-4c68-b436-eaac939ec515,Dinheiro,Bolacha Cobertura Chocolate,1,5,3f621f3e-720d-4c68-b436-eaac939ec515,Expointer_2026
d51cbd71-ac42-4165-a3c3-538a258a6b6d,15,2026-09-02 09:56:32.515-03,%,0,15,3f621f3e-720d-4c68-b436-eaac939ec515,Dinheiro,Cuca Enrolada de Amendoim,1,15,3f621f3e-720d-4c68-b436-eaac939ec515,Expointer_2026
3e4a0f0d-381e-4b8a-82d2-62bc416b2016,20,2026-09-02 09:58:06.987-03,%,0,20,3f621f3e-720d-4c68-b436-eaac939ec515,Cartão,Alfajor Preto (Pacote x4),4,5,3f621f3e-720d-4c68-b436-eaac939ec515,Expointer_2026
a98af56a-6a52-4a34-b3f8-da6fc13d7b28,20,2026-09-02 09:58:41.068-03,%,0,20,3f621f3e-720d-4c68-b436-eaac939ec515,Dinheiro,Alfajor Branco (Pacote x4),4,5,3f621f3e-720d-4c68-b436-eaac939ec515,Expointer_2026
2297bd8b-051f-4c8b-abc4-080a94925e77,15,2026-09-02 10:00:49.429-03,%,0,15,3f621f3e-720d-4c68-b436-eaac939ec515,Dinheiro,Cuca Enrolada de Amendoim,1,15,3f621f3e-720d-4c68-b436-eaac939ec515,Expointer_2026
f94449be-a667-4bd6-aea0-155da62867be,15,2026-09-02 10:10:59.395-03,%,0,15,3f621f3e-720d-4c68-b436-eaac939ec515,Dinheiro,Cuca Enrolada de Amendoim,1,15,3f621f3e-720d-4c68-b436-eaac939ec515,Expointer_2026
ff5ea87e-ded1-40de-83ee-a756aa01e3ba,50,2026-09-02 10:11:26.692-03,%,0,50,3f621f3e-720d-4c68-b436-eaac939ec515,Dinheiro,Cuca Enrolada de Amendoim,2,15,3f621f3e-720d-4c68-b436-eaac939ec515,Expointer_2026
ff5ea87e-ded1-40de-83ee-a756aa01e3ba,50,2026-09-02 10:11:26.692-03,%,0,50,3f621f3e-720d-4c68-b436-eaac939ec515,Dinheiro,Rapadura de Melado (Pacote x3),3,6.666666666666667,3f621f3e-720d-4c68-b436-eaac939ec515,Expointer_2026
292535d5-11c8-4fd1-9847-bc0f0f635a02,15,2026-09-02 10:18:40.961-03,%,0,15,3f621f3e-720d-4c68-b436-eaac939ec515,Dinheiro,Cuca Enrolada de Amendoim,1,15,3f621f3e-720d-4c68-b436-eaac939ec515,Expointer_2026
52145b7a-e3d7-4526-a106-91f7bd578f77,35,2026-09-02 10:31:05.232-03,%,0,35,3f621f3e-720d-4c68-b436-eaac939ec515,Dinheiro,Cuca Enrolada de Amendoim,2,15,3f621f3e-720d-4c68-b436-eaac939ec515,Expointer_2026
52145b7a-e3d7-4526-a106-91f7bd578f77,35,2026-09-02 10:31:05.232-03,%,0,35,3f621f3e-720d-4c68-b436-eaac939ec515,Dinheiro,Bolacha Cobertura Chocolate,1,5,3f621f3e-720d-4c68-b436-eaac939ec515,Expointer_2026
2b9bd826-f88a-40ad-a620-82786d8d1434,15,2026-09-02 10:42:04.846-03,%,0,15,3f621f3e-720d-4c68-b436-eaac939ec515,Dinheiro,Cuca Enrolada de Amendoim,1,15,3f621f3e-720d-4c68-b436-eaac939ec515,Expointer_2026
c31c0f6c-50f8-402e-8399-44acb6e3dd78,30,2026-09-02 10:43:19.851-03,%,0,30,3f621f3e-720d-4c68-b436-eaac939ec515,Pix,Cuca Enrolada de Amendoim,2,15,3f621f3e-720d-4c68-b436-eaac939ec515,Expointer_2026
18b60f4b-61d6-417a-8d5b-d7f8bc134415,15,2026-09-02 10:44:15.922-03,%,0,15,3f621f3e-720d-4c68-b436-eaac939ec515,Dinheiro,Cuca Enrolada de Amendoim,1,15,3f621f3e-720d-4c68-b436-eaac939ec515,Expointer_2026
b9f564a5-526b-4ee7-a7f3-3743c408ad0c,15,2026-09-02 10:46:06.055-03,%,0,15,3f621f3e-720d-4c68-b436-eaac939ec515,Dinheiro,Cuca Enrolada de Amendoim,1,15,3f621f3e-720d-4c68-b436-eaac939ec515,Expointer_2026
93241f1f-7e4c-475a-9ac4-9913e34bbbb8,15,2026-09-02 10:53:21.741-03,%,0,15,3f621f3e-720d-4c68-b436-eaac939ec515,Dinheiro,Cuca Enrolada de Amendoim,1,15,3f621f3e-720d-4c68-b436-eaac939ec515,Expointer_2026
66d64f28-8b7b-48d1-86d5-0893073e2121,30,2026-09-02 11:01:48.57-03,%,0,30,3f621f3e-720d-4c68-b436-eaac939ec515,Cartão,Cuca Enrolada de Amendoim,2,15,3f621f3e-720d-4c68-b436-eaac939ec515,Expointer_2026
2e0a7824-0b34-41ea-a598-ecc88a09a84c,50,2026-09-02 11:30:00.954-03,%,0,50,3f621f3e-720d-4c68-b436-eaac939ec515,Cartão,Cuca Alemã,2,25,3f621f3e-720d-4c68-b436-eaac939ec515,Expointer_2026
46aea508-5e66-47c1-a95d-0de764cdb006,25,2026-09-02 11:37:08.468-03,%,0,25,3f621f3e-720d-4c68-b436-eaac939ec515,Dinheiro,Cuca Alemã,1,25,3f621f3e-720d-4c68-b436-eaac939ec515,Expointer_2026
3d64f780-9b45-46a1-ab4d-abd92a1ebab3,25,2026-09-02 11:38:33.115-03,%,0,25,3f621f3e-720d-4c68-b436-eaac939ec515,Cartão,Cuca Alemã,1,25,3f621f3e-720d-4c68-b436-eaac939ec515,Expointer_2026
ff12c33a-48c0-4050-934e-58f822e9654b,25,2026-09-02 11:38:53.578-03,%,0,25,3f621f3e-720d-4c68-b436-eaac939ec515,Cartão,Cuca Alemã,1,25,3f621f3e-720d-4c68-b436-eaac939ec515,Expointer_2026
569298a4-2964-4fec-80a6-566461987951,25,2026-09-02 11:41:28.625-03,%,0,25,3f621f3e-720d-4c68-b436-eaac939ec515,Dinheiro,Cuca Alemã,1,25,3f621f3e-720d-4c68-b436-eaac939ec515,Expointer_2026
b6672654-6f2f-4a13-bf20-c63226967bb1,30,2026-09-02 11:42:24.433-03,%,0,30,3f621f3e-720d-4c68-b436-eaac939ec515,Dinheiro,Cuca Alemã,1,25,3f621f3e-720d-4c68-b436-eaac939ec515,Expointer_2026
b6672654-6f2f-4a13-bf20-c63226967bb1,30,2026-09-02 11:42:24.433-03,%,0,30,3f621f3e-720d-4c68-b436-eaac939ec515,Dinheiro,Bolacha Cobertura Chocolate,1,5,3f621f3e-720d-4c68-b436-eaac939ec515,Expointer_2026
5bda5b63-cff1-4017-88d9-7dc4a45df4ab,25,2026-09-02 11:44:18.852-03,%,0,25,3f621f3e-720d-4c68-b436-eaac939ec515,Cartão,Cuca Alemã,1,25,3f621f3e-720d-4c68-b436-eaac939ec515,Expointer_2026
4add4440-709f-4217-bece-f3e6ae31c586,50,2026-09-02 11:55:09.089-03,%,0,50,3f621f3e-720d-4c68-b436-eaac939ec515,Dinheiro,Cuca Alemã,2,25,3f621f3e-720d-4c68-b436-eaac939ec515,Expointer_2026
d86b46b6-bbb3-40e3-89bd-a1a4ae4a3ac5,25,2026-09-02 12:05:47.722-03,%,0,25,3f621f3e-720d-4c68-b436-eaac939ec515,Dinheiro,Cuca Alemã,1,25,3f621f3e-720d-4c68-b436-eaac939ec515,Expointer_2026
c19616e2-ca77-4af7-902c-f791d7e00fe5,45,2026-09-02 12:11:23.481-03,%,0,45,3f621f3e-720d-4c68-b436-eaac939ec515,Dinheiro,Alfajor Preto (Pacote x4),4,5,3f621f3e-720d-4c68-b436-eaac939ec515,Expointer_2026
c19616e2-ca77-4af7-902c-f791d7e00fe5,45,2026-09-02 12:11:23.481-03,%,0,45,3f621f3e-720d-4c68-b436-eaac939ec515,Dinheiro,Cuca Alemã,1,25,3f621f3e-720d-4c68-b436-eaac939ec515,Expointer_2026
3e42c4ca-b38a-4154-af6a-07d73b72c1a2,25,2026-09-02 12:14:49.028-03,%,0,25,3f621f3e-720d-4c68-b436-eaac939ec515,Pix,Cuca Alemã,1,25,3f621f3e-720d-4c68-b436-eaac939ec515,Expointer_2026
6e5c55e9-bd02-452a-9c82-600541f24b91,25,2026-09-02 12:31:46.208-03,%,0,25,3f621f3e-720d-4c68-b436-eaac939ec515,Pix,Cuca Alemã,1,25,3f621f3e-720d-4c68-b436-eaac939ec515,Expointer_2026
ea50377d-bcde-448c-b1f8-0585323e7bf5,25,2026-09-02 12:36:58.626-03,%,0,25,3f621f3e-720d-4c68-b436-eaac939ec515,Cartão,Cuca Alemã,1,25,3f621f3e-720d-4c68-b436-eaac939ec515,Expointer_2026
8e4f6ede-10c9-4dc2-b1ce-b9982671f2fe,40,2026-09-02 12:50:20.553-03,%,0,40,3f621f3e-720d-4c68-b436-eaac939ec515,Cartão,Cuca Alemã,1,25,3f621f3e-720d-4c68-b436-eaac939ec515,Expointer_2026
8e4f6ede-10c9-4dc2-b1ce-b9982671f2fe,40,2026-09-02 12:50:20.553-03,%,0,40,3f621f3e-720d-4c68-b436-eaac939ec515,Cartão,Cuca Enrolada de Amendoim,1,15,3f621f3e-720d-4c68-b436-eaac939ec515,Expointer_2026
b21532f4-034d-4f97-ae33-4dc6f630f203,20,2026-09-02 12:54:37.621-03,%,0,20,3f621f3e-720d-4c68-b436-eaac939ec515,Cartão,Alfajor Branco (Pacote x4),4,5,3f621f3e-720d-4c68-b436-eaac939ec515,Expointer_2026
b9d769fd-4aef-410d-8212-208ce8c8b663,5,2026-09-02 12:55:10.216-03,%,0,5,3f621f3e-720d-4c68-b436-eaac939ec515,Cartão,Rapadura Assada,1,5,3f621f3e-720d-4c68-b436-eaac939ec515,Expointer_2026
62196b5b-a247-41f3-9549-08513caae132,25,2026-09-02 12:57:54.86-03,%,0,25,3f621f3e-720d-4c68-b436-eaac939ec515,Dinheiro,Cuca Alemã,1,25,3f621f3e-720d-4c68-b436-eaac939ec515,Expointer_2026
604456af-f03f-46c2-984e-81c04e604cb6,25,2026-09-02 13:01:40.651-03,%,0,25,3f621f3e-720d-4c68-b436-eaac939ec515,Dinheiro,Cuca Alemã,1,25,3f621f3e-720d-4c68-b436-eaac939ec515,Expointer_2026
a868941e-3166-4dc4-aee3-f22115dc0413,25,2026-09-02 13:06:35.86-03,%,0,25,3f621f3e-720d-4c68-b436-eaac939ec515,Pix,Cuca Alemã,1,25,3f621f3e-720d-4c68-b436-eaac939ec515,Expointer_2026
471f58ca-c679-4811-908a-c6f35d78666c,25,2026-09-02 13:13:42.933-03,%,0,25,3f621f3e-720d-4c68-b436-eaac939ec515,Cartão,Cuca Alemã,1,25,3f621f3e-720d-4c68-b436-eaac939ec515,Expointer_2026
8ee4ebd7-aa34-4749-8a59-8dc772b3919e,7,2026-09-02 13:14:02.393-03,%,0,7,3f621f3e-720d-4c68-b436-eaac939ec515,Dinheiro,Rapadura de Melado Grão Moído,1,7,3f621f3e-720d-4c68-b436-eaac939ec515,Expointer_2026
04294273-156f-43f1-a6f0-f8fbb1f9b44d,15,2026-09-02 13:24:57.625-03,%,0,15,3f621f3e-720d-4c68-b436-eaac939ec515,Cartão,Cuca Enrolada de Amendoim,1,15,3f621f3e-720d-4c68-b436-eaac939ec515,Expointer_2026
9f6b13bd-13c9-4f4f-972b-897b7ee1bdba,45,2026-09-02 13:25:57.841-03,%,0,45,3f621f3e-720d-4c68-b436-eaac939ec515,Cartão,Cuca Enrolada de Amendoim,3,15,3f621f3e-720d-4c68-b436-eaac939ec515,Expointer_2026
e9ffd99c-c00d-48d2-8a9c-0bd2f678a950,25,2026-09-02 13:26:05.969-03,%,0,25,3f621f3e-720d-4c68-b436-eaac939ec515,Dinheiro,Cuca Alemã,1,25,3f621f3e-720d-4c68-b436-eaac939ec515,Expointer_2026
22980b31-bb27-4967-bf4a-9ddfcdff845c,40,2026-09-02 13:38:13.485-03,%,0,40,3f621f3e-720d-4c68-b436-eaac939ec515,Cartão,Cuca Alemã,1,25,3f621f3e-720d-4c68-b436-eaac939ec515,Expointer_2026
22980b31-bb27-4967-bf4a-9ddfcdff845c,40,2026-09-02 13:38:13.485-03,%,0,40,3f621f3e-720d-4c68-b436-eaac939ec515,Cartão,Cuca Enrolada de Amendoim,1,15,3f621f3e-720d-4c68-b436-eaac939ec515,Expointer_2026
c71d2bb5-b596-4ebe-85d9-6eef230d4beb,25,2026-09-02 13:38:24.761-03,%,0,25,3f621f3e-720d-4c68-b436-eaac939ec515,Cartão,Cuca Alemã,1,25,3f621f3e-720d-4c68-b436-eaac939ec515,Expointer_2026
15482c80-d84e-4b17-94a2-87e23ac3d3d0,25,2026-09-02 13:41:33.663-03,%,0,25,3f621f3e-720d-4c68-b436-eaac939ec515,Pix,Cuca Alemã,1,25,3f621f3e-720d-4c68-b436-eaac939ec515,Expointer_2026
9e18dd8e-a7bb-4745-b02c-f19873a89d46,25,2026-09-02 13:42:00.759-03,%,0,25,3f621f3e-720d-4c68-b436-eaac939ec515,Cartão,Rapadura Assada (Pacote x6),6,4.166666666666667,3f621f3e-720d-4c68-b436-eaac939ec515,Expointer_2026
3bf54e13-41c9-451e-a7f7-f62bb9a7c229,45,2026-09-02 13:53:20.778-03,%,0,45,3f621f3e-720d-4c68-b436-eaac939ec515,Dinheiro,Rapadura de Melado Grão Moído (Pacote x1),1,20,3f621f3e-720d-4c68-b436-eaac939ec515,Expointer_2026
3bf54e13-41c9-451e-a7f7-f62bb9a7c229,45,2026-09-02 13:53:20.778-03,%,0,45,3f621f3e-720d-4c68-b436-eaac939ec515,Dinheiro,Cuca Alemã,1,25,3f621f3e-720d-4c68-b436-eaac939ec515,Expointer_2026
83f6eef2-22c1-48f6-bbb3-6068a61da24e,25,2026-09-02 13:54:38.029-03,%,0,25,3f621f3e-720d-4c68-b436-eaac939ec515,Cartão,Cuca Alemã,1,25,3f621f3e-720d-4c68-b436-eaac939ec515,Expointer_2026
b5f19801-3978-4b4c-9778-124af5973d00,25,2026-09-02 13:54:44.825-03,%,0,25,3f621f3e-720d-4c68-b436-eaac939ec515,Dinheiro,Cuca Alemã,1,25,3f621f3e-720d-4c68-b436-eaac939ec515,Expointer_2026
0bc6773e-c515-4d93-8517-03f6da7bfbd3,20,2026-09-02 13:59:43.397-03,%,0,20,3f621f3e-720d-4c68-b436-eaac939ec515,Cartão,Cuca Enrolada de Amendoim,1,15,3f621f3e-720d-4c68-b436-eaac939ec515,Expointer_2026
0bc6773e-c515-4d93-8517-03f6da7bfbd3,20,2026-09-02 13:59:43.397-03,%,0,20,3f621f3e-720d-4c68-b436-eaac939ec515,Cartão,Rapadura Assada,1,5,3f621f3e-720d-4c68-b436-eaac939ec515,Expointer_2026
63d842cf-7054-435e-a162-65e5b5f0450e,50,2026-09-02 14:02:38.494-03,%,0,50,3f621f3e-720d-4c68-b436-eaac939ec515,Cartão,Cuca Alemã,2,25,3f621f3e-720d-4c68-b436-eaac939ec515,Expointer_2026
e06a1bbe-a542-434f-b8ef-dbcc49ca1cb8,25,2026-09-02 14:09:26.035-03,%,0,25,3f621f3e-720d-4c68-b436-eaac939ec515,Dinheiro,Cuca Alemã,1,25,3f621f3e-720d-4c68-b436-eaac939ec515,Expointer_2026
86f70cb7-8805-41eb-852e-6064ac10c411,50,2026-09-02 14:13:03.456-03,%,0,50,3f621f3e-720d-4c68-b436-eaac939ec515,Cartão,Cuca Alemã,2,25,3f621f3e-720d-4c68-b436-eaac939ec515,Expointer_2026
24d29346-1462-402f-8832-9e1fc2bdaa76,7,2026-09-02 14:14:00.762-03,%,0,7,3f621f3e-720d-4c68-b436-eaac939ec515,Cartão,Rapadura de Melado Grão Moído,1,7,3f621f3e-720d-4c68-b436-eaac939ec515,Expointer_2026
3c2faf80-b8ac-4e0d-84af-fe4dbcc27dc6,30,2026-09-02 14:17:17.056-03,%,0,30,3f621f3e-720d-4c68-b436-eaac939ec515,Cartão,Cuca Enrolada de Amendoim,2,15,3f621f3e-720d-4c68-b436-eaac939ec515,Expointer_2026
72df5b66-0b22-4eed-82b6-416d5ed39af1,15,2026-09-02 14:20:13.23-03,%,0,15,3f621f3e-720d-4c68-b436-eaac939ec515,Pix,Cuca Enrolada de Amendoim,1,15,3f621f3e-720d-4c68-b436-eaac939ec515,Expointer_2026
a4d62326-d0ac-47c8-b674-5cbf541afbca,50,2026-09-02 14:20:50.207-03,%,0,50,3f621f3e-720d-4c68-b436-eaac939ec515,Cartão,Cuca Alemã,2,25,3f621f3e-720d-4c68-b436-eaac939ec515,Expointer_2026
b38a9af8-2795-4ca1-9000-b8502e3758e4,15,2026-09-02 14:21:07.491-03,%,0,15,3f621f3e-720d-4c68-b436-eaac939ec515,Dinheiro,Cuca Enrolada de Amendoim,1,15,3f621f3e-720d-4c68-b436-eaac939ec515,Expointer_2026
15a6a691-a399-4860-9484-902563459ff4,30,2026-09-02 14:21:43.748-03,%,0,30,3f621f3e-720d-4c68-b436-eaac939ec515,Cartão,Rapadura Assada (Pacote x6),6,4.166666666666667,3f621f3e-720d-4c68-b436-eaac939ec515,Expointer_2026
15a6a691-a399-4860-9484-902563459ff4,30,2026-09-02 14:21:43.748-03,%,0,30,3f621f3e-720d-4c68-b436-eaac939ec515,Cartão,Bolacha Cobertura Chocolate,1,5,3f621f3e-720d-4c68-b436-eaac939ec515,Expointer_2026
1cdbd900-8793-45ec-99da-7018a0066a3d,25,2026-09-02 14:32:21.762-03,%,0,25,3f621f3e-720d-4c68-b436-eaac939ec515,Cartão,Cuca Alemã,1,25,3f621f3e-720d-4c68-b436-eaac939ec515,Expointer_2026
b494d8b0-b346-4247-8dd0-44c84aec6207,15,2026-09-02 14:32:35.079-03,%,0,15,3f621f3e-720d-4c68-b436-eaac939ec515,Dinheiro,Cuca Enrolada de Amendoim,1,15,3f621f3e-720d-4c68-b436-eaac939ec515,Expointer_2026
9efa719b-5023-4cad-ae32-816c150ac05f,20,2026-09-02 14:34:24.388-03,%,0,20,3f621f3e-720d-4c68-b436-eaac939ec515,Dinheiro,Rapadura de Melado (Pacote x3),3,6.666666666666667,3f621f3e-720d-4c68-b436-eaac939ec515,Expointer_2026
87223e4d-ddd9-4ea4-b018-697bae8d5e1d,14,2026-09-02 14:38:25.956-03,%,0,14,3f621f3e-720d-4c68-b436-eaac939ec515,Dinheiro,Rapadura de Melado,1,7,3f621f3e-720d-4c68-b436-eaac939ec515,Expointer_2026
87223e4d-ddd9-4ea4-b018-697bae8d5e1d,14,2026-09-02 14:38:25.956-03,%,0,14,3f621f3e-720d-4c68-b436-eaac939ec515,Dinheiro,Rapadura de Melado Grão Moído,1,7,3f621f3e-720d-4c68-b436-eaac939ec515,Expointer_2026
c064cdf0-c2a0-4bb2-9328-d7d207a96378,25,2026-09-02 14:38:35.624-03,%,0,25,3f621f3e-720d-4c68-b436-eaac939ec515,Cartão,Cuca Alemã,1,25,3f621f3e-720d-4c68-b436-eaac939ec515,Expointer_2026
5d9b513b-cb67-454b-b6cd-778f2e3097a4,25,2026-09-02 14:45:30.204-03,%,0,25,3f621f3e-720d-4c68-b436-eaac939ec515,Cartão,Cuca Alemã,1,25,3f621f3e-720d-4c68-b436-eaac939ec515,Expointer_2026
86f154d9-174f-413a-9c8d-8e942e3673f5,25,2026-09-02 14:48:49.492-03,%,0,25,3f621f3e-720d-4c68-b436-eaac939ec515,Dinheiro,Cuca Alemã,1,25,3f621f3e-720d-4c68-b436-eaac939ec515,Expointer_2026
50ed090c-15cb-4bc5-ae66-f2552edc133a,25,2026-09-02 14:57:13.38-03,%,0,25,3f621f3e-720d-4c68-b436-eaac939ec515,Cartão,Cuca Alemã,1,25,3f621f3e-720d-4c68-b436-eaac939ec515,Expointer_2026
44bb9f87-6147-4c10-93eb-4192f2492a90,25,2026-09-02 14:57:18.024-03,%,0,25,3f621f3e-720d-4c68-b436-eaac939ec515,Dinheiro,Cuca Alemã,1,25,3f621f3e-720d-4c68-b436-eaac939ec515,Expointer_2026
f2148635-8768-47dd-a86b-e91f0e3a986d,20,2026-09-02 15:05:45.844-03,%,0,20,3f621f3e-720d-4c68-b436-eaac939ec515,Dinheiro,Alfajor Preto (Pacote x4),4,5,3f621f3e-720d-4c68-b436-eaac939ec515,Expointer_2026
83c1e195-175e-4317-8231-ef8e16f249ac,25,2026-09-02 15:05:56.309-03,%,0,25,3f621f3e-720d-4c68-b436-eaac939ec515,Cartão,Cuca Alemã,1,25,3f621f3e-720d-4c68-b436-eaac939ec515,Expointer_2026
752075d9-930a-4ef8-9719-8475ae40020a,25,2026-09-02 15:08:25.74-03,%,0,25,3f621f3e-720d-4c68-b436-eaac939ec515,Cartão,Cuca Alemã,1,25,3f621f3e-720d-4c68-b436-eaac939ec515,Expointer_2026
4de89b8b-4f94-4cbc-aa2f-53ca7fb50a9c,25,2026-09-02 15:09:18.435-03,%,0,25,3f621f3e-720d-4c68-b436-eaac939ec515,Dinheiro,Cuca Alemã,1,25,3f621f3e-720d-4c68-b436-eaac939ec515,Expointer_2026
baa4144c-bc96-4832-9dad-2cf06cf653a1,49,2026-09-02 15:20:02.906-03,%,0,49,3f621f3e-720d-4c68-b436-eaac939ec515,Dinheiro,Cuca Alemã,1,25,3f621f3e-720d-4c68-b436-eaac939ec515,Expointer_2026
baa4144c-bc96-4832-9dad-2cf06cf653a1,49,2026-09-02 15:20:02.906-03,%,0,49,3f621f3e-720d-4c68-b436-eaac939ec515,Dinheiro,Amendoim Temperado 100g,4,6,3f621f3e-720d-4c68-b436-eaac939ec515,Expointer_2026
c5c77014-5564-4e2b-8859-7e9651fcd222,6,2026-09-02 15:21:29.296-03,%,0,6,3f621f3e-720d-4c68-b436-eaac939ec515,Dinheiro,Amendoim Temperado 100g,1,6,3f621f3e-720d-4c68-b436-eaac939ec515,Expointer_2026
297a4e2a-d055-4c55-a878-f627463e94f5,85,2026-09-02 15:52:39.738-03,%,0,85,3f621f3e-720d-4c68-b436-eaac939ec515,Cartão,Amendoim Temperado 100g,1,6,3f621f3e-720d-4c68-b436-eaac939ec515,Expointer_2026
297a4e2a-d055-4c55-a878-f627463e94f5,85,2026-09-02 15:52:39.738-03,%,0,85,3f621f3e-720d-4c68-b436-eaac939ec515,Cartão,Alfajor Preto,1,6,3f621f3e-720d-4c68-b436-eaac939ec515,Expointer_2026
297a4e2a-d055-4c55-a878-f627463e94f5,85,2026-09-02 15:52:39.738-03,%,0,85,3f621f3e-720d-4c68-b436-eaac939ec515,Cartão,Alfajor Branco,1,6,3f621f3e-720d-4c68-b436-eaac939ec515,Expointer_2026
297a4e2a-d055-4c55-a878-f627463e94f5,85,2026-09-02 15:52:39.738-03,%,0,85,3f621f3e-720d-4c68-b436-eaac939ec515,Cartão,Rapadura de Melado,1,7,3f621f3e-720d-4c68-b436-eaac939ec515,Expointer_2026
297a4e2a-d055-4c55-a878-f627463e94f5,85,2026-09-02 15:52:39.738-03,%,0,85,3f621f3e-720d-4c68-b436-eaac939ec515,Cartão,Rapadura Assada,2,5,3f621f3e-720d-4c68-b436-eaac939ec515,Expointer_2026
297a4e2a-d055-4c55-a878-f627463e94f5,85,2026-09-02 15:52:39.738-03,%,0,85,3f621f3e-720d-4c68-b436-eaac939ec515,Cartão,Cuca Alemã,2,25,3f621f3e-720d-4c68-b436-eaac939ec515,Expointer_2026
159972a9-1316-431a-8294-4b0b4d3bb324,150,2026-09-02 15:53:13.896-03,%,0,150,3f621f3e-720d-4c68-b436-eaac939ec515,Cartão,Cuca Alemã,6,25,3f621f3e-720d-4c68-b436-eaac939ec515,Expointer_2026
d4b31715-c841-46a1-96dc-e2356ca30439,100,2026-09-02 15:53:40.683-03,%,0,100,3f621f3e-720d-4c68-b436-eaac939ec515,Dinheiro,Cuca Alemã,4,25,3f621f3e-720d-4c68-b436-eaac939ec515,Expointer_2026
14eb9135-85ed-4658-a1b3-0742c7a4bcda,30,2026-09-02 16:02:46.945-03,R$,1,31,3f621f3e-720d-4c68-b436-eaac939ec515,Dinheiro,Alfajor Preto,1,6,3f621f3e-720d-4c68-b436-eaac939ec515,Expointer_2026
14eb9135-85ed-4658-a1b3-0742c7a4bcda,30,2026-09-02 16:02:46.945-03,R$,1,31,3f621f3e-720d-4c68-b436-eaac939ec515,Dinheiro,Cuca Alemã,1,25,3f621f3e-720d-4c68-b436-eaac939ec515,Expointer_2026
7d6f77f7-093f-454c-8fe2-58a3f56558e8,25,2026-09-02 16:03:48.25-03,R$,0,25,3f621f3e-720d-4c68-b436-eaac939ec515,Dinheiro,Cuca Alemã,1,25,3f621f3e-720d-4c68-b436-eaac939ec515,Expointer_2026
70e1639e-d202-4614-b0b2-94ae09ba73aa,25,2026-09-02 16:11:01.874-03,R$,0,25,3f621f3e-720d-4c68-b436-eaac939ec515,Dinheiro,Cuca Alemã,1,25,3f621f3e-720d-4c68-b436-eaac939ec515,Expointer_2026
f656b070-0486-4220-ac01-aa1cb7a3b31f,25,2026-09-02 16:11:54.719-03,R$,0,25,3f621f3e-720d-4c68-b436-eaac939ec515,Cartão,Cuca Alemã,1,25,3f621f3e-720d-4c68-b436-eaac939ec515,Expointer_2026
03219fb4-69d4-43f3-8bf8-7010e4cc8d80,25,2026-09-02 16:13:24.961-03,R$,0,25,3f621f3e-720d-4c68-b436-eaac939ec515,Pix,Cuca Alemã,1,25,3f621f3e-720d-4c68-b436-eaac939ec515,Expointer_2026
2b522437-726e-4498-b9b6-1db25123b224,25,2026-09-02 16:15:35.467-03,R$,0,25,3f621f3e-720d-4c68-b436-eaac939ec515,Cartão,Cuca Alemã,1,25,3f621f3e-720d-4c68-b436-eaac939ec515,Expointer_2026
9f18a3e1-3888-4436-8f9f-8d04b5c757b8,25,2026-09-02 16:16:08.061-03,R$,0,25,3f621f3e-720d-4c68-b436-eaac939ec515,Cartão,Cuca Alemã,1,25,3f621f3e-720d-4c68-b436-eaac939ec515,Expointer_2026
834326c1-b9e9-4942-ae01-e25c0a344502,25,2026-09-02 16:17:17.713-03,R$,0,25,3f621f3e-720d-4c68-b436-eaac939ec515,Pix,Cuca Alemã,1,25,3f621f3e-720d-4c68-b436-eaac939ec515,Expointer_2026
c85e3c7e-8c83-4c18-9cac-e45761294d79,25,2026-09-02 16:17:49.369-03,R$,0,25,3f621f3e-720d-4c68-b436-eaac939ec515,Pix,Cuca Alemã,1,25,3f621f3e-720d-4c68-b436-eaac939ec515,Expointer_2026
d49a3841-fa1e-4a54-8ce5-56356f0a85e7,40,2026-09-02 16:18:24.971-03,R$,0,40,3f621f3e-720d-4c68-b436-eaac939ec515,Dinheiro,Cuca Alemã,1,25,3f621f3e-720d-4c68-b436-eaac939ec515,Expointer_2026
d49a3841-fa1e-4a54-8ce5-56356f0a85e7,40,2026-09-02 16:18:24.971-03,R$,0,40,3f621f3e-720d-4c68-b436-eaac939ec515,Dinheiro,Cuca Enrolada de Amendoim,1,15,3f621f3e-720d-4c68-b436-eaac939ec515,Expointer_2026
31c4a44f-ea67-4371-8374-99ead7fd4e93,25,2026-09-02 16:22:53.668-03,R$,0,25,3f621f3e-720d-4c68-b436-eaac939ec515,Dinheiro,Cuca Alemã,1,25,3f621f3e-720d-4c68-b436-eaac939ec515,Expointer_2026
f135a20d-c28e-4292-a158-47dcde0ab399,25,2026-09-02 16:33:15.319-03,%,0,25,3f621f3e-720d-4c68-b436-eaac939ec515,Dinheiro,Cuca Alemã,1,25,3f621f3e-720d-4c68-b436-eaac939ec515,Expointer_2026
5c6101a3-ba64-4ba8-abe2-7e0e78e0bf9b,25,2026-09-02 16:36:11.581-03,%,0,25,3f621f3e-720d-4c68-b436-eaac939ec515,Dinheiro,Cuca Alemã,1,25,3f621f3e-720d-4c68-b436-eaac939ec515,Expointer_2026
df330a15-f0df-4cc6-9b38-379ead770236,20,2026-09-02 16:40:25.422-03,%,0,20,3f621f3e-720d-4c68-b436-eaac939ec515,Cartão,Alfajor Branco (Pacote x4),4,5,3f621f3e-720d-4c68-b436-eaac939ec515,Expointer_2026
274d481d-00fc-4d66-a123-d52d91801e09,15,2026-09-02 16:49:34.818-03,%,0,15,3f621f3e-720d-4c68-b436-eaac939ec515,Dinheiro,Cuca Enrolada de Amendoim,1,15,3f621f3e-720d-4c68-b436-eaac939ec515,Expointer_2026
e379cd83-d2e4-48f8-a1a2-2fe16650c2a7,15,2026-09-02 16:51:37.92-03,%,0,15,3f621f3e-720d-4c68-b436-eaac939ec515,Cartão,Cuca Enrolada de Amendoim,1,15,3f621f3e-720d-4c68-b436-eaac939ec515,Expointer_2026
679bf587-d437-4c85-ad02-7ace5813ba70,15,2026-09-02 16:53:45.884-03,%,0,15,3f621f3e-720d-4c68-b436-eaac939ec515,Cartão,Cuca Enrolada de Amendoim,1,15,3f621f3e-720d-4c68-b436-eaac939ec515,Expointer_2026
5026b6c9-e316-4ad0-a75e-807de38a0e4e,40,2026-09-02 16:57:18.263-03,%,0,40,3f621f3e-720d-4c68-b436-eaac939ec515,Dinheiro,Cuca Alemã,1,25,3f621f3e-720d-4c68-b436-eaac939ec515,Expointer_2026
5026b6c9-e316-4ad0-a75e-807de38a0e4e,40,2026-09-02 16:57:18.263-03,%,0,40,3f621f3e-720d-4c68-b436-eaac939ec515,Dinheiro,Cuca Enrolada de Amendoim,1,15,3f621f3e-720d-4c68-b436-eaac939ec515,Expointer_2026
6854ddb7-3227-4bbe-bf98-9556412a13a3,25,2026-09-02 17:08:23.812-03,%,0,25,3f621f3e-720d-4c68-b436-eaac939ec515,Cartão,Cuca Alemã,1,25,3f621f3e-720d-4c68-b436-eaac939ec515,Expointer_2026
b81e1a66-eb6d-4769-bad1-e1e56a26ebed,25,2026-09-02 17:09:56.007-03,%,0,25,3f621f3e-720d-4c68-b436-eaac939ec515,Cartão,Cuca Alemã,1,25,3f621f3e-720d-4c68-b436-eaac939ec515,Expointer_2026
fe9c8b23-d6ff-4385-9a6c-c4d1dc83bdbf,25,2026-09-02 17:10:23.257-03,%,0,25,3f621f3e-720d-4c68-b436-eaac939ec515,Cartão,Cuca Alemã,1,25,3f621f3e-720d-4c68-b436-eaac939ec515,Expointer_2026
04facb6c-748f-4564-9773-3c5d8d31f3e9,25,2026-09-02 17:15:34.435-03,%,0,25,3f621f3e-720d-4c68-b436-eaac939ec515,Cartão,Cuca Alemã,1,25,3f621f3e-720d-4c68-b436-eaac939ec515,Expointer_2026
c28676fa-e3ef-4dfa-bc21-5b322feb4aea,125,2026-09-02 17:18:04.079-03,%,0,125,3f621f3e-720d-4c68-b436-eaac939ec515,Cartão,Cuca Alemã,5,25,3f621f3e-720d-4c68-b436-eaac939ec515,Expointer_2026
5897e402-0ed1-4eda-890f-c42080eec09d,25,2026-09-02 17:31:22.191-03,%,0,25,3f621f3e-720d-4c68-b436-eaac939ec515,Cartão,Cuca Alemã,1,25,3f621f3e-720d-4c68-b436-eaac939ec515,Expointer_2026
ca66799c-64e8-442b-b6ac-396d5ce8cb8e,25,2026-09-02 17:37:07.721-03,%,0,25,3f621f3e-720d-4c68-b436-eaac939ec515,Dinheiro,Cuca Alemã,1,25,3f621f3e-720d-4c68-b436-eaac939ec515,Expointer_2026
008eadab-2a7c-46b0-90de-ca9c7fb7c3ab,100,2026-09-02 17:37:54.377-03,%,0,100,3f621f3e-720d-4c68-b436-eaac939ec515,Cartão,Cuca Alemã,4,25,3f621f3e-720d-4c68-b436-eaac939ec515,Expointer_2026
c0831fe7-7c2f-4093-94ca-b4393e35a9e6,50,2026-09-02 17:53:41.822-03,%,0,50,3f621f3e-720d-4c68-b436-eaac939ec515,Cartão,Cuca Alemã,2,25,3f621f3e-720d-4c68-b436-eaac939ec515,Expointer_2026
44e35608-71f4-4e1a-888b-cfd3d854cc62,11,2026-09-02 18:09:17.642-03,%,0,11,3f621f3e-720d-4c68-b436-eaac939ec515,Cartão,Alfajor Preto,1,6,3f621f3e-720d-4c68-b436-eaac939ec515,Expointer_2026
44e35608-71f4-4e1a-888b-cfd3d854cc62,11,2026-09-02 18:09:17.642-03,%,0,11,3f621f3e-720d-4c68-b436-eaac939ec515,Cartão,Bolacha Cobertura Chocolate,1,5,3f621f3e-720d-4c68-b436-eaac939ec515,Expointer_2026
564c11c7-0599-4e76-b84e-a1d4420a9322,25,2026-09-02 18:12:23.988-03,%,0,25,3f621f3e-720d-4c68-b436-eaac939ec515,Dinheiro,Cuca Alemã,1,25,3f621f3e-720d-4c68-b436-eaac939ec515,Expointer_2026
99cec628-097f-4a41-b299-ede91f37ab11,50,2026-09-02 18:25:58.621-03,%,0,50,3f621f3e-720d-4c68-b436-eaac939ec515,Cartão,Cuca Alemã,2,25,3f621f3e-720d-4c68-b436-eaac939ec515,Expointer_2026
d2af7be1-c993-45d9-a7c6-ad8d4dd66ede,25,2026-09-02 18:29:57.619-03,%,0,25,3f621f3e-720d-4c68-b436-eaac939ec515,Cartão,Cuca Alemã,1,25,3f621f3e-720d-4c68-b436-eaac939ec515,Expointer_2026
6a986b88-3dbd-4de4-9ab0-124d01f769eb,25,2026-09-02 18:30:37.023-03,%,0,25,3f621f3e-720d-4c68-b436-eaac939ec515,Pix,Cuca Alemã,1,25,3f621f3e-720d-4c68-b436-eaac939ec515,Expointer_2026
d86af555-3f01-4b93-979d-aaec849a6703,25,2026-09-02 18:31:26.199-03,%,0,25,3f621f3e-720d-4c68-b436-eaac939ec515,Pix,Cuca Alemã,1,25,3f621f3e-720d-4c68-b436-eaac939ec515,Expointer_2026
a926b193-9ee4-46ef-a388-1f45fe198d73,25,2026-09-02 18:37:30.548-03,%,0,25,3f621f3e-720d-4c68-b436-eaac939ec515,Cartão,Cuca Alemã,1,25,3f621f3e-720d-4c68-b436-eaac939ec515,Expointer_2026
8397f1c5-6fb8-4a3f-b75c-ac9f582362d7,25,2026-09-02 18:37:49.977-03,%,0,25,3f621f3e-720d-4c68-b436-eaac939ec515,Cartão,Cuca Alemã,1,25,3f621f3e-720d-4c68-b436-eaac939ec515,Expointer_2026
cb3f2c4c-4c52-4e77-9b12-c87a90d037f8,15,2026-09-02 18:45:13.326-03,%,0,15,3f621f3e-720d-4c68-b436-eaac939ec515,Cartão,Cuca Enrolada de Amendoim,1,15,3f621f3e-720d-4c68-b436-eaac939ec515,Expointer_2026
b8029d2a-8345-4f68-a652-8113584c4762,25,2026-09-02 18:53:32.466-03,%,0,25,3f621f3e-720d-4c68-b436-eaac939ec515,Dinheiro,Cuca Alemã,1,25,3f621f3e-720d-4c68-b436-eaac939ec515,Expointer_2026
4c8990f1-53fa-47f6-ba16-e4d20664a9ec,50,2026-09-02 19:47:57.469-03,%,0,50,aa4d1cfe-c6c1-4fd8-8c4b-2b1b9942884c,Cartão,Cuca Alemã,2,25,aa4d1cfe-c6c1-4fd8-8c4b-2b1b9942884c,Expointer_2026
fa7921dd-6499-41f4-a322-36d6bef336b4,26,2026-09-03 09:20:06.86-03,%,0,26,aa4d1cfe-c6c1-4fd8-8c4b-2b1b9942884c,Cartão,Alfajor Preto (Pacote x4),4,5,aa4d1cfe-c6c1-4fd8-8c4b-2b1b9942884c,Expointer_2026
fa7921dd-6499-41f4-a322-36d6bef336b4,26,2026-09-03 09:20:06.86-03,%,0,26,aa4d1cfe-c6c1-4fd8-8c4b-2b1b9942884c,Cartão,Alfajor Branco,1,6,aa4d1cfe-c6c1-4fd8-8c4b-2b1b9942884c,Expointer_2026
aa9659ae-cc27-4e7d-9d7e-1eff952617f0,25,2026-09-03 09:24:31.168-03,%,0,25,aa4d1cfe-c6c1-4fd8-8c4b-2b1b9942884c,Dinheiro,Cuca Alemã,1,25,aa4d1cfe-c6c1-4fd8-8c4b-2b1b9942884c,Expointer_2026
55a6313a-f247-4985-b8ac-88bec60ac9e9,15,2026-09-03 09:59:03.933-03,%,0,15,aa4d1cfe-c6c1-4fd8-8c4b-2b1b9942884c,Dinheiro,Cuca Enrolada de Amendoim,1,15,aa4d1cfe-c6c1-4fd8-8c4b-2b1b9942884c,Expointer_2026
a09eec6a-a5a7-46b6-940d-96543366ecea,80,2026-09-03 10:16:33.914-03,%,0,80,aa4d1cfe-c6c1-4fd8-8c4b-2b1b9942884c,Dinheiro,Rapadura de Melado (Pacote x3),12,6.666666666666667,aa4d1cfe-c6c1-4fd8-8c4b-2b1b9942884c,Expointer_2026
6675db0f-91fa-4ef4-82bc-de1e1b93cd9d,15,2026-09-03 10:23:33.854-03,%,0,15,aa4d1cfe-c6c1-4fd8-8c4b-2b1b9942884c,Dinheiro,Cuca Enrolada de Amendoim,1,15,aa4d1cfe-c6c1-4fd8-8c4b-2b1b9942884c,Expointer_2026
25027b25-8f58-4e31-8397-dcf52185911c,15,2026-09-03 10:24:20.339-03,%,0,15,aa4d1cfe-c6c1-4fd8-8c4b-2b1b9942884c,Dinheiro,Cuca Enrolada de Amendoim,1,15,aa4d1cfe-c6c1-4fd8-8c4b-2b1b9942884c,Expointer_2026
73b30039-cbb0-48b7-b6b9-0151f90d2938,15,2026-09-03 10:28:21.132-03,%,0,15,aa4d1cfe-c6c1-4fd8-8c4b-2b1b9942884c,Dinheiro,Cuca Enrolada de Amendoim,1,15,aa4d1cfe-c6c1-4fd8-8c4b-2b1b9942884c,Expointer_2026
20e90b50-7b6f-4a65-a64e-7851c4145257,15,2026-09-03 10:31:00.405-03,%,0,15,aa4d1cfe-c6c1-4fd8-8c4b-2b1b9942884c,Dinheiro,Cuca Enrolada de Amendoim,1,15,aa4d1cfe-c6c1-4fd8-8c4b-2b1b9942884c,Expointer_2026
63f481fd-c8f6-40da-b5f5-79414f59b6de,30,2026-09-03 11:00:53.882-03,%,0,30,aa4d1cfe-c6c1-4fd8-8c4b-2b1b9942884c,Cartão,Cuca Enrolada de Amendoim,2,15,aa4d1cfe-c6c1-4fd8-8c4b-2b1b9942884c,Expointer_2026
79e528b4-8e52-485b-8829-5bc5b7b3a14f,70,2026-09-03 11:24:57.929-03,%,0,70,aa4d1cfe-c6c1-4fd8-8c4b-2b1b9942884c,Cartão,Cuca Alemã,1,25,aa4d1cfe-c6c1-4fd8-8c4b-2b1b9942884c,Expointer_2026
79e528b4-8e52-485b-8829-5bc5b7b3a14f,70,2026-09-03 11:24:57.929-03,%,0,70,aa4d1cfe-c6c1-4fd8-8c4b-2b1b9942884c,Cartão,Cuca Enrolada de Amendoim,3,15,aa4d1cfe-c6c1-4fd8-8c4b-2b1b9942884c,Expointer_2026
e44233a7-e9fe-4530-9c31-423c91e4b4c5,5,2026-09-03 11:28:30.778-03,%,0,5,aa4d1cfe-c6c1-4fd8-8c4b-2b1b9942884c,Dinheiro,Rapadura Assada,1,5,aa4d1cfe-c6c1-4fd8-8c4b-2b1b9942884c,Expointer_2026
ca9e0633-892d-44f9-96a0-c58a23faae72,15,2026-09-03 12:02:06.44-03,%,0,15,aa4d1cfe-c6c1-4fd8-8c4b-2b1b9942884c,Dinheiro,Cuca Enrolada de Amendoim,1,15,aa4d1cfe-c6c1-4fd8-8c4b-2b1b9942884c,Expointer_2026
ac0869ed-020f-42d5-83de-fefb8ef740ee,25,2026-09-03 12:04:50.116-03,%,0,25,aa4d1cfe-c6c1-4fd8-8c4b-2b1b9942884c,Cartão,Rapadura Assada (Pacote x6),6,4.166666666666667,aa4d1cfe-c6c1-4fd8-8c4b-2b1b9942884c,Expointer_2026
87588bf3-4b3f-44b1-9a2a-5bdb1230b0b7,15,2026-09-03 12:34:26.473-03,%,0,15,aa4d1cfe-c6c1-4fd8-8c4b-2b1b9942884c,Dinheiro,Cuca Enrolada de Amendoim,1,15,aa4d1cfe-c6c1-4fd8-8c4b-2b1b9942884c,Expointer_2026
2340a331-e439-42f2-bf38-9cc4840379cd,24,2026-09-03 12:44:27.628-03,%,0,24,aa4d1cfe-c6c1-4fd8-8c4b-2b1b9942884c,Cartão,Alfajor Branco,2,6,aa4d1cfe-c6c1-4fd8-8c4b-2b1b9942884c,Expointer_2026
2340a331-e439-42f2-bf38-9cc4840379cd,24,2026-09-03 12:44:27.628-03,%,0,24,aa4d1cfe-c6c1-4fd8-8c4b-2b1b9942884c,Cartão,Alfajor Preto,2,6,aa4d1cfe-c6c1-4fd8-8c4b-2b1b9942884c,Expointer_2026
ded94186-9837-4f39-8d54-1ef1cc33f2d1,25,2026-09-03 12:51:47.259-03,%,0,25,aa4d1cfe-c6c1-4fd8-8c4b-2b1b9942884c,Dinheiro,Cuca Alemã,1,25,aa4d1cfe-c6c1-4fd8-8c4b-2b1b9942884c,Expointer_2026
814b3c2a-3181-4656-bbdb-d9608e2b3b68,11,2026-09-03 13:11:36.768-03,R$,4,15,aa4d1cfe-c6c1-4fd8-8c4b-2b1b9942884c,Cartão,Cuca Enrolada de Amendoim,1,15,aa4d1cfe-c6c1-4fd8-8c4b-2b1b9942884c,Expointer_2026
4e7410e5-ad18-4069-aa6a-70332f5aa3bd,15,2026-09-03 13:45:23.642-03,R$,0,15,aa4d1cfe-c6c1-4fd8-8c4b-2b1b9942884c,Dinheiro,Cuca Enrolada de Amendoim,1,15,aa4d1cfe-c6c1-4fd8-8c4b-2b1b9942884c,Expointer_2026
873f3c98-8e00-408f-90fa-2048d6b6d16f,25,2026-09-03 13:55:32.921-03,R$,0,25,aa4d1cfe-c6c1-4fd8-8c4b-2b1b9942884c,Cartão,Cuca Alemã,1,25,aa4d1cfe-c6c1-4fd8-8c4b-2b1b9942884c,Expointer_2026
41e546ae-0e6d-44bb-b5dc-79e860bdadc7,30,2026-09-03 14:16:01.625-03,R$,0,30,aa4d1cfe-c6c1-4fd8-8c4b-2b1b9942884c,Cartão,Rapadura de Melado (Pacote x3),3,6.666666666666667,aa4d1cfe-c6c1-4fd8-8c4b-2b1b9942884c,Expointer_2026
41e546ae-0e6d-44bb-b5dc-79e860bdadc7,30,2026-09-03 14:16:01.625-03,R$,0,30,aa4d1cfe-c6c1-4fd8-8c4b-2b1b9942884c,Cartão,Rapadura Assada,2,5,aa4d1cfe-c6c1-4fd8-8c4b-2b1b9942884c,Expointer_2026
fb9baffb-fbb3-4fe6-9ab0-f5ff29d50ac0,20,2026-09-03 14:16:20.144-03,R$,0,20,aa4d1cfe-c6c1-4fd8-8c4b-2b1b9942884c,Dinheiro,Rapadura de Melado (Pacote x3),3,6.666666666666667,aa4d1cfe-c6c1-4fd8-8c4b-2b1b9942884c,Expointer_2026
ec63e373-4ee7-489b-9cef-19cc73899d01,15,2026-09-03 14:17:59.209-03,R$,0,15,aa4d1cfe-c6c1-4fd8-8c4b-2b1b9942884c,Dinheiro,Cuca Enrolada de Amendoim,1,15,aa4d1cfe-c6c1-4fd8-8c4b-2b1b9942884c,Expointer_2026
def5d9fe-a2f6-43dc-8f00-0ec58dc5fbc4,20,2026-09-03 14:29:56.91-03,%,0,20,aa4d1cfe-c6c1-4fd8-8c4b-2b1b9942884c,Dinheiro,Rapadura de Melado (Pacote x3),3,6.666666666666667,aa4d1cfe-c6c1-4fd8-8c4b-2b1b9942884c,Expointer_2026
eb81308a-18fd-46aa-bd69-0ec24f82cbbb,6,2026-09-03 14:37:39.773-03,%,0,6,aa4d1cfe-c6c1-4fd8-8c4b-2b1b9942884c,Dinheiro,Alfajor Preto,1,6,aa4d1cfe-c6c1-4fd8-8c4b-2b1b9942884c,Expointer_2026
58cc296c-8806-4bb8-96bb-4250af6e36ad,15,2026-09-03 14:40:21.474-03,%,0,15,aa4d1cfe-c6c1-4fd8-8c4b-2b1b9942884c,Dinheiro,Cuca Enrolada de Amendoim,1,15,aa4d1cfe-c6c1-4fd8-8c4b-2b1b9942884c,Expointer_2026
b3e2df6a-e18e-4ced-84e8-7ff397e718ce,20,2026-09-03 14:52:48.544-03,%,0,20,aa4d1cfe-c6c1-4fd8-8c4b-2b1b9942884c,Cartão,Rapadura de Melado (Pacote x3),3,6.666666666666667,aa4d1cfe-c6c1-4fd8-8c4b-2b1b9942884c,Expointer_2026
8ce871ea-5172-4139-a1a7-d982b8b7a245,15,2026-09-03 15:17:40.85-03,%,0,15,aa4d1cfe-c6c1-4fd8-8c4b-2b1b9942884c,Cartão,Cuca Enrolada de Amendoim,1,15,aa4d1cfe-c6c1-4fd8-8c4b-2b1b9942884c,Expointer_2026
5f8f8a03-1f12-42fe-9d8c-b077eefdbcea,20,2026-09-03 15:23:58.821-03,%,0,20,aa4d1cfe-c6c1-4fd8-8c4b-2b1b9942884c,Dinheiro,Rapadura de Melado (Pacote x3),3,6.666666666666667,aa4d1cfe-c6c1-4fd8-8c4b-2b1b9942884c,Expointer_2026
a3835e05-91a7-45e4-bd38-af9efe521d3b,10,2026-09-03 15:25:01.488-03,%,0,10,aa4d1cfe-c6c1-4fd8-8c4b-2b1b9942884c,Dinheiro,Rapadura Assada,2,5,aa4d1cfe-c6c1-4fd8-8c4b-2b1b9942884c,Expointer_2026
1ed7dc9b-0967-4719-8c3f-c00519e81797,18,2026-09-03 15:49:53.52-03,%,0,18,aa4d1cfe-c6c1-4fd8-8c4b-2b1b9942884c,Pix,Cri-Cri 200g,1,8,aa4d1cfe-c6c1-4fd8-8c4b-2b1b9942884c,Expointer_2026
1ed7dc9b-0967-4719-8c3f-c00519e81797,18,2026-09-03 15:49:53.52-03,%,0,18,aa4d1cfe-c6c1-4fd8-8c4b-2b1b9942884c,Pix,"Bolacha de manteiga ",1,10,aa4d1cfe-c6c1-4fd8-8c4b-2b1b9942884c,Expointer_2026
d43ef287-e0f8-40a1-850a-7a195121b57f,20,2026-09-03 16:10:25.592-03,%,0,20,aa4d1cfe-c6c1-4fd8-8c4b-2b1b9942884c,Pix,Alfajor Branco (Pacote x4),4,5,aa4d1cfe-c6c1-4fd8-8c4b-2b1b9942884c,Expointer_2026
48de2e36-b6fd-43c4-ba85-76920d292e79,5,2026-09-03 16:11:50.162-03,%,0,5,aa4d1cfe-c6c1-4fd8-8c4b-2b1b9942884c,Dinheiro,Bolacha Cobertura Chocolate,1,5,aa4d1cfe-c6c1-4fd8-8c4b-2b1b9942884c,Expointer_2026
c589f131-bf56-4c4e-993b-73874a5dbc01,25,2026-09-03 16:17:46.411-03,%,0,25,aa4d1cfe-c6c1-4fd8-8c4b-2b1b9942884c,Cartão,Cuca Enrolada de Amendoim,1,15,aa4d1cfe-c6c1-4fd8-8c4b-2b1b9942884c,Expointer_2026
c589f131-bf56-4c4e-993b-73874a5dbc01,25,2026-09-03 16:17:46.411-03,%,0,25,aa4d1cfe-c6c1-4fd8-8c4b-2b1b9942884c,Cartão,"Bolacha de manteiga ",1,10,aa4d1cfe-c6c1-4fd8-8c4b-2b1b9942884c,Expointer_2026
75471a37-5daf-475c-a95e-88674b5fad7c,20,2026-09-03 16:18:30.331-03,%,0,20,aa4d1cfe-c6c1-4fd8-8c4b-2b1b9942884c,Pix,"Bolacha de manteiga ",2,10,aa4d1cfe-c6c1-4fd8-8c4b-2b1b9942884c,Expointer_2026
5de62e26-6495-4327-a965-baea1b5093a1,40,2026-09-03 16:32:12.241-03,%,0,40,aa4d1cfe-c6c1-4fd8-8c4b-2b1b9942884c,Dinheiro,Cuca Enrolada de Amendoim,1,15,aa4d1cfe-c6c1-4fd8-8c4b-2b1b9942884c,Expointer_2026
5de62e26-6495-4327-a965-baea1b5093a1,40,2026-09-03 16:32:12.241-03,%,0,40,aa4d1cfe-c6c1-4fd8-8c4b-2b1b9942884c,Dinheiro,Rapadura de Melado (Pacote x3),3,6.666666666666667,aa4d1cfe-c6c1-4fd8-8c4b-2b1b9942884c,Expointer_2026
5de62e26-6495-4327-a965-baea1b5093a1,40,2026-09-03 16:32:12.241-03,%,0,40,aa4d1cfe-c6c1-4fd8-8c4b-2b1b9942884c,Dinheiro,Rapadura Assada,1,5,aa4d1cfe-c6c1-4fd8-8c4b-2b1b9942884c,Expointer_2026
1897b8b2-39cd-4e88-b65d-520093867118,15,2026-09-03 17:08:58.831-03,%,0,15,aa4d1cfe-c6c1-4fd8-8c4b-2b1b9942884c,Dinheiro,Cuca Enrolada de Amendoim,1,15,aa4d1cfe-c6c1-4fd8-8c4b-2b1b9942884c,Expointer_2026
4ab4cba7-28a0-4c64-afe2-2e13012fdbbf,15,2026-09-03 17:14:23.846-03,%,0,15,aa4d1cfe-c6c1-4fd8-8c4b-2b1b9942884c,Cartão,Cuca Enrolada de Amendoim,1,15,aa4d1cfe-c6c1-4fd8-8c4b-2b1b9942884c,Expointer_2026
0ab8ccf7-8828-43f2-9316-01e334b6d820,12,2026-09-03 17:15:09.85-03,%,0,12,aa4d1cfe-c6c1-4fd8-8c4b-2b1b9942884c,Pix,Alfajor Branco,1,6,aa4d1cfe-c6c1-4fd8-8c4b-2b1b9942884c,Expointer_2026
0ab8ccf7-8828-43f2-9316-01e334b6d820,12,2026-09-03 17:15:09.85-03,%,0,12,aa4d1cfe-c6c1-4fd8-8c4b-2b1b9942884c,Pix,Alfajor Preto,1,6,aa4d1cfe-c6c1-4fd8-8c4b-2b1b9942884c,Expointer_2026
655a177e-f025-4a0a-bd3f-d2866667ed4d,7,2026-09-03 17:15:34.511-03,%,0,7,aa4d1cfe-c6c1-4fd8-8c4b-2b1b9942884c,Dinheiro,Carrapinha,1,7,aa4d1cfe-c6c1-4fd8-8c4b-2b1b9942884c,Expointer_2026
ee7ff46b-12ec-47f0-a08c-feeac8fb21db,15,2026-09-03 17:19:13.279-03,%,0,15,aa4d1cfe-c6c1-4fd8-8c4b-2b1b9942884c,Cartão,Cuca Enrolada de Amendoim,1,15,aa4d1cfe-c6c1-4fd8-8c4b-2b1b9942884c,Expointer_2026
25ada714-5ef9-4c26-ba28-690c6209655b,20,2026-09-03 17:31:09.809-03,%,0,20,aa4d1cfe-c6c1-4fd8-8c4b-2b1b9942884c,Cartão,Rapadura de Melado (Pacote x3),3,6.666666666666667,aa4d1cfe-c6c1-4fd8-8c4b-2b1b9942884c,Expointer_2026
3c80d30d-e321-42e8-81d6-ede1fe1baacf,20,2026-09-03 17:33:47.53-03,%,0,20,aa4d1cfe-c6c1-4fd8-8c4b-2b1b9942884c,Cartão,Rapadura de Melado (Pacote x3),3,6.666666666666667,aa4d1cfe-c6c1-4fd8-8c4b-2b1b9942884c,Expointer_2026
b498bc4f-8b30-4ab5-a841-63987bd6ce2f,30,2026-09-03 17:34:52.172-03,%,0,30,aa4d1cfe-c6c1-4fd8-8c4b-2b1b9942884c,Cartão,Cuca Enrolada de Amendoim,2,15,aa4d1cfe-c6c1-4fd8-8c4b-2b1b9942884c,Expointer_2026
bb6c4b01-dc79-40ea-8d33-516eb0b0f645,25,2026-09-03 18:02:45.293-03,%,0,25,aa4d1cfe-c6c1-4fd8-8c4b-2b1b9942884c,Dinheiro,Rapadura Assada (Pacote x6),6,4.166666666666667,aa4d1cfe-c6c1-4fd8-8c4b-2b1b9942884c,Expointer_2026
f96c1e07-9f81-447b-9483-622e37c8f33e,15,2026-09-03 18:05:42.478-03,%,0,15,aa4d1cfe-c6c1-4fd8-8c4b-2b1b9942884c,Cartão,Cuca Enrolada de Amendoim,1,15,aa4d1cfe-c6c1-4fd8-8c4b-2b1b9942884c,Expointer_2026
195f9542-297f-43fb-bbce-b6a6a2faba8f,15,2026-09-03 18:20:12.355-03,%,0,15,aa4d1cfe-c6c1-4fd8-8c4b-2b1b9942884c,Pix,Cuca Enrolada de Amendoim,1,15,aa4d1cfe-c6c1-4fd8-8c4b-2b1b9942884c,Expointer_2026
8d2bf6c0-98e3-4de6-85ab-041bf48e8904,15,2026-09-03 18:22:38.097-03,%,0,15,aa4d1cfe-c6c1-4fd8-8c4b-2b1b9942884c,Cartão,Cuca Enrolada de Amendoim,1,15,aa4d1cfe-c6c1-4fd8-8c4b-2b1b9942884c,Expointer_2026
c41ef541-127a-4a47-abbb-29bbb1be588c,15,2026-09-03 18:59:00.681-03,%,0,15,aa4d1cfe-c6c1-4fd8-8c4b-2b1b9942884c,Dinheiro,Cuca Enrolada de Amendoim,1,15,aa4d1cfe-c6c1-4fd8-8c4b-2b1b9942884c,Expointer_2026
0055b17b-e0ca-4884-afc9-309823f6e500,15,2026-09-03 19:40:52.86-03,%,0,15,aa4d1cfe-c6c1-4fd8-8c4b-2b1b9942884c,Dinheiro,Cuca Enrolada de Amendoim,1,15,aa4d1cfe-c6c1-4fd8-8c4b-2b1b9942884c,Expointer_2026
bb40b6c5-1018-4c2d-b57b-1839449bf7a3,50,2026-09-04 09:30:13.045-03,%,0,50,aa4d1cfe-c6c1-4fd8-8c4b-2b1b9942884c,Dinheiro,Rapadura Assada (Pacote x6),12,4.166666666666667,aa4d1cfe-c6c1-4fd8-8c4b-2b1b9942884c,Expointer_2026
9b7487a6-8c41-46e5-97d4-ad39fda0fea1,25,2026-09-04 09:31:08.786-03,%,0,25,aa4d1cfe-c6c1-4fd8-8c4b-2b1b9942884c,Cartão,Rapadura Assada (Pacote x6),6,4.166666666666667,aa4d1cfe-c6c1-4fd8-8c4b-2b1b9942884c,Expointer_2026
cda58c62-0cb4-4204-9b4f-b08d5770e0d4,115,2026-09-04 09:47:48.903-03,%,0,115,aa4d1cfe-c6c1-4fd8-8c4b-2b1b9942884c,Cartão,Cuca Alemã,4,25,aa4d1cfe-c6c1-4fd8-8c4b-2b1b9942884c,Expointer_2026
cda58c62-0cb4-4204-9b4f-b08d5770e0d4,115,2026-09-04 09:47:48.903-03,%,0,115,aa4d1cfe-c6c1-4fd8-8c4b-2b1b9942884c,Cartão,Cuca Enrolada de Amendoim,1,15,aa4d1cfe-c6c1-4fd8-8c4b-2b1b9942884c,Expointer_2026
f42a0a5f-f2b6-4008-bcfc-6b514521dfc6,25,2026-09-04 09:49:10.968-03,%,0,25,aa4d1cfe-c6c1-4fd8-8c4b-2b1b9942884c,Dinheiro,Cuca Alemã,1,25,aa4d1cfe-c6c1-4fd8-8c4b-2b1b9942884c,Expointer_2026
1aa53f4d-9944-4664-a115-f80448a60a59,48,2026-09-04 09:59:25.263-03,%,0,48,aa4d1cfe-c6c1-4fd8-8c4b-2b1b9942884c,Cartão,Cuca Enrolada de Amendoim,1,15,aa4d1cfe-c6c1-4fd8-8c4b-2b1b9942884c,Expointer_2026
1aa53f4d-9944-4664-a115-f80448a60a59,48,2026-09-04 09:59:25.263-03,%,0,48,aa4d1cfe-c6c1-4fd8-8c4b-2b1b9942884c,Cartão,Cri-Cri 200g,1,8,aa4d1cfe-c6c1-4fd8-8c4b-2b1b9942884c,Expointer_2026
1aa53f4d-9944-4664-a115-f80448a60a59,48,2026-09-04 09:59:25.263-03,%,0,48,aa4d1cfe-c6c1-4fd8-8c4b-2b1b9942884c,Cartão,Rapadura Assada (Pacote x6),6,4.166666666666667,aa4d1cfe-c6c1-4fd8-8c4b-2b1b9942884c,Expointer_2026
db80cac2-858c-4fe7-8586-d7a40f31f8d5,50,2026-09-04 10:12:56.491-03,%,0,50,aa4d1cfe-c6c1-4fd8-8c4b-2b1b9942884c,Dinheiro,Cuca Alemã,2,25,aa4d1cfe-c6c1-4fd8-8c4b-2b1b9942884c,Expointer_2026
4d2e836d-2485-46bd-a67e-96de84689307,25,2026-09-04 10:13:12.974-03,%,0,25,aa4d1cfe-c6c1-4fd8-8c4b-2b1b9942884c,Cartão,Cuca Alemã,1,25,aa4d1cfe-c6c1-4fd8-8c4b-2b1b9942884c,Expointer_2026
b6b51a3f-334c-4a60-8019-95f041c4df47,25,2026-09-04 10:20:16.352-03,%,0,25,aa4d1cfe-c6c1-4fd8-8c4b-2b1b9942884c,Dinheiro,Cuca Alemã,1,25,aa4d1cfe-c6c1-4fd8-8c4b-2b1b9942884c,Expointer_2026
97d59046-d4c6-4dbe-b251-dadf62b2f5a3,25,2026-09-04 10:26:12.082-03,%,0,25,aa4d1cfe-c6c1-4fd8-8c4b-2b1b9942884c,Cartão,Cuca Alemã,1,25,aa4d1cfe-c6c1-4fd8-8c4b-2b1b9942884c,Expointer_2026
197658d2-3fbe-4b0e-802a-3bd82a042a66,50,2026-09-04 10:45:40.297-03,%,0,50,aa4d1cfe-c6c1-4fd8-8c4b-2b1b9942884c,Cartão,Cuca Alemã,2,25,aa4d1cfe-c6c1-4fd8-8c4b-2b1b9942884c,Expointer_2026
1a3e0cf1-5ae1-471a-9bd3-e1925c53e6c3,50,2026-09-04 10:58:29.337-03,%,0,50,aa4d1cfe-c6c1-4fd8-8c4b-2b1b9942884c,Cartão,Cuca Alemã,2,25,aa4d1cfe-c6c1-4fd8-8c4b-2b1b9942884c,Expointer_2026
1eb1d461-e23d-42ca-a278-9fbbf53480ca,25,2026-09-04 11:15:30.963-03,%,0,25,aa4d1cfe-c6c1-4fd8-8c4b-2b1b9942884c,Dinheiro,Cuca Alemã,1,25,aa4d1cfe-c6c1-4fd8-8c4b-2b1b9942884c,Expointer_2026
a029a685-8d7f-4299-87d8-a2c1f1f218fe,25,2026-09-04 11:31:38.287-03,%,0,25,aa4d1cfe-c6c1-4fd8-8c4b-2b1b9942884c,Cartão,Cuca Alemã,1,25,aa4d1cfe-c6c1-4fd8-8c4b-2b1b9942884c,Expointer_2026
0bc40093-3dba-473f-969b-e4afb846b5b6,25,2026-09-04 11:31:49.322-03,%,0,25,aa4d1cfe-c6c1-4fd8-8c4b-2b1b9942884c,Pix,Cuca Alemã,1,25,aa4d1cfe-c6c1-4fd8-8c4b-2b1b9942884c,Expointer_2026
10ad6406-05ab-46ee-9056-4e5a217ebbeb,25,2026-09-04 11:41:43.713-03,%,0,25,aa4d1cfe-c6c1-4fd8-8c4b-2b1b9942884c,Dinheiro,Cuca Alemã,1,25,aa4d1cfe-c6c1-4fd8-8c4b-2b1b9942884c,Expointer_2026
987e63aa-5eda-452c-a3dc-13d24fdfba01,50,2026-09-04 11:59:12.989-03,%,0,50,aa4d1cfe-c6c1-4fd8-8c4b-2b1b9942884c,Cartão,Cuca Alemã,2,25,aa4d1cfe-c6c1-4fd8-8c4b-2b1b9942884c,Expointer_2026
919bfd2c-1ab9-43fc-825c-92f9eda0a0d6,50,2026-09-04 12:30:53.26-03,%,0,50,aa4d1cfe-c6c1-4fd8-8c4b-2b1b9942884c,Cartão,Cuca Alemã,2,25,aa4d1cfe-c6c1-4fd8-8c4b-2b1b9942884c,Expointer_2026
d72c7354-67e6-4173-a90e-58a1ce5dddde,72,2026-09-04 12:35:58.574-03,%,0,72,aa4d1cfe-c6c1-4fd8-8c4b-2b1b9942884c,Dinheiro,Cuca Alemã,2,25,aa4d1cfe-c6c1-4fd8-8c4b-2b1b9942884c,Expointer_2026
d72c7354-67e6-4173-a90e-58a1ce5dddde,72,2026-09-04 12:35:58.574-03,%,0,72,aa4d1cfe-c6c1-4fd8-8c4b-2b1b9942884c,Dinheiro,Cuca Enrolada de Amendoim,1,15,aa4d1cfe-c6c1-4fd8-8c4b-2b1b9942884c,Expointer_2026
d72c7354-67e6-4173-a90e-58a1ce5dddde,72,2026-09-04 12:35:58.574-03,%,0,72,aa4d1cfe-c6c1-4fd8-8c4b-2b1b9942884c,Dinheiro,Rapadura de Melado,1,7,aa4d1cfe-c6c1-4fd8-8c4b-2b1b9942884c,Expointer_2026
a2106556-3f8a-455d-8fd7-1b48c5677f82,25,2026-09-04 12:36:11.19-03,%,0,25,aa4d1cfe-c6c1-4fd8-8c4b-2b1b9942884c,Cartão,Cuca Alemã,1,25,aa4d1cfe-c6c1-4fd8-8c4b-2b1b9942884c,Expointer_2026
7afea0ab-3ce2-4e43-ad99-10ad0db52070,18,2026-09-04 12:36:30.022-03,R$,1,19,aa4d1cfe-c6c1-4fd8-8c4b-2b1b9942884c,Dinheiro,Alfajor Preto,2,6,aa4d1cfe-c6c1-4fd8-8c4b-2b1b9942884c,Expointer_2026
7afea0ab-3ce2-4e43-ad99-10ad0db52070,18,2026-09-04 12:36:30.022-03,R$,1,19,aa4d1cfe-c6c1-4fd8-8c4b-2b1b9942884c,Dinheiro,Rapadura de Melado,1,7,aa4d1cfe-c6c1-4fd8-8c4b-2b1b9942884c,Expointer_2026
5e2de8d2-d6bb-44f2-842f-9c040a0025c4,50,2026-09-04 12:41:00.868-03,R$,0,50,aa4d1cfe-c6c1-4fd8-8c4b-2b1b9942884c,Dinheiro,Cuca Alemã,2,25,aa4d1cfe-c6c1-4fd8-8c4b-2b1b9942884c,Expointer_2026
a107fbd2-e0e6-4410-a516-31e88899d536,25,2026-09-04 12:50:15.956-03,R$,0,25,aa4d1cfe-c6c1-4fd8-8c4b-2b1b9942884c,Cartão,Rapadura Assada (Pacote x6),6,4.166666666666667,aa4d1cfe-c6c1-4fd8-8c4b-2b1b9942884c,Expointer_2026
5c87842f-ae8d-4f39-857f-fc982fbef1a7,10,2026-09-04 12:51:29.982-03,R$,0,10,aa4d1cfe-c6c1-4fd8-8c4b-2b1b9942884c,Dinheiro,Rapadura Assada,2,5,aa4d1cfe-c6c1-4fd8-8c4b-2b1b9942884c,Expointer_2026
2971d48a-783e-44dc-ae86-24a5d6b85e2d,6,2026-09-04 12:51:39.768-03,R$,0,6,aa4d1cfe-c6c1-4fd8-8c4b-2b1b9942884c,Dinheiro,Alfajor Preto,1,6,aa4d1cfe-c6c1-4fd8-8c4b-2b1b9942884c,Expointer_2026
736582d8-2b08-4f88-a972-d696f1775613,70,2026-09-04 12:57:18.121-03,R$,0,70,aa4d1cfe-c6c1-4fd8-8c4b-2b1b9942884c,Cartão,Cuca Alemã,2,25,aa4d1cfe-c6c1-4fd8-8c4b-2b1b9942884c,Expointer_2026
736582d8-2b08-4f88-a972-d696f1775613,70,2026-09-04 12:57:18.121-03,R$,0,70,aa4d1cfe-c6c1-4fd8-8c4b-2b1b9942884c,Cartão,Alfajor Preto (Pacote x4),4,5,aa4d1cfe-c6c1-4fd8-8c4b-2b1b9942884c,Expointer_2026
9eec45a6-f94e-4921-8f24-b93599cf7bed,15,2026-09-04 13:23:29.702-03,R$,0,15,aa4d1cfe-c6c1-4fd8-8c4b-2b1b9942884c,Cartão,Cuca Enrolada de Amendoim,1,15,aa4d1cfe-c6c1-4fd8-8c4b-2b1b9942884c,Expointer_2026
f64bfe28-ac47-422c-903b-c754207bbeac,20,2026-09-04 13:27:40.11-03,R$,0,20,aa4d1cfe-c6c1-4fd8-8c4b-2b1b9942884c,Cartão,Rapadura de Melado,1,7,aa4d1cfe-c6c1-4fd8-8c4b-2b1b9942884c,Expointer_2026
f64bfe28-ac47-422c-903b-c754207bbeac,20,2026-09-04 13:27:40.11-03,R$,0,20,aa4d1cfe-c6c1-4fd8-8c4b-2b1b9942884c,Cartão,Bolacha Cobertura Chocolate,1,5,aa4d1cfe-c6c1-4fd8-8c4b-2b1b9942884c,Expointer_2026
f64bfe28-ac47-422c-903b-c754207bbeac,20,2026-09-04 13:27:40.11-03,R$,0,20,aa4d1cfe-c6c1-4fd8-8c4b-2b1b9942884c,Cartão,Cri-Cri 200g,1,8,aa4d1cfe-c6c1-4fd8-8c4b-2b1b9942884c,Expointer_2026
3f75b975-9fe9-40a2-aceb-67f52181a471,50,2026-09-04 13:39:41.519-03,R$,0,50,aa4d1cfe-c6c1-4fd8-8c4b-2b1b9942884c,Cartão,Cuca Alemã,2,25,aa4d1cfe-c6c1-4fd8-8c4b-2b1b9942884c,Expointer_2026
8d209a29-c4c9-4bda-aeea-18f9adbacc0d,50,2026-09-04 13:40:53.406-03,R$,0,50,aa4d1cfe-c6c1-4fd8-8c4b-2b1b9942884c,Dinheiro,Cuca Alemã,2,25,aa4d1cfe-c6c1-4fd8-8c4b-2b1b9942884c,Expointer_2026
798f64d9-2e8c-4a64-ad5d-beb736b9f04d,50,2026-09-04 13:44:55.091-03,%,0,50,aa4d1cfe-c6c1-4fd8-8c4b-2b1b9942884c,Pix,Cuca Alemã,2,25,aa4d1cfe-c6c1-4fd8-8c4b-2b1b9942884c,Expointer_2026
e47a8923-221c-4158-98b6-b48c2c03dd2a,50,2026-09-04 13:46:36.693-03,%,0,50,aa4d1cfe-c6c1-4fd8-8c4b-2b1b9942884c,Cartão,Cuca Alemã,2,25,aa4d1cfe-c6c1-4fd8-8c4b-2b1b9942884c,Expointer_2026
7c29b435-2cd4-4736-b609-91ce6be53c54,25,2026-09-04 13:53:58.842-03,%,0,25,aa4d1cfe-c6c1-4fd8-8c4b-2b1b9942884c,Dinheiro,Cuca Alemã,1,25,aa4d1cfe-c6c1-4fd8-8c4b-2b1b9942884c,Expointer_2026
d50b0350-c241-4419-8379-0183b196906e,25,2026-09-04 14:09:00.999-03,%,0,25,aa4d1cfe-c6c1-4fd8-8c4b-2b1b9942884c,Dinheiro,Cuca Alemã,1,25,aa4d1cfe-c6c1-4fd8-8c4b-2b1b9942884c,Expointer_2026
97901cd9-e018-4c48-a531-b35829642d1b,25,2026-09-04 14:09:28.825-03,%,0,25,aa4d1cfe-c6c1-4fd8-8c4b-2b1b9942884c,Cartão,Cuca Alemã,1,25,aa4d1cfe-c6c1-4fd8-8c4b-2b1b9942884c,Expointer_2026
da7fcad0-e713-4cc8-900a-8f667ee3d61a,25,2026-09-04 14:16:51.373-03,%,0,25,aa4d1cfe-c6c1-4fd8-8c4b-2b1b9942884c,Dinheiro,Cuca Alemã,1,25,aa4d1cfe-c6c1-4fd8-8c4b-2b1b9942884c,Expointer_2026
36222168-3f11-487a-8020-cce84baef23b,25,2026-09-04 14:21:43.921-03,%,0,25,aa4d1cfe-c6c1-4fd8-8c4b-2b1b9942884c,Cartão,Cuca Alemã,1,25,aa4d1cfe-c6c1-4fd8-8c4b-2b1b9942884c,Expointer_2026
1d128eda-33f3-4d24-8f44-5c03d56b60b6,15,2026-09-04 14:43:29.563-03,%,0,15,3f621f3e-720d-4c68-b436-eaac939ec515,Pix,Cuca Enrolada de Amendoim,1,15,3f621f3e-720d-4c68-b436-eaac939ec515,Expointer_2026
ed0ca2f7-7f69-4572-a2c7-ea52fa59daba,25,2026-09-04 14:44:13.759-03,%,0,25,3f621f3e-720d-4c68-b436-eaac939ec515,Cartão,Cuca Alemã,1,25,3f621f3e-720d-4c68-b436-eaac939ec515,Expointer_2026
0d3653cb-b8be-4d0e-a5f0-5ba50663e636,25,2026-09-04 14:44:30.701-03,%,0,25,3f621f3e-720d-4c68-b436-eaac939ec515,Pix,Cuca Alemã,1,25,3f621f3e-720d-4c68-b436-eaac939ec515,Expointer_2026
0131936f-2ed1-4101-a94a-b4b19dafeb49,25,2026-09-04 14:44:52.527-03,%,0,25,aa4d1cfe-c6c1-4fd8-8c4b-2b1b9942884c,Dinheiro,Cuca Alemã,1,25,aa4d1cfe-c6c1-4fd8-8c4b-2b1b9942884c,Expointer_2026
5d34cb0e-3d6c-4775-82e7-f27cdb30a749,65,2026-09-04 14:54:34.167-03,%,0,65,aa4d1cfe-c6c1-4fd8-8c4b-2b1b9942884c,Pix,Cuca Alemã,2,25,aa4d1cfe-c6c1-4fd8-8c4b-2b1b9942884c,Expointer_2026
5d34cb0e-3d6c-4775-82e7-f27cdb30a749,65,2026-09-04 14:54:34.167-03,%,0,65,aa4d1cfe-c6c1-4fd8-8c4b-2b1b9942884c,Pix,Cuca Enrolada de Amendoim,1,15,aa4d1cfe-c6c1-4fd8-8c4b-2b1b9942884c,Expointer_2026
d057acb3-36d0-4e67-936a-a599c3c9ac91,25,2026-09-04 14:57:15.925-03,%,0,25,aa4d1cfe-c6c1-4fd8-8c4b-2b1b9942884c,Pix,Cuca Alemã,1,25,aa4d1cfe-c6c1-4fd8-8c4b-2b1b9942884c,Expointer_2026
96be5d69-5f83-404a-9208-aa470269abc0,40,2026-09-04 15:09:53.14-03,%,0,40,aa4d1cfe-c6c1-4fd8-8c4b-2b1b9942884c,Cartão,Cuca Alemã,1,25,aa4d1cfe-c6c1-4fd8-8c4b-2b1b9942884c,Expointer_2026
96be5d69-5f83-404a-9208-aa470269abc0,40,2026-09-04 15:09:53.14-03,%,0,40,aa4d1cfe-c6c1-4fd8-8c4b-2b1b9942884c,Cartão,Cuca Enrolada de Amendoim,1,15,aa4d1cfe-c6c1-4fd8-8c4b-2b1b9942884c,Expointer_2026
aa5ed068-5c9c-4857-99ee-8a4bb4a016d5,24,2026-09-04 15:11:32.87-03,%,0,24,aa4d1cfe-c6c1-4fd8-8c4b-2b1b9942884c,Cartão,Rapadura Assada,1,5,aa4d1cfe-c6c1-4fd8-8c4b-2b1b9942884c,Expointer_2026
aa5ed068-5c9c-4857-99ee-8a4bb4a016d5,24,2026-09-04 15:11:32.87-03,%,0,24,aa4d1cfe-c6c1-4fd8-8c4b-2b1b9942884c,Cartão,Rapadura de Melado,2,7,aa4d1cfe-c6c1-4fd8-8c4b-2b1b9942884c,Expointer_2026
aa5ed068-5c9c-4857-99ee-8a4bb4a016d5,24,2026-09-04 15:11:32.87-03,%,0,24,aa4d1cfe-c6c1-4fd8-8c4b-2b1b9942884c,Cartão,Bolacha Cobertura Chocolate,1,5,aa4d1cfe-c6c1-4fd8-8c4b-2b1b9942884c,Expointer_2026
849f0d52-5297-4496-a9c3-35f34ae741a5,20,2026-09-04 15:11:49.241-03,%,0,20,aa4d1cfe-c6c1-4fd8-8c4b-2b1b9942884c,Dinheiro,Rapadura Assada,4,5,aa4d1cfe-c6c1-4fd8-8c4b-2b1b9942884c,Expointer_2026
ba62b3bb-8063-48a8-a77d-ef95888d6d08,25,2026-09-04 15:12:12.529-03,%,0,25,aa4d1cfe-c6c1-4fd8-8c4b-2b1b9942884c,Dinheiro,Cuca Alemã,1,25,aa4d1cfe-c6c1-4fd8-8c4b-2b1b9942884c,Expointer_2026
1de9ec5f-8cae-4be0-b7b3-e8c7cc271459,25,2026-09-04 15:19:45.42-03,%,0,25,aa4d1cfe-c6c1-4fd8-8c4b-2b1b9942884c,Cartão,Cuca Alemã,1,25,aa4d1cfe-c6c1-4fd8-8c4b-2b1b9942884c,Expointer_2026
830d8e09-37fe-43b3-b6c5-e85d6af19955,5,2026-09-04 15:22:11.384-03,%,0,5,3f621f3e-720d-4c68-b436-eaac939ec515,Dinheiro,Bolacha Cobertura Chocolate,1,5,3f621f3e-720d-4c68-b436-eaac939ec515,Expointer_2026
a543b543-826b-4b73-ac4d-4e7985f39f9b,50,2026-09-04 15:22:19.501-03,%,0,50,aa4d1cfe-c6c1-4fd8-8c4b-2b1b9942884c,Pix,Cuca Alemã,2,25,aa4d1cfe-c6c1-4fd8-8c4b-2b1b9942884c,Expointer_2026
6bf1dc86-64e6-449a-ab90-fcceb9dfa5c3,25,2026-09-04 15:22:28.682-03,%,0,25,aa4d1cfe-c6c1-4fd8-8c4b-2b1b9942884c,Pix,Cuca Alemã,1,25,aa4d1cfe-c6c1-4fd8-8c4b-2b1b9942884c,Expointer_2026
40f5019a-f943-4189-ae47-7e1366ad0357,25,2026-09-04 15:25:05.49-03,%,0,25,3f621f3e-720d-4c68-b436-eaac939ec515,Cartão,Cuca Alemã,1,25,3f621f3e-720d-4c68-b436-eaac939ec515,Expointer_2026
5bc8133e-c3ef-4c0d-a1db-877e7aef4b2a,25,2026-09-04 15:35:33.058-03,%,0,25,3f621f3e-720d-4c68-b436-eaac939ec515,Cartão,Cuca Alemã,1,25,3f621f3e-720d-4c68-b436-eaac939ec515,Expointer_2026
9b96856c-70b8-4011-b669-edfaf646e46b,25,2026-09-04 15:35:36.93-03,%,0,25,3f621f3e-720d-4c68-b436-eaac939ec515,Dinheiro,Cuca Alemã,1,25,3f621f3e-720d-4c68-b436-eaac939ec515,Expointer_2026
c030628d-e091-4ae2-bc04-f6a1380bc0c0,70,2026-09-04 15:43:13.544-03,%,0,70,3f621f3e-720d-4c68-b436-eaac939ec515,Cartão,Cuca Alemã,2,25,3f621f3e-720d-4c68-b436-eaac939ec515,Expointer_2026
c030628d-e091-4ae2-bc04-f6a1380bc0c0,70,2026-09-04 15:43:13.544-03,%,0,70,3f621f3e-720d-4c68-b436-eaac939ec515,Cartão,Rapadura de Melado (Pacote x3),3,6.666666666666667,3f621f3e-720d-4c68-b436-eaac939ec515,Expointer_2026
74117c2c-4850-4688-9711-56abb3b87960,25,2026-09-04 15:43:32.497-03,%,0,25,3f621f3e-720d-4c68-b436-eaac939ec515,Pix,Cuca Alemã,1,25,3f621f3e-720d-4c68-b436-eaac939ec515,Expointer_2026
a68825ab-d772-4817-a237-70c8d5132fee,40,2026-09-04 15:46:40.302-03,%,0,40,3f621f3e-720d-4c68-b436-eaac939ec515,Cartão,Alfajor Branco (Pacote x4),4,5,3f621f3e-720d-4c68-b436-eaac939ec515,Expointer_2026
a68825ab-d772-4817-a237-70c8d5132fee,40,2026-09-04 15:46:40.302-03,%,0,40,3f621f3e-720d-4c68-b436-eaac939ec515,Cartão,Alfajor Preto (Pacote x4),4,5,3f621f3e-720d-4c68-b436-eaac939ec515,Expointer_2026
f31d125a-3d83-4414-b80e-bbe244494f9c,25,2026-09-04 15:59:50.795-03,%,0,25,aa4d1cfe-c6c1-4fd8-8c4b-2b1b9942884c,Dinheiro,Cuca Alemã,1,25,aa4d1cfe-c6c1-4fd8-8c4b-2b1b9942884c,Expointer_2026
900d3e25-a0d4-4793-ba6a-1044a1ddf5d7,25,2026-09-04 16:01:04.328-03,%,0,25,aa4d1cfe-c6c1-4fd8-8c4b-2b1b9942884c,Cartão,Cuca Alemã,1,25,aa4d1cfe-c6c1-4fd8-8c4b-2b1b9942884c,Expointer_2026
59ad55c6-9ce1-4847-a299-5de9eb4ff0a1,25,2026-09-04 16:01:26.607-03,%,0,25,3f621f3e-720d-4c68-b436-eaac939ec515,Cartão,Cuca Alemã,1,25,3f621f3e-720d-4c68-b436-eaac939ec515,Expointer_2026
d3782c33-af7c-4dc2-9568-2d5c869fcddb,25,2026-09-04 16:04:42.931-03,%,0,25,3f621f3e-720d-4c68-b436-eaac939ec515,Cartão,Cuca Alemã,1,25,3f621f3e-720d-4c68-b436-eaac939ec515,Expointer_2026
21f7997b-fffd-4593-9cd5-0fdb7b5d0218,25,2026-09-04 16:05:48.103-03,%,0,25,3f621f3e-720d-4c68-b436-eaac939ec515,Dinheiro,Cuca Alemã,1,25,3f621f3e-720d-4c68-b436-eaac939ec515,Expointer_2026
e3ff03e4-1537-48ba-a7fa-f5dc1e9d1b2e,25,2026-09-04 16:07:42.662-03,%,0,25,3f621f3e-720d-4c68-b436-eaac939ec515,Dinheiro,Cuca Alemã,1,25,3f621f3e-720d-4c68-b436-eaac939ec515,Expointer_2026
eb8f95c4-c1eb-498f-8ca8-c0285ed0b063,75,2026-09-04 16:18:10.259-03,%,0,75,3f621f3e-720d-4c68-b436-eaac939ec515,Cartão,Cuca Alemã,3,25,3f621f3e-720d-4c68-b436-eaac939ec515,Expointer_2026
3fd29ff4-2827-4615-8631-b373a1333a10,20,2026-09-04 16:21:42.298-03,%,0,20,3f621f3e-720d-4c68-b436-eaac939ec515,Cartão,Rapadura de Melado Grão Moído (Pacote x1),1,20,3f621f3e-720d-4c68-b436-eaac939ec515,Expointer_2026
f0dc15dc-6497-48fc-b8d7-30a26bb22118,20,2026-09-04 16:21:56.928-03,%,0,20,3f621f3e-720d-4c68-b436-eaac939ec515,Cartão,Bolacha Cobertura Chocolate,4,5,3f621f3e-720d-4c68-b436-eaac939ec515,Expointer_2026
345c9045-257d-454d-ae85-bb8a91981a2a,25,2026-09-04 16:24:01.633-03,%,0,25,aa4d1cfe-c6c1-4fd8-8c4b-2b1b9942884c,Dinheiro,Cuca Alemã,1,25,aa4d1cfe-c6c1-4fd8-8c4b-2b1b9942884c,Expointer_2026
ca7d21ae-f848-44fe-989d-5825cc679c3e,50,2026-09-04 16:24:49.784-03,%,0,50,3f621f3e-720d-4c68-b436-eaac939ec515,Cartão,Cuca Alemã,2,25,3f621f3e-720d-4c68-b436-eaac939ec515,Expointer_2026
527cb936-b8f3-4420-b3a9-5b4f52e6e6f4,25,2026-09-04 16:29:01.151-03,%,0,25,3f621f3e-720d-4c68-b436-eaac939ec515,Dinheiro,Cuca Alemã,1,25,3f621f3e-720d-4c68-b436-eaac939ec515,Expointer_2026
8b35e180-1364-40bc-a19e-9f7dba68ecc1,25,2026-09-04 16:29:19.058-03,%,0,25,3f621f3e-720d-4c68-b436-eaac939ec515,Cartão,Cuca Alemã,1,25,3f621f3e-720d-4c68-b436-eaac939ec515,Expointer_2026
24474fc6-1e42-4230-a1c7-44f0a2e71ca4,6,2026-09-04 16:31:38.193-03,R$,1,7,3f621f3e-720d-4c68-b436-eaac939ec515,Dinheiro,Rapadura de Melado Grão Moído,1,7,3f621f3e-720d-4c68-b436-eaac939ec515,Expointer_2026
f864e731-f66c-48b4-9d35-ef918632ca01,25,2026-09-04 16:38:39.81-03,R$,0,25,3f621f3e-720d-4c68-b436-eaac939ec515,Dinheiro,Cuca Alemã,1,25,3f621f3e-720d-4c68-b436-eaac939ec515,Expointer_2026
e6f41ced-d65b-4a0f-aaef-9fa5c3eff466,5,2026-09-04 16:49:15.221-03,R$,0,5,3f621f3e-720d-4c68-b436-eaac939ec515,Cartão,Bolacha Cobertura Chocolate,1,5,3f621f3e-720d-4c68-b436-eaac939ec515,Expointer_2026
8ec460b3-7e31-43e8-8c8d-ce2c3ab9b4ce,25,2026-09-04 16:50:58.2-03,R$,0,25,3f621f3e-720d-4c68-b436-eaac939ec515,Pix,Cuca Alemã,1,25,3f621f3e-720d-4c68-b436-eaac939ec515,Expointer_2026
e5b2a0cd-52bc-4273-838f-d55acf0497ff,25,2026-09-04 16:57:02.63-03,R$,0,25,3f621f3e-720d-4c68-b436-eaac939ec515,Cartão,Cuca Alemã,1,25,3f621f3e-720d-4c68-b436-eaac939ec515,Expointer_2026
e0e77dbc-7c6e-495d-b35e-9074c7fbfe95,25,2026-09-04 16:57:19.594-03,R$,0,25,3f621f3e-720d-4c68-b436-eaac939ec515,Cartão,Cuca Alemã,1,25,3f621f3e-720d-4c68-b436-eaac939ec515,Expointer_2026
2b1fb259-06e8-4f96-9e61-dfc489c8a472,65,2026-09-04 17:06:42.073-03,%,0,65,aa4d1cfe-c6c1-4fd8-8c4b-2b1b9942884c,Cartão,Cuca Enrolada de Amendoim,1,15,aa4d1cfe-c6c1-4fd8-8c4b-2b1b9942884c,Expointer_2026
2b1fb259-06e8-4f96-9e61-dfc489c8a472,65,2026-09-04 17:06:42.073-03,%,0,65,aa4d1cfe-c6c1-4fd8-8c4b-2b1b9942884c,Cartão,Cuca Alemã,2,25,aa4d1cfe-c6c1-4fd8-8c4b-2b1b9942884c,Expointer_2026
56c36fd7-e558-4a0f-b9e0-31472829a3cf,25,2026-09-04 17:09:08.32-03,%,0,25,aa4d1cfe-c6c1-4fd8-8c4b-2b1b9942884c,Cartão,Cuca Alemã,1,25,aa4d1cfe-c6c1-4fd8-8c4b-2b1b9942884c,Expointer_2026
a15c62df-24c6-4464-9023-7fec523778e3,50,2026-09-04 17:16:43.846-03,%,0,50,aa4d1cfe-c6c1-4fd8-8c4b-2b1b9942884c,Dinheiro,Cuca Alemã,2,25,aa4d1cfe-c6c1-4fd8-8c4b-2b1b9942884c,Expointer_2026
802dadf8-e197-4d32-a271-3ea1bd9d52d3,25,2026-09-04 17:18:51.68-03,%,0,25,aa4d1cfe-c6c1-4fd8-8c4b-2b1b9942884c,Cartão,Cuca Alemã,1,25,aa4d1cfe-c6c1-4fd8-8c4b-2b1b9942884c,Expointer_2026
6c8fcfc9-77b9-4702-8550-eeadade953d6,25,2026-09-04 17:18:55.605-03,%,0,25,aa4d1cfe-c6c1-4fd8-8c4b-2b1b9942884c,Dinheiro,Cuca Alemã,1,25,aa4d1cfe-c6c1-4fd8-8c4b-2b1b9942884c,Expointer_2026
9f9add1a-331a-47df-8307-2e1e12fd02dd,25,2026-09-04 17:20:12.149-03,%,0,25,aa4d1cfe-c6c1-4fd8-8c4b-2b1b9942884c,Cartão,Cuca Alemã,1,25,aa4d1cfe-c6c1-4fd8-8c4b-2b1b9942884c,Expointer_2026
b4063b4c-9205-4cbd-a7dd-caaa147ad0ad,25,2026-09-04 17:22:05.076-03,%,0,25,aa4d1cfe-c6c1-4fd8-8c4b-2b1b9942884c,Dinheiro,Cuca Alemã,1,25,aa4d1cfe-c6c1-4fd8-8c4b-2b1b9942884c,Expointer_2026
1c0445b3-2be5-4fa5-89d5-8836df8fc309,25,2026-09-04 17:31:52.099-03,%,0,25,aa4d1cfe-c6c1-4fd8-8c4b-2b1b9942884c,Cartão,Cuca Alemã,1,25,aa4d1cfe-c6c1-4fd8-8c4b-2b1b9942884c,Expointer_2026
748708c3-a10f-43cb-86e0-d5cfd9152281,25,2026-09-04 17:33:49.662-03,%,0,25,aa4d1cfe-c6c1-4fd8-8c4b-2b1b9942884c,Cartão,Cuca Alemã,1,25,aa4d1cfe-c6c1-4fd8-8c4b-2b1b9942884c,Expointer_2026
e4635be3-c17d-4b16-9ae0-42b198b2cf55,25,2026-09-04 17:38:10.58-03,%,0,25,aa4d1cfe-c6c1-4fd8-8c4b-2b1b9942884c,Dinheiro,Cuca Alemã,1,25,aa4d1cfe-c6c1-4fd8-8c4b-2b1b9942884c,Expointer_2026
875134a9-6798-4d34-afd5-cd86815f8146,25,2026-09-04 17:38:29.247-03,%,0,25,aa4d1cfe-c6c1-4fd8-8c4b-2b1b9942884c,Pix,Cuca Alemã,1,25,aa4d1cfe-c6c1-4fd8-8c4b-2b1b9942884c,Expointer_2026
59bb943c-2427-4b03-b307-1f5208201e46,25,2026-09-04 17:38:48.692-03,%,0,25,aa4d1cfe-c6c1-4fd8-8c4b-2b1b9942884c,Pix,Cuca Alemã,1,25,aa4d1cfe-c6c1-4fd8-8c4b-2b1b9942884c,Expointer_2026
9ed25be5-d8da-4165-ae4b-08f432b3f06e,25,2026-09-04 17:39:00.234-03,%,0,25,aa4d1cfe-c6c1-4fd8-8c4b-2b1b9942884c,Dinheiro,Cuca Alemã,1,25,aa4d1cfe-c6c1-4fd8-8c4b-2b1b9942884c,Expointer_2026
deffb4cf-80f9-4328-bb0b-71cb4763af0d,50,2026-09-04 17:42:51.688-03,%,0,50,aa4d1cfe-c6c1-4fd8-8c4b-2b1b9942884c,Pix,Cuca Alemã,2,25,aa4d1cfe-c6c1-4fd8-8c4b-2b1b9942884c,Expointer_2026
be8f183b-a495-4b27-9693-a2558f9846b6,25,2026-09-04 17:47:30.835-03,%,0,25,aa4d1cfe-c6c1-4fd8-8c4b-2b1b9942884c,Dinheiro,Cuca Alemã,1,25,aa4d1cfe-c6c1-4fd8-8c4b-2b1b9942884c,Expointer_2026
cfedfc93-a554-4853-bf72-48d0d78697dc,25,2026-09-04 17:54:39.301-03,%,0,25,3f621f3e-720d-4c68-b436-eaac939ec515,Cartão,Cuca Alemã,1,25,3f621f3e-720d-4c68-b436-eaac939ec515,Expointer_2026
d717d633-c151-42f4-9b6c-2a5a667044a4,25,2026-09-04 18:07:50.289-03,%,0,25,3f621f3e-720d-4c68-b436-eaac939ec515,Cartão,Cuca Alemã,1,25,3f621f3e-720d-4c68-b436-eaac939ec515,Expointer_2026
ac3395af-cdeb-4dd2-91e4-7578dd3b45ef,25,2026-09-04 18:20:02.663-03,%,0,25,3f621f3e-720d-4c68-b436-eaac939ec515,Cartão,Cuca Alemã,1,25,3f621f3e-720d-4c68-b436-eaac939ec515,Expointer_2026
7efb7d50-dfb0-432f-917a-84c6db67b930,25,2026-09-04 18:21:12.442-03,%,0,25,3f621f3e-720d-4c68-b436-eaac939ec515,Cartão,Cuca Alemã,1,25,3f621f3e-720d-4c68-b436-eaac939ec515,Expointer_2026
7983e059-442a-4801-9c0b-42a62655e8e8,15,2026-09-04 18:23:58.26-03,%,0,15,3f621f3e-720d-4c68-b436-eaac939ec515,Cartão,Cuca Enrolada de Amendoim,1,15,3f621f3e-720d-4c68-b436-eaac939ec515,Expointer_2026
a0f41b0a-013e-48aa-9c8d-836cbc468c9a,25,2026-09-04 18:29:40.496-03,%,0,25,3f621f3e-720d-4c68-b436-eaac939ec515,Cartão,Cuca Alemã,1,25,3f621f3e-720d-4c68-b436-eaac939ec515,Expointer_2026
5174fcf4-dc9f-4835-9f12-47bbcfd4f390,38,2026-09-04 18:30:33.879-03,%,0,38,3f621f3e-720d-4c68-b436-eaac939ec515,Cartão,Bolacha Cobertura Chocolate,2,5,3f621f3e-720d-4c68-b436-eaac939ec515,Expointer_2026
5174fcf4-dc9f-4835-9f12-47bbcfd4f390,38,2026-09-04 18:30:33.879-03,%,0,38,3f621f3e-720d-4c68-b436-eaac939ec515,Cartão,Cri-Cri 200g,1,8,3f621f3e-720d-4c68-b436-eaac939ec515,Expointer_2026
5174fcf4-dc9f-4835-9f12-47bbcfd4f390,38,2026-09-04 18:30:33.879-03,%,0,38,3f621f3e-720d-4c68-b436-eaac939ec515,Cartão,Alfajor Preto (Pacote x4),4,5,3f621f3e-720d-4c68-b436-eaac939ec515,Expointer_2026
39345913-4c1c-4dac-b774-19019ab8d9f2,25,2026-09-04 18:31:34.027-03,%,0,25,3f621f3e-720d-4c68-b436-eaac939ec515,Pix,Cuca Alemã,1,25,3f621f3e-720d-4c68-b436-eaac939ec515,Expointer_2026
4cfc2dd8-c341-44ab-815e-287326e9ed06,25,2026-09-04 18:31:44.706-03,%,0,25,3f621f3e-720d-4c68-b436-eaac939ec515,Dinheiro,Cuca Alemã,1,25,3f621f3e-720d-4c68-b436-eaac939ec515,Expointer_2026
6db25b81-6a74-45c1-bdef-b134d42b4903,25,2026-09-04 18:37:46.516-03,%,0,25,aa4d1cfe-c6c1-4fd8-8c4b-2b1b9942884c,Cartão,Cuca Alemã,1,25,aa4d1cfe-c6c1-4fd8-8c4b-2b1b9942884c,Expointer_2026
bd32a9b5-6deb-4d11-bc99-3a7c97575007,25,2026-09-04 18:56:09.217-03,%,0,25,aa4d1cfe-c6c1-4fd8-8c4b-2b1b9942884c,Cartão,Cuca Alemã,1,25,aa4d1cfe-c6c1-4fd8-8c4b-2b1b9942884c,Expointer_2026
7d72fce8-164e-485e-aed0-4dba7d208905,75,2026-09-04 19:11:44.65-03,%,0,75,aa4d1cfe-c6c1-4fd8-8c4b-2b1b9942884c,Cartão,Cuca Alemã,3,25,aa4d1cfe-c6c1-4fd8-8c4b-2b1b9942884c,Expointer_2026
98cb388a-eb7a-46b6-b457-8e3f46b0c843,25,2026-09-04 19:31:21.748-03,%,0,25,aa4d1cfe-c6c1-4fd8-8c4b-2b1b9942884c,Cartão,Cuca Alemã,1,25,aa4d1cfe-c6c1-4fd8-8c4b-2b1b9942884c,Expointer_2026
47779ea9-2e39-47b1-808d-bb5a9b655a7f,100,2026-09-04 19:32:22.891-03,%,0,100,aa4d1cfe-c6c1-4fd8-8c4b-2b1b9942884c,Cartão,Cuca Alemã,4,25,aa4d1cfe-c6c1-4fd8-8c4b-2b1b9942884c,Expointer_2026
ae9619b9-94c3-41e3-9d51-c946fc5044b0,100,2026-09-04 19:33:08.521-03,%,0,100,aa4d1cfe-c6c1-4fd8-8c4b-2b1b9942884c,Cartão,Cuca Alemã,4,25,aa4d1cfe-c6c1-4fd8-8c4b-2b1b9942884c,Expointer_2026
ad1dc5ef-1d4d-4a91-a4b5-f41393792ea3,125,2026-09-04 19:34:30.673-03,%,0,125,aa4d1cfe-c6c1-4fd8-8c4b-2b1b9942884c,Dinheiro,Cuca Alemã,5,25,aa4d1cfe-c6c1-4fd8-8c4b-2b1b9942884c,Expointer_2026
14796c5c-8e13-4398-87dd-fcb12e75f0b9,45,2026-09-04 20:06:58.657-03,%,0,45,aa4d1cfe-c6c1-4fd8-8c4b-2b1b9942884c,Cartão,Carrapinha,2,7,aa4d1cfe-c6c1-4fd8-8c4b-2b1b9942884c,Expointer_2026
14796c5c-8e13-4398-87dd-fcb12e75f0b9,45,2026-09-04 20:06:58.657-03,%,0,45,aa4d1cfe-c6c1-4fd8-8c4b-2b1b9942884c,Cartão,Amendoim Temperado 100g,1,6,aa4d1cfe-c6c1-4fd8-8c4b-2b1b9942884c,Expointer_2026
14796c5c-8e13-4398-87dd-fcb12e75f0b9,45,2026-09-04 20:06:58.657-03,%,0,45,aa4d1cfe-c6c1-4fd8-8c4b-2b1b9942884c,Cartão,Cuca Alemã,1,25,aa4d1cfe-c6c1-4fd8-8c4b-2b1b9942884c,Expointer_2026
d473913e-8614-44b5-aa54-93e74793b47b,25,2026-09-04 20:07:08.26-03,%,0,25,aa4d1cfe-c6c1-4fd8-8c4b-2b1b9942884c,Cartão,Cuca Alemã,1,25,aa4d1cfe-c6c1-4fd8-8c4b-2b1b9942884c,Expointer_2026
fd5569a4-25b6-45b0-8c23-8d0bdc58b32c,25,2026-09-05 08:12:42.539-03,%,0,25,3f621f3e-720d-4c68-b436-eaac939ec515,Cartão,Cuca Alemã,1,25,3f621f3e-720d-4c68-b436-eaac939ec515,Expointer_2026
63971a37-fee4-4a92-ae95-ae5ff3a30f79,25,2026-09-05 08:12:51.277-03,%,0,25,3f621f3e-720d-4c68-b436-eaac939ec515,Dinheiro,Cuca Alemã,1,25,3f621f3e-720d-4c68-b436-eaac939ec515,Expointer_2026
bb49e096-d1a5-4fe9-8787-4df7a4389979,50,2026-09-05 08:40:23.508-03,%,0,50,3f621f3e-720d-4c68-b436-eaac939ec515,Cartão,Cuca Alemã,2,25,3f621f3e-720d-4c68-b436-eaac939ec515,Expointer_2026
8977142a-d2d4-4492-b789-98cca5e08354,25,2026-09-05 08:47:20.229-03,%,0,25,3f621f3e-720d-4c68-b436-eaac939ec515,Pix,Cuca Alemã,1,25,3f621f3e-720d-4c68-b436-eaac939ec515,Expointer_2026
70bb367d-bb6b-4606-874c-9467b46616b9,32,2026-09-05 08:57:31.76-03,%,0,32,3f621f3e-720d-4c68-b436-eaac939ec515,Cartão,Cuca Alemã,1,25,3f621f3e-720d-4c68-b436-eaac939ec515,Expointer_2026
70bb367d-bb6b-4606-874c-9467b46616b9,32,2026-09-05 08:57:31.76-03,%,0,32,3f621f3e-720d-4c68-b436-eaac939ec515,Cartão,Carrapinha,1,7,3f621f3e-720d-4c68-b436-eaac939ec515,Expointer_2026
562df4dd-873f-4c69-b1d7-37aa291055dd,25,2026-09-05 08:57:54.051-03,%,0,25,3f621f3e-720d-4c68-b436-eaac939ec515,Cartão,Cuca Alemã,1,25,3f621f3e-720d-4c68-b436-eaac939ec515,Expointer_2026
afe89281-9610-45b3-a739-00ab997080b4,15,2026-09-05 09:03:49.708-03,%,0,15,3f621f3e-720d-4c68-b436-eaac939ec515,Dinheiro,Cuca Enrolada de Amendoim,1,15,3f621f3e-720d-4c68-b436-eaac939ec515,Expointer_2026
3c1629a0-b605-4914-876a-d9bb2e957bb0,65,2026-09-05 09:08:24.415-03,%,0,65,3f621f3e-720d-4c68-b436-eaac939ec515,Cartão,Cuca Alemã,2,25,3f621f3e-720d-4c68-b436-eaac939ec515,Expointer_2026
3c1629a0-b605-4914-876a-d9bb2e957bb0,65,2026-09-05 09:08:24.415-03,%,0,65,3f621f3e-720d-4c68-b436-eaac939ec515,Cartão,Cuca Enrolada de Amendoim,1,15,3f621f3e-720d-4c68-b436-eaac939ec515,Expointer_2026
91e97cf1-081a-47b9-a056-c8810a1ea36a,25,2026-09-05 09:20:16.374-03,%,0,25,3f621f3e-720d-4c68-b436-eaac939ec515,Dinheiro,Cuca Alemã,1,25,3f621f3e-720d-4c68-b436-eaac939ec515,Expointer_2026
3b8969ae-2de0-46cc-95cd-98b801060c22,55,2026-09-05 09:20:41.709-03,%,0,55,3f621f3e-720d-4c68-b436-eaac939ec515,Dinheiro,Rapadura Assada (Pacote x6),12,4.166666666666667,3f621f3e-720d-4c68-b436-eaac939ec515,Expointer_2026
3b8969ae-2de0-46cc-95cd-98b801060c22,55,2026-09-05 09:20:41.709-03,%,0,55,3f621f3e-720d-4c68-b436-eaac939ec515,Dinheiro,Rapadura Assada,1,5,3f621f3e-720d-4c68-b436-eaac939ec515,Expointer_2026
4cb2bb40-8542-41f3-bdb3-541f3faadc36,33,2026-09-05 09:25:42.69-03,%,0,33,3f621f3e-720d-4c68-b436-eaac939ec515,Pix,Cuca Alemã,1,25,3f621f3e-720d-4c68-b436-eaac939ec515,Expointer_2026
4cb2bb40-8542-41f3-bdb3-541f3faadc36,33,2026-09-05 09:25:42.69-03,%,0,33,3f621f3e-720d-4c68-b436-eaac939ec515,Pix,Cri-Cri 200g,1,8,3f621f3e-720d-4c68-b436-eaac939ec515,Expointer_2026
ddd6e4f2-713b-4c14-ab2e-9013ea6bc40b,25,2026-09-05 09:54:07.111-03,%,0,25,3f621f3e-720d-4c68-b436-eaac939ec515,Pix,Cuca Alemã,1,25,3f621f3e-720d-4c68-b436-eaac939ec515,Expointer_2026
fe04b83d-bb5b-4347-8eac-1d4e873b7b34,30,2026-09-05 09:54:24.97-03,%,0,30,3f621f3e-720d-4c68-b436-eaac939ec515,Dinheiro,Cuca Enrolada de Amendoim,2,15,3f621f3e-720d-4c68-b436-eaac939ec515,Expointer_2026
3cd78f23-cd19-4eaf-9b4d-9df5a449b8db,25,2026-09-05 10:07:32.182-03,%,0,25,3f621f3e-720d-4c68-b436-eaac939ec515,Cartão,Cuca Alemã,1,25,3f621f3e-720d-4c68-b436-eaac939ec515,Expointer_2026
a41863b9-04d1-469d-92b0-b5dc50d1aee8,100,2026-09-05 10:14:09.521-03,%,0,100,3f621f3e-720d-4c68-b436-eaac939ec515,Cartão,Cuca Alemã,4,25,3f621f3e-720d-4c68-b436-eaac939ec515,Expointer_2026
6a09e202-66e9-40ac-824f-9df6352fa502,225,2026-09-05 10:27:14.064-03,%,0,225,3f621f3e-720d-4c68-b436-eaac939ec515,Dinheiro,Rapadura Assada (Pacote x6),54,4.166666666666667,3f621f3e-720d-4c68-b436-eaac939ec515,Expointer_2026
2a31f0aa-aa77-4f62-a0c5-a175313a9c57,50,2026-09-05 10:27:29.79-03,%,0,50,3f621f3e-720d-4c68-b436-eaac939ec515,Cartão,Rapadura Assada (Pacote x6),12,4.166666666666667,3f621f3e-720d-4c68-b436-eaac939ec515,Expointer_2026
03b7265a-5c4e-418b-a742-8e8f6fc267ef,25,2026-09-05 10:45:04.293-03,%,0,25,3f621f3e-720d-4c68-b436-eaac939ec515,Cartão,Cuca Alemã,1,25,3f621f3e-720d-4c68-b436-eaac939ec515,Expointer_2026
a8fdb1ca-85eb-49b7-b295-95668c34e185,25,2026-09-05 11:01:55.073-03,%,0,25,3f621f3e-720d-4c68-b436-eaac939ec515,Dinheiro,Cuca Alemã,1,25,3f621f3e-720d-4c68-b436-eaac939ec515,Expointer_2026
24a08064-f366-4b4d-85c2-0a8180d0f8af,25,2026-09-05 11:02:14.729-03,%,0,25,3f621f3e-720d-4c68-b436-eaac939ec515,Dinheiro,Cuca Alemã,1,25,3f621f3e-720d-4c68-b436-eaac939ec515,Expointer_2026
b11da34d-cdea-40be-9f4c-10e005d35435,50,2026-09-05 11:15:08.476-03,%,0,50,3f621f3e-720d-4c68-b436-eaac939ec515,Dinheiro,Cuca Alemã,2,25,3f621f3e-720d-4c68-b436-eaac939ec515,Expointer_2026
16dc76b6-1d83-4c51-8efe-813939c09ab0,85,2026-09-05 11:36:17.004-03,%,0,85,3f621f3e-720d-4c68-b436-eaac939ec515,Cartão,Cuca Alemã,2,25,3f621f3e-720d-4c68-b436-eaac939ec515,Expointer_2026
16dc76b6-1d83-4c51-8efe-813939c09ab0,85,2026-09-05 11:36:17.004-03,%,0,85,3f621f3e-720d-4c68-b436-eaac939ec515,Cartão,"Bolacha de manteiga ",1,10,3f621f3e-720d-4c68-b436-eaac939ec515,Expointer_2026
16dc76b6-1d83-4c51-8efe-813939c09ab0,85,2026-09-05 11:36:17.004-03,%,0,85,3f621f3e-720d-4c68-b436-eaac939ec515,Cartão,Rapadura Assada (Pacote x6),6,4.166666666666667,3f621f3e-720d-4c68-b436-eaac939ec515,Expointer_2026
a3e86b0a-ca25-47a7-905d-98c0142bfe9b,25,2026-09-05 11:44:02.04-03,%,0,25,3f621f3e-720d-4c68-b436-eaac939ec515,Cartão,Cuca Alemã,1,25,3f621f3e-720d-4c68-b436-eaac939ec515,Expointer_2026
6c0431a5-b49a-4f1d-aadb-9ff7edeef3b7,25,2026-09-05 11:58:44.49-03,%,0,25,3f621f3e-720d-4c68-b436-eaac939ec515,Dinheiro,Cuca Alemã,1,25,3f621f3e-720d-4c68-b436-eaac939ec515,Expointer_2026
7c8448d9-33af-4d9c-9bfb-77b9605d052a,25,2026-09-05 12:06:14.688-03,%,0,25,3f621f3e-720d-4c68-b436-eaac939ec515,Cartão,Cuca Alemã,1,25,3f621f3e-720d-4c68-b436-eaac939ec515,Expointer_2026
8b615675-4b08-40e0-8152-af5a7bbf7a1c,20,2026-09-05 12:07:28.269-03,%,0,20,3f621f3e-720d-4c68-b436-eaac939ec515,Cartão,Alfajor Branco (Pacote x4),4,5,3f621f3e-720d-4c68-b436-eaac939ec515,Expointer_2026
02b7fa4a-4e49-49ef-9a5b-358f62c573d9,19,2026-09-05 12:08:35.671-03,%,0,19,3f621f3e-720d-4c68-b436-eaac939ec515,Cartão,Cri-Cri 200g,1,8,3f621f3e-720d-4c68-b436-eaac939ec515,Expointer_2026
02b7fa4a-4e49-49ef-9a5b-358f62c573d9,19,2026-09-05 12:08:35.671-03,%,0,19,3f621f3e-720d-4c68-b436-eaac939ec515,Cartão,Alfajor Preto,1,6,3f621f3e-720d-4c68-b436-eaac939ec515,Expointer_2026
02b7fa4a-4e49-49ef-9a5b-358f62c573d9,19,2026-09-05 12:08:35.671-03,%,0,19,3f621f3e-720d-4c68-b436-eaac939ec515,Cartão,Bolacha Cobertura Chocolate,1,5,3f621f3e-720d-4c68-b436-eaac939ec515,Expointer_2026
9b526f6d-632a-496c-bbaa-3c8ead507c2f,50,2026-09-05 12:10:32.659-03,%,0,50,3f621f3e-720d-4c68-b436-eaac939ec515,Dinheiro,Cuca Alemã,2,25,3f621f3e-720d-4c68-b436-eaac939ec515,Expointer_2026
11e4096a-692c-45ee-a8aa-2e9e7952f43a,17,2026-09-05 12:17:45.382-03,%,0,17,3f621f3e-720d-4c68-b436-eaac939ec515,Dinheiro,Rapadura de Melado Grão Moído,1,7,3f621f3e-720d-4c68-b436-eaac939ec515,Expointer_2026
11e4096a-692c-45ee-a8aa-2e9e7952f43a,17,2026-09-05 12:17:45.382-03,%,0,17,3f621f3e-720d-4c68-b436-eaac939ec515,Dinheiro,Bolacha Cobertura Chocolate,2,5,3f621f3e-720d-4c68-b436-eaac939ec515,Expointer_2026
3a0be161-5aa8-4fb3-b1a0-f96559aaaf60,65,2026-09-05 12:34:14.375-03,%,0,65,3f621f3e-720d-4c68-b436-eaac939ec515,Dinheiro,Cuca Enrolada de Amendoim,1,15,3f621f3e-720d-4c68-b436-eaac939ec515,Expointer_2026
3a0be161-5aa8-4fb3-b1a0-f96559aaaf60,65,2026-09-05 12:34:14.375-03,%,0,65,3f621f3e-720d-4c68-b436-eaac939ec515,Dinheiro,Cuca Alemã,2,25,3f621f3e-720d-4c68-b436-eaac939ec515,Expointer_2026
0c154266-dbfe-41b7-bb14-a1a0935a70d1,25,2026-09-05 12:37:43.17-03,%,0,25,3f621f3e-720d-4c68-b436-eaac939ec515,Pix,Cuca Alemã,1,25,3f621f3e-720d-4c68-b436-eaac939ec515,Expointer_2026
aa7c758d-3827-4ee3-a34e-a3f50c0c75b4,50,2026-09-05 12:40:12.547-03,%,0,50,3f621f3e-720d-4c68-b436-eaac939ec515,Cartão,Cuca Alemã,2,25,3f621f3e-720d-4c68-b436-eaac939ec515,Expointer_2026
bd698ee7-b2d4-4171-ba6f-f5b90fd9f020,25,2026-09-05 12:43:42.913-03,%,0,25,3f621f3e-720d-4c68-b436-eaac939ec515,Cartão,Cuca Alemã,1,25,3f621f3e-720d-4c68-b436-eaac939ec515,Expointer_2026
0182d223-5234-4403-b40c-d5321e5e1f17,25,2026-09-05 12:45:43.818-03,%,0,25,3f621f3e-720d-4c68-b436-eaac939ec515,Pix,Cuca Alemã,1,25,3f621f3e-720d-4c68-b436-eaac939ec515,Expointer_2026
0e881e72-82c5-4419-9253-e35a6d8b41d6,25,2026-09-05 12:48:01.488-03,%,0,25,3f621f3e-720d-4c68-b436-eaac939ec515,Cartão,Cuca Alemã,1,25,3f621f3e-720d-4c68-b436-eaac939ec515,Expointer_2026
627d0de5-0b35-48d2-b3d3-48e32024fdfa,100,2026-09-05 12:48:59.116-03,%,0,100,3f621f3e-720d-4c68-b436-eaac939ec515,Dinheiro,Cuca Alemã,4,25,3f621f3e-720d-4c68-b436-eaac939ec515,Expointer_2026
70f45aaa-8c18-4153-88d7-dc82b67683a0,25,2026-09-05 12:52:25.354-03,%,0,25,3f621f3e-720d-4c68-b436-eaac939ec515,Cartão,Cuca Alemã,1,25,3f621f3e-720d-4c68-b436-eaac939ec515,Expointer_2026
f0dccb6f-b7ba-4776-a101-8e66f2467b3c,25,2026-09-05 12:55:40.166-03,%,0,25,3f621f3e-720d-4c68-b436-eaac939ec515,Cartão,Cuca Alemã,1,25,3f621f3e-720d-4c68-b436-eaac939ec515,Expointer_2026
e199e1c5-d3f3-4cd5-97e6-43252ed09d99,25,2026-09-05 12:56:04.746-03,%,0,25,3f621f3e-720d-4c68-b436-eaac939ec515,Pix,Cuca Alemã,1,25,3f621f3e-720d-4c68-b436-eaac939ec515,Expointer_2026
1d7618ea-5c5f-4228-abcb-f2bbf480f498,25,2026-09-05 13:05:20.997-03,%,0,25,3f621f3e-720d-4c68-b436-eaac939ec515,Cartão,Cuca Alemã,1,25,3f621f3e-720d-4c68-b436-eaac939ec515,Expointer_2026
c4d88aa8-323e-4a71-9130-78a1082c1ac0,50,2026-09-05 13:14:16.38-03,%,0,50,3f621f3e-720d-4c68-b436-eaac939ec515,Dinheiro,Cuca Alemã,2,25,3f621f3e-720d-4c68-b436-eaac939ec515,Expointer_2026
64bf44a8-da4e-4de3-ad02-2e7499294726,6,2026-09-05 13:15:33.044-03,%,0,6,3f621f3e-720d-4c68-b436-eaac939ec515,Dinheiro,Alfajor Branco,1,6,3f621f3e-720d-4c68-b436-eaac939ec515,Expointer_2026
26629d76-1aa8-4264-9580-e9ba43d596e2,25,2026-09-05 13:16:28.834-03,%,0,25,3f621f3e-720d-4c68-b436-eaac939ec515,Cartão,Cuca Alemã,1,25,3f621f3e-720d-4c68-b436-eaac939ec515,Expointer_2026
c23f4788-e66f-41b7-95b8-2c5b03e9b94b,6,2026-09-05 13:17:41.516-03,%,0,6,3f621f3e-720d-4c68-b436-eaac939ec515,Cartão,Alfajor Preto,1,6,3f621f3e-720d-4c68-b436-eaac939ec515,Expointer_2026
ba46f11f-d56c-40aa-bc07-a16c47878f77,25,2026-09-05 13:19:56.569-03,%,0,25,3f621f3e-720d-4c68-b436-eaac939ec515,Dinheiro,Cuca Alemã,1,25,3f621f3e-720d-4c68-b436-eaac939ec515,Expointer_2026
161a1e8e-f015-4e55-925d-fb3ef7446e8d,25,2026-09-05 13:23:28.077-03,%,0,25,3f621f3e-720d-4c68-b436-eaac939ec515,Cartão,Cuca Alemã,1,25,3f621f3e-720d-4c68-b436-eaac939ec515,Expointer_2026
a75d9da2-1e04-4b65-9445-ed5263604246,25,2026-09-05 13:26:15.517-03,%,0,25,3f621f3e-720d-4c68-b436-eaac939ec515,Cartão,Cuca Alemã,1,25,3f621f3e-720d-4c68-b436-eaac939ec515,Expointer_2026
0e2cac40-d010-49a2-8083-4ee2fbe01ab0,50,2026-09-05 13:38:15.25-03,%,0,50,3f621f3e-720d-4c68-b436-eaac939ec515,Cartão,Cuca Alemã,2,25,3f621f3e-720d-4c68-b436-eaac939ec515,Expointer_2026
a451a40a-6d35-44cc-bece-1f9b4c946785,25,2026-09-05 13:39:32.245-03,%,0,25,3f621f3e-720d-4c68-b436-eaac939ec515,Cartão,Cuca Alemã,1,25,3f621f3e-720d-4c68-b436-eaac939ec515,Expointer_2026
47296f0e-77b2-4562-bf84-609a8d6c7a73,10,2026-09-05 13:41:35.847-03,%,0,10,3f621f3e-720d-4c68-b436-eaac939ec515,Dinheiro,"Bolacha de manteiga ",1,10,3f621f3e-720d-4c68-b436-eaac939ec515,Expointer_2026
8c65f9a6-25e2-4053-ad80-454cf80eee6b,30,2026-09-05 13:48:38.941-03,%,0,30,3f621f3e-720d-4c68-b436-eaac939ec515,Cartão,Cuca Enrolada de Amendoim,2,15,3f621f3e-720d-4c68-b436-eaac939ec515,Expointer_2026
943c54f1-5277-476a-856b-9fe3ec9ef53b,25,2026-09-05 13:50:14.857-03,%,0,25,3f621f3e-720d-4c68-b436-eaac939ec515,Cartão,Cuca Alemã,1,25,3f621f3e-720d-4c68-b436-eaac939ec515,Expointer_2026
14e1d6f2-6030-4079-9a8e-fe4c31cab332,15,2026-09-05 13:59:47.461-03,%,0,15,3f621f3e-720d-4c68-b436-eaac939ec515,Cartão,Cuca Enrolada de Amendoim,1,15,3f621f3e-720d-4c68-b436-eaac939ec515,Expointer_2026
cf88c89b-e0d8-4792-b4cb-171530874b64,20,2026-09-05 14:08:32.493-03,%,0,20,3f621f3e-720d-4c68-b436-eaac939ec515,Cartão,Alfajor Branco (Pacote x4),4,5,3f621f3e-720d-4c68-b436-eaac939ec515,Expointer_2026
55d79489-f822-4fbe-8688-4c88fb995f54,50,2026-09-05 14:15:33.818-03,%,0,50,3f621f3e-720d-4c68-b436-eaac939ec515,Cartão,Cuca Alemã,2,25,3f621f3e-720d-4c68-b436-eaac939ec515,Expointer_2026
f742ca79-f19e-4088-9cd5-7bd19ae1c09c,5,2026-09-05 14:16:31.497-03,%,0,5,3f621f3e-720d-4c68-b436-eaac939ec515,Dinheiro,Rapadura Assada,1,5,3f621f3e-720d-4c68-b436-eaac939ec515,Expointer_2026
d2ee0186-3bc7-47c5-a61c-4d1b9b7f9e15,5,2026-09-05 14:26:13.916-03,%,0,5,3f621f3e-720d-4c68-b436-eaac939ec515,Dinheiro,Rapadura Assada,1,5,3f621f3e-720d-4c68-b436-eaac939ec515,Expointer_2026
4494b9e2-c2f5-4538-96ab-7681ba1ec431,25,2026-09-05 14:47:46.873-03,%,0,25,3f621f3e-720d-4c68-b436-eaac939ec515,Cartão,Cuca Alemã,1,25,3f621f3e-720d-4c68-b436-eaac939ec515,Expointer_2026
55b0875d-d2ac-46ae-ada2-87ce167f50ff,50,2026-09-05 14:51:51.003-03,%,0,50,3f621f3e-720d-4c68-b436-eaac939ec515,Dinheiro,Cuca Alemã,2,25,3f621f3e-720d-4c68-b436-eaac939ec515,Expointer_2026
41c39c46-433d-4dee-831f-108cbe9129cf,50,2026-09-05 14:53:17.473-03,%,0,50,3f621f3e-720d-4c68-b436-eaac939ec515,Dinheiro,Cuca Alemã,2,25,3f621f3e-720d-4c68-b436-eaac939ec515,Expointer_2026
68806810-8a89-4219-86bd-38540a4b7e49,25,2026-09-05 14:53:29.337-03,%,0,25,3f621f3e-720d-4c68-b436-eaac939ec515,Dinheiro,Cuca Alemã,1,25,3f621f3e-720d-4c68-b436-eaac939ec515,Expointer_2026
1f248e18-6e33-4e3d-a344-29d64cd49363,50,2026-09-05 14:58:21.333-03,%,0,50,3f621f3e-720d-4c68-b436-eaac939ec515,Cartão,Cuca Alemã,2,25,3f621f3e-720d-4c68-b436-eaac939ec515,Expointer_2026
cdc57522-432f-4816-9bdc-a48311770575,40,2026-09-05 15:02:10.394-03,%,0,40,3f621f3e-720d-4c68-b436-eaac939ec515,Dinheiro,Rapadura de Melado (Pacote x3),6,6.666666666666667,3f621f3e-720d-4c68-b436-eaac939ec515,Expointer_2026
fbce7d7f-b21d-4a5a-914c-d87a49d7ea3a,20,2026-09-05 15:06:17.297-03,%,0,20,3f621f3e-720d-4c68-b436-eaac939ec515,Dinheiro,Rapadura de Melado Grão Moído (Pacote x1),1,20,3f621f3e-720d-4c68-b436-eaac939ec515,Expointer_2026
33160844-9c59-46bc-b07e-5c1555d882f4,25,2026-09-05 15:08:45.551-03,%,0,25,3f621f3e-720d-4c68-b436-eaac939ec515,Cartão,Cuca Alemã,1,25,3f621f3e-720d-4c68-b436-eaac939ec515,Expointer_2026
07a999d9-61dd-4e96-86c3-7ff16f7ece91,7,2026-09-05 15:21:06.881-03,%,0,7,3f621f3e-720d-4c68-b436-eaac939ec515,Dinheiro,Rapadura de Melado,1,7,3f621f3e-720d-4c68-b436-eaac939ec515,Expointer_2026
172b77f6-612a-4f91-9d5b-49d675f8ce69,6,2026-09-05 15:31:12.281-03,%,0,6,3f621f3e-720d-4c68-b436-eaac939ec515,Dinheiro,Alfajor Preto,1,6,3f621f3e-720d-4c68-b436-eaac939ec515,Expointer_2026
1fcd3cd3-31e9-41b7-8855-1a44aeedd894,25,2026-09-05 15:32:12.379-03,%,0,25,3f621f3e-720d-4c68-b436-eaac939ec515,Cartão,Cuca Alemã,1,25,3f621f3e-720d-4c68-b436-eaac939ec515,Expointer_2026
e0946486-4c7d-47f9-b3f9-6232e99361d4,25,2026-09-05 15:32:53.991-03,%,0,25,3f621f3e-720d-4c68-b436-eaac939ec515,Dinheiro,Cuca Alemã,1,25,3f621f3e-720d-4c68-b436-eaac939ec515,Expointer_2026
170bf03b-03d7-4b20-8201-bb50e9478fd3,31,2026-09-05 15:43:14.489-03,%,0,31,3f621f3e-720d-4c68-b436-eaac939ec515,Cartão,Cuca Alemã,1,25,3f621f3e-720d-4c68-b436-eaac939ec515,Expointer_2026
170bf03b-03d7-4b20-8201-bb50e9478fd3,31,2026-09-05 15:43:14.489-03,%,0,31,3f621f3e-720d-4c68-b436-eaac939ec515,Cartão,Alfajor Preto,1,6,3f621f3e-720d-4c68-b436-eaac939ec515,Expointer_2026
a18f328e-0acc-4549-bf5b-5e349095570e,50,2026-09-05 15:43:58.403-03,%,0,50,3f621f3e-720d-4c68-b436-eaac939ec515,Cartão,Cuca Alemã,2,25,3f621f3e-720d-4c68-b436-eaac939ec515,Expointer_2026
f6a428ca-850e-40ff-9f45-956bc2642cae,25,2026-09-05 15:53:49.981-03,%,0,25,3f621f3e-720d-4c68-b436-eaac939ec515,Dinheiro,Cuca Alemã,1,25,3f621f3e-720d-4c68-b436-eaac939ec515,Expointer_2026
f5bde27e-8688-4821-84d3-64868027268f,25,2026-09-05 15:55:15.771-03,%,0,25,3f621f3e-720d-4c68-b436-eaac939ec515,Dinheiro,Cuca Alemã,1,25,3f621f3e-720d-4c68-b436-eaac939ec515,Expointer_2026
e451db12-3c84-43c6-bc93-8c2e3ead9ce9,25,2026-09-05 15:55:50.901-03,%,0,25,3f621f3e-720d-4c68-b436-eaac939ec515,Cartão,Cuca Alemã,1,25,3f621f3e-720d-4c68-b436-eaac939ec515,Expointer_2026
4e7c627a-64c0-4938-941d-0df695473648,25,2026-09-05 15:55:57.841-03,%,0,25,3f621f3e-720d-4c68-b436-eaac939ec515,Dinheiro,Cuca Alemã,1,25,3f621f3e-720d-4c68-b436-eaac939ec515,Expointer_2026
d3a53daa-297d-4ac9-8fd0-cf1ce103bd5e,20,2026-09-05 16:02:16.542-03,R$,5,25,3f621f3e-720d-4c68-b436-eaac939ec515,Dinheiro,Cuca Alemã,1,25,3f621f3e-720d-4c68-b436-eaac939ec515,Expointer_2026
02d09e61-2125-4099-a26d-c18382fa3ded,50,2026-09-05 16:08:35.391-03,%,0,50,3f621f3e-720d-4c68-b436-eaac939ec515,Cartão,Cuca Alemã,2,25,3f621f3e-720d-4c68-b436-eaac939ec515,Expointer_2026
1f7c5451-3c19-4bbb-a954-2465dfe9ef54,25,2026-09-05 16:09:06.456-03,%,0,25,3f621f3e-720d-4c68-b436-eaac939ec515,Dinheiro,Cuca Alemã,1,25,3f621f3e-720d-4c68-b436-eaac939ec515,Expointer_2026
b3979b67-7450-4e2a-b41e-36461434e7fb,5,2026-09-05 16:18:04.883-03,%,0,5,3f621f3e-720d-4c68-b436-eaac939ec515,Dinheiro,Bolacha Cobertura Chocolate,1,5,3f621f3e-720d-4c68-b436-eaac939ec515,Expointer_2026
b8d5c657-49e1-4d3f-9072-4b27e4a309d8,25,2026-09-05 16:22:27.101-03,%,0,25,3f621f3e-720d-4c68-b436-eaac939ec515,Cartão,Cuca Alemã,1,25,3f621f3e-720d-4c68-b436-eaac939ec515,Expointer_2026
f662b435-54ed-48be-86ed-4ba18519f5e0,25,2026-09-05 16:26:28.459-03,%,0,25,3f621f3e-720d-4c68-b436-eaac939ec515,Dinheiro,Cuca Alemã,1,25,3f621f3e-720d-4c68-b436-eaac939ec515,Expointer_2026
f8ad1c2f-cd3b-4668-a9a1-cdf19dd8e97b,15,2026-09-05 16:45:13.168-03,%,0,15,3f621f3e-720d-4c68-b436-eaac939ec515,Cartão,Cuca Enrolada de Amendoim,1,15,3f621f3e-720d-4c68-b436-eaac939ec515,Expointer_2026
5c1716ad-4910-4253-9b2e-7ff83bbc0746,25,2026-09-05 16:51:00.098-03,%,0,25,3f621f3e-720d-4c68-b436-eaac939ec515,Dinheiro,Cuca Alemã,1,25,3f621f3e-720d-4c68-b436-eaac939ec515,Expointer_2026
dd144994-8537-40ab-8bad-e65f0150e078,10,2026-09-05 16:54:26.658-03,%,0,10,3f621f3e-720d-4c68-b436-eaac939ec515,Dinheiro,Rapadura Assada,2,5,3f621f3e-720d-4c68-b436-eaac939ec515,Expointer_2026
155e8029-41f4-427c-80b1-dd734545c8a7,20,2026-09-05 17:00:02.445-03,%,0,20,3f621f3e-720d-4c68-b436-eaac939ec515,Dinheiro,Rapadura Assada,4,5,3f621f3e-720d-4c68-b436-eaac939ec515,Expointer_2026
7a335bb7-8640-4de6-8a62-2cc2494df79c,63,2026-09-05 17:11:12.367-03,%,0,63,3f621f3e-720d-4c68-b436-eaac939ec515,Dinheiro,Cri-Cri 200g,1,8,3f621f3e-720d-4c68-b436-eaac939ec515,Expointer_2026
7a335bb7-8640-4de6-8a62-2cc2494df79c,63,2026-09-05 17:11:12.367-03,%,0,63,3f621f3e-720d-4c68-b436-eaac939ec515,Dinheiro,Rapadura de Melado (Pacote x3),3,6.666666666666667,3f621f3e-720d-4c68-b436-eaac939ec515,Expointer_2026
7a335bb7-8640-4de6-8a62-2cc2494df79c,63,2026-09-05 17:11:12.367-03,%,0,63,3f621f3e-720d-4c68-b436-eaac939ec515,Dinheiro,Cuca Enrolada de Amendoim,1,15,3f621f3e-720d-4c68-b436-eaac939ec515,Expointer_2026
7a335bb7-8640-4de6-8a62-2cc2494df79c,63,2026-09-05 17:11:12.367-03,%,0,63,3f621f3e-720d-4c68-b436-eaac939ec515,Dinheiro,Alfajor Branco (Pacote x4),4,5,3f621f3e-720d-4c68-b436-eaac939ec515,Expointer_2026
3b14561f-eac3-496b-b142-b2ff1b9b421f,22,2026-09-05 17:15:30.034-03,%,0,22,3f621f3e-720d-4c68-b436-eaac939ec515,Cartão,Cuca Enrolada de Amendoim,1,15,3f621f3e-720d-4c68-b436-eaac939ec515,Expointer_2026
3b14561f-eac3-496b-b142-b2ff1b9b421f,22,2026-09-05 17:15:30.034-03,%,0,22,3f621f3e-720d-4c68-b436-eaac939ec515,Cartão,Rapadura de Melado Grão Moído,1,7,3f621f3e-720d-4c68-b436-eaac939ec515,Expointer_2026
64bbcac4-8bd1-4872-965f-4c4dcc266459,75,2026-09-05 17:21:22.592-03,%,0,75,3f621f3e-720d-4c68-b436-eaac939ec515,Dinheiro,Rapadura Assada (Pacote x6),18,4.166666666666667,3f621f3e-720d-4c68-b436-eaac939ec515,Expointer_2026
95cd88ea-d434-4b6a-aeab-40e01de7c806,150,2026-09-05 17:27:14.182-03,%,0,150,3f621f3e-720d-4c68-b436-eaac939ec515,Cartão,Cuca Enrolada de Amendoim,10,15,3f621f3e-720d-4c68-b436-eaac939ec515,Expointer_2026
0eff1c12-e8e1-4c27-9d68-14f25531d7f1,15,2026-09-05 17:27:42.846-03,%,0,15,3f621f3e-720d-4c68-b436-eaac939ec515,Cartão,Cuca Enrolada de Amendoim,1,15,3f621f3e-720d-4c68-b436-eaac939ec515,Expointer_2026
ab5834f8-2aaa-40ee-8506-dbea29ed37f2,15,2026-09-05 17:28:21.677-03,%,0,15,3f621f3e-720d-4c68-b436-eaac939ec515,Cartão,Cuca Enrolada de Amendoim,1,15,3f621f3e-720d-4c68-b436-eaac939ec515,Expointer_2026
89191de7-b0e2-4ca6-904d-4d08c12685e5,12,2026-09-05 17:31:17.61-03,%,0,12,3f621f3e-720d-4c68-b436-eaac939ec515,Cartão,Alfajor Preto,1,6,3f621f3e-720d-4c68-b436-eaac939ec515,Expointer_2026
89191de7-b0e2-4ca6-904d-4d08c12685e5,12,2026-09-05 17:31:17.61-03,%,0,12,3f621f3e-720d-4c68-b436-eaac939ec515,Cartão,Alfajor Branco,1,6,3f621f3e-720d-4c68-b436-eaac939ec515,Expointer_2026
3ebcb10c-821c-443b-b514-30876e6107e1,150,2026-09-05 17:31:50.179-03,%,0,150,3f621f3e-720d-4c68-b436-eaac939ec515,Cartão,Cuca Enrolada de Amendoim,10,15,3f621f3e-720d-4c68-b436-eaac939ec515,Expointer_2026
d162cd74-bad1-4941-b53f-c0fa3227d9a2,15,2026-09-05 17:33:46.175-03,%,0,15,3f621f3e-720d-4c68-b436-eaac939ec515,Cartão,Cuca Enrolada de Amendoim,1,15,3f621f3e-720d-4c68-b436-eaac939ec515,Expointer_2026
7d4e3bb7-826a-4d46-9eb2-ecbb46491fda,15,2026-09-05 17:37:45.268-03,%,0,15,3f621f3e-720d-4c68-b436-eaac939ec515,Dinheiro,Cuca Enrolada de Amendoim,1,15,3f621f3e-720d-4c68-b436-eaac939ec515,Expointer_2026
c242c39c-4b2f-48b1-b0b8-9f972f87db97,25,2026-09-05 17:37:58.55-03,%,0,25,3f621f3e-720d-4c68-b436-eaac939ec515,Dinheiro,Cuca Alemã,1,25,3f621f3e-720d-4c68-b436-eaac939ec515,Expointer_2026
1fa26c51-cd3f-419d-b5f8-bd29d6027857,50,2026-09-05 17:38:11.742-03,%,0,50,3f621f3e-720d-4c68-b436-eaac939ec515,Cartão,Cuca Alemã,2,25,3f621f3e-720d-4c68-b436-eaac939ec515,Expointer_2026
e8e0415f-d5b5-4206-95d4-10732a11acf7,7,2026-09-05 17:44:37.511-03,%,0,7,3f621f3e-720d-4c68-b436-eaac939ec515,Dinheiro,Carrapinha,1,7,3f621f3e-720d-4c68-b436-eaac939ec515,Expointer_2026
3813202d-dffa-40f6-9443-99df0fb14283,25,2026-09-05 17:45:17.202-03,%,0,25,3f621f3e-720d-4c68-b436-eaac939ec515,Dinheiro,Rapadura Assada (Pacote x6),6,4.166666666666667,3f621f3e-720d-4c68-b436-eaac939ec515,Expointer_2026
05f53ceb-a0e9-47bc-8fc1-41fe262c5b72,15,2026-09-05 18:12:50.224-03,%,0,15,3f621f3e-720d-4c68-b436-eaac939ec515,Cartão,Cuca Enrolada de Amendoim,1,15,3f621f3e-720d-4c68-b436-eaac939ec515,Expointer_2026
fa68d04a-3b0b-4da2-b8e0-cbc4c74a74a9,15,2026-09-05 18:22:26.051-03,%,0,15,3f621f3e-720d-4c68-b436-eaac939ec515,Pix,Cuca Enrolada de Amendoim,1,15,3f621f3e-720d-4c68-b436-eaac939ec515,Expointer_2026
72ec8bfb-56cb-431d-acfa-671749e002c8,60,2026-09-05 18:24:23.064-03,%,0,60,3f621f3e-720d-4c68-b436-eaac939ec515,Cartão,Cuca Enrolada de Amendoim,4,15,3f621f3e-720d-4c68-b436-eaac939ec515,Expointer_2026
0e142b29-e5e2-4bbb-a00f-211830259480,30,2026-09-05 18:32:54.702-03,%,0,30,3f621f3e-720d-4c68-b436-eaac939ec515,Cartão,Cuca Enrolada de Amendoim,2,15,3f621f3e-720d-4c68-b436-eaac939ec515,Expointer_2026
5e2377a9-94b6-4533-b22e-b5cead8206c9,10,2026-09-05 18:35:57.494-03,%,0,10,3f621f3e-720d-4c68-b436-eaac939ec515,Cartão,Bolacha Cobertura Chocolate,2,5,3f621f3e-720d-4c68-b436-eaac939ec515,Expointer_2026
234f826e-f769-4b55-b5df-fcb1f1da079a,25,2026-09-05 18:37:19.005-03,%,0,25,3f621f3e-720d-4c68-b436-eaac939ec515,Dinheiro,Bolacha Cobertura Chocolate,5,5,3f621f3e-720d-4c68-b436-eaac939ec515,Expointer_2026
06572261-11d0-47a0-9f16-fab310c332fe,15,2026-09-05 18:40:18.464-03,%,0,15,3f621f3e-720d-4c68-b436-eaac939ec515,Cartão,Cuca Enrolada de Amendoim,1,15,3f621f3e-720d-4c68-b436-eaac939ec515,Expointer_2026
4e254b75-149a-4d46-8b72-cd7fb06038bd,15,2026-09-05 18:47:11.344-03,%,0,15,3f621f3e-720d-4c68-b436-eaac939ec515,Dinheiro,Cuca Enrolada de Amendoim,1,15,3f621f3e-720d-4c68-b436-eaac939ec515,Expointer_2026
513434bd-3948-4b59-bcb7-055945689cef,23,2026-09-05 18:53:17.213-03,%,0,23,3f621f3e-720d-4c68-b436-eaac939ec515,Pix,Cuca Enrolada de Amendoim,1,15,3f621f3e-720d-4c68-b436-eaac939ec515,Expointer_2026
513434bd-3948-4b59-bcb7-055945689cef,23,2026-09-05 18:53:17.213-03,%,0,23,3f621f3e-720d-4c68-b436-eaac939ec515,Pix,Cri-Cri 200g,1,8,3f621f3e-720d-4c68-b436-eaac939ec515,Expointer_2026
31645771-a01f-46a6-a644-c755ebc64f23,15,2026-09-05 19:26:28.363-03,%,0,15,3f621f3e-720d-4c68-b436-eaac939ec515,Cartão,Cuca Enrolada de Amendoim,1,15,3f621f3e-720d-4c68-b436-eaac939ec515,Expointer_2026
8d273998-2fed-4643-9db4-ef0ce81fd87f,40,2026-09-05 19:28:21.308-03,%,0,40,3f621f3e-720d-4c68-b436-eaac939ec515,Cartão,Rapadura Assada (Pacote x6),6,4.166666666666667,3f621f3e-720d-4c68-b436-eaac939ec515,Expointer_2026
8d273998-2fed-4643-9db4-ef0ce81fd87f,40,2026-09-05 19:28:21.308-03,%,0,40,3f621f3e-720d-4c68-b436-eaac939ec515,Cartão,Cuca Enrolada de Amendoim,1,15,3f621f3e-720d-4c68-b436-eaac939ec515,Expointer_2026
f78cde16-b6d5-495e-8195-de2bb14a3bd9,10,2026-09-05 19:31:27.199-03,%,0,10,3f621f3e-720d-4c68-b436-eaac939ec515,Pix,"Bolacha de manteiga ",1,10,3f621f3e-720d-4c68-b436-eaac939ec515,Expointer_2026
850e3c2b-367a-4924-8c61-0ca4a922755e,45,2026-09-05 19:37:39.541-03,R$,5,50,3f621f3e-720d-4c68-b436-eaac939ec515,Cartão,Rapadura Assada (Pacote x6),12,4.166666666666667,3f621f3e-720d-4c68-b436-eaac939ec515,Expointer_2026
c9bd394c-8716-4db2-aee4-b5f02ffcc126,75,2026-09-05 19:38:26.093-03,R$,5,80,3f621f3e-720d-4c68-b436-eaac939ec515,Cartão,Alfajor Preto (Display x16),16,5,3f621f3e-720d-4c68-b436-eaac939ec515,Expointer_2026
4989bb7d-a3d6-49ee-990e-cc98b4e464af,7,2026-09-05 19:40:58.2-03,R$,0,7,3f621f3e-720d-4c68-b436-eaac939ec515,Dinheiro,Rapadura de Melado,1,7,3f621f3e-720d-4c68-b436-eaac939ec515,Expointer_2026
8614bd61-c38b-447a-a112-437970d2bbca,20,2026-09-05 19:55:10.338-03,R$,0,20,3f621f3e-720d-4c68-b436-eaac939ec515,Cartão,Rapadura de Melado Grão Moído (Pacote x1),1,20,3f621f3e-720d-4c68-b436-eaac939ec515,Expointer_2026
23328ca9-006a-438c-b746-ae36d80a5f45,10,2026-09-06 08:24:01.368-03,%,0,10,3f621f3e-720d-4c68-b436-eaac939ec515,Dinheiro,"Bolacha de manteiga ",1,10,3f621f3e-720d-4c68-b436-eaac939ec515,Expointer_2026
f70e883c-dd7b-4b11-835c-3a2e66f34b41,70,2026-09-06 08:28:59.296-03,R$,10,80,3f621f3e-720d-4c68-b436-eaac939ec515,Cartão,Alfajor Preto (Display x16),16,5,3f621f3e-720d-4c68-b436-eaac939ec515,Expointer_2026
90e6f27a-27b4-411f-8af2-77a8dab655a1,110,2026-09-06 08:53:47.176-03,R$,0,110,3f621f3e-720d-4c68-b436-eaac939ec515,Cartão,Cuca Enrolada de Amendoim,2,15,3f621f3e-720d-4c68-b436-eaac939ec515,Expointer_2026
90e6f27a-27b4-411f-8af2-77a8dab655a1,110,2026-09-06 08:53:47.176-03,R$,0,110,3f621f3e-720d-4c68-b436-eaac939ec515,Cartão,Rapadura de Melado (Pacote x3),9,6.666666666666667,3f621f3e-720d-4c68-b436-eaac939ec515,Expointer_2026
90e6f27a-27b4-411f-8af2-77a8dab655a1,110,2026-09-06 08:53:47.176-03,R$,0,110,3f621f3e-720d-4c68-b436-eaac939ec515,Cartão,Alfajor Preto (Pacote x4),4,5,3f621f3e-720d-4c68-b436-eaac939ec515,Expointer_2026
a878be80-5e0f-4a18-934f-37a48f2da23d,12,2026-09-06 09:08:37.644-03,R$,0,12,3f621f3e-720d-4c68-b436-eaac939ec515,Dinheiro,Alfajor Branco,2,6,3f621f3e-720d-4c68-b436-eaac939ec515,Expointer_2026
444cb19b-a8b2-4ec5-bfff-209b2773a1e3,46,2026-09-06 09:19:27.411-03,R$,1,47,3f621f3e-720d-4c68-b436-eaac939ec515,Dinheiro,Rapadura Assada,8,5,3f621f3e-720d-4c68-b436-eaac939ec515,Expointer_2026
444cb19b-a8b2-4ec5-bfff-209b2773a1e3,46,2026-09-06 09:19:27.411-03,R$,1,47,3f621f3e-720d-4c68-b436-eaac939ec515,Dinheiro,Carrapinha,1,7,3f621f3e-720d-4c68-b436-eaac939ec515,Expointer_2026
b766ef88-ee68-42fe-a0d6-0d21cce4297e,15,2026-09-06 09:20:56.309-03,R$,3,18,3f621f3e-720d-4c68-b436-eaac939ec515,Dinheiro,Alfajor Preto,2,6,3f621f3e-720d-4c68-b436-eaac939ec515,Expointer_2026
b766ef88-ee68-42fe-a0d6-0d21cce4297e,15,2026-09-06 09:20:56.309-03,R$,3,18,3f621f3e-720d-4c68-b436-eaac939ec515,Dinheiro,Alfajor Branco,1,6,3f621f3e-720d-4c68-b436-eaac939ec515,Expointer_2026
53043adb-d6da-4698-9109-c3fabfa4cb33,25,2026-09-06 09:21:13.556-03,R$,0,25,3f621f3e-720d-4c68-b436-eaac939ec515,Dinheiro,Rapadura Assada (Pacote x6),6,4.166666666666667,3f621f3e-720d-4c68-b436-eaac939ec515,Expointer_2026
ab7ca767-5bee-4fe6-bdf5-a19a492cc3b9,50,2026-09-06 09:30:28.864-03,R$,0,50,3f621f3e-720d-4c68-b436-eaac939ec515,Dinheiro,Rapadura Assada (Pacote x6),12,4.166666666666667,3f621f3e-720d-4c68-b436-eaac939ec515,Expointer_2026
968ca60c-48a8-4507-b237-0642f5050d7d,20,2026-09-06 09:38:09.321-03,R$,0,20,3f621f3e-720d-4c68-b436-eaac939ec515,Dinheiro,Alfajor Branco (Pacote x4),4,5,3f621f3e-720d-4c68-b436-eaac939ec515,Expointer_2026
248b59b9-264c-493e-992e-5bdf89916500,80,2026-09-06 09:40:59.038-03,R$,0,80,3f621f3e-720d-4c68-b436-eaac939ec515,Dinheiro,Rapadura Assada (Caixa x20),20,4,3f621f3e-720d-4c68-b436-eaac939ec515,Expointer_2026
66396a1e-21d3-46e8-9bce-4fe151c3038f,59,2026-09-06 10:40:05.51-03,R$,0,59,3f621f3e-720d-4c68-b436-eaac939ec515,Cartão,Rapadura de Melado (Pacote x3),3,6.666666666666667,3f621f3e-720d-4c68-b436-eaac939ec515,Expointer_2026
66396a1e-21d3-46e8-9bce-4fe151c3038f,59,2026-09-06 10:40:05.51-03,R$,0,59,3f621f3e-720d-4c68-b436-eaac939ec515,Cartão,Rapadura Assada (Pacote x6),6,4.166666666666667,3f621f3e-720d-4c68-b436-eaac939ec515,Expointer_2026
66396a1e-21d3-46e8-9bce-4fe151c3038f,59,2026-09-06 10:40:05.51-03,R$,0,59,3f621f3e-720d-4c68-b436-eaac939ec515,Cartão,Rapadura de Melado,1,7,3f621f3e-720d-4c68-b436-eaac939ec515,Expointer_2026
66396a1e-21d3-46e8-9bce-4fe151c3038f,59,2026-09-06 10:40:05.51-03,R$,0,59,3f621f3e-720d-4c68-b436-eaac939ec515,Cartão,Rapadura de Melado Grão Moído,1,7,3f621f3e-720d-4c68-b436-eaac939ec515,Expointer_2026
6bdda137-bf14-4f15-b49e-095e81b07228,20,2026-09-06 10:51:36.601-03,R$,0,20,3f621f3e-720d-4c68-b436-eaac939ec515,Cartão,Alfajor Branco (Pacote x4),4,5,3f621f3e-720d-4c68-b436-eaac939ec515,Expointer_2026
b5667fcf-9e71-485a-8cdb-d73ee52d90d4,20,2026-09-06 11:04:05.93-03,R$,0,20,3f621f3e-720d-4c68-b436-eaac939ec515,Cartão,Rapadura de Melado (Pacote x3),3,6.666666666666667,3f621f3e-720d-4c68-b436-eaac939ec515,Expointer_2026
98c1270a-ecf0-48c5-84af-1aa968252674,20,2026-09-06 11:08:21.755-03,R$,0,20,3f621f3e-720d-4c68-b436-eaac939ec515,Cartão,Alfajor Preto (Pacote x4),4,5,3f621f3e-720d-4c68-b436-eaac939ec515,Expointer_2026
49f66a9e-9da9-4859-99d3-9363a27d179f,21,2026-09-06 11:11:12.526-03,R$,0,21,3f621f3e-720d-4c68-b436-eaac939ec515,Dinheiro,Rapadura de Melado,3,7,3f621f3e-720d-4c68-b436-eaac939ec515,Expointer_2026
c36241bf-e396-4e59-9f59-a53390a88a43,30,2026-09-06 11:14:32.087-03,R$,0,30,3f621f3e-720d-4c68-b436-eaac939ec515,Dinheiro,"Bolacha de manteiga ",1,10,3f621f3e-720d-4c68-b436-eaac939ec515,Expointer_2026
c36241bf-e396-4e59-9f59-a53390a88a43,30,2026-09-06 11:14:32.087-03,R$,0,30,3f621f3e-720d-4c68-b436-eaac939ec515,Dinheiro,Rapadura de Melado Grão Moído (Pacote x1),1,20,3f621f3e-720d-4c68-b436-eaac939ec515,Expointer_2026
85cc0f40-b833-4ce4-80b6-50f7809977fe,25,2026-09-06 11:21:02.822-03,R$,0,25,3f621f3e-720d-4c68-b436-eaac939ec515,Dinheiro,Rapadura Assada (Pacote x6),6,4.166666666666667,3f621f3e-720d-4c68-b436-eaac939ec515,Expointer_2026
295e7a4e-739d-4f75-ac15-b3a8a44491db,14,2026-09-06 11:31:56.154-03,R$,0,14,3f621f3e-720d-4c68-b436-eaac939ec515,Pix,Rapadura de Melado,2,7,3f621f3e-720d-4c68-b436-eaac939ec515,Expointer_2026
75183dc4-f2a4-40f8-8a21-aa81e194b039,45,2026-09-06 11:46:57.184-03,R$,0,45,3f621f3e-720d-4c68-b436-eaac939ec515,Cartão,Rapadura Assada (Pacote x6),6,4.166666666666667,3f621f3e-720d-4c68-b436-eaac939ec515,Expointer_2026
75183dc4-f2a4-40f8-8a21-aa81e194b039,45,2026-09-06 11:46:57.184-03,R$,0,45,3f621f3e-720d-4c68-b436-eaac939ec515,Cartão,Alfajor Preto (Pacote x4),4,5,3f621f3e-720d-4c68-b436-eaac939ec515,Expointer_2026
45bd7d54-8e96-4db6-9aff-02bef6456e84,20,2026-09-06 11:48:41.196-03,R$,0,20,3f621f3e-720d-4c68-b436-eaac939ec515,Dinheiro,Alfajor Preto (Pacote x4),4,5,3f621f3e-720d-4c68-b436-eaac939ec515,Expointer_2026
0d69e6d9-fe50-48ea-ab4d-8cba6b4e3f84,20,2026-09-06 12:02:02.063-03,R$,0,20,3f621f3e-720d-4c68-b436-eaac939ec515,Dinheiro,Rapadura de Melado (Pacote x3),3,6.666666666666667,3f621f3e-720d-4c68-b436-eaac939ec515,Expointer_2026
e716b127-424d-42ce-9289-e2d2296eb697,7,2026-09-06 12:27:41.335-03,R$,0,7,3f621f3e-720d-4c68-b436-eaac939ec515,Cartão,Rapadura de Melado,1,7,3f621f3e-720d-4c68-b436-eaac939ec515,Expointer_2026
4e7b4e6e-6f99-4807-b9d5-77cc42abba98,10,2026-09-06 12:28:00.277-03,R$,2,12,3f621f3e-720d-4c68-b436-eaac939ec515,Dinheiro,Alfajor Preto,2,6,3f621f3e-720d-4c68-b436-eaac939ec515,Expointer_2026
9120011d-02e6-4e14-80a5-692a674b5bec,80,2026-09-06 12:28:10.262-03,R$,0,80,3f621f3e-720d-4c68-b436-eaac939ec515,Cartão,Alfajor Preto (Display x16),16,5,3f621f3e-720d-4c68-b436-eaac939ec515,Expointer_2026
7f79c89e-0d74-43ae-b7c4-51d4f51fa345,20,2026-09-06 12:32:43.283-03,R$,0,20,3f621f3e-720d-4c68-b436-eaac939ec515,Dinheiro,Rapadura de Melado Grão Moído (Pacote x1),1,20,3f621f3e-720d-4c68-b436-eaac939ec515,Expointer_2026
3c8e23ef-a527-4fc4-9f34-5812ee4eb633,7,2026-09-06 12:37:17.938-03,R$,0,7,3f621f3e-720d-4c68-b436-eaac939ec515,Dinheiro,Rapadura de Melado,1,7,3f621f3e-720d-4c68-b436-eaac939ec515,Expointer_2026
1df4d0a3-986f-4a09-ab07-728d40d52ec9,26,2026-09-06 13:10:50.52-03,R$,0,26,3f621f3e-720d-4c68-b436-eaac939ec515,Cartão,"Bolacha de manteiga ",2,10,3f621f3e-720d-4c68-b436-eaac939ec515,Expointer_2026
1df4d0a3-986f-4a09-ab07-728d40d52ec9,26,2026-09-06 13:10:50.52-03,R$,0,26,3f621f3e-720d-4c68-b436-eaac939ec515,Cartão,Alfajor Preto,1,6,3f621f3e-720d-4c68-b436-eaac939ec515,Expointer_2026
4d1296fa-eb57-4604-8fcd-2ffd191fac07,10,2026-09-06 13:11:04.263-03,R$,0,10,3f621f3e-720d-4c68-b436-eaac939ec515,Dinheiro,Rapadura Assada,2,5,3f621f3e-720d-4c68-b436-eaac939ec515,Expointer_2026
df569f74-dee7-41e6-a35d-1b736b1511ec,20,2026-09-06 13:29:23.213-03,R$,0,20,3f621f3e-720d-4c68-b436-eaac939ec515,Dinheiro,Rapadura de Melado (Pacote x3),3,6.666666666666667,3f621f3e-720d-4c68-b436-eaac939ec515,Expointer_2026
1385495f-7dda-402d-9b66-80b20a910610,5,2026-09-06 13:30:25.553-03,R$,0,5,3f621f3e-720d-4c68-b436-eaac939ec515,Dinheiro,Rapadura Assada,1,5,3f621f3e-720d-4c68-b436-eaac939ec515,Expointer_2026
57052549-c21c-4105-ab62-04112c282a43,31,2026-09-06 13:40:45.853-03,R$,0,31,3f621f3e-720d-4c68-b436-eaac939ec515,Cartão,Rapadura Assada (Pacote x6),6,4.166666666666667,3f621f3e-720d-4c68-b436-eaac939ec515,Expointer_2026
57052549-c21c-4105-ab62-04112c282a43,31,2026-09-06 13:40:45.853-03,R$,0,31,3f621f3e-720d-4c68-b436-eaac939ec515,Cartão,Alfajor Branco,1,6,3f621f3e-720d-4c68-b436-eaac939ec515,Expointer_2026
64b158bf-fb54-4b5c-9a81-410961c204c1,10,2026-09-06 13:49:36.95-03,R$,0,10,3f621f3e-720d-4c68-b436-eaac939ec515,Dinheiro,Rapadura Assada,2,5,3f621f3e-720d-4c68-b436-eaac939ec515,Expointer_2026
e45751f9-b82a-45ec-98b1-eeb3eafc4599,12,2026-09-06 14:05:20.247-03,R$,0,12,3f621f3e-720d-4c68-b436-eaac939ec515,Dinheiro,Rapadura Assada,1,5,3f621f3e-720d-4c68-b436-eaac939ec515,Expointer_2026
e45751f9-b82a-45ec-98b1-eeb3eafc4599,12,2026-09-06 14:05:20.247-03,R$,0,12,3f621f3e-720d-4c68-b436-eaac939ec515,Dinheiro,Rapadura de Melado Grão Moído,1,7,3f621f3e-720d-4c68-b436-eaac939ec515,Expointer_2026
8b290aa5-4bf1-4eeb-9815-64dfe135d5d6,22,2026-09-06 14:15:11.648-03,R$,0,22,3f621f3e-720d-4c68-b436-eaac939ec515,Cartão,Rapadura de Melado,2,7,3f621f3e-720d-4c68-b436-eaac939ec515,Expointer_2026
8b290aa5-4bf1-4eeb-9815-64dfe135d5d6,22,2026-09-06 14:15:11.648-03,R$,0,22,3f621f3e-720d-4c68-b436-eaac939ec515,Cartão,Cri-Cri 200g,1,8,3f621f3e-720d-4c68-b436-eaac939ec515,Expointer_2026
4f25474a-6812-49f8-b5f9-535f89aacadb,20,2026-09-06 14:15:33.152-03,R$,0,20,3f621f3e-720d-4c68-b436-eaac939ec515,Dinheiro,Alfajor Preto (Pacote x4),4,5,3f621f3e-720d-4c68-b436-eaac939ec515,Expointer_2026
d396e7ce-c087-47d3-9cd1-700458ca9e5a,100,2026-09-06 14:19:01.481-03,R$,5,105,3f621f3e-720d-4c68-b436-eaac939ec515,Pix,Rapadura Assada (Pacote x6),6,4.166666666666667,3f621f3e-720d-4c68-b436-eaac939ec515,Expointer_2026
d396e7ce-c087-47d3-9cd1-700458ca9e5a,100,2026-09-06 14:19:01.481-03,R$,5,105,3f621f3e-720d-4c68-b436-eaac939ec515,Pix,Alfajor Preto (Display x16),16,5,3f621f3e-720d-4c68-b436-eaac939ec515,Expointer_2026
a7fe42e7-9b81-421f-965a-bbdefccd386a,6,2026-09-06 14:23:25.23-03,R$,0,6,3f621f3e-720d-4c68-b436-eaac939ec515,Cartão,Alfajor Branco,1,6,3f621f3e-720d-4c68-b436-eaac939ec515,Expointer_2026
f96b0941-be67-49bf-948f-c4344c1ca820,45,2026-09-06 14:32:17.745-03,%,0,45,3f621f3e-720d-4c68-b436-eaac939ec515,Dinheiro,Rapadura Assada (Pacote x6),6,4.166666666666667,3f621f3e-720d-4c68-b436-eaac939ec515,Expointer_2026
f96b0941-be67-49bf-948f-c4344c1ca820,45,2026-09-06 14:32:17.745-03,%,0,45,3f621f3e-720d-4c68-b436-eaac939ec515,Dinheiro,Alfajor Preto (Pacote x4),4,5,3f621f3e-720d-4c68-b436-eaac939ec515,Expointer_2026
98c5d3fd-123d-400e-b6a1-6ba7c0d0a1d3,100,2026-09-06 14:57:18.206-03,%,0,100,3f621f3e-720d-4c68-b436-eaac939ec515,Cartão,Rapadura Assada (Pacote x6),24,4.166666666666667,3f621f3e-720d-4c68-b436-eaac939ec515,Expointer_2026
5aa01698-c83f-4d09-8447-5dbac8594721,75,2026-09-06 15:04:56.503-03,R$,5,80,3f621f3e-720d-4c68-b436-eaac939ec515,Dinheiro,Alfajor Preto (Display x16),16,5,3f621f3e-720d-4c68-b436-eaac939ec515,Expointer_2026
7b17fb70-809e-4c3d-9d38-b7eeb8f99166,5,2026-09-06 15:07:39.481-03,R$,1,6,3f621f3e-720d-4c68-b436-eaac939ec515,Dinheiro,Alfajor Preto,1,6,3f621f3e-720d-4c68-b436-eaac939ec515,Expointer_2026
2fda45ac-ef3d-4a9f-b512-47b0f953b348,5,2026-09-06 15:09:20.591-03,R$,0,5,3f621f3e-720d-4c68-b436-eaac939ec515,Dinheiro,Rapadura Assada,1,5,3f621f3e-720d-4c68-b436-eaac939ec515,Expointer_2026
f6d9e677-f115-468a-ab8d-ed6bf0cf7463,25,2026-09-06 15:09:36.172-03,R$,0,25,3f621f3e-720d-4c68-b436-eaac939ec515,Dinheiro,Rapadura Assada (Pacote x6),6,4.166666666666667,3f621f3e-720d-4c68-b436-eaac939ec515,Expointer_2026
8ba72bb3-2dd2-446e-b10f-8f90c9c4f60b,20,2026-09-06 15:23:49.736-03,%,0,20,3f621f3e-720d-4c68-b436-eaac939ec515,Cartão,Rapadura de Melado Grão Moído (Pacote x1),1,20,3f621f3e-720d-4c68-b436-eaac939ec515,Expointer_2026
e907df14-77dd-4c48-adfe-ba9cdce4b741,10,2026-09-06 15:28:04.467-03,%,0,10,3f621f3e-720d-4c68-b436-eaac939ec515,Dinheiro,Rapadura Assada,2,5,3f621f3e-720d-4c68-b436-eaac939ec515,Expointer_2026
843a5243-a2a3-4bcb-9676-e8e7173d858e,7,2026-09-06 15:28:33.232-03,%,0,7,3f621f3e-720d-4c68-b436-eaac939ec515,Cartão,Rapadura de Melado Grão Moído,1,7,3f621f3e-720d-4c68-b436-eaac939ec515,Expointer_2026
fdd06df0-a20d-4399-a931-eef3ba2dfae1,10,2026-09-06 15:30:14.562-03,%,0,10,3f621f3e-720d-4c68-b436-eaac939ec515,Dinheiro,"Bolacha de manteiga ",1,10,3f621f3e-720d-4c68-b436-eaac939ec515,Expointer_2026
66cced1c-7abc-4312-b65b-40e66c160ea8,20,2026-09-06 15:41:20.649-03,%,0,20,3f621f3e-720d-4c68-b436-eaac939ec515,Dinheiro,Alfajor Preto (Pacote x4),4,5,3f621f3e-720d-4c68-b436-eaac939ec515,Expointer_2026
928a8176-fb21-46b6-ab4c-17bf77f4091b,20,2026-09-06 16:27:28.018-03,R$,0,20,3f621f3e-720d-4c68-b436-eaac939ec515,Dinheiro,Alfajor Preto (Pacote x4),4,5,3f621f3e-720d-4c68-b436-eaac939ec515,Expointer_2026
5e803c37-4f43-46e6-8358-53c41471593c,65,2026-09-06 16:39:06.006-03,R$,5,70,3f621f3e-720d-4c68-b436-eaac939ec515,Cartão,Rapadura Assada (Pacote x6),12,4.166666666666667,3f621f3e-720d-4c68-b436-eaac939ec515,Expointer_2026
5e803c37-4f43-46e6-8358-53c41471593c,65,2026-09-06 16:39:06.006-03,R$,5,70,3f621f3e-720d-4c68-b436-eaac939ec515,Cartão,Rapadura de Melado (Pacote x3),3,6.666666666666667,3f621f3e-720d-4c68-b436-eaac939ec515,Expointer_2026
4e0c4540-bcb6-461d-8037-33cf60a8395e,7,2026-09-06 16:39:56.054-03,R$,0,7,3f621f3e-720d-4c68-b436-eaac939ec515,Dinheiro,Rapadura de Melado Grão Moído,1,7,3f621f3e-720d-4c68-b436-eaac939ec515,Expointer_2026
e4d88d2b-e51e-4b68-a937-6ea38d514e54,25,2026-09-06 16:46:37.251-03,R$,0,25,3f621f3e-720d-4c68-b436-eaac939ec515,Cartão,Rapadura Assada (Pacote x6),6,4.166666666666667,3f621f3e-720d-4c68-b436-eaac939ec515,Expointer_2026
d187a6fe-bab4-4921-a9bf-c1bd11090235,100,2026-09-06 16:55:19.118-03,R$,20,120,3f621f3e-720d-4c68-b436-eaac939ec515,Pix,Alfajor Preto,14,6,3f621f3e-720d-4c68-b436-eaac939ec515,Expointer_2026
d187a6fe-bab4-4921-a9bf-c1bd11090235,100,2026-09-06 16:55:19.118-03,R$,20,120,3f621f3e-720d-4c68-b436-eaac939ec515,Pix,Alfajor Branco,6,6,3f621f3e-720d-4c68-b436-eaac939ec515,Expointer_2026
b3c6aebd-e55c-46bd-998d-97f5ef34cea9,50,2026-09-06 16:56:19.497-03,R$,0,50,3f621f3e-720d-4c68-b436-eaac939ec515,Dinheiro,Alfajor Preto (Pacote x4),4,5,3f621f3e-720d-4c68-b436-eaac939ec515,Expointer_2026
b3c6aebd-e55c-46bd-998d-97f5ef34cea9,50,2026-09-06 16:56:19.497-03,R$,0,50,3f621f3e-720d-4c68-b436-eaac939ec515,Dinheiro,Alfajor Branco (Pacote x4),4,5,3f621f3e-720d-4c68-b436-eaac939ec515,Expointer_2026
b3c6aebd-e55c-46bd-998d-97f5ef34cea9,50,2026-09-06 16:56:19.497-03,R$,0,50,3f621f3e-720d-4c68-b436-eaac939ec515,Dinheiro,Rapadura Assada,2,5,3f621f3e-720d-4c68-b436-eaac939ec515,Expointer_2026
f0a16012-ab95-452c-bb69-8e073576c64f,12,2026-09-06 17:09:48.949-03,R$,0,12,3f621f3e-720d-4c68-b436-eaac939ec515,Dinheiro,Alfajor Branco,2,6,3f621f3e-720d-4c68-b436-eaac939ec515,Expointer_2026
04ff24a4-5b10-4e21-a78b-c4d68b7480f6,20,2026-09-06 17:24:09.319-03,R$,0,20,3f621f3e-720d-4c68-b436-eaac939ec515,Cartão,Alfajor Branco (Pacote x4),4,5,3f621f3e-720d-4c68-b436-eaac939ec515,Expointer_2026
f552fe20-1039-4d9e-886c-2df01ba7aea1,14,2026-09-06 17:28:16.646-03,R$,0,14,3f621f3e-720d-4c68-b436-eaac939ec515,Cartão,Rapadura de Melado,2,7,3f621f3e-720d-4c68-b436-eaac939ec515,Expointer_2026
b96a611d-25c3-4ff8-8c98-eacf820008db,14,2026-09-06 17:30:56.795-03,R$,0,14,3f621f3e-720d-4c68-b436-eaac939ec515,Cartão,Rapadura de Melado,2,7,3f621f3e-720d-4c68-b436-eaac939ec515,Expointer_2026
a626a2c5-45d0-45b9-a16b-5295aa6c3577,5,2026-09-06 17:35:34.03-03,R$,0,5,3f621f3e-720d-4c68-b436-eaac939ec515,Cartão,Rapadura Assada,1,5,3f621f3e-720d-4c68-b436-eaac939ec515,Expointer_2026
90540709-e569-45d2-95af-b78876e9200b,17,2026-09-06 17:35:57.159-03,R$,0,17,3f621f3e-720d-4c68-b436-eaac939ec515,Cartão,Rapadura Assada,2,5,3f621f3e-720d-4c68-b436-eaac939ec515,Expointer_2026
90540709-e569-45d2-95af-b78876e9200b,17,2026-09-06 17:35:57.159-03,R$,0,17,3f621f3e-720d-4c68-b436-eaac939ec515,Cartão,Rapadura de Melado Grão Moído,1,7,3f621f3e-720d-4c68-b436-eaac939ec515,Expointer_2026
416039c1-464e-41dd-9e52-d2e8e4ad5148,35,2026-09-06 17:43:34.56-03,R$,2,37,3f621f3e-720d-4c68-b436-eaac939ec515,Dinheiro,Rapadura Assada (Pacote x6),6,4.166666666666667,3f621f3e-720d-4c68-b436-eaac939ec515,Expointer_2026
416039c1-464e-41dd-9e52-d2e8e4ad5148,35,2026-09-06 17:43:34.56-03,R$,2,37,3f621f3e-720d-4c68-b436-eaac939ec515,Dinheiro,Alfajor Preto,2,6,3f621f3e-720d-4c68-b436-eaac939ec515,Expointer_2026
03bfa2d3-78d6-4639-9981-9c28d1c57f8f,25,2026-09-06 17:46:57.18-03,R$,0,25,3f621f3e-720d-4c68-b436-eaac939ec515,Dinheiro,Rapadura Assada (Pacote x6),6,4.166666666666667,3f621f3e-720d-4c68-b436-eaac939ec515,Expointer_2026
8605125b-f360-404c-b23a-6b67bdd917bb,10,2026-09-06 18:12:51.76-03,R$,15,25,3f621f3e-720d-4c68-b436-eaac939ec515,Dinheiro,Rapadura Assada (Pacote x6),6,4.166666666666667,3f621f3e-720d-4c68-b436-eaac939ec515,Expointer_2026
b6c210cd-751f-40fb-a087-df0bf8af7882,10,2026-09-06 18:15:55.44-03,R$,0,10,3f621f3e-720d-4c68-b436-eaac939ec515,Cartão,"Bolacha de manteiga ",1,10,3f621f3e-720d-4c68-b436-eaac939ec515,Expointer_2026